,t_ts,tau_fb_ts_1,tau_fb_ts_2,tau_ts_1,tau_ts_2,th_d_ts_1,th_d_ts_2,th_dd_ts_1,th_dd_ts_2,th_ts_1,th_ts_2,th_ts_2_rel,th_d_ts_2_rel
1,0.0,0.0,0.0,0.0,0.0,0.009766619537868313,-0.024806757827815606,0.9770260664154896,-2.4819192641172783,1.6708451553419619,1.4706723085463878,-0.20017284679557415,-0.034573377365683916
2,0.01,0.0,0.0,0.0,0.0,0.019544161197288894,-0.04965081780494137,0.978664254646714,-2.487514489422667,1.6709916955937532,1.4703000672964743,-0.20069162829727882,-0.06919497900223026
3,0.02,0.0,0.0,0.0,0.0,0.02934354186536364,-0.07456947809915289,0.9813936904898258,-2.4968391858142196,1.6712361113625198,1.4696790435276896,-0.2015570678348302,-0.10391301996451653
4,0.03,0.0,0.0,0.0,0.0,0.039175667712656334,-0.09960002821063606,0.9852130136593238,-2.5098922108552006,1.6715786755805433,1.4688083047798228,-0.20277037080072047,-0.1387756959232924
5,0.04,0.0,0.0,0.0,0.0,0.049051428212589454,-0.1247797428664378,0.9901202325024093,-2.5266717167487966,1.672019770163589,1.4676865457656423,-0.2043332243979468,-0.17383117107902724
6,0.05,0.0,0.0,0.0,0.0,0.058981689409733175,-0.15014587377723693,0.9961126361037979,-2.5471749002287076,1.6725598858110085,1.466312088557758,-0.2062477972532504,-0.2091275631869701
7,0.06,0.0,0.0,0.0,0.0,0.06897728617958782,-0.17573563852504373,1.0031866803838612,-2.5713976785996917,1.6731996217336995,1.4646828828716474,-0.20851673886205216,-0.24471292470463155
8,0.07,0.0,0.0,0.0,0.0,0.07904901321673911,-0.20158620583523204,1.0113378475618555,-2.599334290265434,1.6739396852985273,1.4627965064772512,-0.2111431788212761,-0.28063521905197114
9,0.08,0.0,0.0,0.0,0.0,0.08920761448150515,-0.22773467646851375,1.0205604782651783,-2.6309768178619413,1.674780891575148,1.4606501657791064,-0.21413072579604167,-0.3169422909500189
10,0.09,0.0,0.0,0.0,0.0,0.09946377082767917,-0.25421805894895,1.0308475755066036,-2.6663146319934072,1.675724162768439,1.458240696612716,-0.217483466155723,-0.35368182977662915
11,0.1,0.0,0.0,0.0,0.0,0.10982808552606035,-0.28107323932395667,1.042190579732673,-2.7053337535691018,1.676770527516925,1.4555645653127998,-0.22120596220412517,-0.39090132485001705
12,0.11,0.0,0.0,0.0,0.0,0.12031106739060449,-0.3083369441328718,1.0545791141770877,-2.748016132892328,1.6779211200347024,1.452617870117211,-0.2253032499174914,-0.4286480115234763
13,0.12,0.0,0.0,0.0,0.0,0.13092311120676395,-0.33604569574367316,1.0680006998436475,-2.794338843987585,1.679177179071388,1.449396342978617,-0.22978083609277114,-0.4669688069504371
14,0.13,0.0,0.0,0.0,0.0,0.1416744751555793,-0.36423575920485984,1.0824404396058986,-2.8442731932048244,1.680540046661587,1.4458953518645243,-0.23464469479706263,-0.5059102343604391
15,0.14,0.0,0.0,0.0,0.0,0.1525752549231184,-0.3929430797537205,1.0978806711583098,-2.8977837419493087,1.682011166632288,1.4421099036347875,-0.2399012629975004,-0.5455183346768389
16,0.15,0.0,0.0,0.0,0.0,0.16363535418385286,-0.4222032101259677,1.114300588900762,-2.954827244493711,1.6835920828334827,1.438034647594319,-0.24555743523916362,-0.5858385643098205
17,0.16,0.0,0.0,0.0,0.0,0.17486445114958518,-0.45205122682823673,1.1316758352996605,-3.0153515032803875,1.6852844370542,1.4336638798272028,-0.25162055722699717,-0.6269156779778219
18,0.17,0.0,0.0,0.0,0.0,0.18627196088381723,-0.48252163456788344,1.1499780628608989,-3.079294145961912,1.687089966583101,1.4289915484266429,-0.25809841815645806,-0.6687935954517007
19,0.18,0.0,0.0,0.0,0.0,0.19786699309636477,-0.5136482580879866,1.1691744685878722,-3.1465813307016774,1.6890105013698502,1.424011259742991,-0.2649992416268592,-0.7115152511843514
20,0.19,0.0,0.0,0.0,0.0,0.20965830515611034,-0.5454641207340136,1.1892273036967655,-3.2171263890057347,1.6910479607407283,1.418716285779245,-0.27233167496148325,-0.7551224258901239
21,0.2,0.0,0.0,0.0,0.0,0.22165425009272316,-0.5780013091871781,1.210093362434375,-3.290828418617142,1.6932043496194906,1.4130995728696305,-0.2801047767498602,-0.7996555592799013
22,0.21,0.0,0.0,0.0,0.0,0.23386271940275682,-0.6112908239433624,1.231723455100395,-3.367570842799228,1.695481754202399,1.4071537517818429,-0.2883280024205561,-0.8451535433461193
23,0.22,0.0,0.0,0.0,0.0,0.24629108053362023,-0.6453624153009752,1.2540618718209124,-3.4472199566725608,1.6978823370347778,1.4008711493868458,-0.297011187647932,-0.8916534958345954
24,0.23,0.0,0.0,0.0,0.0,0.25894610899238585,-0.6802444048516725,1.2770458452502298,-3.529623486137381,1.7004083314355447,1.3942438020413834,-0.3061645293941613,-0.9391905138440584
25,0.24,0.0,0.0,0.0,0.0,0.27183391511705246,-0.7159634927495718,1.300605022181566,-3.61460919026426,1.7030620352160675,1.3872634708270553,-0.3157985643890122,-0.9877974078666243
26,0.25,0.0,0.0,0.0,0.0,0.28495986565733344,-0.7525445513718819,1.3246609559990339,-3.7019835437879247,1.7058458036406057,1.3799216587854093,-0.3259241448551964,-1.0375044170292154
27,0.26,0.0,0.0,0.0,0.0,0.2983285004415977,-0.7900104063801852,1.3491266339633736,-3.791530542362885,1.708762041577702,1.3722096302804498,-0.3365524112972523,-1.0883389068217828
28,0.27,0.0,0.0,0.0,0.0,0.31194344455705275,-0.8283816066487647,1.373906055433798,-3.8830106793491947,1.7118131947953843,1.3641184326076266,-0.3476947621877578,-1.1403250512058174
29,0.28,0.0,0.0,0.0,0.0,0.32580731664174784,-0.8676761850440442,1.3988938792085885,-3.976160148844085,1.7150017403581514,1.3556389199511716,-0.3593628204069799,-1.193483501685792
30,0.29,0.0,0.0,0.0,0.0,0.33992163407870085,-0.9079094126142527,1.4239751601152426,-4.07069033514246,1.718330176090647,1.3467617797689788,-0.37156839632166827,-1.2478310466929536
31,0.3,0.0,0.0,0.0,0.0,0.3542867160924832,-0.9490935493741536,1.4490251966702314,-4.166287653407169,1.72180100908186,1.3374775616555377,-0.3843234474263224,-1.3033802654666369
32,0.31,0.0,0.0,0.0,0.0,0.3689015859736036,-0.9912375955351439,1.473909512908302,-4.262613809599747,1.725416743214812,1.3277767086982892,-0.3976400345165228,-1.3601391815087476
33,0.32,0.0,0.0,0.0,0.0,0.3837638738910895,-1.0343470477204268,1.4984839981800546,-4.359306549144896,1.7291798657201123,1.3176495913008286,-0.4115302744192837,-1.4181109216115164
34,0.33,0.0,0.0,0.0,0.0,0.3988697219920199,-1.078423665396996,1.522595228646677,-4.455980962814603,1.73309283276756,1.3070865433975156,-0.4260062893700445,-1.477293387389016
35,0.34,0.0,0.0,0.0,0.0,0.4142136937197723,-1.1234652534238854,1.5460809931672719,-4.552231414341867,1.737158054128131,1.2960779009283678,-0.4410801531997633,-1.5376789471436576
36,0.35000000000000003,0.0,0.0,0.0,0.0,0.42978868949979965,-1.1694654672267977,1.5687710440871294,-4.6476341467522335,1.7413778769591095,1.284614042380994,-0.45676383457811554,-1.5992541567265972
37,0.36,0.0,0.0,0.0,0.0,0.4455858711304519,-1.216413647624875,1.5904880899253164,-4.7417506128476,1.7457545687875884,1.272685431138557,-0.4730691376490315,-1.661999518755327
38,0.37,0.0,0.0,0.0,0.0,0.4615945973627792,-1.2642946927137653,1.6110490419977477,-4.834131559334246,1.7502902997917056,1.2602826593004681,-0.4900076404912375,-1.7258892900765446
39,0.38,0.0,0.0,0.0,0.0,0.4778023732424802,-1.313088974405388,1.6302665205305082,-4.924321873594996,1.754987124504326,1.247396492567323,-0.5075906319370029,-1.790891347647868
40,0.39,0.0,0.0,0.0,0.0,0.4941948158040123,-1.3627723071937021,1.6479506178351766,-5.011866177166874,1.7598469630897629,1.2340179157055315,-0.5258290473842313,-1.8569671229977145
41,0.4,0.0,0.0,0.0,0.0,0.5107556386368598,-1.413315976414682,1.6639109067579583,-5.0963151210310285,1.7648715823697556,1.2201381780326672,-0.5447334043370884,-1.9240716150515418
42,0.41000000000000003,0.0,0.0,0.0,0.0,0.5274666576744381,-1.4646868326611988,1.677958672126696,-5.177232305659715,1.7700625767993672,1.2057488382946486,-0.5643137385047186,-1.992153490335637
43,0.42,0.0,0.0,0.0,0.0,0.5443078202776213,-1.5168474580732267,1.6899093316886842,-5.25420171460862,1.7754213496156632,1.1908418082436731,-0.5845795413719901,-2.061155278350848
44,0.43,0.0,0.0,0.0,0.0,0.5612572592924706,-1.5697564089385263,1.699585001577409,-5.326835515903053,1.780949094400895,1.1754093941747585,-0.6055397002261365,-2.131013668230997
45,0.44,0.0,0.0,0.0,0.0,0.5782913732562972,-1.623368537414422,1.706817150309242,-5.394782052504194,1.7866467773162633,1.1594443356422484,-0.627202441674015,-2.201659910670719
46,0.45,0.0,0.0,0.0,0.0,0.595384933315493,-1.677635393244183,1.71144927542591,-5.45773381397017,1.7925151202711134,1.142939840558966,-0.6495752797121475,-2.273020326559676
47,0.46,0.0,0.0,0.0,0.0,0.612511216718027,-1.732505704141307,1.7133395289469375,-5.515435158367912,1.7985545852946099,1.1258896158827816,-0.6726649694118283,-2.345016920859334
48,0.47000000000000003,0.0,0.0,0.0,0.0,0.6296421659763455,-1.7879259311242162,1.7123632125481179,-5.56768953878852,1.804765360371775,1.1082878931204547,-0.6964774672513203,-2.4175680971005615
49,0.48,0.0,0.0,0.0,0.0,0.6467485719932193,-1.8438408925961263,1.7084150615263016,-5.614365984419656,1.8111473469927304,1.0901294479281884,-0.721017899064542,-2.4905894645893456
50,0.49,0.0,0.0,0.0,0.0,0.6638002786405975,-1.900194448490861,1.7014112386816245,-5.655404593463172,1.8177001496428824,1.0714096131628181,-0.7462905364800644,-2.5639947271314587
51,0.5,0.0,0.0,0.0,0.0,0.6807664055207868,-1.9569302334666911,1.6912909655571584,-5.69082081496041,1.8244230674328283,1.0521242848362087,-0.7722987825966197,-2.637696638987478
52,0.51,0.0,0.0,0.0,0.0,0.6976155849630896,-2.0139924260511926,1.678017729056793,-5.720708328622221,1.8313150880305924,1.032269920546272,-0.7990451674843203,-2.711608011014282
53,0.52,0.0,0.0,0.0,0.0,0.7143162087589923,-2.071326538938278,1.6615800160393617,-5.745240374905095,1.838374884016455,1.0118435300978592,-0.8265313539185958,-2.7856427476972705
54,0.53,0.0,0.0,0.0,0.0,0.7308366797523869,-2.1288802144152843,1.6419915464736965,-5.764669439712106,1.8456008117335871,0.9908426581813216,-0.8547581535522656,-2.859716894167671
55,0.54,0.0,0.0,0.0,0.0,0.7471456632081095,-2.1866040082289677,1.6192909962681195,-5.779325256252092,1.852990912657732,0.9692653591405798,-0.883725553517152,-2.933749671437077
56,0.55,0.0,0.0,0.0,0.0,0.7632123329024221,-2.2444521451269597,1.5935412228749892,-5.7896111471351634,1.8605429172583259,0.9471101640303272,-0.9134327532279984,-3.0076644780293815
57,0.56,0.0,0.0,0.0,0.0,0.7790066071215609,-2.3023832298397426,1.5648280290071168,-5.7959987887216595,1.8682542512739133,0.9243760403274675,-0.9438782109464456,-3.0813898369613035
58,0.5700000000000001,0.0,0.0,0.0,0.0,0.7944993702154485,-2.360360898361219,1.533258521062032,-5.79902153304652,1.8761220442786994,0.9010623448192211,-0.9750596994594781,-3.154860268576668
59,0.58,0.0,0.0,0.0,0.0,0.8096626760175695,-2.418354395968128,1.4989591380037197,-5.799266466592381,1.8841431403767182,0.877168770334208,-1.00697437004251,-3.2280170719856973
60,0.59,0.0,0.0,0.0,0.0,0.8244699302829621,-2.47633907038024,1.462073442573664,-5.797365416681608,1.892314110827269,0.8526952871088621,-1.0396188237184067,-3.300809000663202
61,0.6,0.0,0.0,0.0,0.0,0.8388960502804955,-2.534296770667887,1.4227597791564204,-5.793985133058038,1.9006312683816153,0.8276420796866403,-1.0729891886949754,-3.3731928209483826
62,0.61,0.0,0.0,0.0,0.0,0.8529176007646371,-2.592216144806938,1.3811889111139943,-5.789816873089792,1.9090906830976762,0.8020094803299458,-1.1070812027677301,-3.4451337455715754
63,0.62,0.0,0.0,0.0,0.0,0.866512906706135,-2.650092831002455,1.3375417549943482,-5.785565603730109,1.9176881993974177,0.7757978999844722,-1.1418902994129456,-3.5166057377085904
64,0.63,0.0,0.0,0.0,0.0,0.8796621443432685,-2.7079295398923895,1.2920073301224761,-5.78193900265679,1.9264194541413653,0.7490077578742356,-1.17741169626713,-3.587591684235658
65,0.64,0.0,0.0,0.0,0.0,0.8923474132939619,-2.7657360263545425,1.2447810404029254,-5.779636396382438,1.935279895516159,0.7216394108260317,-1.2136404846901274,-3.6580834396485047
66,0.65,0.0,0.0,0.0,0.0,0.9045527936207928,-2.823528950744436,1.1960634016270906,-5.779337716639871,1.944264802564284,0.6936930834288247,-1.250571719135459,-3.728081744365229
67,0.66,0.0,0.0,0.0,0.0,0.9162643928523992,-2.881331629881657,1.1460593232466467,-5.781692490333368,1.9533693052296108,0.6651688001322933,-1.2882005050973175,-3.797596022734056
68,0.67,0.0,0.0,0.0,0.0,0.9274703890335568,-2.9391736778942836,1.0949780495442647,-5.7873088051719614,1.9625884048478,0.6360663203860244,-1.3265220844617756,-3.8666440669278406
69,0.68,0.0,0.0,0.0,0.0,0.9381610769105535,-2.9970905360647553,1.0430338624481206,-5.796742114955516,1.9719169950765343,0.6063850779239192,-1.365531917152615,-3.935251612975309
70,0.6900000000000001,0.0,0.0,0.0,0.0,0.9483289253765794,-3.0551228890559665,0.9904476477999752,-5.810483667254988,1.9813498833367114,0.5761241253150944,-1.4052257580216172,-4.003451814432546
71,0.7000000000000001,0.0,0.0,0.0,0.0,0.9579686553297475,-3.1133159623106996,0.9374494293768876,-5.828948253467612,1.9908818129220878,0.5452820849410097,-1.4455997279810782,-4.071284617640448
72,0.71,0.0,0.0,0.0,0.0,0.9670773481655079,-3.1717186920020595,0.8842819807587725,-5.852460898245661,2.0005074860316934,0.5138571076270092,-1.486650378404684,-4.138796040167567
73,0.72,0.0,0.0,0.0,0.0,0.975654596268914,-3.230382754671543,0.8312056342090408,-5.881242023389257,2.0102215880871923,0.48184684026320496,-1.5283747478239875,-4.206037350940457
74,0.73,0.0,0.0,0.0,0.0,0.9837027081211037,-3.2893614386432612,0.7785044175671089,-5.915390542129519,2.020018813817174,0.449248403902857,-1.570770409914317,-4.273064146764365
75,0.74,0.0,0.0,0.0,0.0,0.9912269820107523,-3.3487083334871914,0.7264936635518339,-5.954864265934782,2.0298938957232595,0.41605838403396705,-1.6138355116892924,-4.339935315497944
76,0.75,0.0,0.0,0.0,0.0,0.9982360638513003,-3.408475807294886,0.6755292487749391,-5.999456941942629,2.039841635690272,0.38227283498909953,-1.6575688007011724,-4.406711871146187
77,0.76,0.0,0.0,0.0,0.0,1.004742406228331,-3.46871323445885,0.6260186289046041,-6.048771192113453,2.0498569406657605,0.3478873007957735,-1.701969639869987,-4.473455640687181
78,0.77,0.0,0.0,0.0,0.0,1.0107628474781687,-3.5294649292355946,0.5784338369290395,-6.102186606790022,2.0599348635137913,0.3128968551797608,-1.7470380083340307,-4.540227776713763
79,0.78,0.0,0.0,0.0,0.0,1.0163193312091086,-3.590767732990864,0.5333265962997935,-6.158822273281659,2.070070650344113,0.27729616391796374,-1.7927744864261492,-4.607087064199972
80,0.79,0.0,0.0,0.0,0.0,1.0214397880169745,-3.652648196260165,0.4913456599534634,-6.217493120612949,2.0802597958289537,0.24107957329322785,-1.8391802225357259,-4.67408798427714
81,0.8,0.0,0.0,0.0,0.0,1.0261592018960368,-3.715119291511211,0.453256406173801,-6.276659672149563,2.090498108241635,0.20424122902009698,-1.886256879221538,-4.741278493407248
82,0.81,0.0,0.0,0.0,0.0,1.0305208835251858,-3.7781765901128055,0.4199625847328146,-6.334371170076773,2.100781786175749,0.16677523066666877,-1.9340065555090802,-4.8086974736379915
83,0.8200000000000001,0.0,0.0,0.0,0.0,1.0345779705296843,-3.841793839441543,0.3925298881960611,-6.388202638149634,2.1111075091168576,0.12867582725554405,-1.9824316818613137,-4.876371809971227
84,0.8300000000000001,0.0,0.0,0.0,0.0,1.0383951700296339,-3.9059178860137362,0.3722106946227715,-6.435187368495988,2.121472544218467,0.08993766032543386,-2.031534883893033,-4.94431305604337
85,0.84,0.0,0.0,0.0,0.0,1.042050750021096,-3.970462911689127,0.36046885546919777,-6.4717476578236575,2.1318748717472653,0.050556061181480906,-2.0813188105657843,-5.012513661710223
86,0.85,0.0,0.0,0.0,0.0,1.0456387717802735,-4.035303987115784,0.3590027511523752,-6.493628490226058,2.1423133316617093,0.010527409221867318,-2.131785922439842,-5.080942758896057
87,0.86,0.0,0.0,0.0,0.0,1.0492715335880407,-4.100270005526812,0.3697639765689895,-6.4958413703848725,2.152787793607657,-0.030150442087219252,-2.182938235694876,-5.1495415391148525
88,0.87,0.0,0.0,0.0,0.0,1.053082164470597,-4.165136147453574,0.39496793771976924,-6.472628710218343,2.1632993521687247,-0.0714776660579186,-2.234777018226643,-5.218218311924171
89,0.88,0.0,0.0,0.0,0.0,1.0572272632189856,-4.229616149704015,0.43709136431966067,-6.417463018392586,2.173850548389472,-0.11345188700548038,-2.2873024353949525,-5.286843412923
90,0.89,0.0,0.0,0.0,0.0,1.0618894211316066,-4.293354815557327,0.4988503656504982,-6.323099398110467,2.1844456172695397,-0.1560675279246818,-2.3405131451942216,-5.355244236688934
91,0.9,0.0,0.0,0.0,0.0,1.0672793966024756,-4.355921409218736,0.5831513786134125,-6.18170397634596,2.195090758970361,-0.1993150870567136,-2.394405846027075,-5.423200805821211
92,0.91,0.0,0.0,0.0,0.0,1.0736376284568576,-4.416804820241019,0.6930065281551381,-5.985083874880413,2.2057944287580953,-0.24318035640421706,-2.4489747851623123,-5.490442448697877
93,0.92,0.0,0.0,0.0,0.0,1.0812346898104164,-4.475411644305829,0.831405072422777,-5.725044644461367,2.2165676371485628,-0.2876436054100512,-2.504211242558614,-5.5566463341162455
94,0.93,0.0,0.0,0.0,0.0,1.0903702084124964,-4.5310685686109515,1.0011344441804468,-5.393896615967809,2.227424247343325,-0.33267876572578825,-2.5601030130691127,-5.621438777023448
95,0.9400000000000001,0.0,0.0,0.0,0.0,1.1013697337615074,-4.583030613280325,1.2045487202547962,-4.985119945329874,2.238381252041276,-0.3782526677915649,-2.6166339198328408,-5.684400347041833
96,0.9500000000000001,0.0,0.0,0.0,0.0,1.1145790441372794,-4.63049678122492,1.4432898203900186,-4.494177087215874,2.249459006515033,-0.42432439564350544,-2.6737834021585383,-5.7450758253622
97,0.96,0.0,0.0,0.0,0.0,1.1303554910472726,-4.672634408401665,1.7179775292173072,-3.9194302300775137,2.260681390204647,-0.4708448408468693,-2.7315262310515163,-5.802989899448938
98,0.97,0.0,0.0,0.0,0.0,1.1490562046372859,-4.708612890006592,2.027897739215245,-3.2630818995954294,2.2720758660754985,-0.5177565466182541,-2.7898324126937526,-5.857669094643878
99,0.98,0.0,0.0,0.0,0.0,1.1710233465689999,-4.737646432085966,2.370731877593416,-2.532015792723322,2.283673406924417,-0.5649939351682071,-2.8486673420926243,-5.908669778654966
100,0.99,0.0,0.0,0.0,0.0,1.1965670814348461,-4.759044075855346,2.7423804869392163,-1.7383830305184667,2.295508262022522,-0.6124840010451298,-2.9079922630676514,-5.955611157290193
101,1.0,0.0,0.0,0.0,0.0,1.225947484638562,-4.772263626835952,3.136935557091036,-0.8997707821416515,2.3076175469146945,-0.6601475277269789,-2.9677650746416733,-5.998211111474514
102,1.01,0.0,0.0,0.0,0.0,1.259357107081851,-4.77696459929161,3.5468451151881277,-0.03881898249539799,2.320040653979403,-0.7079008431804353,-3.0279414971598384,-6.03632170637346
103,1.02,0.0,0.0,0.0,0.0,1.2969062362140793,-4.773054267041823,3.963288093110442,0.8177774611350918,2.3328185003645365,-0.7556580755176678,-3.088476575882204,-6.069960503255902
104,1.03,0.0,0.0,0.0,0.0,1.33861289552384,-4.760720798081599,4.376740587738166,1.640836723114561,2.345992650630697,-0.8033338093328215,3.1338588472160676,-6.099333693605439
105,1.04,0.0,0.0,0.0,0.0,1.3843992331261248,-4.740448489962729,4.7776744774789,2.400665367354602,2.359604370231726,-0.850845987282616,3.072734949665244,-6.124847723088854
106,1.05,0.0,0.0,0.0,0.0,1.4340951881451829,-4.713012271263642,5.157297387312316,3.0691807719739517,2.373693678925453,-0.8981188615774347,3.0113727666766987,-6.147107459408825
107,1.06,0.0,0.0,0.0,0.0,1.4874493284787604,-4.679451509222647,5.508229767188992,3.621876775942766,2.388298477229323,-0.9450857857116493,2.949801044238614,-6.166900837701408
108,1.07,0.0,0.0,0.0,0.0,1.5441457444748483,-4.641026131688084,5.825025510856761,4.039354627179115,2.4034538128372476,-0.9916916522194806,2.8880398421228577,-6.185171876162932
109,1.08,0.0,0.0,0.0,0.0,1.6038250917593257,-4.599160450074462,6.104474302429615,4.308230122531553,2.419191338538182,-1.0378948249569255,2.826099143684478,-6.202985541833788
110,1.09,0.0,0.0,0.0,0.0,1.6661074698422877,-4.55538135503733,6.345667048976011,4.421351932179917,2.4355389917164683,-1.0836684757364008,2.7639778397267167,-6.221488824879618
111,1.1,0.0,0.0,0.0,0.0,1.7306148530419898,-4.511257576147251,6.549847842272301,4.37738906454419,2.4525209021790695,-1.129001302980398,2.7016631020201185,-6.241872429189241
112,1.11,0.0,0.0,0.0,0.0,1.7969911902636484,-4.468345626704283,6.7201064748208985,4.179936350077171,2.470157513965323,-1.1738976723803294,2.6391301208339337,-6.265336816967932
113,1.12,0.0,0.0,0.0,0.0,1.8649189147444434,-4.428146308002008,6.860979534445102,3.8363301379455126,2.4884658909663813,-1.2183772673850968,2.5763421488281075,-6.293065222746451
114,1.1300000000000001,0.0,0.0,0.0,0.0,1.9341312874989902,-4.392073705500883,6.978026246110347,3.356363547292735,2.507460167021157,-1.2624743663541635,2.5132507738042658,-6.326204992999873
115,1.1400000000000001,0.0,0.0,0.0,0.0,2.0044206017067885,-4.361436874286337,7.077432242005506,2.751054920874723,2.5271520985186964,-1.306236873561746,2.449796335099144,-6.365857475993126
116,1.1500000000000001,0.0,0.0,0.0,0.0,2.075642718577628,-4.337433124225562,7.165676375843556,2.031572077627297,2.547551680176359,-1.3497252263522856,2.3859084006509415,-6.41307584280319
117,1.16,0.0,0.0,0.0,0.0,2.147718664882605,-4.321151050091792,7.249277754017757,1.2083637749934022,2.568667790816323,-1.39301128559919,2.321506230764073,-6.468869714974397
118,1.17,0.0,0.0,0.0,0.0,2.220634117617785,-4.313581156251678,7.334625589631843,0.29050819660775357,2.5905088438626644,-1.4361772962464425,2.256499167070479,-6.534215273869464
119,1.18,0.0,0.0,0.0,0.0,2.294437573666854,-4.31563197914898,7.427884537962939,-0.7147397337026632,2.613083425480828,-1.4793149832432466,2.190786898455512,-6.610069552815834
120,1.19,0.0,0.0,0.0,0.0,2.3692378977561868,-4.328149876390234,7.534962595186358,-1.8022350633450122,2.6364009107836166,-1.5225248284199089,2.124259567976061,-6.697387774146421
121,1.2,0.0,0.0,0.0,0.0,2.4452017992367203,-4.351941006164015,7.661526366741202,-2.9691001053600528,2.660472054765918,-1.5659155572848729,2.056797695128795,-6.7971428054007355
122,1.21,0.0,0.0,0.0,0.0,2.5225516336097185,-4.387794370236947,7.813048186771922,-4.214784543748785,2.6853095593653653,-1.6096038517437519,1.9882718960704688,-6.910346003846666
123,1.22,0.0,0.0,0.0,0.0,2.6015637710344808,-4.4365050698009245,7.994869871963787,-5.541050503072813,2.7109286212343653,-1.6537142949377233,1.9185423910074981,-7.038068840835406
124,1.23,0.0,0.0,0.0,0.0,2.682567621460489,-4.498897075014777,8.21226761444889,-6.951889970949345,2.73734746647064,-1.698379546772265,1.847458293936681,-7.181464696475266
125,1.24,0.0,0.0,0.0,0.0,2.765945242905102,-4.57584478812278,8.470500492196711,-8.453361988989688,2.764587878651115,-1.7437407417772735,1.7748566867511981,-7.341790031027882
126,1.25,0.0,0.0,0.0,0.0,2.852131261910376,-4.668292424206737,8.77481998236388,-10.053309451995514,2.7926757248341665,-1.78994809268908,1.7005614896563401,-7.520423686117113
127,1.26,0.0,0.0,0.0,0.0,2.9416125644312956,-4.777269645447321,9.130407951557324,-11.760875441161799,2.8216414802142604,-1.8371616707771592,1.6243821561881673,-7.7188822098786165
128,1.27,0.0,0.0,0.0,0.0,3.034926811267339,-4.903900804702687,9.542193326920863,-13.58567894320617,2.8515207448187363,-1.8855523133973457,1.5461122489635042,-7.938827615970026
129,1.28,0.0,0.0,0.0,0.0,3.132658203613907,-5.049403325049462,10.014469306958102,-15.536417692174854,2.882354733271144,-1.9353025744333212,1.4655279994751214,-8.182061528663368
130,1.29,0.0,0.0,0.0,0.0,3.2354279360966527,-5.215067763966025,10.550188406540993,-17.618525054708712,2.9141906983316743,-1.9866075748383487,1.382387034009563,-8.450495700062678
131,1.3,0.0,0.0,0.0,0.0,3.3438752341365667,-5.402207397229943,11.149745707819552,-19.830298123248248,2.947082216154111,-2.039675514156258,1.296427576869217,-8.746082631366509
132,1.31,0.0,0.0,0.0,0.0,3.4586225299971236,-5.612057928452519,11.808966896391622,-22.156619376206354,2.981089209236653,-2.0947274485629244,1.2073686493800084,-9.070680458449644
133,1.32,0.0,0.0,0.0,0.0,3.5802149319740484,-5.845597359084651,12.51590258895883,-24.559027964553355,3.0162775025475237,-2.151995697226606,1.1149121074054567,-9.4258122910587
134,1.33,0.0,0.0,0.0,0.0,3.709019618584425,-6.10324185385421,13.245932027928353,-26.96057013531337,3.052717588058981,-2.2117198708564065,1.018747848264199,-9.812261472438635
135,1.34,0.0,0.0,0.0,0.0,3.8450658124076686,-6.384357517291983,13.954717811479519,-29.22393564990101,3.0904821040350003,-2.2741389944155386,0.9185642087290475,-10.229423329699651
136,1.35,0.0,0.0,0.0,0.0,3.987803210607415,-6.6865183318727395,14.569025160569925,-31.122778248029686,3.129641324143328,-2.3394775352056927,0.814066447830566,-10.674321542480154
137,1.36,0.0,0.0,0.0,0.0,4.135763166710836,-7.0044584994031,14.97691257621074,-32.31065288902487,-3.112929557310768,-2.4079225021749555,0.7050070551358127,-11.140221666113936
138,1.37,0.0,0.0,0.0,0.0,4.286136861660454,-7.328757471888406,15.022151000032869,-32.30232289819913,-3.0708204427508314,-2.47958862888315,0.5912318138676816,-11.614894333548861
139,1.3800000000000001,0.0,0.0,0.0,0.0,4.434359306725283,-7.644524491592608,14.513210065820143,-30.4992889021301,-3.027213731095332,-2.554470035545128,0.4727436955502038,-12.078883798317891
140,1.3900000000000001,0.0,0.0,0.0,0.0,4.573918556281553,-7.93075418936668,13.261907274249808,-26.30662813419187,-2.9821619269622994,-2.632381330583289,0.3497805963790113,-12.504672745648232
141,1.4000000000000001,0.0,0.0,0.0,0.0,4.696747062819898,-8.161458414773366,11.161221612702233,-19.371791459664692,-2.9357911092557245,-2.7129001334672265,0.22289097578849876,-12.858205477593263
142,1.41,0.0,0.0,0.0,0.0,4.794524726282756,-8.309610640755228,8.282809658616154,-9.886907642804506,-2.8883107841284015,-2.795334451748894,0.09297633237950745,-13.104135367037983
143,1.42,0.0,0.0,0.0,0.0,4.860802656732335,-8.353652604067127,4.929992836093537,1.2433149219834105,-2.840006231859228,-2.8787434362329765,-0.038737204373748155,-13.214455260799461
144,1.43,0.0,0.0,0.0,0.0,4.893117565676641,-8.284023728944149,1.5750112523338036,12.589717156714064,-2.791208698833554,-2.9620262816836838,-0.17081758285013016,-13.177141294620789
145,1.44,0.0,0.0,0.0,0.0,4.893885967664049,-8.105975404839333,-1.3107681418084518,22.71836244164211,-2.7422496568010226,-3.044060601092971,-0.30181094429194805,-12.999861372503382
146,1.45,0.0,0.0,0.0,0.0,4.869504416953491,-7.836882843243579,-3.423320932066608,30.70175507798521,-2.6934151190247664,-3.1238413559254328,-0.43042623690066656,-12.70638726019707
147,1.46,0.0,0.0,0.0,0.0,4.828277705850722,-7.49995757389397,-4.683819370161265,36.296358148691574,-2.6449157178126033,3.0826131744007164,-0.5556564149662664,-12.328235279744693
148,1.47,0.0,0.0,0.0,0.0,4.778363000058373,-7.118011264141182,-5.186058777334459,39.781014055635445,-2.5968783385515555,3.0094943245655426,-0.6768126440624884,-11.896374264199554
149,1.48,0.0,0.0,0.0,0.0,4.726504116349995,-6.709642679898848,-5.103939077260637,41.673725275746065,-2.549354694283188,2.9403403060943143,-0.793490306802084,-11.436146796248842
150,1.49,0.0,0.0,0.0,0.0,4.677625069843986,-6.288049316949378,-4.618420055035184,42.50911947346888,-2.502338099635906,2.8753449021416952,-0.9055023054019846,-10.965674386793363
151,1.5,0.0,0.0,0.0,0.0,4.63497136225501,-5.86150299676718,-3.880865758891055,42.72755171000298,-2.4557812678944235,2.814595333582364,-1.0128087057027986,-10.49647435902219
152,1.51,0.0,0.0,0.0,0.0,4.600469215271142,-5.434481868581732,-3.0037302339688035,42.647346275176446,-2.4096113777512356,2.7581160875870108,-1.1154578418413394,-10.034951083852874
153,1.52,0.0,0.0,0.0,0.0,4.575099774052119,-5.008844562208168,-2.0648472462393195,42.477921852482936,-2.363741359458766,2.7059008746003768,-1.2135430731204433,-9.583944336260288
154,1.53,0.0,0.0,0.0,0.0,4.559203830253426,-4.58479466691789,-1.1159264411159857,42.34526001293504,-2.3180777512325124,2.657933789102272,-1.3071737668448022,-9.143998497171317
155,1.54,0.0,0.0,0.0,0.0,4.5527008788004215,-4.161589533038921,-0.19075249181826553,42.31629226916663,-2.272525939195817,2.614202112861205,-1.3964572551225645,-8.714290411839343
156,1.55,0.0,0.0,0.0,0.0,4.555234669159165,-3.7380306419385363,0.6884089994388809,42.4179538247167,-2.226993589215359,2.5747031667249374,-1.4814885512392901,-8.293265311097702
157,1.56,0.0,0.0,0.0,0.0,4.566264467174293,-3.3127914979306268,1.5063231591776831,42.65077098808065,-2.181392910647758,2.539447116637895,-1.5623452798939332,-7.87905596510492
158,1.57,0.0,0.0,0.0,0.0,4.585119671419049,-2.884632122735073,2.2518758013283646,42.99818637569586,-2.135642203847773,2.5084571032403207,-1.6390860000914917,-7.4697517941541225
159,1.58,0.0,0.0,0.0,0.0,4.611031498147708,-2.4525359403794553,2.91633220740203,43.432962292767044,-2.089666985910518,2.481767638917006,-1.711750682352062,-7.063567438527163
160,1.59,0.0,0.0,0.0,0.0,4.643151606374767,-2.015792619556048,3.492414919911823,43.92173641529302,-2.043400871688653,2.4594219216051134,-1.7803625138858192,-6.658944225930815
161,1.6,0.0,0.0,0.0,0.0,4.680564441789178,-1.5740413968622586,3.9739308325601903,44.428465886639685,-1.9967863045416865,2.441468527034793,-1.8449304756031064,-6.254605838651437
162,1.61,0.0,0.0,0.0,0.0,4.722297725040633,-1.127283581952247,4.355743320270996,44.91719871548788,-1.9497751757989266,2.4279578274312192,-1.90545230394944,-5.84958130699288
163,1.62,0.0,0.0,0.0,0.0,4.767333713790645,-0.6758697592803483,4.63393163049664,45.35438278530765,-1.9023293370303878,2.4189384155333142,-1.9619175546158834,-5.4432034730709935
164,1.6300000000000001,0.0,0.0,0.0,0.0,4.814622465005288,-0.2204659469813772,4.8060132112738785,45.710764385556075,-1.8544209902195343,2.4144537652285667,-2.0143105517314854,-5.035088411986664
165,1.6400000000000001,0.0,0.0,0.0,0.0,4.863097222133815,0.23799702947812715,4.8711325482236845,45.96283539230845,-1.8060329344086947,2.4145393182857626,-2.06261305448513,-4.625100192655688
166,1.6500000000000001,0.0,0.0,0.0,0.0,4.91169122476389,0.6983860674194583,4.830147766276992,46.09375429716883,-1.7571586505076129,2.4192201412547263,-2.1068065154172473,-4.213305157344432
167,1.6600000000000001,0.0,0.0,0.0,0.0,4.959354696792367,1.1594346295746403,4.6855757128641535,46.09368091463748,-1.7078022159330264,2.428509244116504,-2.146873847130056,-3.7999200672177267
168,1.67,0.0,0.0,0.0,0.0,5.005070527241099,1.6198119269133058,4.441386293260096,45.95951287280716,-1.6579780546467895,2.4424065940471205,-2.1828006584856765,-3.385258600327793
169,1.68,0.0,0.0,0.0,0.0,5.047867206460615,2.0781866636658317,4.102664255528996,45.69407560275535,-1.6077105430042355,2.460898798376202,-2.214575965799149,-2.969680542794783
170,1.69,0.0,0.0,0.0,0.0,5.086827874802254,2.533280396249063,3.6751777860194306,45.30487818449965,-1.5570335049016955,2.483959376684651,-2.24219242559324,-2.5535474785531913
171,1.7,0.0,0.0,0.0,0.0,5.121094804142043,2.9839069170447967,3.164905631563561,44.802590810712424,-1.5059896389276235,2.511549498936952,-2.2656461693150116,-2.1371878870972463
172,1.71,0.0,0.0,0.0,0.0,5.149869172148532,3.4289957470546426,2.577577432240923,44.19941840368185,-1.454629924345132,2.543619038861886,-2.284936343972568,-1.720873425093889
173,1.72,0.0,0.0,0.0,0.0,5.172406516613447,3.8675995564951577,1.918276936854898,43.50753910567493,-1.4030130514558616,2.5801077813592475,-2.300064474364477,-1.304806960118289
174,1.73,0.0,0.0,0.0,0.0,5.188008705578716,4.298886908638417,1.1911474909532784,42.73775170194568,-1.3512049156941448,2.620946628987449,-2.311033762497992,-0.8891217969402989
175,1.74,0.0,0.0,0.0,0.0,5.1960135908938145,4.722122992403372,0.39922664086697895,41.89844094222046,-1.2992782046790048,2.6660586731834615,-2.31784842931712,-0.4738905984904429
176,1.75,0.0,0.0,0.0,0.0,5.195783718401758,5.136641910497323,-0.4555757068184244,40.99493220646269,-1.2473120946440048,2.7153600273408838,-2.3205131851946987,-0.05914180790443524
177,1.76,0.0,0.0,0.0,0.0,5.186695556075162,5.541814627986239,-1.3723521033376291,40.0292724706773,-1.1953920584008593,2.768760357517922,-2.3190328912608056,0.3551190719110764
178,1.77,0.0,0.0,0.0,0.0,5.168130687873127,5.9370169046127375,-2.3509313169884454,39.00044516421051,-1.1436097723686551,2.8261630889330083,-2.3134124458779226,0.7688862167396104
179,1.78,0.0,0.0,0.0,0.0,5.139470318011679,6.321601481958292,-3.391485645267158,37.90500140458201,-1.0920630961660651,2.8874653095872937,-2.303656901426228,1.1821311639466128
180,1.79,0.0,0.0,0.0,0.0,5.10009424011069,6.694878503990391,-4.494035352859641,36.73806663286201,-1.0408560856934574,2.9525574337971405,-2.2897717876889874,1.594784263879701
181,1.8,0.0,0.0,0.0,0.0,5.049385140565222,7.056107618608192,-5.6578839088968484,35.49465706825309,-0.9900989904285293,3.0213227257556294,-2.271763590995427,2.0067224780429704
182,1.81,0.0,0.0,0.0,0.0,4.986738713189618,7.404504418398088,-6.881028943026074,34.171213265920635,-0.9399081788334283,3.0936368139972967,-2.2496403143488606,2.4177657052084696
183,1.82,0.0,0.0,0.0,0.0,4.911579556087531,7.739262809146874,-8.159605047011738,32.76722960154323,-0.8904059334379754,-3.113817958068535,-2.2234120246305586,2.8276832530593428
184,1.83,0.0,0.0,0.0,0.0,4.823382213430905,8.05959355041456,-9.487423276887464,31.28683301601318,-0.841720060422838,-3.034811340757067,-2.1930912803342295,3.236211336983655
185,1.84,0.0,0.0,0.0,0.0,4.721696055374244,8.36477765610381,-10.855675125973749,29.74014871303122,-0.7939832682228288,-2.952676597021495,-2.1586933287986656,3.643081600729565
186,1.85,0.0,0.0,0.0,0.0,4.6061720342186225,8.654231712141236,-12.252862440690022,28.144292499381187,-0.7473322860665247,-2.867568252868504,-2.12023596680198,4.0480596779226135
187,1.86,0.0,0.0,0.0,0.0,4.47658881922223,8.927580672473214,-13.664996946541592,26.523855152270286,-0.7019067158143594,-2.7796456888720464,-2.077738973057688,4.450991853250984
188,1.87,0.0,0.0,0.0,0.0,4.332875513494739,9.184732582592652,-15.076083745371252,24.910795003580702,-0.6578476371724861,-2.6890706819816788,-2.031223044809193,4.851857069097913
189,1.8800000000000001,0.0,0.0,0.0,0.0,4.1751281967522305,9.425949182209505,-16.468865348625624,23.343725496564684,-0.6152960144384817,-2.596004215662328,-1.9807082012238462,5.250820985457275
190,1.8900000000000001,0.0,0.0,0.0,0.0,4.003617975241229,9.65190659659299,-17.825762308945237,21.866662438143585,-0.5743909786468174,-2.50060262906608,-1.9262116504192632,5.648288621351761
191,1.9000000000000001,0.0,0.0,0.0,0.0,3.8187890463134972,9.863741329921437,-19.12991049358717,20.527363781383897,-0.5352680783378105,-2.4030132293888835,-1.8677451510510727,6.044952283607939
192,1.9100000000000001,0.0,0.0,0.0,0.0,3.6212464215365943,10.063078332794316,-20.36616988020394,19.37543476270256,-0.49805760162620355,-2.3033695319700067,-1.8053119303438032,6.441831911257721
193,1.92,0.0,0.0,0.0,0.0,3.41173427091624,10.252039668851175,-21.521968615026527,18.460367917986343,-0.4628830693056892,-2.2017863161785973,-1.7389032468729082,6.8403053979349355
194,1.93,0.0,0.0,0.0,0.0,3.191107215888357,10.433233765914364,-22.587847179943616,17.829631181773113,-0.4298599822650824,-2.0983546921106426,-1.6684947098455607,7.242126550026008
195,1.94,0.0,0.0,0.0,0.0,2.960298219591823,10.609725846703384,-23.557573606415918,17.52680276657874,-0.39909487656022447,-1.9931373692638041,-1.59404249270358,7.649427627111561
196,1.95,0.0,0.0,0.0,0.0,2.7202880066000015,10.7849892888003,-24.427699677376086,17.589573903643483,-0.3706846965906723,-1.8861643151548844,-1.515479618564212,8.0647012822003
197,1.96,0.0,0.0,0.0,0.0,2.472082336432848,10.962834684627264,-25.19640463598317,18.04718874487155,-0.34471644074316754,-1.7774290071456165,-1.4327125664024485,8.490752348194416
198,1.97,0.0,0.0,0.0,0.0,2.216705261875883,11.147307416912357,-25.861410821769212,18.91654253578996,-0.32126696210495825,-1.6668855399106577,-1.3456185778057,8.930602155036475
199,1.98,0.0,0.0,0.0,0.0,1.9552191800551078,11.342534520520253,-26.416642381332643,20.195684768502296,-0.3004027130997707,-1.5544469890969301,-1.2540442759971593,9.387315340465145
200,1.99,0.0,0.0,0.0,0.0,1.6887865472943366,11.552486123426291,-26.847137457844422,21.852865646658696,-0.28217909584521933,-1.43998569633461,-1.15780660048939,9.863699576131955
201,2.0,0.0,0.0,0.0,0.0,1.418793849506649,11.780594891774918,-27.121569846842952,23.808632332967207,-0.2666389040061879,-1.3233365919035915,-1.0566976878974033,10.361801042268269
202,2.0100000000000002,0.0,0.0,0.0,0.0,1.1470649679049618,12.029150320263527,-27.18177435075653,25.908301739099816,-0.25380910294734377,-1.2043053685268656,-0.9504962655795218,10.882085352358565
203,2.02,0.0,0.0,0.0,0.0,0.876194443855692,12.298363695594396,-26.929386972942805,27.88377111804122,-0.24369490080172554,-1.0826842700360273,-0.8389893692343012,11.422169251738705
204,2.0300000000000002,0.0,0.0,0.0,0.0,0.6100199716130532,12.585015719112203,-26.212125636849276,29.310110027362242,-0.23626979378722027,-0.9582792736163964,-0.7220094798291761,11.97499574749915
205,2.04,0.0,0.0,0.0,0.0,0.3542033293636482,12.880723860053477,-24.817868288293727,29.57854477320128,-0.23146027944978556,-0.8309528338357076,-0.5994925543859224,12.52652053068983
206,2.05,0.0,0.0,0.0,0.0,0.11676300103939467,13.17021571838028,-22.49401632711404,27.93573362777902,-0.22912479135624536,-0.7006844757297054,-0.47155968437345996,13.053452717340885
207,2.06,0.0,0.0,0.0,0.0,-0.09181667325761378,13.430636789892297,-19.016863023933695,23.664088735952223,-0.22902900799727746,-0.5676446579026947,-0.33861564990541715,13.522453463149912
208,2.07,0.0,0.0,0.0,0.0,-0.25948061356458285,13.63357741577953,-14.321477944873262,16.44261842733445,-0.2308245872025563,-0.4322634657450853,-0.2014388785425287,13.893058029344113
209,2.08,0.0,0.0,0.0,0.0,-0.37493506146816136,13.751183373383638,-8.644183601477067,6.76088164745086,-0.23404393252576688,-0.29525905655758766,-0.061215124031820806,14.126118434851799
210,2.09,0.0,0.0,0.0,0.0,-0.4309752626166543,13.76526823634499,-2.5559019554652807,-3.9626506434008113,-0.23812416930384053,-0.1575875238894102,0.08053664541443009,14.196243498961644
211,2.1,0.0,0.0,0.0,0.0,-0.4271478903671269,13.674787885245633,3.208430427721101,-13.840750506612826,-0.2424627694672126,-0.020305011781589243,0.2221577576856231,14.10193577561276
212,2.11,0.0,0.0,0.0,0.0,-0.3699485763182703,13.49652663755527,8.04133455029739,-21.32678484721097,-0.24648847943399704,0.11561387397258979,0.3621023534065871,13.86647521387354
213,2.12,0.0,0.0,0.0,0.0,-0.27040094424417516,13.258522020447835,11.660737181218503,-25.759266104959675,-0.249720350606806,0.24942600334972018,0.4991463539565263,13.52892296469201
214,2.13,0.0,0.0,0.0,0.0,-0.1406753004703408,12.990936149768034,14.103243431654112,-27.326908633869955,-0.25179605634829666,0.380686321851156,0.6324823781994529,13.131611450238374
215,2.14,0.0,0.0,0.0,0.0,0.008471854460997855,12.719366466720247,15.589154398944693,-26.681116622621655,-0.25246943344712075,0.5092324271603783,0.7617018606074988,12.71089461225925
216,2.15,0.0,0.0,0.0,0.0,0.16881444168281384,12.462220921383832,16.385685278437474,-24.558444963739838,-0.2515896225268624,0.6351226553114171,0.8867122778382798,12.293406479701018
217,2.16,0.0,0.0,0.0,0.0,0.3346774358299637,12.231048274679132,16.72773130028357,-21.574495767403867,-0.24907500072750846,0.7585641196772122,1.0076391204047201,11.896370838849169
218,2.17,0.0,0.0,0.0,0.0,0.5024477357211484,12.032124783254575,16.791518460154748,-18.16725435454723,-0.2448898971652629,0.8798515794268937,1.1247414765921562,11.529677047533427
219,2.18,0.0,0.0,0.0,0.0,0.6699844820379323,11.868168561890174,16.69689482556625,-14.616700078514542,-0.23902694110748107,0.9993234491684571,1.2383503902759385,11.198184079852242
220,2.19,0.0,0.0,0.0,0.0,0.8361128404705143,11.739712946368742,16.51944579002921,-11.08709461716318,-0.23149497156398294,1.117333436553333,1.3488284081173154,10.903600105898228
221,2.2,0.0,0.0,0.0,0.0,1.0002458885546683,11.646056845999993,16.303078655686758,-7.666996026592219,-0.2223113724640611,1.234233779663801,1.4565451521278618,10.645810957445326
222,2.21,0.0,0.0,0.0,0.0,1.1621198182531933,11.585861097277581,16.069884188163893,-4.3996933249618415,-0.21149759969590967,1.35036613813818,1.5618637378340898,10.423741279024387
223,2.22,0.0,0.0,0.0,0.0,1.3216119666199293,11.557488810563404,15.826891739676942,-1.3042975273339439,-0.19907691608832614,1.4660570899304277,1.6651340060187538,10.235876843943474
224,2.23,0.0,0.0,0.0,0.0,1.4786130169482001,11.559171703251758,15.57026415575924,1.610109437046981,-0.1850736538949234,1.5816161036092442,1.7666897575041676,10.080558686303558
225,2.24,0.0,0.0,0.0,0.0,1.6329312319306666,11.589059316660897,15.287617488712254,4.334837219121252,-0.1695135794788601,1.6973345508090874,1.866848130287947,9.956128084730231
226,2.25,0.0,0.0,0.0,0.0,1.7842129835125662,11.645186441452694,14.959045964305275,6.854613790262783,-0.1524251233922496,1.8134847796929967,1.9659099030852458,9.860973457940128
227,2.2600000000000002,0.0,0.0,0.0,0.0,1.9318690038323165,11.725378884458125,14.55731003516135,9.142078729955378,-0.13384136957588247,1.9303185421624869,2.0641599117383693,9.793509880625809
228,2.27,0.0,0.0,0.0,0.0,2.074999992593689,11.827108770887286,14.047585459985855,11.153146122219857,-0.11380278160641336,2.048064219176655,2.1618670007830687,9.752108778293596
229,2.2800000000000002,0.0,0.0,0.0,0.0,2.212319264034279,11.947307562174693,13.387200898745155,12.823237625724193,-0.09236068757214191,2.1669223804342197,2.2592830680063614,9.734988298140415
230,2.29,0.0,0.0,0.0,0.0,2.342074935633703,12.08214825859435,12.525915446155928,14.065061545056468,-0.06958154526664752,2.287059307289484,2.356640852556131,9.740073322960647
231,2.3000000000000003,0.0,0.0,0.0,0.0,2.4619806217994995,12.226818874492775,11.407485213949332,14.769401790209024,-0.04555195371405698,2.4085982689858856,2.4541502226999423,9.764838252693275
232,2.31,0.0,0.0,0.0,0.0,2.569172119431264,12.375327964935263,9.973463209565596,14.811169198829173,-0.02038424642175254,2.5316086500420814,2.5519928964638336,9.806155845503998
233,2.32,0.0,0.0,0.0,0.0,2.6602173505403233,12.520408071866479,8.17019269466893,14.063362833192093,0.005777721864419694,2.6560935565547896,2.6503158346903697,9.860190721326155
234,2.33,0.0,0.0,0.0,0.0,2.731214672145965,12.653606998746108,5.959494347316654,12.420829645947556,0.03275329883521192,2.7819773143880133,2.749224015552801,9.922392326600143
235,2.34,0.0,0.0,0.0,0.0,2.778014139398134,12.765663554604114,3.332290513508601,9.832870662229045,0.06032133162668238,2.9090952286529252,2.8487738970262426,9.98764941520598
236,2.35,0.0,0.0,0.0,0.0,2.796578845569685,12.847230510948533,0.3223227484747665,6.338526818985765,0.08821937604191342,3.0371888143135566,2.948969438271643,10.050651665378847
237,2.36,0.0,0.0,0.0,0.0,2.7834635911075667,12.889915344421174,-2.985071460096193,2.0924359737826417,0.11614714703938908,-3.117275383266052,3.049762776874145,10.106451753313607
238,2.37,0.0,0.0,0.0,0.0,2.73633243510925,12.887470804753475,-6.454807852728643,-2.6333222197772423,0.1437750390033112,-2.9883490750578017,-3.132124114061113,10.151138369644226
239,2.38,0.0,0.0,0.0,0.0,2.6543895912804096,12.836841600095426,-9.917655689213168,-7.480386900909821,0.1707575029971726,-2.859687125396115,-3.0304446283932878,10.182452008815016
240,2.39,0.0,0.0,0.0,0.0,2.5385932392294253,12.738747405209542,-13.197103540787314,-12.063550151445272,0.19674974150803656,-2.731770993050866,-2.928520734558903,10.200154165980116
241,2.4,0.0,0.0,0.0,0.0,2.391576728107602,12.597605873373793,-16.139343342823018,-16.03929815410963,0.22142510419139216,-2.6050561023133607,-2.826481206504753,10.206029145266191
242,2.41,0.0,0.0,0.0,0.0,2.217296305851589,12.420826466698477,-18.636481509960582,-19.159434866643217,0.24449027168816226,-2.4799379472128025,-2.724428218900965,10.203530160846888
243,2.42,0.0,0.0,0.0,0.0,2.0205096879114346,12.21771388108133,-20.63659087289267,-21.294147476278873,0.26569596112894955,-2.356727464270494,-2.6224234253994436,10.197204193169895
244,2.43,0.0,0.0,0.0,0.0,1.8062234138921764,11.998302091415127,-22.140348364865552,-22.423917865139863,0.2848421494146371,-2.235637977554982,-2.520480126969619,10.19207867752295
245,2.44,0.0,0.0,0.0,0.0,1.57922324096014,11.77238202236007,-23.188762177202005,-22.61123445926677,0.3017781110076816,-2.1167830034200397,-2.418561114427721,10.19315878139993
246,2.45,0.0,0.0,0.0,0.0,1.3437471217288537,11.548854050771954,-23.84784656634185,-21.96607504773332,0.31639844720026183,-2.0001822061856354,-2.3165806533858975,10.205106929043101
247,2.46,0.0,0.0,0.0,0.0,1.1033070822517532,11.335411397277115,-24.19472318005039,-20.615491420768674,0.32863660160877006,-1.8857721400907785,-2.2144087416995486,10.232104315025362
248,2.47,0.0,0.0,0.0,0.0,0.8606329915998441,11.138485555821973,-24.307321508722723,-18.681961747656647,0.3384572339401426,-1.7734187740418996,-2.1118760079820422,10.277852564222128
249,2.48,0.0,0.0,0.0,0.0,0.6176995651633795,10.963361940657704,-24.257968381603366,-16.270796428329223,0.34584848005123603,-1.6629296355336562,-2.0087781155848923,10.345662375494324
250,2.49,0.0,0.0,0.0,0.0,0.3758008680890159,10.814383602683197,-24.11013251391689,-13.464732320095377,0.35081474583838607,-1.5540642978691992,-1.9048790437075853,10.438582734594181
251,2.5,0.0,0.0,0.0,0.0,0.13564599204619493,10.69518267729994,-23.917266475122567,-10.323437740684684,0.3533703695029666,-1.4465426506605799,-1.7999130201635465,10.559536685253745
252,2.5100000000000002,0.0,0.0,0.0,0.0,-0.10253991334096071,10.608899920246333,-23.722738858248665,-6.886161744357619,0.35353427643734103,-1.340050889229775,-1.6935851656671161,10.711439833587294
253,2.52,0.0,0.0,0.0,0.0,-0.33891578577588083,10.558366219923352,-23.560008362249203,-3.176614465675793,0.35132564055307713,-1.2342454801929252,-1.5855711207460024,10.897282005699232
254,2.5300000000000002,0.0,0.0,0.0,0.0,-0.5739246585913845,10.546224437129846,-23.452303086636054,0.7898930482465082,0.34676054071580853,-1.1287555914660763,-1.4755161321818848,11.12014909572123
255,2.54,0.0,0.0,0.0,0.0,-0.8081849206254007,10.574964684645877,-23.411058804999985,4.996014039723242,0.33984965049672383,-1.0231847092221236,-1.3630343597188475,11.383149605271278
256,2.5500000000000003,0.0,0.0,0.0,0.0,-1.0423561093343947,10.64683022676457,-23.432218195787875,9.406457458867218,0.33059712483206005,-0.9171125033352904,-1.2477096281673505,11.689186336098963
257,2.56,0.0,0.0,0.0,0.0,-1.2769523213602254,10.763523101736403,-23.489242706372558,13.943166289535924,0.3190010632612876,-0.8100985609228861,-1.1290996241841738,12.040475423096629
258,2.57,0.0,0.0,0.0,0.0,-1.512063883844798,10.925598956572,-23.52154971731361,18.447249852926017,0.3050562596089718,-0.7016905071708621,-1.006746766779834,12.437662840416797
259,2.58,0.0,0.0,0.0,0.0,-1.7469370404257103,11.131400445461596,-23.417702599422615,22.62460451808685,0.2887604011011395,-0.591440348973481,-0.8802007500746204,12.878337485887306
260,2.59,0.0,0.0,0.0,0.0,-1.9793663797692806,11.375379513923702,-22.995600830016024,25.980212047953113,0.2701253818280535,-0.47893444569530735,-0.7490598275233609,13.354745893692982
261,2.6,0.0,0.0,0.0,0.0,-2.2049114876777938,11.645808649974565,-21.989872970609454,27.76947284074066,0.24919563078082763,-0.3638434542405532,-0.6130390850213807,13.85072013765236
262,2.61,0.0,0.0,0.0,0.0,-2.4161205548676357,11.92237452346022,-20.0715416781819,27.04030275941946,0.22607450770684664,-0.24599650660642094,-0.4720710143132676,14.338495078327856
263,2.62,0.0,0.0,0.0,0.0,-2.6022728537358035,12.175135542380811,-16.938732968885308,22.88449909769739,0.200956461181091,-0.1254743766917852,-0.3264308378728762,14.777408396116614
264,2.63,0.0,0.0,0.0,0.0,-2.750486948303101,12.367382596001205,-12.496795615704201,14.962019056864788,0.174155678703906,-0.002695830017166468,-0.17685150872107244,15.117869544304305
265,2.64,0.0,0.0,0.0,0.0,-2.848813317185326,12.464365691900497,-7.05067566839691,4.078364487407185,0.14611383303799272,0.12155352618110424,-0.024560306856888484,15.313179009085822
266,2.65,0.0,0.0,0.0,0.0,-2.890532343496664,12.445743650939459,-1.3188858290353709,-7.752998895256961,0.11736938585505262,0.24620257237866983,0.1288331865236172,15.336275994436123
267,2.66,0.0,0.0,0.0,0.0,-2.8771131475996525,12.31428956961454,3.845265016053385,-18.114957098524165,0.08848816995123675,0.3700889962981477,0.28160082634691097,15.191402717214192
268,2.67,0.0,0.0,0.0,0.0,-2.8175721902111115,12.09412158876742,7.840766102754236,-25.316359637476893,0.05998148766707588,0.4921909886266336,0.4322095009595577,14.911693778978531
269,2.68,0.0,0.0,0.0,0.0,-2.724784994651261,11.820070406937198,10.501039356086633,-28.91593450754124,0.03224756516272606,0.6117918876701827,0.5795443225074566,14.544855401588459
270,2.69,0.0,0.0,0.0,0.0,-2.611436708706157,11.52610938016225,11.999648442132436,-29.433769584564224,0.005553993649854516,0.7285270567925843,0.7229730631427299,14.137546088868408
271,2.7,0.0,0.0,0.0,0.0,-2.487614204372561,11.238673410756368,12.65080464012965,-27.76493335428153,-0.019946667352892324,0.8423370263379881,0.8622836936908803,13.726287615128928
272,2.71,0.0,0.0,0.0,0.0,-2.3602152294651955,10.975253464891008,12.761031213169447,-24.75554143571106,-0.04418671777237939,0.9533815505297106,0.9975682683020901,13.335468694356203
273,2.72,0.0,0.0,0.0,0.0,-2.2333996522756645,10.745906179951511,12.56687435589157,-21.03569029386316,-0.06715316276788855,1.0619563227147082,1.129109485482597,12.979305832227176
274,2.73,0.0,0.0,0.0,0.0,-2.109352855397211,10.555530340367234,12.228201281342425,-17.0132008381717,-0.08886409486372163,1.1684299612948723,1.2572940561585941,12.664883195764446
275,2.74,0.0,0.0,0.0,0.0,-1.9889857098593955,10.40584353004658,11.843130682627155,-12.926821599847205,-0.10935257333652729,1.2732027574994178,1.3825553308359453,12.394829239905976
276,2.75,0.0,0.0,0.0,0.0,-1.8724611399915008,10.296771146753743,11.46587467550333,-8.905291526833418,-0.1286566606294717,1.3766823006607767,1.5053389612902484,12.169232286745244
277,2.7600000000000002,0.0,0.0,0.0,0.0,-1.7595591616080948,10.22729895726516,11.120705264892806,-5.014458866652518,-0.1468138844869149,1.4792702118661374,1.6260840963530523,11.986858118873256
278,2.77,0.0,0.0,0.0,0.0,-1.6499274645478816,10.195923370184245,10.810924796117886,-1.2910227928197084,-0.16385873654000815,1.5813552802417898,1.745214016781798,11.845850834732126
279,2.7800000000000002,0.0,0.0,0.0,0.0,-1.5432643431703585,10.200816787023344,10.523605756630527,2.23352163534501,-0.17982230318442152,1.6833095956872686,1.86313189887169,11.744081130193702
280,2.79,0.0,0.0,0.0,0.0,-1.4394707888166223,10.239785852453515,10.2311987580213,5.51483824098163,-0.1947335454607695,1.785485250442761,1.9802187959035304,11.679256641270138
281,2.8000000000000003,0.0,0.0,0.0,0.0,-1.3387977945187737,10.310067043225294,9.891053907097298,8.480962596157703,-0.20862205851952026,1.8882097827145932,2.0968318412341134,11.648864837744068
282,2.81,0.0,0.0,0.0,0.0,-1.2420043361639426,10.407986560239992,9.443972708487866,11.020007384082865,-0.2215223494216148,1.9917788769637672,2.213301226385382,11.649990896403935
283,2.82,0.0,0.0,0.0,0.0,-1.1505285615781349,10.52851570229574,8.813327587380346,12.97209021722781,-0.2334797655067782,2.0964451053695607,2.329924870876339,11.679044263873875
284,2.83,0.0,0.0,0.0,0.0,-1.0666555796963075,10.664785863198956,7.9070956591783155,14.130461386489603,-0.24455814193814995,2.202401944491987,2.4469600864301366,11.731441442895264
285,2.84,0.0,0.0,0.0,0.0,-0.9936370098178521,10.807694642404488,6.626073470311766,14.260225679898902,-0.2548489374843286,2.3097632507968764,2.564612188281205,11.801331652222341
286,2.85,0.0,0.0,0.0,0.0,-0.9356829544445968,10.945827913442166,4.881648070060044,13.144225629141758,-0.26448100764796867,2.4185401505530097,2.6830211582009786,11.881510867886762
287,2.86,0.0,0.0,0.0,0.0,-0.897722449295878,11.065997159156357,2.624084370090715,10.659744589982711,-0.2736292276963284,2.528619969638299,2.8022491973346275,11.963719608452235
288,2.87,0.0,0.0,0.0,0.0,-0.8848477562736845,11.154649837569224,-0.12420207397065049,6.871959133034703,-0.282519181058823,2.639754762084221,2.9222739431430442,12.039497593842908
289,2.88,0.0,0.0,0.0,0.0,-0.9014585354104291,11.200141189066319,-3.2450030350784504,2.1041088243075152,-0.29142470969516787,2.7515684437048846,3.0429931534000527,12.101599724476747
290,2.89,0.0,0.0,0.0,0.0,-0.9502983015773095,11.195363978152404,-6.529306887168285,-3.0694337012119286,-0.300656128668954,2.8635890766063397,-3.1189401019042924,12.145662279729713
291,2.9,0.0,0.0,0.0,0.0,-1.0317310378396123,11.139783335845049,-9.720207784956296,-7.935238686325877,-0.3105396897262367,2.9753053534239213,-2.997340264029428,12.171514373684662
292,2.91,0.0,0.0,0.0,0.0,-1.1435903238408607,11.039945308482205,-12.580230049062038,-11.822307551476383,-0.3213924700980455,3.0862363769343015,-2.875556460147239,12.183535632323066
293,2.92,0.0,0.0,0.0,0.0,-1.2816944630827598,10.908181190493856,-14.951524131639887,-14.265561743647789,-0.3334991422730565,-3.0871879536029767,-2.75368881132992,12.189875653576616
294,2.93,0.0,0.0,0.0,0.0,-1.4408077207978185,10.760103584450482,-16.782065327025705,-15.076050277829609,-0.3470964092056506,-2.9788397960160684,-2.6317433868104176,12.200911305248301
295,2.94,0.0,0.0,0.0,0.0,-1.6156669559186985,10.611942210658901,-18.113966159881226,-14.306779296749397,-0.36236769471604396,-2.8719860012104452,-2.509618306494401,12.227609166577599
296,2.95,0.0,0.0,0.0,0.0,-1.801764630068029,10.478568718690852,-19.04995150477634,-12.15886057951332,-0.3794470640598429,-2.7665513716306642,-2.387104307570821,12.28033334875888
297,2.96,0.0,0.0,0.0,0.0,-1.995772387970369,10.372522549157425,-19.717828048187588,-8.882961555926423,-0.3984291940919314,-2.6623232413971043,-2.2638940473051727,12.368294937127795
298,2.97,0.0,0.0,0.0,0.0,-2.1956528646345643,10.303898772522702,-20.244752002206997,-4.708418039137831,-0.4193819386343327,-2.558975950165648,-2.1395940115313152,12.499551637157266
299,2.98,0.0,0.0,0.0,0.0,-2.400575886166046,10.28077215446369,-20.743631614272104,0.19367150247394338,-0.44235893268411824,-2.4560934741782945,-2.013734541494176,12.681348040629736
300,2.99,0.0,0.0,0.0,0.0,-2.6107477136765382,10.30984982931405,-21.3086143987687,5.72099237054907,-0.4674108480821498,-2.3531864538753315,-1.8857756057931818,12.920597542990588
301,3.0,0.0,0.0,0.0,0.0,-2.8272218196295333,10.397139477756157,-22.015162261142535,11.833965679559029,-0.4945948110143806,-2.2497024789448283,-1.7551076679304478,13.224361297385691
302,3.0100000000000002,0.0,0.0,0.0,0.0,-3.0517156789600715,10.548499977524722,-22.920521167817387,18.53871825447734,-0.5239819540353763,-2.145030187755627,-1.6210482337202505,13.600215656484794
303,3.02,0.0,0.0,0.0,0.0,-3.2864177452081966,10.769965386373368,-24.060586093846815,25.857934383032365,-0.555663116935371,-2.0384988927300243,-1.4828357757946533,14.056383131581565
304,3.0300000000000002,0.0,0.0,0.0,0.0,-3.5337249695923405,11.067679715904875,-25.438126863630824,33.7795970036334,-0.589752342033376,-1.9293767277982448,-1.3396243857648689,14.601404685497215
305,3.04,0.0,0.0,0.0,0.0,-3.795788026134579,11.44712124817018,-26.994428638576192,42.161104905562134,-0.6263869213692586,-1.8168726286337233,-1.1904857072644648,15.24290927430476
306,3.0500000000000003,0.0,0.0,0.0,0.0,-4.073639967806805,11.91098936427288,-28.55188481131842,50.549770373793066,-0.6657210554277777,-1.700152060263172,-1.0344310048353942,15.984629332079685
307,3.06,0.0,0.0,0.0,0.0,-4.365544686235637,12.454675565387454,-29.713532119742325,57.87236616849238,-0.7079072566324264,-1.5783848635965207,-0.8704776069640945,16.82022025162309
308,3.0700000000000003,0.0,0.0,0.0,0.0,-4.664132089668274,13.057953429726945,-29.726500302547834,62.004024746625255,-0.7530554726661215,-1.4508562903931517,-0.6978008177270303,17.72208551939522
309,3.08,0.0,0.0,0.0,0.0,-4.952337818212123,13.67274826493926,-27.410624157621566,59.50687031752363,-0.801157041756124,-1.3171821552440552,-0.5160251134879312,18.625086083151384
310,3.09,0.0,0.0,0.0,0.0,-5.200143400352151,14.212702313266668,-21.46061984764661,46.46634183350488,-0.8519689298172662,-1.177646472561284,-0.3256775427440177,19.412845713618818
311,3.1,0.0,0.0,0.0,0.0,-5.367874704792453,14.561781200970303,-11.482668593308913,21.55712616706159,-0.9048920329496382,-1.0335668261859206,-0.1286747932362824,19.929655905762758
312,3.11,0.0,0.0,0.0,0.0,-5.421950662041724,14.620206826068275,0.7867564430242024,-10.257544461595094,-0.9589432217007429,-0.8873922407698775,0.07155098093086541,20.04215748811
313,3.12,0.0,0.0,0.0,0.0,-5.355839045412444,14.366737131800456,11.977202529239241,-39.13135203837261,-1.0129252319809485,-0.742217387985639,0.27070784399530967,19.7225761772129
314,3.13,0.0,0.0,0.0,0.0,-5.194845796391083,13.873115299806575,19.516294891062095,-57.58181275331999,-1.065741333071025,-0.600864718385639,0.4648766146853862,19.067961096197656
315,3.14,0.0,0.0,0.0,0.0,-4.978988863269532,13.253252652673975,23.057207674916505,-64.71513257530401,-1.1166399136691203,-0.4651736515302987,0.6514662621388216,18.232241515943507
316,3.15,0.0,0.0,0.0,0.0,-4.743395010002233,12.605596283607744,23.691124967620766,-63.8129364489168,-1.1652570467185799,-0.3358870745323555,0.8293699721862242,17.348991293609977
317,3.16,0.0,0.0,0.0,0.0,-4.510540490647757,11.991181027510299,22.698407462798485,-58.61051330998753,-1.2115184025281736,-0.21294665542665264,0.9985717471015209,16.501721518158057
318,3.17,0.0,0.0,0.0,0.0,-4.291760751269307,11.43896098693431,20.992326967429946,-51.69661121891889,-1.255515656971598,-0.09585364984086603,1.1596620071307322,15.730721738203616
319,3.18,0.0,0.0,0.0,0.0,-4.091311709839016,10.958154157580344,19.092552575451215,-44.48706411628447,-1.2974151645341963,0.01607177812048861,1.3134869426546847,15.04946586741936
320,3.19,0.0,0.0,0.0,0.0,-3.9096924352386933,10.547992697298236,17.253410677080026,-37.63301689469949,-1.3374048439842776,0.12354534304780657,1.4609501870320842,14.457685132536929
321,3.2,0.0,0.0,0.0,0.0,-3.7456840718567297,10.203491107257829,15.579824704479574,-31.37388415616119,-1.3756677706803793,0.22725056205833158,1.6029183327387109,13.949175179114558
322,3.21,0.0,0.0,0.0,0.0,-3.597446533395787,9.918375813458594,14.099985431785374,-25.75413462785806,-1.4123710864413213,0.32781303313132554,1.740184119572646,13.515822346854382
323,3.22,0.0,0.0,0.0,0.0,-3.4630678319393144,9.686388444445063,12.804606851155558,-20.739760711199324,-1.4476628609422362,0.4257950414240006,1.8734579023662365,13.149456276384377
324,3.23,0.0,0.0,0.0,0.0,-3.3408300945113725,9.501742389958014,11.666272820043604,-16.277097448183127,-1.4816728638687142,0.5216984841356385,2.003371348004354,12.842572484469386
325,3.24,0.0,0.0,0.0,0.0,-3.2293411742868514,9.359157967717568,10.648150344258724,-12.32164837532003,-1.5145152365985057,0.6159700040195566,2.130485240618062,12.58849914200442
326,3.25,0.0,0.0,0.0,0.0,-3.127608365754023,9.253694260959774,9.707537099117273,-8.851542848377196,-1.5462921474880924,0.7090053298838952,2.2552974773719874,12.381302626713797
327,3.2600000000000002,0.0,0.0,0.0,0.0,-3.035088343815238,9.180494346603467,8.797497225252423,-5.871967869610934,-1.5770980495248754,0.8011514272545005,2.3782494767793767,12.215582690418705
328,3.27,0.0,0.0,0.0,0.0,-2.9517209189365783,9.13452385349764,7.868774434790287,-3.412039396449034,-1.6070243587916428,0.8927060049789345,2.4997303637705772,12.086244772434219
329,3.2800000000000002,0.0,0.0,0.0,0.0,-2.8779353013087086,9.110382344212555,6.873600499419638,-1.5131176335665164,-1.6361643488648918,0.9839147001849711,2.620079049049863,11.988317645521263
330,3.29,0.0,0.0,0.0,0.0,-2.8146046484384684,9.102279027580554,5.7722855030173195,-0.20763411529066272,-1.6646178725101077,1.0749671195356065,2.7395849920457134,11.916883676019022
331,3.3000000000000003,0.0,0.0,0.0,0.0,-2.7629222420342128,9.104260327808436,4.542047000170658,0.5092882950931531,-1.6924952557106103,1.1659938367182234,2.8584890924288326,11.86718256984265
332,3.31,0.0,0.0,0.0,0.0,-2.724188376966529,9.110725919241533,3.185408961965998,0.7072526021433991,-1.7199195034504344,1.2570671159665152,2.9769866194169494,11.834914296208062
333,3.3200000000000003,0.0,0.0,0.0,0.0,-2.69953353162302,9.117159689800216,1.7337577653358152,0.5337870537787666,-1.7470260153681487,1.348207989246919,3.0952340046150684,11.816693221423236
334,3.33,0.0,0.0,0.0,0.0,-2.689647394117448,9.12086987897371,0.2421987031045142,0.2017207519544861,-1.7739594897759405,1.4394009044860634,-3.0698249129175825,11.810517273091158
335,3.34,0.0,0.0,0.0,0.0,-2.6946052154548554,9.121466364675321,-1.2243294594327545,-0.04946623343969509,-1.8008685316357582,1.5306146780563217,-2.9517020974875057,11.816071580130176
336,3.35,0.0,0.0,0.0,0.0,-2.71385744623388,9.120878807625525,-2.60865258709889,-0.0033166633819996434,-1.8278993095569407,1.621826016270862,-2.833459981351784,11.834736253859404
337,3.36,0.0,0.0,0.0,0.0,-2.7463829903777053,9.12291522347799,-3.8753307992609476,0.49480433584051947,-1.8551899575754975,1.7130408296090844,-2.7149545199950045,11.869298213855696
338,3.37,0.0,0.0,0.0,0.0,-2.790941660885306,9.132553173758975,-5.0161171872342045,1.5242302487206199,-1.8828670765015216,1.804309584494527,-2.5960086461835385,11.92349483464428
339,3.38,0.0,0.0,0.0,0.0,-2.8463371176767542,9.155226474045337,-6.047001260048196,3.100324862601242,-1.9110448824112798,1.8957353376630028,-2.4764050871053027,12.00156359172209
340,3.39,0.0,0.0,0.0,0.0,-2.9116228506449375,9.196304584570827,-7.000519280323845,5.199438771136764,-1.9398267391878818,1.9874754874551688,-2.3558830805365365,12.107927435215764
341,3.4,0.0,0.0,0.0,0.0,-2.9862253581308216,9.26083619844774,-7.917470597491287,7.785021382479906,-1.9693083417943928,2.0797396304167974,-2.2341373349683953,12.247061556578561
342,3.41,0.0,0.0,0.0,0.0,-3.069992796045472,9.353525419574169,-8.840536311730652,10.827258015182885,-1.999581742799082,2.172786070753062,-2.1108174936274424,12.42351821561964
343,3.42,0.0,0.0,0.0,0.0,-3.163192269332241,9.478861046982928,-9.810347947503892,14.314026384241565,-2.0307395881561146,2.2669189294861893,-1.9855267895372823,12.642053316315168
344,3.43,0.0,0.0,0.0,0.0,-3.2664772980249372,9.641314710781767,-10.863262205918362,18.253928047649634,-2.0628791625310745,2.362486956780255,-1.8578191878682557,12.907792008806705
345,3.44,0.0,0.0,0.0,0.0,-3.3808359738437557,9.845534164191,-12.029459639955574,22.672343536343455,-2.096106010017621,2.459884359530917,-1.7271949376310478,13.226370138034754
346,3.45,0.0,0.0,0.0,0.0,-3.5075143824663946,10.096459558726732,-13.329552133188262,27.59956931253191,-2.1305369251500523,2.5595532427337178,-1.5930951392958161,13.603973941193127
347,3.46,0.0,0.0,0.0,0.0,-3.647888504349919,10.399264395196965,-14.76715327401732,33.046444540979834,-2.166301954142469,2.661986441167003,-1.4548969118701138,14.047152899546884
348,3.47,0.0,0.0,0.0,0.0,-3.803225816613438,10.758949967175129,-16.313410175506284,38.957064422620824,-2.203544630595294,2.767728218913955,-1.3119124576703372,14.562175783788566
349,3.48,0.0,0.0,0.0,0.0,-3.9742267050431694,11.179278008357938,-17.87714718704448,45.11976196949309,-2.2424188461611534,2.8773679520590156,-1.163398508959418,15.153504713401109
350,3.49,0.0,0.0,0.0,0.0,-4.160159998377593,11.660492923017271,-19.252072277275683,51.009161697293834,-2.283079297178169,2.9915176602970024,-1.0085883497044148,15.820652921394863
351,3.5,0.0,0.0,0.0,0.0,-4.3573294356700085,12.195023708572274,-20.035975898027115,55.53965637158268,-2.325660175057034,3.1107573979689227,-0.8467677341536306,16.552353144242282
352,3.5100000000000002,0.0,0.0,0.0,0.0,-4.556658777588574,12.76044498544965,-19.543431526101944,56.78660207502492,-2.370234169365841,-3.0476610774804613,-0.677426908114621,17.317103763038226
353,3.52,0.0,0.0,0.0,0.0,-4.740749579620988,13.310584801377338,-16.81559954403561,51.9775054729416,-2.4167438760813567,-2.91726600809513,-0.500522132013773,18.051334380998327
354,3.5300000000000002,0.0,0.0,0.0,0.0,-4.8824495152438825,13.770687409414228,-10.958526515141303,38.45326201808952,-2.4649085953695318,-2.7817471485525123,-0.31683855318297965,18.65313692465811
355,3.54,0.0,0.0,0.0,0.0,-4.949266851408634,14.049639376417987,-1.9623223474317983,16.09254245167301,-2.514142033392556,-2.6424594556818417,-0.12831742228928583,18.998906227826623
356,3.5500000000000003,0.0,0.0,0.0,0.0,-4.916437224560397,14.078088160667361,8.573162528105915,-10.489844891258603,-2.5635582075779557,-2.5015996537667826,0.06195855381117305,18.99452538522776
357,3.56,0.0,0.0,0.0,0.0,-4.781474399061255,13.851406894486146,18.034824852841968,-33.684561488026155,-2.612126468756664,-2.361759231989944,0.2503672367667202,18.632881293547403
358,3.5700000000000003,0.0,0.0,0.0,0.0,-4.5657921894258715,13.434326806942952,24.539541016462806,-48.07257067556011,-2.6589168935479486,-2.225210910973506,0.43370598257444243,18.000118996368823
359,3.58,0.0,0.0,0.0,0.0,-4.301447361602468,12.921463402602098,27.84860410319522,-53.10404652524166,-2.7032805861618647,-2.0933901926775755,0.6098903934842901,17.222910764204567
360,3.59,0.0,0.0,0.0,0.0,-4.016701077803448,12.394941372972921,28.795712869226467,-51.33046657444904,-2.7448791630529925,-1.9668230654365828,0.7780560976164099,16.41164245077637
361,3.6,0.0,0.0,0.0,0.0,-3.73000307013371,11.907501076789979,28.391663155734943,-45.730948489031576,-2.783609274238887,-1.8453576091287018,0.9382516651101862,15.637504146923689
362,3.61,0.0,0.0,0.0,0.0,-3.450826743006242,11.485788399401413,27.389673999189245,-38.46097480780571,-2.81950504286371,-1.7284518206933128,1.0910532221703975,14.936615142407655
363,3.62,0.0,0.0,0.0,0.0,-3.1826846484388924,11.139657131620984,26.238218665453935,-30.7582840144242,-2.8526629834474133,-1.6153888430037184,1.2372741404436947,14.322341780059876
364,3.63,0.0,0.0,0.0,0.0,-2.925782727818286,10.870015543202177,25.16663622831588,-23.226739131377517,-2.8831963770999964,-1.5054032911986013,1.3777930859013945,13.795798271020463
365,3.64,0.0,0.0,0.0,0.0,-2.6787513375659784,10.673711769040022,24.27305607749419,-16.113072893530653,-2.911211593302465,-1.3977439747164666,1.5134676185859983,13.352463106606
366,3.65,0.0,0.0,0.0,0.0,-2.4396398399282306,10.546110616304162,23.582822895341625,-9.490388630985638,-2.9367977940020253,-1.2917000849035645,1.645097709098461,12.985750456232392
367,3.66,0.0,0.0,0.0,0.0,-2.206465206046505,10.4822469512843,23.08076520137249,-3.3645596991792917,-2.960024135585924,-1.1866093744612598,1.773414761124664,12.688712157330805
368,3.67,0.0,0.0,0.0,0.0,-1.9775301583257585,10.47717143004825,22.726444742957586,2.266066940942286,-2.980941162680505,-1.081859230664876,1.8990819320156291,12.454701588374007
369,3.68,0.0,0.0,0.0,0.0,-1.7516430791076207,10.52583631952106,22.459506795602096,7.3755966635460215,-2.999584809686461,-0.9768867961411984,2.0226980135452624,12.277479398628682
370,3.69,0.0,0.0,0.0,0.0,-1.5283137627889998,10.622699288841137,22.19979059308117,11.887921819921058,-3.0159824369449346,-0.8711817449719106,2.1448006919730243,12.151013051630137
371,3.7,0.0,0.0,0.0,0.0,-1.3079599510874491,10.7611409490676,21.845590424253373,15.661929872999245,-3.0301608629250816,-0.7642940177042704,2.265866845220811,12.06910090015505
372,3.71,0.0,0.0,0.0,0.0,-1.0921267766453961,10.932778718475177,21.273421489335924,18.486345718253556,-3.042156538847947,-0.6558479795829485,2.3863085592649993,12.024905495120572
373,3.72,0.0,0.0,0.0,0.0,-0.8836842122221468,11.126806036847144,20.34341978250579,20.091610476943494,-3.052027854755991,-0.5455634553748225,2.5064643993811684,12.01049024906929
374,3.73,0.0,0.0,0.0,0.0,-0.6869224965255923,11.329581670361595,18.915118676426818,20.189968288555157,-3.059868996524179,-0.43328235679644755,2.6265866397277313,12.016504166887188
375,3.74,0.0,0.0,0.0,0.0,-0.5074225446497932,11.524801091773123,16.87690415274749,18.55247406953361,-3.0658237462089155,-0.3189968144375904,2.746826931771325,12.032223636422916
376,3.75,0.0,0.0,0.0,0.0,-0.35157024177242086,11.69460677383118,14.186578656656888,15.11666964902057,-3.0700962986596023,-0.20287115710534992,2.867225141554253,12.046177015603602
377,3.7600000000000002,0.0,0.0,0.0,0.0,-0.2256594047973686,11.821797511633974,10.909896065918781,10.090253607860577,-3.072955147498155,-0.08524725960160924,2.9877078878965455,12.047456916431344
378,3.77,0.0,0.0,0.0,0.0,-0.13471162272995651,11.892806855312719,7.234635466721471,3.9903480028429423,-3.074726380964449,0.033376585531843236,3.108102966496293,12.027518478042674
379,3.7800000000000002,0.0,0.0,0.0,0.0,-0.0813625271841269,11.900521689835967,3.4414728891459623,-2.432565631864993,-3.0757751478637814,0.1523967430504413,-3.055013416265363,11.981884217020093
380,3.79,0.0,0.0,0.0,0.0,-0.06525314148755054,11.845769738583076,-0.16483219071096172,-8.376387289410848,-3.0764781807265726,0.27117772115572264,-2.9355294052972902,11.911022880070627
381,3.8000000000000003,0.0,0.0,0.0,0.0,-0.08318923426390813,11.736784787180301,-3.3337253102046263,-13.192427830852695,-3.0771939937565076,0.38913061482300576,-2.8168606986000744,11.81997402144421
382,3.81,0.0,0.0,0.0,0.0,-0.12997286155113852,11.58693250219176,-5.919935257087728,-16.514744120993765,-3.0782382623693523,0.5057768730918746,-2.699170171718358,11.716905363742898
383,3.8200000000000003,0.0,0.0,0.0,0.0,-0.1995271553705507,11.411733157862944,-7.890707801412179,-18.27101759350288,-3.0798693499493837,0.6207848218738398,-2.5825311353563625,11.611260313233494
384,3.83,0.0,0.0,0.0,0.0,-0.28590758926103943,11.226265085636326,-9.299137233776325,-18.604801456380798,-3.0822847974058307,0.7339775791398744,-2.466922930633882,11.512172674897366
385,3.84,0.0,0.0,0.0,0.0,-0.3839683715047021,11.043534918182951,-10.245500380936269,-17.76980684492129,-3.0856263009382205,0.8453196056186973,-2.3522394006226692,11.427503289687653
386,3.85,0.0,0.0,0.0,0.0,-0.48965861931209503,10.873840429732573,-10.843890849300902,-16.0422799025933,-3.089989458391799,0.9548920717061079,-2.23830377708168,11.363499049044668
387,3.86,0.0,0.0,0.0,0.0,-0.600043745297482,10.724839057416537,-11.200969186453456,-13.668100032680874,-3.0954350023797867,1.0628656705832347,-2.1248846342165644,11.324882802714018
388,3.87,0.0,0.0,0.0,0.0,-0.713173214163498,10.60198320422918,-11.405969439295419,-10.840735658654244,-3.1019993852694983,1.1694762076654248,-2.011709714244664,11.315156418392679
389,3.88,0.0,0.0,0.0,0.0,-0.827889087001262,10.509066859557619,-11.528166346203122,-7.699148241651687,-3.1097036834793137,1.275005265940993,-1.8984763577592794,11.33695594655888
390,3.89,0.0,0.0,0.0,0.0,-0.9436306326228794,10.4487357233952,-11.618084762383686,-4.335842550295691,-3.118560536366696,1.3797662395910342,-1.7848585312218546,11.39236635601808
391,3.9,0.0,0.0,0.0,0.0,-1.060258349503493,10.422893166092543,-11.709832793317073,-0.8089426223822158,-3.128579218926432,1.484094981561813,-1.6705111066913403,11.483151515596035
392,3.91,0.0,0.0,0.0,0.0,-1.17790001176435,10.432977731527698,-11.822976028057663,2.8444108874088627,-3.1397690686627366,1.5883438794427915,-1.5550723590740574,11.610877743292049
393,3.92,0.0,0.0,0.0,0.0,-1.2968090689128835,10.480102000083283,-11.96300832885193,6.593623489329252,3.1310438607858067,1.6928780218229162,-1.4381658389628889,11.776911068996167
394,3.93,0.0,0.0,0.0,0.0,-1.4172178674255949,10.565036921300521,-12.119739697614667,10.397858387418587,3.117475034651931,1.7980720002084523,-1.3194030344434793,11.982254788726117
395,3.94,0.0,0.0,0.0,0.0,-1.5391616982171101,10.688007076856227,-12.262968524621247,14.184566100245787,3.102694334856525,1.9043056479366198,-1.198388686919906,12.227168775073338
396,3.95,0.0,0.0,0.0,0.0,-1.66224357993509,10.848236627197505,-12.33488779042204,17.82068626730591,3.0866879146408155,2.011956546223977,-1.074731368416839,12.510480207132595
397,3.96,0.0,0.0,0.0,0.0,-1.7853064398688754,11.043164056137126,-12.239271775379088,21.075282658767282,3.0694493774119205,2.121386405110033,-0.9480629723018879,12.828470496006002
398,3.97,0.0,0.0,0.0,0.0,-1.9059882802163575,11.267254830770417,-11.829530626239743,23.578090346753907,3.0509895021861215,2.2329176155584376,-0.8180718866276855,13.173243110986775
399,3.98,0.0,0.0,0.0,0.0,-2.0201782968353883,11.510448551926212,-10.902619036628826,24.792825015747194,3.0313509613508796,2.346795977614401,-0.6845549837364765,13.5306268487616
400,3.99,0.0,0.0,0.0,0.0,-2.12150158294882,11.756585754814974,-9.214231500450843,24.04976708789697,3.0106285117688354,2.46313730415807,-0.5474912076107658,13.878087337763795
401,4.0,0.0,0.0,0.0,0.0,-2.2011571240496837,11.98274101098966,-6.538160293817482,20.706455523512727,2.9889929406930498,2.581861756035191,-0.40713118465785747,14.183898135039342
402,4.01,0.0,0.0,0.0,0.0,-2.248636074292382,12.161017002366282,-2.7823026456517463,14.478249182078683,2.9667127026815048,2.7026323972746544,-0.2640803054068506,14.409653076658664
403,4.0200000000000005,0.0,0.0,0.0,0.0,-2.253756025775387,12.264145020389888,1.87695977252906,5.832097964226079,2.9441619463108917,2.8248301983618296,-0.11933174794906239,14.517901046165274
404,4.03,0.0,0.0,0.0,0.0,-2.209692751356037,12.274056525169373,6.951526369692384,-3.87801613816951,2.9218024497545496,2.9476020559238725,0.02579960616932124,14.48374927652541
405,4.04,0.0,0.0,0.0,0.0,-2.115537061118548,12.189166589891428,11.7861708947676,-12.823999563828728,2.9001360483128367,3.069992654899777,0.16985660658693927,14.304703651009977
406,4.05,0.0,0.0,0.0,0.0,-1.9766463830346204,12.025299485293285,15.827884715180838,-19.482323951871418,2.879641483267345,-3.0920648918126874,0.31147893209955335,14.001945868327905
407,4.0600000000000005,0.0,0.0,0.0,0.0,-1.8025111489493753,11.80945458656717,18.819880697286113,-23.187890389404778,2.8607207899858778,-2.9728602847927776,0.44960423240093234,13.611965735516545
408,4.07,0.0,0.0,0.0,0.0,-1.6036292211240069,11.570828017077941,20.80298240521289,-24.121582730614207,2.843673584580497,-2.855951124482904,0.5835605981161854,13.17445723820195
409,4.08,0.0,0.0,0.0,0.0,-1.389110262779875,11.334106593363416,21.989342001194995,-22.931736985798466,2.8287000186513627,-2.7414363945091376,0.713048894019088,12.72321685614329
410,4.09,0.0,0.0,0.0,0.0,-1.165652417564958,11.116804107817538,22.631268461313816,-20.353917846304938,2.815920869996002,-2.6292033466666718,0.838061090516912,12.282456525382496
411,4.1,0.0,0.0,0.0,0.0,-0.9375701585741656,10.929590657963312,22.945582886380674,-17.00128805742828,2.8054021488153453,-2.51899933191389,0.9587838264503495,11.867160816537478
412,4.11,0.0,0.0,0.0,0.0,-0.7073018887135984,10.777898232738876,23.089748773711012,-13.307548461429032,2.797176595478398,-2.410492685870161,1.0755160258310275,11.485200121452474
413,4.12,0.0,0.0,0.0,0.0,-0.47599804987376715,10.663646784868089,23.165701532644764,-9.54803720300382,2.79125946884504,-2.303316304199236,1.188609534135309,11.139644834741857
414,4.13,0.0,0.0,0.0,0.0,-0.24401469894465355,10.586612776793526,23.232671209956376,-5.8836189800289445,2.7876588511387275,-2.1970955545749797,1.2984309014658804,10.83062747573818
415,4.14,0.0,0.0,0.0,0.0,-0.011275054770509418,10.545361773977127,23.319893424620364,-2.4016320242524443,2.7863816781124315,-2.091464707325767,1.4053389217413885,10.556636828747637
416,4.15,0.0,0.0,0.0,0.0,0.2224818307469347,10.537821554111154,23.436301243585973,0.8534991746968801,2.7874367432908316,-1.9860759236818142,1.5096726402069391,10.31533972336422
417,4.16,0.0,0.0,0.0,0.0,0.45753305318923343,10.56160070348772,23.577047558357595,3.8596290614629143,2.7908356451855116,-1.8806038686777287,1.6117457933163442,10.104067650298486
418,4.17,0.0,0.0,0.0,0.0,0.6940560769029043,10.614140544113466,23.72756946766408,6.603748845146493,2.796592336011947,-1.774748033905344,1.7118449372622946,9.920084467210561
419,4.18,0.0,0.0,0.0,0.0,0.9320446908069748,10.692762783964064,23.865995231968988,9.073920328520583,2.8047216851086874,-1.6682341046960412,1.8102295173748564,9.760718093157088
420,4.19,0.0,0.0,0.0,0.0,1.1712435823827694,10.794654275958184,23.96455804861398,11.25453076471319,2.8152373032841864,-1.5608151929376648,1.9071328109577363,9.623410693575414
421,4.2,0.0,0.0,0.0,0.0,1.411094271453222,10.916816168979611,23.99052901256974,13.123784812484356,2.828148773710521,-1.4522734189823412,2.002763114486725,9.505721897526389
422,4.21,0.0,0.0,0.0,0.0,1.6506896817415833,11.055996676488558,23.90707221648477,14.652880024683313,2.843458385993975,-1.342422097978706,2.097304823206904,9.405306994746974
423,4.22,0.0,0.0,0.0,0.0,1.888738292672274,11.208623180370267,23.67435747553821,15.806694733015656,2.861157461717062,-1.231108614434814,2.190919231027709,9.319884887697993
424,4.23,0.0,0.0,0.0,0.0,2.123541926058788,11.370749033075784,23.2512184850718,16.546066855490242,2.8812223851287015,-1.1182179154961682,2.2837450065547165,9.247207107016996
425,4.24,0.0,0.0,0.0,0.0,2.3529938258990386,11.538031885753407,22.597584219774856,16.831852533818346,2.903610506721971,-1.003676393392543,2.3758984070650717,9.185038059854367
426,4.25,0.0,0.0,0.0,0.0,2.574605474941141,11.705762092950247,21.67780125320922,16.63088596195006,2.9282561638638476,-0.8874557500574561,2.4674733932582837,9.131156618009106
427,4.26,0.0,0.0,0.0,0.0,2.7855708713132215,11.868959663508983,20.464768600503067,15.923659269809693,2.9550671501080554,-0.7695762493088598,2.558541907762673,9.083388792195763
428,4.2700000000000005,0.0,0.0,0.0,0.0,2.98287479748213,12.022553787347757,18.944509211385327,14.712972576767019,2.983922043578652,-0.6501085947480237,2.649154668852911,9.039678989865628
429,4.28,0.0,0.0,0.0,0.0,3.163446057153279,12.161647739137514,17.120438420152677,13.032040457622346,3.0146688453864945,-0.5291735810141037,2.7393428807789872,8.998201681984234
430,4.29,0.0,0.0,0.0,0.0,3.324347569666157,12.281853087094353,15.016273934616445,10.949836124499118,3.0471253460055565,-0.4069387265000524,2.829121234673976,8.957505517428196
431,4.3,0.0,0.0,0.0,0.0,3.462983977528918,12.379653295320255,12.676453013693385,8.571249577500712,3.0810815009302095,-0.2836113738234448,2.918492432425931,8.916669317791337
432,4.3100000000000005,0.0,0.0,0.0,0.0,3.577297395017086,12.452735390040313,10.163266321080803,6.030385297506973,3.1163038504947065,-0.15942825677443392,3.0074531999104464,8.875437995023228
433,4.32,0.0,0.0,0.0,0.0,3.665917710653264,12.500219925073345,7.550722461418705,3.4771423427476353,-3.13064360994631,-0.034642203071905,3.0960014068744064,8.834302214420081
434,4.33,0.0,0.0,0.0,0.0,3.7282391396261136,12.522732598966108,4.916189664387251,1.0595637793932313,-3.093650871093759,0.09049270612827955,-3.0990417299575492,8.794493459339995
435,4.34,0.0,0.0,0.0,0.0,3.764409593906812,12.522295580250185,2.3316618775609363,-1.0937874031330146,-3.0561660897996097,0.21573579128408843,-3.011283426095887,8.757885986343373
436,4.3500000000000005,0.0,0.0,0.0,0.0,3.775239270790061,12.502061620650812,-0.1433629624313915,-2.886994170318384,-3.018447221002316,0.3408725195809756,-2.9238655665962954,8.72682234986075
437,4.36,0.0,0.0,0.0,0.0,3.762052220768137,12.465951592414864,-2.466017821324998,-4.262666751916705,-2.980741409691305,0.46572404756076485,-2.8367198499275164,8.703899371646727
438,4.37,0.0,0.0,0.0,0.0,3.7265133328150104,12.418271879459226,-4.610883092771746,-5.200256410265349,-2.9432807106179215,0.5901529752633994,-2.749751621298267,8.691758546644216
439,4.38,0.0,0.0,0.0,0.0,3.6704614224687866,12.363379079674905,-6.568113594654682,-5.7087285289289245,-2.9062795300900244,0.7140654637635205,-2.6628403133260408,8.692917657206118
440,4.39,0.0,0.0,0.0,0.0,3.5957698253793775,12.305433977685926,-8.340014037947881,-5.816539898889822,-2.8699336123121553,0.8374104235771246,-2.5758412712903054,8.709664152306548
441,4.4,0.0,0.0,0.0,0.0,3.5042441429139832,12.248257569375152,-9.937201987049441,-5.561636045650436,-2.8344202374751974,0.960176753214699,-2.4885883164896905,8.74401342646117
442,4.41,0.0,0.0,0.0,0.0,3.397556856632331,12.195279213370693,-11.375171667418561,-4.983228094512174,-2.7998992547000245,1.0823896134612372,-2.400896439018326,8.797722356738362
443,4.42,0.0,0.0,0.0,0.0,3.2772124732367445,12.149554841833574,-12.671658840385259,-4.116041792114239,-2.7665146094967414,1.2041065540960136,-2.3125641435868305,8.87234236859683
444,4.43,0.0,0.0,0.0,0.0,3.144534643519227,12.11383049222501,-13.844870776075997,-2.9869432372129667,-2.7343961026826813,1.3254140691557506,-2.223375135341155,8.969295848705782
445,4.44,0.0,0.0,0.0,0.0,3.000667179950696,12.090629696003033,-14.912443616146017,-1.6134437320224226,-2.7036612025456046,1.4464249224763097,-2.1330991821576726,9.089962516052337
446,4.45,0.0,0.0,0.0,0.0,2.8465827752372355,12.082348879618241,-15.890905403209002,-0.0034999505042870934,-2.6744168041047685,1.5672763979851492,-2.0414921050896675,9.235766104381005
447,4.46,0.0,0.0,0.0,0.0,2.6830955413888455,12.09135034765604,-16.795410989477112,1.843867028100069,-2.64676087981314,1.68812949873947,-1.948294928626976,9.408254806267195
448,4.47,0.0,0.0,0.0,0.0,2.5108757598032674,12.120046220272382,-17.639529638290153,3.937407570908815,-2.620783993371152,1.8091690351061114,-1.8532322787023228,9.609170460469114
449,4.48,0.0,0.0,0.0,0.0,2.330467372278665,12.170968215661237,-18.43487305939621,6.291957437165185,-2.596570653661361,1.930604485883548,-1.7560101676346784,9.840500843382571
450,4.49,0.0,0.0,0.0,0.0,2.142310957595467,12.246816948955788,-19.190325965604067,8.925951631209522,-2.574200469653465,2.0526714614892105,-1.65631337603691,10.10450599136032
451,4.5,0.0,0.0,0.0,0.0,1.9467776616636503,12.350479753252358,-19.910561551610925,11.85746093869226,-2.553749026729123,2.1756335150463313,-1.553802765404133,10.403702091588707
452,4.51,0.0,0.0,0.0,0.0,1.744223434811368,12.484996544217763,-20.593367435939218,15.097492242365261,-2.535288332074961,2.299783894686615,-1.448113080418012,10.740773109406394
453,4.5200000000000005,0.0,0.0,0.0,0.0,1.535078869853475,12.653436577977612,-21.22505028253524,18.638419056411067,-2.51888655570066,2.4254465495293105,-1.3388522019496145,11.118357708124137
454,4.53,0.0,0.0,0.0,0.0,1.3199989795658011,12.8586216981605,-21.772827823961258,22.434163751035392,-2.5046065984757933,2.5529752043997993,-1.2256035043039946,11.538622718594699
455,4.54,0.0,0.0,0.0,0.0,1.1001100788815825,13.102590592748886,-22.172752597123647,26.367303782487397,-2.492502714102366,2.682748481012637,-1.1079341120645845,12.002480513867303
456,4.55,0.0,0.0,0.0,0.0,0.8774059565085366,13.385645603153868,-22.311751419815334,30.197642299555305,-2.482613964872221,2.815157728931715,-0.9854136133756493,12.508239646645332
457,4.5600000000000005,0.0,0.0,0.0,0.0,0.6553536579030114,13.704780687094718,-22.00400293759838,33.49028300172904,-2.4749527148912454,2.9505824011837403,-0.8576501911046011,13.049427029191706
458,4.57,0.0,0.0,0.0,0.0,0.43974252362965793,14.051332472278062,-20.967802795223633,35.53683297207518,-2.4694858452293786,3.089345882203271,-0.7243535797469366,13.611589948648405
459,4.58,0.0,0.0,0.0,0.0,0.23968589324725018,14.408008894773662,-18.82329083683466,35.323812915168695,-2.466106541553283,-3.0515409864948113,-0.5854344449415276,14.168323001526412
460,4.59,0.0,0.0,0.0,0.0,0.06837256984234467,14.746315674047434,-15.15368686019094,31.669961589036788,-2.464596786435863,-2.9057389770875384,-0.44114219065167604,14.67794310420509
461,4.6000000000000005,0.0,0.0,0.0,0.0,-0.05733204871994895,15.026867712260799,-9.680397227672449,23.686803359819166,-2.4645871392916905,-2.756806622436401,-0.2922194831447103,15.084199760980749
462,4.61,0.0,0.0,0.0,0.0,-0.11959409707425625,15.205979610487331,-2.5349767832493693,11.535690832022397,-2.4655312450418774,-2.605541248235725,-0.14001000319384813,15.325573707561587
463,4.62,0.0,0.0,0.0,0.0,-0.10482222810185621,15.24938389073531,5.55835360710168,-3.034615351679368,-2.4667206874244116,-2.453143159995215,0.013577527429197728,15.354206118837165
464,4.63,0.0,0.0,0.0,0.0,-0.009086316380996032,15.146860956626762,13.457100981268916,-17.142055330215314,-2.4673559655671378,-2.3010445219966456,0.16631144357049166,15.155947273007758
465,4.64,0.0,0.0,0.0,0.0,0.160110640881793,14.916953257963964,20.111227017880857,-28.175790210773346,-2.466656217299922,-2.1506336207749626,0.3160225965249585,14.756842617082171
466,4.65,0.0,0.0,0.0,0.0,0.38716905158169357,14.597653614145251,24.992875213254816,-34.96524584274252,-2.463960438954603,-2.0030040848623445,0.4609563540922598,14.210484562563558
467,4.66,0.0,0.0,0.0,0.0,0.6541209413687643,14.23081703406193,28.129611502108375,-37.82653086002862,-2.4587800852096295,-1.858837933439536,0.5999421517700928,13.576696092693165
468,4.67,0.0,0.0,0.0,0.0,0.945071035476253,13.850580328115253,29.860300896576103,-37.850736930375746,-2.450798517816233,-1.718430771716496,0.7323677460997357,12.905509292639
469,4.68,0.0,0.0,0.0,0.0,1.2479863913135547,13.47930543693516,30.585990146148163,-36.214492499823855,-2.439839257966976,-1.5817949940007712,0.8580442639662057,12.231319045621605
470,4.69,0.0,0.0,0.0,0.0,1.5545598990725917,13.128707511338833,30.63890343917608,-33.842699638442895,-2.4258269545334166,-1.4487747029669908,0.9770522515664258,11.574147612266241
471,4.7,0.0,0.0,0.0,0.0,1.8593028271866543,12.802832908847751,30.250498560136354,-31.348378449023375,-2.4087543965790292,-1.3191377909195492,1.0896166056594783,10.943530081661097
472,4.71,0.0,0.0,0.0,0.0,2.158588623706376,12.50093064323785,29.56580497715607,-29.09144778870852,-2.3886592298094484,-1.1926377817853695,1.196021448024079,10.342342019531475
473,4.72,0.0,0.0,0.0,0.0,2.449916371553978,12.219578997851778,28.669191728849203,-27.258669042988245,-2.365609232109244,-1.0690505056631647,1.2965587264460783,9.769662626297801
474,4.73,0.0,0.0,0.0,0.0,2.7314233761473408,11.954076084593273,27.607238604746517,-25.928267589047525,-2.339693684778937,-0.9481933149004409,1.3915003698784953,9.222652708445933
475,4.74,0.0,0.0,0.0,0.0,3.0015955650440715,11.69929112699003,26.405346927686377,-25.113474694267598,-2.3110185766786477,-0.8299332665581265,1.4810853101205221,8.697695561945958
476,4.75,0.0,0.0,0.0,0.0,3.2591146913005784,11.450168798216387,25.07871876080938,-24.789362155891673,-2.2797039734318196,-0.7141886659958322,1.5655153074359862,8.191054106915809
477,4.76,0.0,0.0,0.0,0.0,3.5027933032075973,11.202024473020183,23.639173284200933,-24.90870786523265,-2.2458824410804485,-0.6009267039227927,1.6449557371576577,7.6992311698125855
478,4.7700000000000005,0.0,0.0,0.0,0.0,3.731562544737678,10.95071624077301,22.099078149037872,-25.41139471680541,-2.20969783185708,-0.4901588110165894,1.719539020840492,7.219153696035333
479,4.78,0.0,0.0,0.0,0.0,3.944488763536921,10.692742320122717,20.47330268809004,-26.23031323629907,-2.17130403144002,-0.3819346945418486,1.7893693368981711,6.748253556585796
480,4.79,0.0,0.0,0.0,0.0,4.1408024043238765,10.425289193551327,18.77980561964159,-27.295528052200627,-2.130863467331201,-0.27633566169378315,1.8545278056374161,6.284486789227451
481,4.8,0.0,0.0,0.0,0.0,4.31992779931798,10.146242644179738,17.039288588661037,-28.537631975758067,-2.0885453160372336,-0.17346765385767549,1.9150776621795584,5.826314844861758
482,4.8100000000000005,0.0,0.0,0.0,0.0,4.48150624150419,9.854167557263262,15.274249750732967,-29.890669749745484,-2.0445234409371533,-0.07345433026402882,1.9710691106731266,5.372661315759071
483,4.82,0.0,0.0,0.0,0.0,4.625407786758569,9.548260311032184,13.507719844382304,-31.294687635374203,-1.9989741531299894,0.023569506201623566,2.022543659331613,4.922852524273615
484,4.83,0.0,0.0,0.0,0.0,4.751729864984281,9.228277963988928,11.761925478529891,-32.69779920625787,-1.9520739196102561,0.11746388705307587,2.069537806663333,4.476548099004647
485,4.84,0.0,0.0,0.0,0.0,4.860783022452753,8.894449857810713,10.057081542213504,-34.05761149972255,-1.9039971507515745,0.20808885488591733,2.112086005637493,4.03366683535796
486,4.8500000000000005,0.0,0.0,0.0,0.0,4.953065872712033,8.547378680672724,8.410459873407847,-35.34189323521943,-1.854914186624921,0.29530869708381025,2.1502228837087314,3.5943128079606907
487,4.86,0.0,0.0,0.0,0.0,5.029232490422029,8.187938816250977,6.835817574758205,-36.52845232003924,-1.8049895745888904,0.37899517000529903,2.1839847445941905,3.1587063258289483
488,4.87,0.0,0.0,0.0,0.0,5.090055992066308,7.817179634207599,5.343204304228791,-37.604288953782174,-1.754380695164332,0.4590297253377843,2.2134104205021172,2.727123642141291
489,4.88,0.0,0.0,0.0,0.0,5.136391956253077,7.43624027086186,3.9391132617427433,-38.5641751711064,-1.7032367557677903,0.5353048220312916,2.238541577799082,2.2998483146087825
490,4.89,0.0,0.0,0.0,0.0,5.169144777789414,7.046280647242943,2.6269025808976108,-39.40886411868625,-1.6516981378267712,0.6077244641415818,2.2594226019683523,1.8771358694535287
491,4.9,0.0,0.0,0.0,0.0,5.189239207004261,6.648431333119398,1.4073950503408943,-40.14314739302076,-1.599896055914978,0.6762041418167671,2.276100197731746,1.4591921261151377
492,4.91,0.0,0.0,0.0,0.0,5.1975983854452545,6.243762746768455,0.2795627413180989,-40.77396124701991,-1.5479524697211622,0.7406703680082873,2.2886228377294477,1.0461643613232008
493,4.92,0.0,0.0,0.0,0.0,5.195128803384125,5.833272355233521,-0.7587855356224481,-41.30870329351918,-1.4959801810766706,0.8010599989340776,2.2970401800107494,0.6381435518493959
494,4.93,0.0,0.0,0.0,0.0,5.182711871826916,5.4178871634082135,-1.7103777218277751,-41.753872735889686,-1.4440830478285769,0.8573195056826024,2.3014025535111804,0.23517529158129769
495,4.94,0.0,0.0,0.0,0.0,5.161201264960142,4.998477893582592,-2.5779565646847153,-42.114099182739636,-1.392356252269899,0.909404332397037,2.301760584666936,-0.16272337137754977
496,4.95,0.0,0.0,0.0,0.0,5.131424847773146,4.575880819840744,-3.363887326727472,-42.39158384725493,-1.340886572139507,0.957278437965178,2.298165010104685,-0.5555440279324015
497,4.96,0.0,0.0,0.0,0.0,5.09418983164736,4.150923153313598,-4.069905061389643,-42.58594447135875,-1.2897526150430727,1.0009140771720184,2.2906666922150896,-0.943266678333762
498,4.97,0.0,0.0,0.0,0.0,5.05028976242844,3.724448089342319,-4.696999755077482,-42.69443077205949,-1.2390249910068702,1.0402918371024428,2.279316828109315,-1.3258416730861207
499,4.98,0.0,0.0,0.0,0.0,5.000512008110389,3.297336057976782,-5.245428914105846,-42.71245825789429,-1.188766411590587,1.0754009076858382,2.2641673192764236,-1.7031759501336072
500,4.99,0.0,0.0,0.0,0.0,4.945644552711082,2.8705193211106566,-5.714840369794628,-42.634392588907744,-1.1390317166736816,1.1062395335671042,2.245271250240786,-2.0751252316004254
501,5.0,0.0,0.0,0.0,0.0,4.8864811042682685,2.4449878076068976,-6.104482405880178,-42.45450301115451,-1.089867841004421,1.1328155695480988,2.222683410552519,-2.441493296661371
502,5.01,0.0,0.0,0.0,0.0,4.823823778660501,2.0217849512991712,-6.413473499461358,-42.16799214061105,-1.041313741292891,1.1551470450308075,2.196460786323697,-2.80203882736133
503,5.0200000000000005,0.0,0.0,0.0,0.0,4.758482917530453,1.601993263631269,-6.641100316334525,-41.77200236883862,-0.9934003105596229,1.1732626353184572,2.1666629458780795,-3.1564896538991842
504,5.03,0.0,0.0,0.0,0.0,4.6912739227949,1.1867103770796361,-6.787110876577535,-41.2664991386362,-0.9461503092621835,1.1872019399702425,2.133352249232426,-3.5045635457152637
505,5.04,0.0,0.0,0.0,0.0,4.623011318212428,0.7770172543580266,-6.851970919549695,-40.65494080560368,-0.8995783422479066,1.1970154806399962,2.096593822887903,-3.8459940638544015
506,5.05,0.0,0.0,0.0,0.0,4.554500548160205,0.37394106962439694,-6.837056115516281,-39.94466487509933,-0.8536909069394946,1.202764352002673,2.056455258942168,-4.180559478535808
507,5.0600000000000005,0.0,0.0,0.0,0.0,4.486528259176252,-0.021584170745502156,-6.744760954146326,-39.146949888200155,-0.8084865318133574,1.2045194874872664,2.013006019300625,-4.508112429921754
508,5.07,0.0,0.0,0.0,0.0,4.419851948294602,-0.40875596610310444,-6.57851615549346,-38.27674736226615,-0.7639560159909495,1.2023605336739096,1.9663165496648594,-4.828607914397707
509,5.08,0.0,0.0,0.0,0.0,4.3551898821631045,-0.7869374384656885,-6.3427188488844255,-37.3521132238941,-0.720082771719863,1.196374359912197,1.9164571316320602,-5.142127320628793
510,5.09,0.0,0.0,0.0,0.0,4.293212087536841,-1.1556844936004667,-6.042591727404064,-36.39339667179263,-0.6768432628989542,1.1866532595279353,1.8634965224268913,-5.4488965811373085
511,5.1000000000000005,0.0,0.0,0.0,0.0,4.234533000170731,-1.5147639648300117,-5.683997212128789,-35.42226084801035,-0.6342075257816772,1.1732929231040772,1.8075004488857533,-5.749296965000743
512,5.11,0.0,0.0,0.0,0.0,4.1797060628856135,-1.8641614407597769,-5.273239257409307,-34.46061077350042,-0.592139753547903,1.1563902811315274,1.7485300346794321,-6.043867503645391
513,5.12,0.0,0.0,0.0,0.0,4.129220218711805,-2.2040781714763225,-4.8168886040351975,-33.52948921737786,-0.5505989252245318,1.1360413227235342,1.686640247948065,-6.333298390188128
514,5.13,0.0,0.0,0.0,0.0,4.083497882799245,-2.534916921461559,-4.321667769091463,-32.647972526268646,-0.5095394617833134,1.1123390005348015,1.621878462318114,-6.618414804260803
515,5.14,0.0,0.0,0.0,0.0,4.042893617565764,-2.8572567700056917,-3.794431247649282,-31.832059518503748,-0.4689118982101335,1.0853713323568486,1.554283230566983,-6.900150387571456
516,5.15,0.0,0.0,0.0,0.0,4.007692384141422,-3.1718165688374436,-3.242275915928063,-31.09350142948911,-0.4286635698564789,1.0552198109326683,1.4838833807891472,-7.179508952978866
517,5.16,0.0,0.0,0.0,0.0,3.9781058893094783,-3.479406010256688,-2.672817751712159,-30.43847361767016,-0.3887393244131155,1.0219582398247256,1.4106975642378419,-7.457511899566166
518,5.17,0.0,0.0,0.0,0.0,3.954265172312466,-3.780862037654602,-2.094673963481691,-29.86594494494601,-0.34908228750328824,0.9856521293710032,1.3347344168742896,-7.735127209967068
519,5.18,0.0,0.0,0.0,0.0,3.9362071684235787,-4.076966703465228,-1.5181926227905873,-29.365566252174556,-0.30963473046149326,0.9463588172918648,1.2559935477533581,-8.013173871888807
520,5.19,0.0,0.0,0.0,0.0,3.9238525694925945,-4.368340722136665,-0.9564693768793785,-28.91489159800302,-0.27033911359912044,0.9041285266823126,1.1744676402814338,-8.29219329162926
521,5.2,0.0,0.0,0.0,0.0,3.916971984167193,-4.655305296894415,-0.4266707665740734,-28.475799278373778,-0.2311394068108499,0.8590066404372494,1.0901460472481002,-8.572277281061607
522,5.21,0.0,0.0,0.0,0.0,3.9151374589955705,-4.937704225398766,0.0483762992466031,-27.99015960996404,-0.1919828195557847,0.8110375497374692,1.003020369293252,-8.852841684394336
523,5.22,0.0,0.0,0.0,0.0,3.9176574249116056,-5.214680584277683,0.43850563952630645,-27.37521236535791,-0.15282209775459354,0.76027050616502,0.9130926039196143,-9.132338009189288
524,5.23,0.0,0.0,0.0,0.0,3.9234960793265965,-5.484410534212412,0.7048806406531538,-26.519915906514953,-0.11361855194094898,0.7067679294688803,0.8203864814098293,-9.407906613539009
525,5.24,0.0,0.0,0.0,0.0,3.9311845524251376,-5.743815469470899,0.799868321425716,-25.2848271786134,-0.07434594271494824,0.6506165149846611,0.7249624576996102,-9.675000021896036
526,5.25,0.0,0.0,0.0,0.0,3.938742413610699,-5.988307510732466,0.6695082840153066,-23.509729792044922,-0.03499522445925798,0.591941117415813,0.6269363418750719,-9.927049924343166
527,5.26,0.0,0.0,0.0,0.0,3.9436441684571966,-6.211672494666825,0.2603381040602639,-21.03442125601039,0.004420114654164675,0.5309206018641768,0.526500487210014,-10.155316663124022
528,5.2700000000000005,0.0,0.0,0.0,0.0,3.942881880904423,-6.406245617700473,-0.468098622902247,-17.736808980466524,0.04385881089865127,0.46780354590772316,0.42394473500907187,-10.349127498604897
529,5.28,0.0,0.0,0.0,0.0,3.9331793364099394,-6.5635491480320765,-1.525883386631484,-13.5859285091236,0.08324792666741819,0.40291999915877474,0.3196720724913566,-10.496728484442016
530,5.29,0.0,0.0,0.0,0.0,3.9113855066060954,-6.67547805603709,-2.8754708913676805,-8.694714263439145,0.1224819913120425,0.3366841238808883,0.21420213256884582,-10.586863562643185
531,5.3,0.0,0.0,0.0,0.0,3.875002515572574,-6.73589722331073,-4.4237820974928175,-3.3441840426871083,0.16142682705912811,0.26958268307271516,0.10815585601358793,-10.610899738883305
532,5.3100000000000005,0.0,0.0,0.0,0.0,3.8227062361982265,-6.742215212557623,-6.032660155262144,2.0487498775860327,0.1999287707327848,0.20214720406371237,0.0022184333309266586,-10.56492144875585
533,5.32,0.0,0.0,0.0,0.0,3.7546616144308502,-6.696326908077357,-7.548580235589373,7.022565846793111,0.23782823537624484,0.1349130681445866,-0.10291516723165825,-10.450988522508208
534,5.33,0.0,0.0,0.0,0.0,3.6724876316496036,-6.604480887965958,-8.840262887386789,11.186399371714574,0.27497473901077174,0.06837435077657494,-0.20660038823419768,-10.276968519615561
535,5.34,0.0,0.0,0.0,0.0,3.578879517726115,-6.4760994056603165,-9.826893098109386,14.305879398907669,0.31123979099910465,0.0029454701496179868,-0.30829432084948494,-10.054978923386432
536,5.3500000000000005,0.0,0.0,0.0,0.0,3.477046550148663,-6.32204313969628,-10.485998571107325,16.32597582097499,0.34652490914229334,-0.06106206366811529,-0.4075869728104076,-9.799089689844944
537,5.36,0.0,0.0,0.0,0.0,3.370170510518831,-6.152953651585233,-10.842668161716945,17.336476737514033,0.3807639627152326,-0.12344545806863161,-0.5042094207838632,-9.523124162104065
538,5.37,0.0,0.0,0.0,0.0,3.261025164908171,-5.978102635887069,-10.94999610313998,17.51095314579001,0.41392083208990704,-0.184102184889292,-0.598023016979199,-9.23912780079524
539,5.38,0.0,0.0,0.0,0.0,3.1517929285788897,-5.804853345631123,-10.870477485591342,17.04928337637127,0.445984256941397,-0.24301311017829033,-0.6889973671196872,-8.956646274210012
540,5.39,0.0,0.0,0.0,0.0,3.044040035181176,-5.638609379655327,-10.663300184191856,16.138811912791443,0.4769616926912501,-0.3002228300597961,-0.7771845227510471,-8.682649414836504
541,5.4,0.0,0.0,0.0,0.0,2.938786114520601,-5.48304993981455,-10.377990428707509,14.935298759454604,0.5068734436026829,-0.3558210916328098,-0.8626945352354918,-8.42183605433515
542,5.41,0.0,0.0,0.0,0.0,2.83661243306599,-5.340478730020993,-10.052678034436038,13.558117597392513,0.5357477234643182,-0.40992725338759806,-0.9456749768519161,-8.177091163086983
543,5.42,0.0,0.0,0.0,0.0,2.7377730663516404,-5.212176843066138,-9.71493572305991,12.09329835838267,0.5636168347995489,-0.462678319956582,-1.0262951547561316,-7.949949909417779
544,5.43,0.0,0.0,0.0,0.0,2.6422914380351723,-5.098706553419933,-9.3836687317816,10.599694593626044,0.5905143953946899,-0.5142202863362731,-1.1047346817309611,-7.740997991455105
545,5.44,0.0,0.0,0.0,0.0,2.550036628988984,-5.000149823566713,-9.071169874215316,9.115565748852134,0.6164734304516342,-0.5647021970821958,-1.1811756275338299,-7.550186452555697
546,5.45,0.0,0.0,0.0,0.0,2.4607801587112474,-4.916284489344638,-8.784930501174358,7.664342617027711,0.6415251281605385,-0.6142722721637183,-1.2557974003242558,-7.377064648055885
547,5.46,0.0,0.0,0.0,0.0,2.3742364943735716,-4.846708649478837,-8.529077108460084,6.259204343627816,0.6656980786051949,-0.6630755257915849,-1.3287736043967806,-7.2209451438524095
548,5.47,0.0,0.0,0.0,0.0,2.2900910716328693,-4.790925142468804,-8.305439568829675,4.906509649145591,0.6890178522472385,-0.7112524200285838,-1.4002702722758231,-7.081016214101673
549,5.48,0.0,0.0,0.0,0.0,2.2080192405727788,-4.74839663890377,-8.114309286402014,3.60828033839301,0.7115068106594709,-0.7589382083472258,-1.4704450190066973,-6.956415879476549
550,5.49,0.0,0.0,0.0,0.0,2.12769889297418,-4.718579691766567,-7.95495590846053,2.3639625301264213,0.7331840731126673,-0.8062627188801923,-1.5394467919928596,-6.846278584740746
551,5.5,0.0,0.0,0.0,0.0,2.0488188690931635,-4.700943936282118,-7.825963937856423,1.171665591830404,0.7540655868314736,-0.8533503995682292,-1.607415986399702,-6.749762805375282
552,5.51,0.0,0.0,0.0,0.0,1.97108469020681,-4.694980830651907,-7.725438011397266,0.029038127876354992,0.7741642668522466,-0.9003204999858216,-1.6744847668380674,-6.666065520858718
553,5.5200000000000005,0.0,0.0,0.0,0.0,1.8942227388427153,-4.700204937607081,-7.6511132149321135,-1.0660991875117651,0.7934901846533237,-0.9472873012517921,-1.740777485905114,-6.594427676449796
554,5.53,0.0,0.0,0.0,0.0,1.8179836981482245,-4.716149719915793,-7.6003965829955265,-2.1152771248572204,0.8120507943097717,-0.9943603300221872,-1.8064111243319596,-6.534133418064018
555,5.54,0.0,0.0,0.0,0.0,1.7421458406478607,-4.742359089460869,-7.570358304918359,-3.1189967413081336,0.829851191869667,-1.0416445084117971,-1.8714957002814652,-6.48450493010873
556,5.55,0.0,0.0,0.0,0.0,1.6665185992787188,-4.7783754428625835,-7.5576859688303255,-4.076402404303373,0.846894408721299,-1.089240201387715,-1.9361346101090158,-6.444894042141303
557,5.5600000000000005,0.0,0.0,0.0,0.0,1.5909467371953199,-4.8237245867965886,-7.558612125272301,-4.984983658182842,0.8631817434422505,-1.1372431287273923,-2.000424872169643,-6.414671323991908
558,5.57,0.0,0.0,0.0,0.0,1.515315337291886,-4.8778977718560395,-7.568824298062102,-5.840294190284786,0.8787131392988258,-1.1857441116301974,-2.064457250929025,-6.393213109147926
559,5.58,0.0,0.0,0.0,0.0,1.4395557395670389,-4.940331001449181,-7.583367162432138,-6.635689202128298,0.8934876163146394,-1.2348286258895638,-2.128316242204204,-6.37988674101622
560,5.59,0.0,0.0,0.0,0.0,1.3636524473317293,-5.010381863463197,-7.596548866460763,-7.362096357209453,0.9075037675915733,-1.28457613548816,-2.192079903079734,-6.374034310794926
561,5.6000000000000005,0.0,0.0,0.0,0.0,1.2876508856470044,-5.087304360425532,-7.601867288125385,-8.00785106228806,0.9207603291201064,-1.335059183966128,-2.2558195130862346,-6.3749552460725365
562,5.61,0.0,0.0,0.0,0.0,1.2116657128047639,-5.170222607365274,-7.5919771270520275,-8.558644285597,0.9332568302795498,-1.3863422274915405,-2.3195990577710903,-6.381888320170038
563,5.62,0.0,0.0,0.0,0.0,1.1358891480417965,-5.258104839879967,-7.558724480771679,-8.997649312949257,0.9449943280967382,-1.438480204969211,-2.383474533065951,-6.393993987921763
564,5.63,0.0,0.0,0.0,0.0,1.0605984853381347,-5.349739922337768,-7.493280666862314,-9.305909769451622,0.9559762215394892,-1.4915168585533405,-2.4474930800928307,-6.410338407675903
565,5.64,0.0,0.0,0.0,0.0,0.9861616305061613,-5.443719419375487,-7.386409358122237,-9.463079297690708,0.9662091321757288,-1.5454828441278015,-2.511691976303532,-6.429881049881648
566,5.65,0.0,0.0,0.0,0.0,0.9130391698026611,-5.538429174422698,-7.228897463073835,-9.44859507168504,0.9757038242260418,-1.6003937064208362,-2.5760975306468774,-6.4514683442253595
567,5.66,0.0,0.0,0.0,0.0,0.841781231032003,-5.632055013182638,-7.012166836718877,-9.243332489725159,0.9844761207721598,-1.6562478365195628,-2.6407239572917236,-6.473836244214642
568,5.67,0.0,0.0,0.0,0.0,0.7730173474602658,-5.7226073419784065,-6.7290574974908655,-8.831717545417652,0.9925477550201839,-1.7130245770795984,-2.7055723320997815,-6.495624689438673
569,5.68,0.0,0.0,0.0,0.0,0.7074378192175519,-5.807968657708197,-6.374732612195084,-8.20416362611566,0.9999470787053785,-1.7706826853730082,-2.770629764078387,-6.515406476925749
570,5.69,0.0,0.0,0.0,0.0,0.6457658111003775,-5.885965979097244,-5.94760518923444,-7.359561842813783,1.0067095379738418,-1.8291593955971959,-2.835868933571036,-6.531731790197622
571,5.7,0.0,0.0,0.0,0.0,0.5887206787711359,-5.954466806660078,-5.450137501303454,-6.307419597321764,1.0128778253231212,-1.8883703260727327,-2.9012481513958557,-6.543187485431214
572,5.71,0.0,0.0,0.0,0.0,0.536974676726429,-6.0114926938664475,-4.889334961620981,-5.069161550427047,1.018501629166575,-1.9482104410785237,-2.966712070245099,-6.548467370592876
573,5.72,0.0,0.0,0.0,0.0,0.4911069716419949,-6.055339690825869,-4.2767668211933945,-3.678137161554349,1.023636933060064,-2.008556193540845,-3.0321931266009097,-6.546446662467864
574,5.73,0.0,0.0,0.0,0.0,0.4515602888669767,-6.084691120805076,-3.628009572494899,-2.1780556297332616,1.0283448634161263,-2.0692688469282827,-3.097613710344409,-6.536251409672052
575,5.74,0.0,0.0,0.0,0.0,0.41860603584078704,-6.098706815862884,-2.9615203234626946,-0.6198780713502929,1.0326901413169964,-2.130198820062224,3.120296345800365,-6.517312851703671
576,5.75,0.0,0.0,0.0,0.0,0.3923230157950422,-6.097075054996394,-2.297078982164975,0.9424398114398812,1.0367392499201356,-2.1911907473729686,3.0552553098864825,-6.489398070791436
577,5.76,0.0,0.0,0.0,0.0,0.3725928752989257,-6.0800189735847985,-1.654046782930219,2.456664386318577,1.0405584711401548,-2.25208883471892,2.9905380013205116,-6.452611848883724
578,5.7700000000000005,0.0,0.0,0.0,0.0,0.3591126609918387,-6.048256890193388,-1.0497343841318623,3.8766510307048487,1.0442119632660618,-2.312742045971271,2.9262312979422545,-6.407369551185226
579,5.78,0.0,0.0,0.0,0.0,0.35142203525202936,-6.002923743367498,-0.49813832442660705,5.165657478645182,1.0477600405108745,-2.37300868963687,2.8624165770318433,-6.354345778619527
580,5.79,0.0,0.0,0.0,0.0,0.3489405713464311,-5.9454665544657574,-0.009204702842089714,6.2981849197363635,1.051257779509283,-2.4327600777119693,2.7991674499583317,-6.294407125812189
581,5.8,0.0,0.0,0.0,0.0,0.351009591461654,-5.877529246323079,0.4113481402503428,7.2602839309531335,1.0547540261397201,-2.4918830731522457,2.7365482078876218,-6.2285388377847335
582,5.8100000000000005,0.0,0.0,0.0,0.0,0.35693327988340934,-5.800841159631217,0.7617279365365345,8.048569297972499,1.0582908210942077,-2.550281493260422,2.674612992824957,-6.157774439514626
583,5.82,0.0,0.0,0.0,0.0,0.3660149865174103,-5.717120143755434,1.0434358776147703,8.668368451080678,1.0619032152893746,-2.6078764638907943,2.613405627999419,-6.0831351302728445
584,5.83,0.0,0.0,0.0,0.0,0.3775862447438032,-5.6279965477494445,1.260468865719223,9.131467013695008,1.0656194132604395,-2.6646059057056677,2.5529599882134795,-6.0055827924932474
585,5.84,0.0,0.0,0.0,0.0,0.39102760234172756,-5.534960081450309,1.4185006955264197,9.453845415053225,1.0694611659745887,-2.720423374617469,2.49330076658753,-5.925987683792036
586,5.8500000000000005,0.0,0.0,0.0,0.0,0.40578160189224893,-5.439328173868703,1.5241437644818343,9.653676592696822,1.0734443320298204,-2.775296480503557,2.4344444946462067,-5.845109775760952
587,5.86,0.0,0.0,0.0,0.0,0.4213590305884565,-5.342232415411257,1.5843469948472297,9.749725099433475,1.0775795338696246,-2.82920508326868,2.376400690041282,-5.7635914459997135
588,5.87,0.0,0.0,0.0,0.0,0.4373399159709445,-5.244618821042223,1.6059474467775732,9.760182731717194,1.0818728489444989,-2.8821394260717925,2.3191730321632944,-5.681958737013167
589,5.88,0.0,0.0,0.0,0.0,0.4533707782467944,-5.147257678107252,1.5953670860212306,9.701906317866808,1.0863264909039765,-2.934098322458966,2.262760493816642,-5.6006284563540465
590,5.89,0.0,0.0,0.0,0.0,0.4691594847751502,-5.0507592904768,1.5584320184055451,9.589987439974493,1.0909394503020182,-2.9850874742222233,2.2071583826553427,-5.51991877525195
591,5.9,0.0,0.0,0.0,0.0,0.48446879411656263,-4.955592703283583,1.5002864870495483,9.437573166459174,1.0957080765053253,-3.0351179636945576,2.152359266979704,-5.440061497400145
592,5.91,0.0,0.0,0.0,0.0,0.49910940059574493,-4.8621052866066785,1.4253747646579553,9.255861765980537,1.100626591978879,-3.0842049390452475,2.0983537761554585,-5.361214687202423
593,5.92,0.0,0.0,0.0,0.0,0.512933039470376,-4.770541757726182,1.3374679525305069,9.05420992223745,1.1056875369459118,-3.1323664935340902,2.0451312766995846,-5.283474797196558
594,5.93,0.0,0.0,0.0,0.0,0.5258260073466203,-4.681061782728539,1.239717640918639,8.840302747310597,1.1108821469519685,3.1035625787713554,1.9926804318193865,-5.206887790075159
595,5.94,0.0,0.0,0.0,0.0,0.5377032965689207,-4.593755714278869,1.1347232104403926,8.62035177926518,1.116200668589339,3.057190324450473,1.9409896558611335,-5.13145901084779
596,5.95,0.0,0.0,0.0,0.0,0.5485034314613703,-4.508658310450595,1.0246036843381694,8.399297723247507,1.1216326200367521,3.0116800966576625,1.8900474766209099,-5.0571617419119645
597,5.96,0.0,0.0,0.0,0.0,0.5581840203832553,-4.425760465228248,0.9110682899035022,8.181003590572097,1.1271670035513437,2.9670098220878627,1.8398428185365168,-4.983944485611504
598,5.97,0.0,0.0,0.0,0.0,0.5667179917961297,-4.345019090764764,0.7954822849107468,7.968430308049008,1.1327924769407172,2.9231576959223586,1.7903652189816404,-4.911737082560894
599,5.98,0.0,0.0,0.0,0.0,0.5740904570127346,-4.266365347371396,0.6789262803899297,7.7637912463333905,1.1384974905833045,2.880102479209401,1.7416049886260963,-4.84045580438413
600,5.99,0.0,0.0,0.0,0.0,0.5802961305685488,-4.189711437536964,0.562248401194701,7.568684933463743,1.1442703959240323,2.837823721306626,1.6935533253825943,-4.7700075681055125
601,6.0,0.0,0.0,0.0,0.0,0.5853372363258912,-4.1149561783708615,0.44610931824976774,7.384206912472885,1.1500995306617852,2.796301920664919,1.6462023900031317,-4.700293414696753
602,6.01,0.0,0.0,0.0,0.0,0.5892218299511301,-4.041989552154767,0.331020584494256,7.211042622109375,1.1559732851355844,2.7555186351554886,1.5995453500199046,-4.631211382105898
603,6.0200000000000005,0.0,0.0,0.0,0.0,0.5919624738562741,-3.9706964134963343,0.2173769061530198,7.049543593572188,1.1618801537484074,2.7154565512474234,1.5535763974990138,-4.562658887352608
604,6.03,0.0,0.0,0.0,0.0,0.5935752074538831,-3.9009595079555734,0.10548305263730572,6.899789354958433,1.167808774661673,2.676099519675481,1.5082907450138086,-4.494534715409457
605,6.04,0.0,0.0,0.0,0.0,0.5940787626241684,-3.8326619334106224,-0.0044238979892405215,6.761637350289539,1.1737479604572116,2.637432563807752,1.463684603350539,-4.426740696034791
606,6.05,0.0,0.0,0.0,0.0,0.5934939810367095,-3.7656891532162833,-0.11215633134557963,6.634762998161797,1.1796867219966607,2.5994418657229117,1.4197551437262517,-4.3591831342529925
607,6.0600000000000005,0.0,0.0,0.0,0.0,0.5918433960878561,-3.6999306500602898,-0.2175613119357316,6.518691790801366,1.1856142873058455,2.562114734018695,1.376500446712849,-4.291774046148146
608,6.07,0.0,0.0,0.0,0.0,0.5891509475722233,-3.635281291587092,-0.32050874496871756,6.412825099963668,1.1915201169667617,2.5254395565754484,1.3339194396086844,-4.224432239159315
609,6.08,0.0,0.0,0.0,0.0,0.585441801780965,-3.5716424633393578,-0.42088206535645667,6.3164611292718895,1.1973939172044674,2.4894057408672543,1.2920118236627856,-4.157084265120323
610,6.09,0.0,0.0,0.0,0.0,0.5807422535577531,-3.508923011242685,-0.5185711042188266,6.228812241303061,1.2032256516028885,2.4540036439261703,1.2507779923232816,-4.089665264800438
611,6.1000000000000005,0.0,0.0,0.0,0.0,0.5750796900313755,-3.4470400245578463,-0.6134668431961389,6.149019694256339,1.2090055521653,2.419224493700848,1.2102189415355467,-4.022119714589222
612,6.11,0.0,0.0,0.0,0.0,0.568482598386663,-3.385919480773129,-0.7054578158352565,6.0761666463760555,1.2147241302460496,2.385060303290379,1.170336173044329,-3.9544020791597925
613,6.12,0.0,0.0,0.0,0.0,0.5609806022447421,-3.325496766149988,-0.7944279530780408,6.009290123932028,1.22037218771507,2.3515037793595743,1.131131591644503,-3.88647736839473
614,6.13,0.0,0.0,0.0,0.0,0.5526045131095648,-3.2657170794404893,-0.8802556969150214,5.947392497624694,1.2259408285720945,2.3185482259370103,1.0926073973649144,-3.818321592550054
615,6.140000000000001,0.0,0.0,0.0,0.0,0.5433863850030459,-3.206535721562447,-0.9628142235351711,5.889452870372252,1.2314214711005245,2.286187444746882,1.054765973646357,-3.7499221065654926
616,6.15,0.0,0.0,0.0,0.0,0.5333595619472675,-3.147918270666489,-1.0419726261422282,5.834438645081182,1.236805860539882,2.254415633215621,1.0176097726757396,-3.6812778326137563
617,6.16,0.0,0.0,0.0,0.0,0.52255870943529,-3.0898406399847476,-1.1175979096688338,5.781317413943026,1.2420860821597945,2.2232272813112415,0.9811411991514475,-3.6123993494200377
618,6.17,0.0,0.0,0.0,0.0,0.5110198225206933,-3.0322890150370005,-1.1895576468024305,5.729069192059285,1.2472545745372885,2.1926170684045614,0.9453624938672709,-3.543308837557694
619,6.18,0.0,0.0,0.0,0.0,0.49878020468844275,-2.975259667092997,-1.2577231391223544,5.676698909965437,1.2523041427730994,2.1625797613749063,0.9102756186018076,-3.47403987178144
620,6.19,0.0,0.0,0.0,0.0,0.48587841326332104,-2.9187586411300193,-1.3219729208965494,5.623248984995708,1.2572279713322332,2.1331101152080647,0.8758821438758302,-3.40463705439334
621,6.2,0.0,0.0,0.0,0.0,0.47235416876262476,-2.862801318728432,-1.3821964383137426,5.567811713977686,1.2620196361597926,2.104202777341462,0.8421831411816704,-3.3351554874910567
622,6.21,0.0,0.0,0.0,0.0,0.4582482272824598,-2.8074118592252164,-1.438297735553616,5.50954117302896,1.2666731157055593,2.075852196993167,0.8091790812876091,-3.265660086507676
623,6.22,0.0,0.0,0.0,0.0,0.4436022166797034,-2.752622525773723,-1.490198982688283,5.447664277223813,1.271182800490101,2.0480525406618666,0.7768697401717646,-3.1962247424534262
624,6.23,0.0,0.0,0.0,0.0,0.4284584389189133,-2.698472906488777,-1.537843690035306,5.381490645493786,1.2755435008609068,2.0207976149007427,0.7452541140398374,-3.1269313454076904
625,6.24,0.0,0.0,0.0,0.0,0.4128596424321205,-2.6450090443313377,-1.581199469703783,5.310420934681567,1.2797504526182848,1.994080797348981,0.714330344730697,-3.057868686763458
626,6.25,0.0,0.0,0.0,0.0,0.396848769624913,-2.5922824925514587,-1.6202602274866034,5.233953349764185,1.283799320235843,1.9678949768517977,0.6840956566159547,-2.9891312621763717
627,6.26,0.0,0.0,0.0,0.0,0.3804686856955362,-2.5403493151322833,-1.65504769609293,5.151688101658963,1.287686197457106,1.9422325033181724,0.6545463058610672,-2.9208180008278197
628,6.2700000000000005,0.0,0.0,0.0,0.0,0.3637618956671707,-2.4892690535707103,-1.685612252550831,5.063329664835965,1.2914076051154246,1.9170851477607789,0.6256775426453551,-2.853030949237881
629,6.28,0.0,0.0,0.0,0.0,0.34677025693635977,-2.439103682358566,-1.7120329965812544,4.968686778059191,1.2949604860956245,1.8924440727434113,0.597483586647786,-2.785873939294926
630,6.29,0.0,0.0,0.0,0.0,0.3295346947015682,-2.3899165756218936,-1.7344171007603686,4.867670226149646,1.2983421974294793,1.8682998132363007,0.5699576158068204,-2.7194512703234617
631,6.3,0.0,0.0,0.0,0.0,0.3120949273653998,-2.341771506535707,-1.7528984752438126,4.760288531848849,1.3015504995896199,1.8446422676585774,0.5430917680689575,-2.653866433901107
632,6.3100000000000005,0.0,0.0,0.0,0.0,0.2944892084322347,-2.294731699422514,-1.7676358178193006,4.64664176840135,1.304583543114816,1.8214606986788473,0.5168771555640311,-2.589220907854749
633,6.32,0.0,0.0,0.0,0.0,0.2767540905978241,-2.2488589519888906,-1.7788101425575062,4.526913770257969,1.3074398527608522,1.7987437431574296,0.4913038903965791,-2.5256130425867145
634,6.33,0.0,0.0,0.0,0.0,0.2589242167089636,-2.204212842121637,-1.7866218963244125,4.401363067764094,1.3101183094232165,1.776479430454066,0.4663611210308495,-2.4631370588306005
635,6.34,0.0,0.0,0.0,0.0,0.2410321411278131,-2.160850030247856,-1.7912877814454025,4.270312900020669,1.3126181301189506,1.7546552081975466,0.44203707807859804,-2.4018821713756693
636,6.3500000000000005,0.0,0.0,0.0,0.0,0.22310818383610778,-2.1188236646642706,-1.7930374049754927,4.134140668216138,1.3149388463444056,1.7332579745215486,0.41831912817714495,-2.3419318485003786
637,6.36,0.0,0.0,0.0,0.0,0.2051803184256624,-2.078182893656689,-1.7921098709265706,3.9932671811071305,1.3170802811429865,1.712274115714975,0.3951938345719903,-2.2833632120823513
638,6.37,0.0,0.0,0.0,0.0,0.18727409400104927,-2.038972484834866,-1.7887504224113306,3.848146017689927,1.3190425252227855,1.691689548214028,0.37264702299124436,-2.226246578835915
639,6.38,0.0,0.0,0.0,0.0,0.16941259001521325,-2.001232549044473,-1.7832072272136945,3.699253292995591,1.320825912459093,1.67148976387472,0.3506638514156279,-2.170645139059686
640,6.390000000000001,0.0,0.0,0.0,0.0,0.15161640220277214,-1.9649983635912183,-1.7757283841266878,3.547078065301308,1.322430995102599,1.6516598775043316,0.3292288824017319,-2.11661476579399
641,6.4,0.0,0.0,0.0,0.0,0.13390365708957455,-1.9303002873881776,-1.7665592098338865,3.392113570830374,1.3238585189921417,1.6321846756941543,0.30832615670201163,-2.064203944477752
642,6.41,0.0,0.0,0.0,0.0,0.11629005204837178,-1.897163759043062,-1.7559398483510762,3.23484941883844,1.3251093990429736,1.6130486660780174,0.2879392670350419,-2.0134538110914337
643,6.42,0.0,0.0,0.0,0.0,0.0987889175361218,-1.8656093678314132,-1.7441032280981033,3.075764828931935,1.3261846952493854,1.5942361262368567,0.26805143098747236,-1.964398285367535
644,6.43,0.0,0.0,0.0,0.0,0.08141129797607564,-1.8356529869204492,-1.7312733763090298,2.9153229459159937,1.3270855894059064,1.5757311515733032,0.24864556216739617,-1.917064284896525
645,6.44,0.0,0.0,0.0,0.0,0.064166047718924,-1.8073059580629773,-1.7176640872358653,2.7539662270722376,1.327813362715673,1.5575177015877546,0.22970433887208158,-1.8714720057819014
646,6.45,0.0,0.0,0.0,0.0,0.04705993860905924,-1.7805753172044492,-1.7034779297480303,2.592112863460958,1.3283693744192566,1.5395796440943232,0.2112102696750668,-1.8276352558135085
647,6.46,0.0,0.0,0.0,0.0,0.03009777586986162,-1.7554640509658936,-1.688905571560126,2.430154170942404,1.3287550415433935,1.5219007970182463,0.1931457554748512,-1.7855618268357554
648,6.47,0.0,0.0,0.0,0.0,0.01328251928140723,-1.7319713747078422,-1.6741253913553704,2.2684528679295535,1.328971819837427,1.504464967513164,0.17549314767573704,-1.7452538939892495
649,6.48,0.0,0.0,0.0,0.0,-0.0033845930681859287,-1.7100930237755558,-1.6593033463078042,2.1073421448493286,1.3290211859365237,1.487255988225274,0.15823480228875222,-1.7067084307073699
650,6.49,0.0,0.0,0.0,0.0,-0.019903920840855883,-1.6898215505116572,-1.6445930606619394,1.9471254240825604,1.3289046207651984,1.4702577506104315,0.14135312984523477,-1.6699176296708014
651,6.5,0.0,0.0,0.0,0.0,-0.03627729935341769,-1.671146620644821,-1.6301361007804391,1.7880767078222268,1.3286235941725821,1.4534542352793227,0.12483064110673964,-1.6348693212914032
652,6.51,0.0,0.0,0.0,0.0,-0.05250792102459482,-1.6540553036789192,-1.6160624030842285,1.6304414138386485,1.3281795507722005,1.4368295394047148,0.10864998863251356,-1.6015473826543243
653,6.5200000000000005,0.0,0.0,0.0,0.0,-0.06860022173315983,-1.6385323528817926,-1.602490823263546,1.4744376046042815,1.3275738969437403,1.4203679012735069,0.09279400432976741,-1.5699321311486327
654,6.53,0.0,0.0,0.0,0.0,-0.08455977315241055,-1.6245604713821913,-1.5895297777406814,1.3202575227317306,1.3268079889421212,1.4040537221058311,0.0772457331637099,-1.5400006982297807
655,6.54,0.0,0.0,0.0,0.0,-0.10039318185080315,-1.6121205617107943,-1.5772779513611705,1.1680693544436302,1.3258831220499452,1.3878715852940207,0.061988463244076523,-1.511727379859991
656,6.55,0.0,0.0,0.0,0.0,-0.11610799570410212,-1.6011919568573991,-1.565825048470219,1.0180191521871647,1.3248005207027407,1.371806273237296,0.04700575253455523,-1.485083961153297
657,6.5600000000000005,0.0,0.0,0.0,0.0,-0.13171261795205086,-1.5917526315575785,-1.5552525677268174,0.8702328570117834,1.3235613295120685,1.355842781963889,0.03228145245181861,-1.4600400136055276
658,6.57,0.0,0.0,0.0,0.0,-0.14721622905161763,-1.5837793930694186,-1.5456345840945367,0.7248183705642244,1.3221666051091263,1.3399663337424268,0.01779972863329886,-1.436563164017801
659,6.58,0.0,0.0,0.0,0.0,-0.16262871632792877,-1.577248051158415,-1.537038524334516,0.5818676352385135,1.3206173087307893,1.3241623878894468,0.0035450791586583577,-1.4146193348304863
660,6.59,0.0,0.0,0.0,0.0,-0.1779606113005835,-1.5721335673828407,-1.5295259249553221,0.4414586889688315,1.3189142994706111,1.3084166499807697,-0.010497649489843065,-1.394172956082257
661,6.6000000000000005,0.0,0.0,0.0,0.0,-0.1932230344645834,-1.5684101840707094,-1.523153163912568,0.30365766826385315,1.3170583281190742,1.2927150796719988,-0.024343248447075208,-1.375187149606126
662,6.61,0.0,0.0,0.0,0.0,-0.20842764722843052,-1.566051533611614,-1.517972159386876,0.1685207393098382,1.3150500315199698,1.2770438973282647,-0.038006134191704906,-1.3576238863831835
663,6.62,0.0,0.0,0.0,0.0,-0.22358661065419438,-1.5650307288609602,-1.5140310307038287,0.0360959423187062,1.3128899273730679,1.2613895896562102,-0.05150033771685687,-1.3414441182067658
664,6.63,0.0,0.0,0.0,0.0,-0.23871255060241,-1.565320435579155,-1.5113747179084929,-0.09357506119550009,1.3105784094170259,1.2457389145225821,-0.06483949489444359,-1.326607884976745
665,6.640000000000001,0.0,0.0,0.0,0.0,-0.25381852885597406,-1.56689292791222,-1.5100455576907517,-0.220455344804029,1.308115742930578,1.2300789051340704,-0.07803683779650758,-1.313074399056246
666,6.65,0.0,0.0,0.0,0.0,-0.26891801977903773,-1.5697201279705835,-1.5100838143015913,-0.3445111807901032,1.3055020604944487,1.2143968737427666,-0.09110518675168397,-1.3008021081915457
667,6.66,0.0,0.0,0.0,0.0,-0.28402489205716036,-1.5737736305861305,-1.511528164832883,-0.46571061220144183,1.3027373579608814,1.198680415030817,-0.10405694293006537,-1.28974873852897
668,6.67,0.0,0.0,0.0,0.0,-0.299153395061552,-1.5790247143297993,-1.5144161387822932,-0.5840221326687521,1.2998214905822638,1.1829174093171229,-0.11690408126514103,-1.2798713192682474
669,6.68,0.0,0.0,0.0,0.0,-0.3143181493815817,-1.5854443398581575,-1.518784512218405,-0.6994134719480223,1.2967541692548994,1.1670960257180976,-0.12965814353680188,-1.2711261904765758
670,6.69,0.0,0.0,0.0,0.0,-0.3295341410742731,-1.5930031366316781,-1.5246696571259575,-0.8118504841457951,1.2935349568384873,1.1512047253839475,-0.142330231454541,-1.263468995557405
671,6.7,0.0,0.0,0.0,0.0,-0.3448167191861846,-1.6016713790133754,-1.532107846671005,-0.9212961349022067,1.2901632645163796,1.1352322649217068,-0.1549309995946729,-1.2568546598271908
672,6.71,0.0,0.0,0.0,0.0,-0.3601815961109465,-1.6114189527168592,-1.5411355172035062,-1.0277095833715768,1.286638348166085,1.1191677001063052,-0.1674706480597806,-1.2512373566059127
673,6.72,0.0,0.0,0.0,0.0,-0.37564485035397555,-1.6222153125298817,-1.5517894878306238,-1.131045354594784,1.2829593047138006,1.1030003899715612,-0.17995891474223744,-1.2465704621759062
674,6.73,0.0,0.0,0.0,0.0,-0.3912229312841555,-1.6340294321948008,-1.5641071383648668,-1.2312525977550637,1.2791250684510218,1.0867200013638463,-0.1924050670871765,-1.2428065009106453
675,6.74,0.0,0.0,0.0,0.0,-0.40693266546000567,-1.646829747282176,-1.5781265463937373,-1.328274425800245,1.2751344072954207,1.0703165140326751,-0.20481789326274655,-1.2398970818221704
676,6.75,0.0,0.0,0.0,0.0,-0.4227912641250071,-1.6605840918487966,-1.5938865841447616,-1.4220473319668658,1.2709859189822754,1.0537802263242595,-0.2172056926580169,-1.2377928277237895
677,6.76,0.0,0.0,0.0,0.0,-0.4388163314730635,-1.6752596296271403,-1.6114269757436546,-1.5125006788204642,1.266678027176774,1.0371017615364506,-0.22957626564032274,-1.2364432981540767
678,6.7700000000000005,0.0,0.0,0.0,0.0,-0.45502587329074606,-1.690822780449857,-1.6307883153942881,-1.5995562555080876,1.2622089775014493,1.0202720749861658,-0.24193690251528543,-1.235796907159111
679,6.78,0.0,0.0,0.0,0.0,-0.4714383055879351,-1.7072391425701408,-1.6520120469553197,-1.6831278989815162,1.25757683347693,1.0032824618336302,-0.25429437164329804,-1.2358008369822056
680,6.79,0.0,0.0,0.0,0.0,-0.48807246283308037,-1.7244734114966442,-1.675140405357315,-1.7631211749784157,1.2527794723780405,0.9861245657013339,-0.2666549066767069,-1.2364009486635639
681,6.8,0.0,0.0,0.0,0.0,-0.5049476054136517,-1.7424892959193807,-1.7002163203013152,-1.8394331145323255,1.2478145810111128,0.9687903881196566,-0.27902419289145614,-1.237541690505729
682,6.8100000000000005,0.0,0.0,0.0,0.0,-0.5220834259469337,-1.761249431260515,-1.7272832827103204,-1.9119520017146459,1.2426796514221274,0.9512722988255244,-0.29140735259660105,-1.2391660053135811
683,6.82,0.0,0.0,0.0,0.0,-0.5395000540712958,-1.780715291340378,-1.7563851744717098,-1.9805572081902374,1.2373719765490425,0.9335630469353927,-0.3038089296136491,-1.2412152372690823
684,6.83,0.0,0.0,0.0,0.0,-0.5572180593539827,-1.8008470986040812,-1.7875660621139362,-2.045119069996105,1.2318886458353213,0.9156557730090913,-0.31623287282623097,-1.2436290392500986
685,6.84,0.0,0.0,0.0,0.0,-0.5752584519585422,-1.8216037333070743,-1.8208699552056886,-2.105498801734206,1.2262265408252948,0.89754402201694,-0.32868251880835403,-1.246345281348532
686,6.8500000000000005,0.0,0.0,0.0,0.0,-0.5936426807238321,-1.842942642008739,-1.8563405304503124,-2.1615484431167227,1.2203823307655026,0.8792217572187322,-0.3411605735467703,-1.249299961284907
687,6.86,0.0,0.0,0.0,0.0,-0.6123926283173182,-1.8648197456710673,-1.8940208226710868,-2.2131108325282978,1.2143524682396014,0.8606833749599818,-0.35366909327962126,-1.2524271173537491
688,6.87,0.0,0.0,0.0,0.0,-0.6315306031386423,-1.887189347604791,-1.933952884142571,-2.26001960199161,1.2081331848677164,0.8419237203881228,-0.3662094644795929,-1.2556587444661487
689,6.88,0.0,0.0,0.0,0.0,-0.6510793276653689,-1.910004041447789,-1.9761774140156236,-2.302099187662791,1.2017204871043086,0.8229381040892203,-0.3787823830150864,-1.2589247137824202
690,6.890000000000001,0.0,0.0,0.0,0.0,-0.6710619229519458,-1.9332146193007993,-2.020733359906093,-2.339164849763124,1.195110152171575,0.8037223196441861,-0.3913878325273899,-1.2621526963488536
691,6.9,0.0,0.0,0.0,0.0,-0.6915018890152789,-1.9567699800836296,-2.067657494064017,-2.371022695700819,1.1882977241682267,0.7842726621025653,-0.40402506206566074,-1.2652680910683507
692,6.91,0.0,0.0,0.0,0.0,-0.7124230808663626,-1.9806170381122834,-2.1169839669073727,-2.3974697000777305,1.1812785103959764,0.7645859473716133,-0.41669256302436325,-1.2681939572459209
693,6.92,0.0,0.0,0.0,0.0,-0.7338496799770802,-2.004700631834488,-2.1687438410855173,-2.418293715339776,1.174047577948389,0.7446595325187663,-0.42938804542962294,-1.2708509518574078
694,6.93,0.0,0.0,0.0,0.0,-0.7558061610049479,-2.028963432599712,-2.2229646096286486,-2.4332734670445597,1.166599750608629,0.7244913369864133,-0.4421084136222156,-1.2731572715947643
695,6.94,0.0,0.0,0.0,0.0,-0.7783172536360833,-2.053345853281259,-2.27966970213418,-2.442178528111644,1.1589296061042753,0.7040798647195697,-0.4548497413847067,-1.275028599645176
696,6.95,0.0,0.0,0.0,0.0,-0.8014078994481534,-2.0777859565144623,-2.338877983335612,-2.4447692670166212,1.1510314737685445,0.683424227209012,-0.4676072465595319,-1.2763780570663088
697,6.96,0.0,0.0,0.0,0.0,-0.8251032037405173,-2.1022193622685825,-2.4006032487899294,-2.440796765709041,1.1428994326580182,0.6625241674551094,-0.48037526520290974,-1.2771161585280653
698,6.97,0.0,0.0,0.0,0.0,-0.8494283823279872,-2.126579154432814,-2.464853722803045,-2.4300027040954846,1.1345273101772768,0.6413800848605922,-0.49314722531668387,-1.277150772104827
699,6.98,0.0,0.0,0.0,0.0,-0.8744087033477911,-2.1507957860716616,-2.531631564088698,-2.4121192092426336,1.1259086812605879,0.6199930610638223,-0.5059156201967675,-1.2763870827238706
700,6.99,0.0,0.0,0.0,0.0,-0.9000694241860521,-2.1747969829940828,-2.600932385023394,-2.386868669028332,1.1170368681600498,0.5983648867276469,-0.5186719814324022,-1.2747275588080307
701,7.0,0.0,0.0,0.0,0.0,-0.9264357236906052,-2.1985076452870667,-2.672744790721543,-2.3539635117976143,1.1079049408881914,0.5764980893024355,-0.5314068515857578,-1.2720719215964613
702,7.01,0.0,0.0,0.0,0.0,-0.953532629900916,-2.2218497464899967,-2.747049944512165,-2.313105955658352,1.0985057183610887,0.5543959617853558,-0.5441097565757331,-1.2683171165890808
703,7.0200000000000005,0.0,0.0,0.0,0.0,-0.9813849435935552,-2.2447422301339324,-2.8238211667576363,-2.263987733359675,1.0888317702853771,0.5320625925008383,-0.5567691777845389,-1.2633572865403773
704,7.03,0.0,0.0,0.0,0.0,-1.010017158012837,-2.2671009034417255,-2.903023574319258,-2.2062898012110486,1.078875419829228,0.5095028959297663,-0.569372523899461,-1.2570837454288886
705,7.04,0.0,0.0,0.0,0.0,-1.0394533752312174,-2.288838328082851,-2.9846137683514975,-2.139682043190724,1.068628747113261,0.48672264461628506,-0.581906102496977,-1.2493849528516334
706,7.05,0.0,0.0,0.0,0.0,-1.0697172196627307,-2.309863708002279,-3.068539578500413,-2.0638229842191724,1.05808359355257,0.463728502181822,-0.5943550913707483,-1.2401464883395483
707,7.0600000000000005,0.0,0.0,0.0,0.0,-1.100831749335649,-2.3300827744970976,-3.1547398719985105,-1.978359529494883,1.0472315670753525,0.44052805747477464,-0.6067035096005788,-1.2292510251614486
708,7.07,0.0,0.0,0.0,0.0,-1.1328193656175853,-2.3493976688983325,-3.243144436589342,-1.8829267497581008,1.03606404823717,0.4171298598817924,-0.618934188355376,-1.2165783032807471
709,7.08,0.0,0.0,0.0,0.0,-1.1657017221779857,-2.367706823428973,-3.333673946682094,-1.7771477353134404,1.0245721972424549,0.39354345582192607,-0.6310287414205299,-1.2020051012509874
710,7.09,0.0,0.0,0.0,0.0,-1.1994996340692778,-2.3849048410520854,-3.4262400226237872,-1.6606335445566798,1.0127469618765867,0.369779426438046,-0.642967535438541,-1.1854052069828076
711,7.1000000000000005,0.0,0.0,0.0,0.0,-1.2342329879094198,-2.4008823753945894,-3.5207453934772683,-1.53298327556476,1.0005790863425053,0.3458494264904201,-0.6547296598520845,-1.1666493874851696
712,7.11,0.0,0.0,0.0,0.0,-1.2699206542548866,-2.415526012131312,-3.617084174189369,-1.39378429198075,0.9880591209855046,0.32176622444504843,-0.6662928965404554,-1.1456053578764251
713,7.12,0.0,0.0,0.0,0.0,-1.3065804033644455,-2.4287181535389237,-3.7151422685038233,-1.2426126369207275,0.9751774328783812,0.2975437437338532,-0.6776336891445289,-1.1221377501744783
714,7.13,0.0,0.0,0.0,0.0,-1.3442288256696218,-2.440336908278239,-3.814797909383502,-1.079033670924834,0.9619242172265695,0.2731971051450718,-0.6887271120814987,-1.0961080826086174
715,7.140000000000001,0.0,0.0,0.0,0.0,-1.3828812583871595,-2.450255988834227,-3.9159223490143074,-0.902602972060511,0.9482895095390977,0.2487426702797241,-0.6995468392593738,-1.0673747304470673
716,7.15,0.0,0.0,0.0,0.0,-1.4225517198303166,-2.458344619433732,-4.018380710611338,-0.7128675381761236,0.9342631984962863,0.22419808598381052,-0.710065112512475,-1.0357928996034156
717,7.16,0.0,0.0,0.0,0.0,-1.463252853097961,-2.464467457669679,-4.122033014168319,-0.5093673330338344,0.9198350394288785,0.1995823296356453,-0.7202527097932333,-1.001214604571718
718,7.17,0.0,0.0,0.0,0.0,-1.5049958809400439,-2.468484533486043,-4.2267353878960625,-0.29163721969743706,0.9049946683059554,0.17491575513340055,-0.7300789131725559,-0.9634886525459991
719,7.18,0.0,0.0,0.0,0.0,-1.547790573711938,-2.4702512096199682,-4.332341476282024,-0.0592093262274285,0.8897316161103902,0.1502201393891011,-0.739511476721291,-0.9224606359080303
720,7.19,0.0,0.0,0.0,0.0,-1.5916452324330939,-2.4696181680570537,-4.438704054343781,0.18838410938342257,0.8740353234609494,0.1255187290921275,-0.7485165943688238,-0.8779729356239598
721,7.2,0.0,0.0,0.0,0.0,-1.6365666890515702,-2.466431427536317,-4.545676855593805,0.451607365771029,0.8578951553195685,0.10083628745732556,-0.7570588678622422,-0.8298647384847468
722,7.21,0.0,0.0,0.0,0.0,-1.682560326077396,-2.4605323976487306,-4.653116618301495,0.7309172838805105,0.8413004156009457,0.07619914061993328,-0.7651012749810143,-0.7779720715713345
723,7.22,0.0,0.0,0.0,0.0,-1.729630117774341,-2.451757975617499,-4.760885350613518,1.0267586750343234,0.82424036147984,0.05163522328143247,-0.7726051381984086,-0.722127857843158
724,7.23,0.0,0.0,0.0,0.0,-1.777778695079781,-2.4399406924447296,-4.868852809717007,1.3395590284580252,0.8067042171695955,0.027174123146607075,-0.7795300940229886,-0.6621619973649486
725,7.24,0.0,0.0,0.0,0.0,-1.8270074363404014,-2.424908915780051,-4.976899183187569,1.669722446495461,0.7886811869240737,0.0028471236219535147,-0.7858340633021192,-0.5979014794396498
726,7.25,0.0,0.0,0.0,0.0,-1.8773165857894674,-2.4064871176434006,-5.084917951576497,2.017622723230894,0.7701604669950173,-0.02131275583173773,-0.7914732228267531,-0.5291705318539333
727,7.26,0.0,0.0,0.0,0.0,-1.928705401426097,-2.3844962160598935,-5.192818899694705,2.3835954647013637,0.7511312562588894,-0.045270722385574926,-0.796401978644465,-0.45579081463379656
728,7.2700000000000005,0.0,0.0,0.0,0.0,-1.981172333561178,-2.358754000797746,-5.300531229377861,2.7679291246073627,0.731582765212418,-0.06899017635661152,-0.8005729415690304,-0.37758166723656816
729,7.28,0.0,0.0,0.0,0.0,-2.0347152347335147,-2.3290756548187628,-5.40800670806737,3.170854796209899,0.7115042230261384,-0.09243268244745295,-0.8039369054735921,-0.2943604200852481
730,7.29,0.0,0.0,0.0,0.0,-2.0893316009320992,-2.2952743848575845,-5.515222764453274,3.592534556154748,0.6908848823417866,-0.11555794673396233,-0.8064428290757497,-0.20594278392548526
731,7.3,0.0,0.0,0.0,0.0,-2.1450188430339816,-2.2571621768751142,-5.622185413631113,4.033048095785306,0.6697140215049859,-0.13832380056884575,-0.8080378220738323,-0.11214333384113262
732,7.3100000000000005,0.0,0.0,0.0,0.0,-2.201774586019319,-2.2145506951562526,-5.7289318584131115,4.492377295742075,0.6479809439419605,-0.16068619274085547,-0.8086671366828149,-0.012776109136933389
733,7.32,0.0,0.0,0.0,0.0,-2.2595969917771908,-2.167252347764421,-5.8355325689941155,4.970388294936466,0.6256749744218071,-0.18259919143588832,-0.8082741658576971,0.09234464401276954
734,7.33,0.0,0.0,0.0,0.0,-2.318485099072541,-2.1150815462058925,-5.942092588151233,5.466810468839795,0.6027854519984268,-0.20401499779791366,-0.8068004497963421,0.20340355286664868
735,7.34,0.0,0.0,0.0,0.0,-2.3784391713883535,-2.0578561938480013,-6.048751741213369,5.981211556727793,0.5793017195043075,-0.22488397319822895,-0.8041856927025364,0.32058297754035214
736,7.3500000000000005,0.0,0.0,0.0,0.0,-2.4394610397460004,-1.9953994463115037,-6.15568334644042,6.512967954166062,0.5552131095784787,-0.24515468270848573,-0.8003677922869634,0.4440615934344967
737,7.36,0.0,0.0,0.0,0.0,-2.501554423068258,-1.927541798248464,-6.263090919112871,7.061228905742912,0.530508927361846,-0.26477395775873547,-0.7952828851205822,0.5740126248197939
738,7.37,0.0,0.0,0.0,0.0,-2.5647252029805228,-1.8541235652528796,-6.3712022382634945,7.624872983662244,0.5051784301947025,-0.2836869815746549,-0.7888654117693583,0.7106016377276432
739,7.38,0.0,0.0,0.0,0.0,-2.628981622909294,-1.7749978478614443,-6.48025999542851,8.20245481103826,0.47921080491628026,-0.3018374017630282,-0.7810482066793093,0.8539837750478496
740,7.390000000000001,0.0,0.0,0.0,0.0,-2.694334372669013,-1.6900340874932476,-6.590508067694864,8.792139478639179,0.4525951437093967,-0.3191674753944095,-0.7717626191038044,1.0043002851757654
741,7.4,0.0,0.0,0.0,0.0,-2.760796509148386,-1.5991223525851999,-6.702172252274566,9.391621511831971,0.4253204198725979,-0.3356182531674402,-0.7609386730400381,1.1616741565631863
742,7.41,0.0,0.0,0.0,0.0,-2.82838315094995,-1.502178527860375,-6.815434070406866,9.998024586176625,0.3973754654578927,-0.3511298107897903,-0.7485052762476848,1.326204623089575
743,7.42,0.0,0.0,0.0,0.0,-2.897110869703352,-1.3991506211071993,-6.930396005329329,10.607777506040268,0.3687489534073742,-0.36564153764159096,-0.7343904910489635,1.4979602485961527
744,7.43,0.0,0.0,0.0,0.0,-2.9669966832303025,-1.2900264499379976,-7.0470363053951575,11.216461332897316,0.33942938768048836,-0.37909249516621296,-0.7185218828467023,1.6769702332923049
745,7.44,0.0,0.0,0.0,0.0,-3.0380565360746425,-1.17484302449888,-7.1651513020713145,11.818622127104117,0.30940510590880144,-0.39142186032195625,-0.7008269662307577,1.8632135115757626
746,7.45,0.0,0.0,0.0,0.0,-3.110303131985869,-1.0536979978234218,-7.284283137332945,12.407543798735034,0.27866430036415557,-0.4025694728667847,-0.6812337732309401,2.056605134162447
747,7.46,0.0,0.0,0.0,0.0,-3.1837429625723095,-0.9267636070689198,-7.403630985405076,12.974976447606023,0.2471950644836107,-0.4124765092303423,-0.6596715737139512,2.2569793555033897
748,7.47,0.0,0.0,0.0,0.0,-3.258372359833483,-0.794303564899657,-7.521944473523057,13.510817913134265,0.21498547384020728,-0.4210863101594429,-0.6360717839996511,2.464068794933826
749,7.48,0.0,0.0,0.0,0.0,-3.3341723931921075,-0.6566933621331054,-7.637399322448258,14.002750917817405,0.1820237122178241,-0.4283453939641052,-0.6103691061819283,2.677479031059002
750,7.49,0.0,0.0,0.0,0.0,-3.4111024426734353,-0.5144443816392906,-7.747457603556488,14.435846339768577,0.14829825520693762,-0.43420469156459973,-0.5825029467715382,2.896658061034145
751,7.5,0.0,0.0,0.0,0.0,-3.489092321824321,-0.36823205751952764,-7.848718897555119,14.79215621920739,0.11379812524422016,-0.4386210428190803,-0.5524191680632997,3.120860264304793
752,7.51,0.0,0.0,0.0,0.0,-3.568032914381588,-0.21892798604324265,-7.936774523527194,15.050339586236335,0.07851323288005108,-0.44155899447613317,-0.5200722273561852,3.3491049283383454
753,7.5200000000000005,0.0,0.0,0.0,0.0,-3.6477654495590652,-0.0676353355726777,-8.00608524971009,15.185391153756466,0.04243481868217967,-0.4429929365897474,-0.48542775527192894,3.5801301139863875
754,7.53,0.0,0.0,0.0,0.0,-3.728069795954412,0.08427396295305224,-8.049913441859928,15.168576993772948,0.005556007747347746,-0.4429096036619927,-0.44846561140934044,3.8123437589074642
755,7.54,0.0,0.0,0.0,0.0,-3.80865252263177,0.23512299306579146,-8.060352471209598,14.967719114934347,-0.03212751675139572,-0.44131094576070595,-0.40918342900931115,4.043775515697561
756,7.55,0.0,0.0,0.0,0.0,-3.8891359598363535,0.3828989385863498,-8.028506802198677,14.548003759575332,-0.07061672437072301,-0.4382173396865073,-0.36760061531578436,4.272034898422703
757,7.5600000000000005,0.0,0.0,0.0,0.0,-3.969050056065484,0.5252336538400394,-7.944880625707503,13.873500227767886,-0.10990835105461752,-0.4336710577782351,-0.3237627067236176,4.494283709905523
758,7.57,0.0,0.0,0.0,0.0,-4.047829376380982,0.6594036468047754,-7.800023833300011,12.909544216220652,-0.14999395492552495,-0.42773984115069397,-0.27774588622516994,4.707233023185757
759,7.58,0.0,0.0,0.0,0.0,-4.124817940542981,0.7823584878908867,-7.585452900084069,11.626034239934972,-0.19085897896890658,-0.4205203385733337,-0.22966135960442888,4.907176428433868
760,7.59,0.0,0.0,0.0,0.0,-4.199284501407936,0.8907862328279564,-7.294804536720331,10.00149171691789,-0.232481912363552,-0.41214108254289983,-0.1796591701793496,5.090070734235892
761,7.6000000000000005,0.0,0.0,0.0,0.0,-4.270450030374641,0.9812215970722123,-6.925094058510805,8.0274528649309,-0.27483366476171533,-0.40276460012190995,-0.1279309353601946,5.251671627446854
762,7.61,0.0,0.0,0.0,0.0,-4.337527419489917,1.0501967408145694,-6.4778561738307205,5.712452375885123,-0.3178772774893271,-0.39258822556831874,-0.07471094807899166,5.3877241603044865
763,7.62,0.0,0.0,0.0,0.0,-4.399770812023683,1.0944259020338563,-5.9598792852460125,3.08464196351961,-0.3615680832973187,-0.38184322449741004,-0.020275141200092172,5.494196714057539
764,7.63,0.0,0.0,0.0,0.0,-4.456529036971459,1.1110053954100505,-5.383250579897937,0.19210772864606232,-0.40585438567843757,-0.3707919757196133,0.03506240995882519,5.56753443238151
765,7.640000000000001,0.0,0.0,0.0,0.0,-4.507295256692787,1.0976026392815004,-4.76453958113014,-2.899689510095533,-0.4506786607672491,-0.35972318400051606,0.09095547676673303,5.604897895974288
766,7.65,0.0,0.0,0.0,0.0,-4.551744176294306,1.0526052529479253,-4.123152355688133,-6.113259932549288,-0.4959792004273108,-0.34894537901820494,0.14703382140910573,5.604349429242231
767,7.66,0.0,0.0,0.0,0.0,-4.589749673987031,0.9752060566546313,-3.479123862637745,-9.366357034919798,-0.5416920342112451,-0.33877922781191316,0.2029128063993319,5.564955730641662
768,7.67,0.0,0.0,0.0,0.0,-4.62137933603307,0.8654115167141638,-2.8507874344004525,-12.579753262931025,-0.5877529131675818,-0.3295493758282798,0.2582035373393012,5.486790852747234
769,7.68,0.0,0.0,0.0,0.0,-4.646867063062964,0.7239764076901947,-2.252792372861873,-15.683982654484788,-0.6340991264552456,-0.32157658103496184,0.3125225454202855,5.370843470753159
770,7.69,0.0,0.0,0.0,0.0,-4.666569139003094,0.5522812975870921,-1.6948213624319532,-18.623892334394025,-0.6806709555093982,-0.3151708055339181,0.365500149975481,5.218850436590186
771,7.7,0.0,0.0,0.0,0.0,-4.680911649614676,0.35217776115374805,-1.181147003571632,-21.360528424878456,-0.7274126386605213,-0.3106257158639326,0.4167869227965887,5.033089410768424
772,7.71,0.0,0.0,0.0,0.0,-4.690337423014728,0.12582738075737956,-0.7109521994201602,-23.87057837412745,-0.7742728011905584,-0.3082147825669291,0.4660580186236303,4.816164803772107
773,7.72,0.0,0.0,0.0,0.0,-4.695259115799756,-0.12444423372769542,-0.27919552742176296,-26.144063439440185,-0.8212043809846438,-0.3081889292142224,0.5130154517704205,4.57081488207206
774,7.73,0.0,0.0,0.0,0.0,-4.696022567623083,-0.3962651679398003,0.1222439388114584,-28.181135411665863,-0.868164134058308,-0.31077550740641613,0.5573886266518919,4.2997573996832825
775,7.74,0.0,0.0,0.0,0.0,-4.692882003126125,-0.6873016549841287,0.5033753647887548,-29.988734744238613,-0.9151118324786253,-0.31617828380536844,0.5989335486732579,4.005580348141996
776,7.75,0.0,0.0,0.0,0.0,-4.685986679876981,-0.9953107095979933,0.8750179887542833,-31.577634325606443,-0.9620092724747594,-0.3245781093900152,0.6374311630847445,3.690675970278988
777,7.76,0.0,0.0,0.0,0.0,-4.675377385906038,-1.3181663499008338,1.24791697756291,-32.96013901767582,-1.0088191998902503,-0.3361339775351918,0.6726852223550595,3.357211036005204
778,7.7700000000000005,0.0,0.0,0.0,0.0,-4.6609907104288855,-1.6538664319243213,1.6320721113912082,-34.1485062825186,-1.0555042412483397,-0.3509842413699725,0.7045199998783673,3.0071242785045644
779,7.78,0.0,0.0,0.0,0.0,-4.6426690359253255,-2.0005270561727837,2.036259483881124,-35.15402170338824,-1.1020259077385974,-0.36924783188936516,0.7327780758492317,2.642141979752542
780,7.79,0.0,0.0,0.0,0.0,-4.6201745012627935,-2.356370470730337,2.467708731426888,-35.98659829459932,-1.148343720275146,-0.39102538325302755,0.7573183370221195,2.2638040305324565
781,7.8,0.0,0.0,0.0,0.0,-4.593205585448212,-2.7197109651318865,2.9318951378095477,-36.654750725865895,-1.194414488246433,-0.4164002239466536,0.7780142642997803,1.8734946203163254
782,7.8100000000000005,0.0,0.0,0.0,0.0,-4.561415348398299,-3.0889417914273354,3.432410764123794,-37.16580481325028,-1.2401917630463688,-0.44543923005853353,0.7947525329878352,1.4724735569709635
783,7.82,0.0,0.0,0.0,0.0,-4.524430685384201,-3.4625248518533684,3.9708865989109423,-37.52622349336962,-1.2856254795070063,-0.4781935606294151,0.8074319188775894,1.0619058335308322
784,7.83,0.0,0.0,0.0,0.0,-4.481872191803794,-3.8389838202592514,4.546945567648062,-37.74195342588469,-1.33066179318487,-0.5146993068758202,0.8159624863090499,0.6428883715445428
785,7.84,0.0,0.0,0.0,0.0,-4.43337440332643,-4.216900509899983,5.158172563788035,-37.81871648250173,-1.3752431183140301,-0.5549780893181736,0.8202650289958546,0.2164738934264463
786,7.8500000000000005,0.0,0.0,0.0,0.0,-4.378606291648575,-4.594913624478795,5.800091954935268,-37.76218591829166,-1.4193083695013053,-0.5990376314632694,0.820270738038036,-0.21630733283021986
787,7.86,0.0,0.0,0.0,0.0,-4.317291978359939,-4.97171848578845,6.466145360623981,-37.57799803223675,-1.4627934094720871,-0.6468723272498993,0.8159210822221886,-0.6544265074285116
788,7.87,0.0,0.0,0.0,0.0,-4.249231696323742,-5.346065879291205,7.1476633196870925,-37.27155764809848,-1.505631705141757,-0.6984638030772932,0.8071679020644629,-1.0968341829674628
789,7.88,0.0,0.0,0.0,0.0,-4.174323091537061,-5.716757771529692,7.833824447646393,-36.84760146626559,-1.5477551948992396,-0.7537814546643818,0.7939737402348569,-1.5424346799926312
790,7.890000000000001,0.0,0.0,0.0,0.0,-4.092583022440938,-6.082637323505705,8.5115958082517,-36.30948962307088,-1.589095371240129,-0.8127829148257684,0.7763124564143589,-1.9900543010647667
791,7.9,0.0,0.0,0.0,0.0,-4.004170070022869,-6.442570373806385,9.16564990993708,-35.65820607907525,-1.6295845847523271,-0.8754143811540595,0.7541702035982666,-2.4384003037835162
792,7.91,0.0,0.0,0.0,0.0,-3.9094079954526153,-6.795415458230496,9.778259056599056,-34.8910678770559,-1.6691575777520022,-0.9416107036392924,0.7275468741127107,-2.886007462777881
793,7.92,0.0,0.0,0.0,0.0,-3.8088103222923912,-7.139979595967526,10.32917964548518,-34.00017946705635,-1.7077532580352524,-1.011295103438834,0.6964581545964201,-3.331169273675135
794,7.930000000000001,0.0,0.0,0.0,0.0,-3.7031059938183244,-7.474957723729634,10.79556119094906,-32.970731750450504,-1.745316724033697,-1.084378369040139,0.6609383549935571,-3.77185172991131
795,7.94,0.0,0.0,0.0,0.0,-3.5932655386285064,-7.798855134500266,11.151951495524775,-31.779349005231218,-1.7818015498858177,-1.16075736138695,0.6210441884988668,-4.205589595871759
796,7.95,0.0,0.0,0.0,0.0,-3.4805262086561837,-8.109895036780365,11.370523281557977,-30.39284142486523,-1.8171723288711867,-1.2403126656155417,0.576859663255646,-4.629368828124182
797,7.96,0.0,0.0,0.0,0.0,-3.3664129658339563,-8.40591791564379,11.42171631957775,-28.767925656342623,-1.8514074509285863,-1.322905269329767,0.5285021815988201,-5.039504949809834
798,7.97,0.0,0.0,0.0,0.0,-3.252749897627103,-8.684286123272642,11.275558079307089,-26.852697739227693,-1.884502047835568,-1.408372246041698,0.47612980179386993,-5.431536225645539
799,7.98,0.0,0.0,0.0,0.0,-3.141653793373474,-8.941815824887401,10.903959099575065,-24.590789043577104,-1.9164709714631718,-1.4965215989578207,0.4199493725053493,-5.800162031513928
800,7.99,0.0,0.0,0.0,0.0,-3.035498868672087,-9.174767502522409,10.28421240116126,-21.92902829406376,-1.9473515735573426,-1.5871266878317245,0.3602248857256171,-6.139268633850321
801,8.0,0.0,0.0,0.0,0.0,-2.9368403949151456,-9.378931940905115,9.403676513327168,-18.8288271493918,-1.977205937139151,-1.679921007284066,0.2972849298550841,-6.442091545989969
802,8.01,0.0,0.0,0.0,0.0,-2.8482874373742666,-9.549844923748221,8.265133254395831,-15.28021331900808,-2.0061220953506416,-1.7745944465224612,0.2315276488281796,-6.701557486373955
803,8.02,0.0,0.0,0.0,0.0,-2.772323250212319,-9.683144093381724,6.891645785779008,-11.315575844367155,-2.0342137117920025,-1.8707924092712256,0.16342130252077708,-6.910820843169406
804,8.03,0.0,0.0,0.0,0.0,-2.711086731794274,-9.775042925872299,5.329170640870775,-7.018477652793318,-2.06161775140004,-1.9681191289568583,0.093498622443181,-7.063956194078025
805,8.040000000000001,0.0,0.0,0.0,0.0,-2.6661465786150846,-9.82284713310182,3.6451548797031936,-2.5226059728548247,-2.088489895948536,-2.0661460178567177,0.022343878091816524,-7.156700554486736
806,8.05,0.0,0.0,0.0,0.0,-2.6383137754266532,-9.825398475174396,1.9222533574098042,2.0018112999513407,-2.1149978521614976,-2.1644249215920803,-0.04942706943058258,-7.187084699747743
807,8.06,0.0,0.0,0.0,0.0,-2.6275385892830236,-9.783325754725844,0.24801216726523878,6.372235123687095,-2.141313173695546,-2.2625049361915446,-0.12119176249599735,-7.1557871654428205
808,8.07,0.0,0.0,0.0,0.0,-2.6329207096698273,-9.699026323554591,-1.29691191639719,10.42209584761685,-2.1676026066285825,-2.3599504213359994,-0.19234781470741855,-7.066105613884764
809,8.08,0.0,0.0,0.0,0.0,-2.652830790069695,-9.576380435594453,-2.6487278731306647,14.024570561136018,-2.194020108376076,-2.456357455445599,-0.2623373470695228,-6.9235496455247585
810,8.09,0.0,0.0,0.0,0.0,-2.685111763470899,-9.420278954722471,-3.7662094221036067,17.10541996542169,-2.220700516479617,-2.55136641008366,-0.3306658936040428,-6.7351671912515725
811,8.1,0.0,0.0,0.0,0.0,-2.7273120497232126,-9.236086456525017,-4.631418346206728,19.643226247512317,-2.247755431404091,-2.6446693736118982,-0.39691394220780724,-6.5087744068018045
812,8.11,0.0,0.0,0.0,0.0,-2.776904785221865,-9.029154355930503,-5.2464567071388,21.65989748060515,-2.2752713945639127,-2.7360123750002687,-0.46074098043635636,-6.2522495707086385
813,8.120000000000001,0.0,0.0,0.0,0.0,-2.831462377613861,-8.804456902140421,-5.628107794615047,23.206461630443464,-2.303310052849165,-2.8251933140188514,-0.5218832611696848,-5.97299452452656
814,8.13,0.0,0.0,0.0,0.0,-2.8887745448091326,-8.56637282523229,-5.8021464401918275,24.348789064572955,-2.3319097888849605,-2.912056978997776,-0.5801471901128152,-5.677598280423158
815,8.14,0.0,0.0,0.0,0.0,-2.9469129689026277,-8.318597316068935,-5.79848554331833,25.156113347197074,-2.3610882578071903,-2.996488555973685,-0.6354002981664956,-5.371684347166307
816,8.15,0.0,0.0,0.0,0.0,-3.0042538430859653,-8.064150007762938,-5.647639141523332,25.69334612239487,-2.390845349090797,-3.0784067692039416,-0.6875614201131457,-5.059896164676973
817,8.16,0.0,0.0,0.0,0.0,-3.059471717380448,-7.805441675257186,-5.378489348117286,26.016903326955443,-2.4211662194898764,3.1254278828691175,-0.7365912048205921,-4.7459699578767385
818,8.17,0.0,0.0,0.0,0.0,-3.1115165032121745,-7.544368616486405,-5.01709863707921,26.17318055956066,-2.4520241715263698,3.0486775282947773,-0.7824836073584372,-4.432852113274231
819,8.18,0.0,0.0,0.0,0.0,-3.1595824916023494,-7.2824130158952345,-4.586248429204534,26.19873314084949,-2.483383256043994,2.974543406163934,-0.8252586449716588,-4.122830524292885
820,8.19,0.0,0.0,0.0,0.0,-3.203075192553048,-7.020736327381431,-4.105423782675664,26.12138148754373,-2.5152005503338217,2.9030283029201156,-0.8649564539256472,-3.817661134828383
821,8.2,0.0,0.0,0.0,0.0,-3.2415793573747864,-6.760259345472395,-3.5910370970041803,25.961696174901874,-2.547428108576616,2.8341246541310374,-0.9016325444719305,-3.5186799880976087
822,8.21,0.0,0.0,0.0,0.0,-3.2748298420535566,-6.501726998297098,-3.0567552341437874,25.73452746283753,-2.580014605851242,2.7678166143857856,-0.9353540869425571,-3.2268971562435413
823,8.22,0.0,0.0,0.0,0.0,-3.3026859081624793,-6.245758420071984,-2.5138503200218767,25.450400031502124,-2.612906707766364,2.704081553984685,-0.9661970454285373,-2.9430725119095045
824,8.23,0.0,0.0,0.0,0.0,-3.3251089655808483,-5.992884102611999,-1.9715327571995542,25.11669567602358,-2.646050200457887,2.642891121273208,-0.9942439854484924,-2.6677751370311507
825,8.24,0.0,0.0,0.0,0.0,-3.3421434755741832,-5.743572368300153,-1.437248699990336,24.73860680483146,-2.679390914110875,2.5842119887613206,-1.0195824043073898,-2.40142889272597
826,8.25,0.0,0.0,0.0,0.0,-3.3539006290604263,-5.4982474017740826,-0.9169376016570475,24.319875192624917,-2.7128754697204664,2.528006378507249,-1.0423034589518714,-2.1443467727136563
827,8.26,0.0,0.0,0.0,0.0,-3.360544408641175,-5.257300852098795,-0.41525211783611493,23.863344430440634,-2.746451874867573,2.474232440883159,-1.0625009914288526,-1.8967564434576198
828,8.27,0.0,0.0,0.0,0.0,-3.36227968178139,-5.021098706945186,0.0642546422608428,23.371358487332703,-2.780069990542429,2.4228445422404894,-1.080270774396667,-1.6588190251637962
829,8.28,0.0,0.0,0.0,0.0,-3.3593420264339997,-4.789984819353072,0.5189689740289136,22.846037580399752,-2.8136818877878262,2.373793501592284,-1.0957099177994756,-1.4306427929190724
830,8.290000000000001,0.0,0.0,0.0,0.0,-3.3519890439416655,-4.564282172321214,0.9470784881177694,22.289458997047465,-2.8472421102185628,2.3270268041302975,-1.1089163928307257,-1.2122931283795482
831,8.3,0.0,0.0,0.0,0.0,-3.3404929603721127,-4.34429271137958,1.347451895368018,21.70376620200619,-2.8807078562608446,2.282488809853617,-1.1199886410651245,-1.0037997510074677
832,8.31,0.0,0.0,0.0,0.0,-3.3251343545309884,-4.130296363539188,1.7195334176603372,21.091225296689334,-2.9140390931602433,2.240120968378071,-1.1290252456412702,-0.8051620090081992
833,8.32,0.0,0.0,0.0,0.0,-3.306196879148923,-3.9225496900288133,2.06324939735084,20.454244045480735,-2.947198613337143,2.1998620456990947,-1.1361246481433482,-0.6163528108798904
834,8.33,0.0,0.0,0.0,0.0,-3.283962862590263,-3.7212844851084514,2.378925333486851,19.795365371527396,-2.9801520424434997,2.161648364909488,-1.1413848998265983,-0.4373216225181884
835,8.34,0.0,0.0,0.0,0.0,-3.258709693579679,-3.526706528475321,2.6672120601802916,19.11724446368764,-3.0128678074278814,2.125414060297607,-1.144903439454098,-0.2679968348956421
836,8.35,0.0,0.0,0.0,0.0,-3.230706902474722,-3.3389946190288304,2.9290201234545963,18.42261638226463,-3.0453170719987646,2.0910913425938977,-1.146776892586925,-0.1082877165541083
837,8.36,0.0,0.0,0.0,0.0,-3.200213860839615,-3.1582999582827935,3.1654616381456555,17.71425923957375,-3.0774736460543415,2.0586107721684312,-1.1471008889568146,0.04191390255682137
838,8.370000000000001,0.0,0.0,0.0,0.0,-3.167478027500255,-2.984745908422863,3.37779904648323,16.994956594281117,-3.1093138748979516,2.027901536527657,-1.1459698957539792,0.18273211907739206
839,8.38,0.0,0.0,0.0,0.0,-3.1327336745987258,-2.8184281194841323,3.567400281175097,16.26746157206141,-3.1408165133673647,1.9988917283706717,-1.1434770654415487,0.31430555511459346
840,8.39,0.0,0.0,0.0,0.0,-3.0962010318964985,-2.6594149995490297,3.73569987910304,15.534464352966411,3.1112227178141163,1.9715086206305292,-1.139714097183586,0.4367860323474688
841,8.4,0.0,0.0,0.0,0.0,-3.0580857919964766,-2.507748488947953,3.8841656126785824,14.798563999544426,3.0804500464950944,1.9456789352574608,-1.1347711112376337,0.5503373030485235
842,8.41,0.0,0.0,0.0,0.0,-3.018578923429826,-2.3634450923322823,4.014270215397067,14.062245098550793,3.0500656387153735,1.9213291029306303,-1.1287365357847434,0.6551338310975439
843,8.42,0.0,0.0,0.0,0.0,-2.977856742760893,-2.226497119707036,4.127467783323693,13.32785931948778,3.020082517064485,1.898385511363407,-1.1216970057010769,0.7513596230538568
844,8.43,0.0,0.0,0.0,0.0,-2.936081201021147,-2.0968740878816674,4.2251744394898605,12.597611727832252,2.9905120131099365,1.8767747403566117,-1.1137372727533232,0.8392071131394796
845,8.44,0.0,0.0,0.0,0.0,-2.8934003438777514,-1.9745242363956224,4.308752855804669,11.873551507565674,2.9613639088807213,1.8564237822281617,-1.1049401266525585,0.918876107482129
846,8.45,0.0,0.0,0.0,0.0,-2.8499489089443184,-1.8593761160704867,4.379500238067281,11.157566628822364,2.9326465730345763,1.8372602466874524,-1.0953863263471255,0.9905727928738317
847,8.46,0.0,0.0,0.0,0.0,-2.805849027516129,-1.7513402133615241,4.438639394104973,10.45138192801573,2.9043670905043126,1.8192125496167888,-1.0851545408875232,1.054508814154605
848,8.47,0.0,0.0,0.0,0.0,-2.7612110017267235,-1.6503105791832098,4.487312522551883,9.756560038463148,2.876531384727041,1.8022100855631988,-1.0743212991638422,1.1109004225435137
849,8.48,0.0,0.0,0.0,0.0,-2.716134131649765,-1.5561664365206367,4.526577379655313,9.07450461032702,2.8491443318322354,1.7861833840289476,-1.0629609478032875,1.1599676951291285
850,8.49,0.0,0.0,0.0,0.0,-2.6707075701900704,-1.4687737466490136,4.557405502984943,8.406465282415255,2.82220986640274,1.7710642498783349,-1.0511456165244055,1.2019338235410568
851,8.5,0.0,0.0,0.0,0.0,-2.62501118670731,-1.387986718965687,4.580682193275964,7.753543909125356,2.7957310786285223,1.7567858883537495,-1.0389451902747744,1.237024467741623
852,8.51,0.0,0.0,0.0,0.0,-2.579116423190892,-1.3136492541504614,4.597207978189548,7.116701598724636,2.7697103028490853,1.7432830153200234,-1.0264272875290608,1.2654671690404307
853,8.52,0.0,0.0,0.0,0.0,-2.533087129455163,-1.245596314508299,4.607701303976009,6.496766180120037,2.744149197628795,1.73049195343767,-1.0136572441911234,1.287490814946864
854,8.53,0.0,0.0,0.0,0.0,-2.4869803662562227,-1.1836552188518346,4.6128022224678205,5.894439780792421,2.719048817632348,1.718350715009083,-1.0006981026232649,1.303325147404388
855,8.540000000000001,0.0,0.0,0.0,0.0,-2.440847167454371,-1.12764686211919,4.613076861247178,5.3103062656344795,2.6944096776673105,1.706799072253392,-0.9876106054139171,1.313200305335181
856,8.55,0.0,0.0,0.0,0.0,-2.3947332543705033,-1.0773868620934284,4.609022484097912,4.744838352420222,2.6702318093391604,1.69577861575232,-0.9744531935868401,1.317346392277075
857,8.56,0.0,0.0,0.0,0.0,-2.3486796973220216,-1.0326866371155747,4.601072966957789,4.198404282290321,2.6465148108233594,1.685232801777583,-0.9612820090457752,1.315993060206447
858,8.57,0.0,0.0,0.0,0.0,-2.3027235209859462,-0.9933544196074401,4.589604531625782,3.671273981065599,2.6232578903008266,1.6751069891663581,-0.9481509011344691,1.3093691013785063
859,8.58,0.0,0.0,0.0,0.0,-2.2568982517327285,-0.9591962106026883,4.574941595610968,3.163624697818792,2.600459903628927,1.6653484663608351,-0.9351114372680918,1.2977020411300402
860,8.59,0.0,0.0,0.0,0.0,-2.2112344064129537,-0.9300166804002705,4.5573626119354795,2.6755461497675066,2.5781193868319527,1.6559064691759557,-0.9222129176559981,1.2812177260126831
861,8.6,0.0,0.0,0.0,0.0,-2.1657599232659694,-0.9056200199870102,4.53710578763079,2.2070452363609774,2.55623458399413,1.6467321898103746,-0.9095023941837546,1.2601399032789593
862,8.61,0.0,0.0,0.0,0.0,-2.1205005366588274,-0.8858107471167579,4.51437458427992,1.7580504100092356,2.534803471126205,1.6377787775727581,-0.8970246935534483,1.2346897895420694
863,8.620000000000001,0.0,0.0,0.0,0.0,-2.075480098258104,-0.8703944699748757,4.489342918396865,1.3284158062102283,2.5138237765549727,1.6290013317613719,-0.8848224447935998,1.2050856282832285
864,8.63,0.0,0.0,0.0,0.0,-2.0307208479875385,-0.8591786102900458,4.462159993771649,0.9179252422448139,2.4932929983552423,1.620356887110904,-0.8729361112443363,1.1715422376974927
865,8.64,0.0,0.0,0.0,0.0,-1.9862436387317048,-0.8519730866660202,4.432954712143756,0.5262961918485883,2.4732084193069697,1.6118043922072394,-0.8614040270997314,1.1342705520656846
866,8.65,0.0,0.0,0.0,0.0,-1.9420681192121196,-0.848590957870881,4.401839622619987,0.15318383439610905,2.4535671198183735,1.6033046812685283,-0.850262438549845,1.0934771613412386
867,8.66,0.0,0.0,0.0,0.0,-1.898212879788764,-0.8488490249051811,4.368914383977164,-0.2018147375695168,2.4343659892097027,1.5948204396981494,-0.8395455495115527,1.049363854883583
868,8.67,0.0,0.0,0.0,0.0,-1.8546955661322633,-0.8525683899243246,4.334268727184414,-0.539156087676927,2.4156017357038015,1.5863161638308538,-0.8292855718729484,1.0021271762079387
869,8.68,0.0,0.0,0.0,0.0,-1.811532965775685,-0.8595749695502082,4.29798491790623,-0.8593457389939233,2.3972708954197235,1.5777581153155245,-0.8195127801041985,0.9519579962254767
870,8.69,0.0,0.0,0.0,0.0,-1.7687410724993042,-0.8696999597927736,4.260139730159282,-1.1629331913718997,2.3793698406157344,1.5691142706043868,-0.810255570011347,0.8990411127065306
871,8.700000000000001,0.0,0.0,0.0,0.0,-1.7263351333380128,-0.8827802497188149,4.220805952457537,-1.4505066559108537,2.361894787379247,1.56035426604691,-0.8015405213323353,0.843554883619198
872,8.71,0.0,0.0,0.0,0.0,-1.6843296827429124,-0.8986587811446095,4.180053456491145,-1.7226875310091672,2.344841802914572,1.5514493391147495,-0.7933924637998232,0.7856709015983029
873,8.72,0.0,0.0,0.0,0.0,-1.6427385680910898,-0.9171848519706584,4.137949865496747,-1.9801246633769383,2.3282068125356172,1.542372266309754,-0.7858345462258647,0.7255537161204314
874,8.73,0.0,0.0,0.0,0.0,-1.601574970337685,-0.938214361291674,4.094560864906719,-2.223488453026651,2.31198560643079,1.5330972983284559,-0.7788883081023321,0.6633606090460109
875,8.74,0.0,0.0,0.0,0.0,-1.5608514231581534,-0.9616099950678808,4.049950201599242,-2.453464873145954,2.2961738462315053,1.5236000930719404,-0.7725737531595634,0.5992414280902726
876,8.75,0.0,0.0,0.0,0.0,-1.5205798334537652,-0.9872413518957084,4.004179420166208,-2.6707494837029913,2.280767071384653,1.5138576470984537,-0.7669094242861981,0.5333384815580569
877,8.76,0.0,0.0,0.0,0.0,-1.4807715056050768,-1.0149850092279782,3.9573073851914966,-2.8760415217060062,2.2657607053030504,1.5038482261166868,-0.7619124791863648,0.46578649637709857
878,8.77,0.0,0.0,0.0,0.0,-1.4414371713710152,-1.044724531228141,3.9093896377600337,-3.0700381515215502,2.2511500612465176,1.493551295110037,-0.7575987661364791,0.3967126401428742
879,8.78,0.0,0.0,0.0,0.0,-1.4025870268577145,-1.0763504202662553,3.860477632507005,-3.253428955995126,2.2369303478696048,1.4829474486661018,-0.753982899203504,0.32623660659145926
880,8.790000000000001,0.0,0.0,0.0,0.0,-1.3642307775315687,-1.1097600148475542,3.810617898699083,-3.4268907438816965,2.223096674360043,1.4720183420617046,-0.7510783322983385,0.2544707626840146
881,8.8,0.0,0.0,0.0,0.0,-1.3263776918330783,-1.1448573374848452,3.7598511653516393,-3.5910827418902014,2.209644055084373,1.4607466236221134,-0.7488974314622582,0.1815203543482331
882,8.81,0.0,0.0,0.0,0.0,-1.2890366635672459,-1.1815528966673061,3.7082114864579347,-3.7466422311043934,2.196567413653527,1.4491158688347516,-0.7474515448187738,0.10748376689993977
883,8.82,0.0,0.0,0.0,0.0,-1.2522162829064476,-1.2197634476295118,3.655725398245483,-3.894180678230575,2.1838615863212008,1.4371105166533438,-0.746751069667856,0.032452835276935765
884,8.83,0.0,0.0,0.0,0.0,-1.2159249155434109,-1.2594117170814356,3.6024111361588886,-4.034280402555017,2.171521324630939,1.424715808379033,-0.7468055162519045,-0.043486801538024755
885,8.84,0.0,0.0,0.0,0.0,-1.1801707892758488,-1.3004260974214847,3.5482779351394673,-4.167491810070522,2.1595412972338375,1.411917729451516,-0.7476235677823205,-0.1202553081456359
886,8.85,0.0,0.0,0.0,0.0,-1.1449620870884447,-1.3427403162239084,3.4933254328310444,-4.294331217251429,2.147916090807059,1.3987029544265743,-0.7492131363804838,-0.19777822913546372
887,8.86,0.0,0.0,0.0,0.0,-1.1103070456202635,-1.3862930869743542,3.437543191651154,-4.415279278600695,2.136640210013608,1.3850587953575326,-0.7515814146560736,-0.27598604135409066
888,8.870000000000001,0.0,0.0,0.0,0.0,-1.0762140577635793,-1.4310277471297266,3.380910352252702,-4.530780024436477,2.1257080764556786,1.370973153737821,-0.7547349227178594,-0.3548136893661473
889,8.88,0.0,0.0,0.0,0.0,-1.042691778030833,-1.4768918896076906,3.3233954277561075,-4.641240508407271,2.11511402658701,1.356434476100886,-0.7586795504861222,-0.4342001115768577
890,8.89,0.0,0.0,0.0,0.0,-1.0097492292472334,-1.5238369937738012,3.2649562452223226,-4.747031057824946,2.104852308563698,1.3414317133127147,-0.7634205952509816,-0.5140877645265678
891,8.9,0.0,0.0,0.0,0.0,-0.9773959090757782,-1.5718180618947017,3.205540038112682,-4.848486113930955,2.0949170780276787,1.325954283532094,-0.7689627944955831,-0.5944221528189235
892,8.91,0.0,0.0,0.0,0.0,-0.945641894856887,-1.6207932668684548,3.1450836908769615,-4.945905643471339,2.085302392832112,1.3099920387547135,-0.7753103540773986,-0.6751513720115678
893,8.92,0.0,0.0,0.0,0.0,-0.9144979452463178,-1.670723616828225,3.0835141342642642,-5.039557097260866,2.0760022067331243,1.293535234800152,-0.7824669719329734,-0.7562256715819071
894,8.93,0.0,0.0,0.0,0.0,-0.8839755971617728,-1.7215726419433945,3.0207488874002464,-5.12967788558091,2.0670103620874016,1.2765745045461427,-0.7904358575412587,-0.8375970447816218
895,8.94,0.0,0.0,0.0,0.0,-0.8540872566011165,-1.7733061084103439,2.9566967400739674,-5.216478334142297,2.058320581609795,1.2591008341628962,-0.7992197474468986,-0.9192188518092274
896,8.950000000000001,0.0,0.0,0.0,0.0,-0.8248462819740097,-1.8258917642303871,2.8912585660009307,-5.300145077868737,2.04992645925908,1.241105542052213,-0.8088209172068666,-1.0010454822563775
897,8.96,0.0,0.0,0.0,0.0,-0.7962670586948422,-1.8792991209109005,2.8243282550748363,-5.380844842908262,2.041821450333109,1.2225802601524647,-0.819241190180645,-1.0830320622160583
898,8.97,0.0,0.0,0.0,0.0,-0.768365063918612,-1.9334992746944226,2.7557937498171796,-5.4587285601371835,2.0339988608664425,1.2035169172316378,-0.8304819436348054,-1.1651342107758107
899,8.98,0.0,0.0,0.0,0.0,-0.741156920463491,-1.9884647703164635,2.685538168441145,-5.5339357461433485,2.0264518364339708,1.1839077237577227,-0.8425441126762478,-1.2473078498529726
900,8.99,0.0,0.0,0.0,0.0,-0.7146604391530643,-2.044169509616937,2.613440994253857,-5.606599080518601,2.0191733504726597,1.1637451579088696,-0.8554281925637893,-1.3295090704638728
901,9.0,0.0,0.0,0.0,0.0,-0.6888946490266994,-2.1005887065841526,2.539379308648735,-5.676849101577935,2.0121561922401696,1.1430219522662517,-0.8691342399739177,-1.4116940575574533
902,9.01,0.0,0.0,0.0,0.0,-0.6638798151048659,-2.1576988896012774,2.463229042828669,-5.744818936744395,2.005392954533438,1.121731080720763,-0.8836618738126746,-1.4938190744964115
903,9.02,0.0,0.0,0.0,0.0,-0.6396374436532898,-2.2154779508032276,2.384866221808027,-5.810648979213637,1.9988760212921817,1.0998657451212734,-0.8990102761709096,-1.575840507149938
904,9.03,0.0,0.0,0.0,0.0,-0.6161902751595386,-2.2739052415517516,2.3041681733289576,-5.874491419563521,1.9925975552114852,1.0774193611974807,-0.9151781940140047,-1.6577149663922128
905,9.040000000000001,0.0,0.0,0.0,0.0,-0.5935622655104233,-2.332961712116866,2.221014674250211,-5.936514540087353,1.986549485484143,1.0543855433050302,-0.9321639421791132,-1.7393994466064426
906,9.05,0.0,0.0,0.0,0.0,-0.5717785561294295,-2.392630092735862,2.1352890078612985,-5.996906681121223,1.9807234957871722,1.0307580875641973,-0.9499654082229732,-1.8208515366064326
907,9.06,0.0,0.0,0.0,0.0,-0.5508654340898593,-2.452895112332194,2.0468789075450964,-6.055879792703808,1.9751110126180107,1.0065309529961928,-0.9685800596218186,-1.9020296782423347
908,9.07,0.0,0.0,0.0,0.0,-0.5308502834506852,-2.5137437503408973,1.9556773653228643,-6.113672491610635,1.969703194074607,0.9816982403026656,-0.9880049537719422,-1.982893466890212
909,9.08,0.0,0.0,0.0,0.0,-0.5117615292562775,-2.5751655163320937,1.861583288077059,-6.170552553026138,1.9644909191600965,0.9562541679832243,-1.0082367511768708,-2.0634039870758163
910,9.09,0.0,0.0,0.0,0.0,-0.49362857578732655,-2.637152751472073,1.7645019896208085,-6.226818777557812,1.9594647776775933,0.9301930455423344,-1.0292717321352576,-2.1435241756847465
911,9.1,0.0,0.0,0.0,0.0,-0.47648174073741845,-2.6997009453332197,1.6643455131706646,-6.282802187467879,1.9546150607642587,0.9035092435992764,-1.0511058171649814,-2.223219204595801
912,9.11,0.0,0.0,0.0,0.0,-0.46035218700851915,-2.7628090611734386,1.561032786038168,-6.338866520239815,1.9499317520969077,0.876197160781799,-1.0737345913151095,-2.3024568741649194
913,9.120000000000001,0.0,0.0,0.0,0.0,-0.4452718537612186,-2.826479862559588,1.4544896163032792,-6.395408002103495,1.945404519784703,0.8482511873542428,-1.0971533324304594,-2.3812080087983696
914,9.13,0.0,0.0,0.0,0.0,-0.43127338821613703,-2.890720234105813,1.3446485496627703,-6.452854397999017,1.9410227089487602,0.819665665602865,-1.1213570433458961,-2.459446845889676
915,9.14,0.0,0.0,0.0,0.0,-0.41839007947754414,-2.9555414891256526,1.231448613347712,-6.511663346695735,1.9367753349745613,0.7904348470731961,-1.1463404879013666,-2.5371514096481085
916,9.15,0.0,0.0,0.0,0.0,-0.40665579533749885,-3.0209596571343083,1.114834982780854,-6.572319999417409,1.9326510774118817,0.7605528468258733,-1.1720982305860097,-2.6143038617968095
917,9.16,0.0,0.0,0.0,0.0,-0.3961049226184444,-3.0869957443551748,0.9947586153336976,-6.635333986424615,1.928638274489253,0.7300135949468,-1.198624679542452,-2.69089082173673
918,9.17,0.0,0.0,0.0,0.0,-0.38677231112598703,-3.1536759606415607,0.8711759040378184,-6.701235737719108,1.9247249182067854,0.698810785614799,-1.2259141325919856,-2.766903649515574
919,9.18,0.0,0.0,0.0,0.0,-0.3786932207135309,-3.2210319064737893,0.7440484123649505,-6.770572180636502,1.9208986499732243,0.6669378240944674,-1.2539608258787573,-2.8423386857602586
920,9.19,0.0,0.0,0.0,0.0,-0.3719032703088514,-3.2891007138789714,0.6133427592550063,-6.843901827991987,1.917146756761304,0.6343877720843765,-1.2827589846769285,-2.91719744357012
921,9.200000000000001,0.0,0.0,0.0,0.0,-0.36643838702094716,-3.357925135186433,0.47903073156374903,-6.92178925519447,1.913456167770534,0.6011532919117848,-1.3123028758587487,-2.9914867481654857
922,9.21,0.0,0.0,0.0,0.0,-0.36233475263338966,-3.427553573412768,0.34108970922712745,-7.004798943031999,1.9098134516093843,0.5672265901264196,-1.3425868614829646,-3.0652188207793785
923,9.22,0.0,0.0,0.0,0.0,-0.35962874389519633,-3.498040047701497,0.1995034969748601,-7.093488434451879,1.9062048140401555,0.5325993611093367,-1.3736054529308184,-3.1384113038063006
924,9.23,0.0,0.0,0.0,0.0,-0.35835686203631173,-3.5694440865549453,0.054263665711072544,-7.188400718484333,1.9026160963705758,0.4972627313820432,-1.4053533649885324,-3.2110872245186335
925,9.24,0.0,0.0,0.0,0.0,-0.35855564585263655,-3.6418305405233964,-0.09462848291502225,-7.290055712413704,1.8990327746271995,0.46120720537848503,-1.437825569248713,-3.2832748946707597
926,9.25,0.0,0.0,0.0,0.0,-0.3602615615121992,-3.7152693044883134,-0.24715920331687152,-7.398940664334062,1.8954399597081133,0.4244226135331807,-1.4710173461749327,-3.355007742976114
927,9.26,0.0,0.0,0.0,0.0,-0.36351086091261786,-3.7898349376240854,-0.4032987049664262,-7.515499242311916,1.891822398787425,0.386898063647169,-1.5049243351402566,-3.4263240767114675
928,9.27,0.0,0.0,0.0,0.0,-0.3683393989505636,-3.8656061664765473,-0.5629965085119177,-7.640119013545648,1.8881644783329283,0.3486218966253702,-1.5395425817075583,-3.497266767525984
929,9.28,0.0,0.0,0.0,0.0,-0.3747823984245772,-3.9426652532879634,-0.7261755858414896,-7.7731169473211335,1.8844502292027738,0.30958164784044157,-1.5748685813623318,-3.5678828548633863
930,9.290000000000001,0.0,0.0,0.0,0.0,-0.3828741494613542,-4.021097207661608,-0.8927250906950417,-7.914722499653988,1.8806633344087471,0.26976401557652985,-1.610899318832218,-3.638223058200254
931,9.3,0.0,0.0,0.0,0.0,-0.39264762831340616,-4.100988814835405,-1.0624914645765877,-8.065057756239389,1.8767871402748943,0.22915483824887697,-1.6476323020260188,-3.7083411865219986
932,9.31,0.0,0.0,0.0,0.0,-0.40413401811115235,-4.1824274481785135,-1.2352676802550167,-8.224114025546656,1.872804671882871,0.18773908238989562,-1.6850655894929758,-3.778293430067361
933,9.32,0.0,0.0,0.0,0.0,-0.41736211166681375,-4.265499627015828,-1.4107803638294147,-8.391724188864591,1.8686986538818404,0.14550084374838618,-1.7231978101334533,-3.848137515349014
934,9.33,0.0,0.0,0.0,0.0,-0.4323575737458498,-4.350289273547442,-1.58867451901776,-8.567530034289314,1.8644515379530116,0.10242336427318505,-1.7620281736798276,-3.917931699801592
935,9.34,0.0,0.0,0.0,0.0,-0.44914203740397335,-4.436875614553972,-1.7684955683156736,-8.75094373574351,1.8600455384587724,0.05848906825492432,-1.8015564702038496,-3.9877335771499984
936,9.35,0.0,0.0,0.0,0.0,-0.4677320061469032,-4.525330664966591,-1.9496684312970853,-8.94110259947829,1.8554626780746533,0.013679621485308477,-1.8417830565893432,-4.057598658819688
937,9.36,0.0,0.0,0.0,0.0,-0.48813753099480184,-4.615716221597829,-2.1314733896061915,-9.136816208968288,1.8506848454983862,-0.032023982033447876,-1.882708827531833,-4.127578690603027
938,9.370000000000001,0.0,0.0,0.0,0.0,-0.5103606293196341,-4.708080286981362,-2.3130185536361085,-9.336505183278911,1.8456938676511334,-0.07864130053691272,-1.9243351681880447,-4.197719657661728
939,9.38,0.0,0.0,0.0,0.0,-0.5343934110136823,-4.802452836302836,-2.4932088644301165,-9.538130963963127,1.8404715991248128,-0.1261922859753078,-1.9666638851001188,-4.268059425289153
940,9.39,0.0,0.0,0.0,0.0,-0.560215877778706,-4.898840836237292,-2.6707117582231903,-9.739116415868336,1.835000031974309,-0.17469707949582586,-2.0096971114701363,-4.338624958458586
941,9.4,0.0,0.0,0.0,0.0,-0.5877933639869102,-4.997222425187328,-2.843919918516816,-9.936257639580136,1.8292614292846607,-0.22417575299348946,-2.0534371822781496,-4.409429061200417
942,9.41,0.0,0.0,0.0,0.0,-0.617073593860274,-5.097540172798118,-3.010911975985837,-10.125628337968116,1.823238486230931,-0.274647987922841,-2.097886474153772,-4.480466578937844
943,9.42,0.0,0.0,0.0,0.0,-0.6479833412156115,-5.199693356558871,-3.1694126290401825,-10.302479464207423,1.8169145225486083,-0.32613268182954236,-2.14304720437815,-4.55171001534326
944,9.43,0.0,0.0,0.0,0.0,-0.6804246967042485,-5.303529229776384,-3.3167544880034256,-10.46113882215702,1.810273710383431,-0.3786474726052312,-2.1889211829886617,-4.623104533072135
945,9.44,0.0,0.0,0.0,0.0,-0.7142709756949356,-5.408833314389345,-3.4498450280284314,-10.594917904850053,1.8033013413081451,-0.43220817048603244,-2.235509511794178,-4.69456233869441
946,9.450000000000001,0.0,0.0,0.0,0.0,-0.7493623403259826,-5.515318841123841,-3.565143385192288,-10.696036618962363,1.7959841357715889,-0.4868280885668818,-2.282812224338472,-4.765956500797859
947,9.46,0.0,0.0,0.0,0.0,-0.7855012643779963,-5.622615585878437,-3.6586533214913994,-10.75558063882296,1.7883105972478741,-0.5425172644266467,-2.330827861674522,-4.837114321500441
948,9.47,0.0,0.0,0.0,0.0,-0.8224480415053409,-5.7302585215755375,-3.725940421495386,-10.763510780018793,1.7802714117219445,-0.5992815687610723,-2.379552980483017,-4.9078104800701965
949,9.48,0.0,0.0,0.0,0.0,-0.8599166265451996,-5.837676922513794,-3.7621832591748654,-10.70874852008284,1.77185989071052,-0.6571217021621657,-2.4289815928726854,-4.9777602959685945
950,9.49,0.0,0.0,0.0,0.0,-0.8975712038222462,-5.944184820489662,-3.762269525787416,-10.579365759061083,1.7630724526096528,-0.7160320888314303,-2.4791045414410826,-5.046613616667416
951,9.5,0.0,0.0,0.0,0.0,-0.9350239887527811,-6.048974004466795,-3.7209483857145935,-10.362908726101763,1.7539091326613425,-0.7759996864542601,-2.529908819115602,-5.113950015714014
952,9.51,0.0,0.0,0.0,0.0,-0.9718348762758502,-6.151111047611793,-3.6330488801109744,-10.046883665379157,1.7443741062204474,-0.8370027448598135,-2.5813768510802615,-5.1792761713359425
953,9.52,0.0,0.0,0.0,0.0,-1.0075136301559737,-6.249540084693708,-3.4937701553879634,-9.61942322643701,1.7344762034315757,-0.8990095621973253,-2.6334857656289015,-5.242026454537734
954,9.53,0.0,0.0,0.0,0.0,-1.041525330814057,-6.343093172895119,-3.2990418390978236,-9.070135019769449,1.724229386305009,-0.9619773052855372,-2.6862066915905456,-5.301567842081062
955,9.540000000000001,0.0,0.0,0.0,0.0,-1.0732997292966648,-6.430509954043975,-3.0459415927753426,-8.391106138806,1.7136531522602516,-1.0258509787777548,-2.7395041310380077,-5.357210224747311
956,9.55,0.0,0.0,0.0,0.0,-1.1022449541186867,-6.510467895277385,-2.7331421684281714,-7.578000283782723,1.7027728226115202,-1.090562643069746,-2.7933354656812672,-5.408222941158698
957,9.56,0.0,0.0,0.0,0.0,-1.1277656594991552,-6.581623540666184,-2.3613439596293384,-6.631141643979755,1.6916196716570147,-1.1560309897796024,-2.8476506614366177,-5.453857881167029
958,9.57,0.0,0.0,0.0,0.0,-1.1492851873035876,-6.642663944384022,-1.933634477687181,-5.556440480195255,1.6802308536083215,-1.2221613819706227,-2.902392235578944,-5.493378757080435
959,9.58,0.0,0.0,0.0,0.0,-1.166270681634452,-6.692365869000011,-1.455708179534261,-4.365991844955667,1.6686490919732495,-1.2888464502553176,-2.9574955422285663,-5.526095187365559
960,9.59,0.0,0.0,0.0,0.0,-1.1782594358514025,-6.729658646271468,-0.935883701131534,-3.0781846707879543,1.6569221099420604,-1.3559673032747994,-3.0128894132168598,-5.551399210420065
961,9.6,0.0,0.0,0.0,0.0,-1.1848842028217468,-6.753685159834566,-0.38487428945944324,-1.7172033027234068,1.645101800430344,-1.4233953624580955,-3.06849716288844,-5.568800957012819
962,9.61,0.0,0.0,0.0,0.0,-1.1858949141232606,-6.763854620711414,0.18469918185885206,-0.31188755744501656,1.6332431588291996,-1.4909947709173934,-3.124237929746592,-5.577959706588153
963,9.620000000000001,0.0,0.0,0.0,0.0,-1.1811743588697163,-6.759881003994889,0.7590201411276224,1.105972821234147,1.6214030268905604,-1.558625263116842,3.1031570171721845,-5.578706645125172
964,9.63,0.0,0.0,0.0,0.0,-1.1707459161192377,-6.741802335941537,1.3239380548813486,2.5037235496340764,1.6096387183079433,-1.6261453263248569,3.0474012625467863,-5.571056419822299
965,9.64,0.0,0.0,0.0,0.0,-1.1547723537483094,-6.709978312770372,1.8658742432550859,3.8500458598241365,1.5980066112735842,-1.6934154475511292,2.991763248354873,-5.555205959022063
966,9.65,0.0,0.0,0.0,0.0,-1.1335458309203867,-6.665066559865404,2.372656665102405,5.116981298635042,1.5865607976210498,-1.760301228413035,2.936323281145501,-5.531520728945018
967,9.66,0.0,0.0,0.0,0.0,-1.1074703379363604,-6.607980600711337,2.834183315601644,6.281529078482837,1.5753518711847547,-1.8266761675811167,2.8811572684137157,-5.500510262774977
968,9.67,0.0,0.0,0.0,0.0,-1.0770386518021033,-6.539834717889274,3.2428482272066987,7.326652100423656,1.564425921160941,-1.8924239524472106,2.826335433571434,-5.46279606608717
969,9.68,0.0,0.0,0.0,0.0,-1.0428063296212733,-6.4618819724755765,3.593707923677915,8.241640136180312,1.5538237728869146,-1.957440159838417,2.771921374454254,-5.419075642854303
970,9.69,0.0,0.0,0.0,0.0,-1.005365268470165,-6.37545161635868,3.884407930689472,9.02188468659093,1.5435804928535495,-2.021633328987744,2.7179714853382917,-5.370086347888515
971,9.700000000000001,0.0,0.0,0.0,0.0,-0.965318999617413,-6.28189117416425,4.114919519437183,9.668196293658722,1.533725151028708,-2.0849254281636975,2.664534727987181,-5.316572174546837
972,9.71,0.0,0.0,0.0,0.0,-0.9232612939937094,-6.182516948983569,4.287152063958059,10.185831201449252,1.52428081471872,-2.1472517818163164,2.6116527106445497,-5.259255654989859
973,9.72,0.0,0.0,0.0,0.0,-0.8797589882627478,-6.078575016716035,4.404506972885428,10.583392839723192,1.5152647357589288,-2.2085605541806403,2.5593600172400164,-5.198816028453287
974,9.73,0.0,0.0,0.0,0.0,-0.8353393245839206,-5.971213242315518,4.471429149569955,10.87174568561868,1.506688686895582,-2.2688118980360743,2.5076847222479297,-5.1358739177315975
975,9.74,0.0,0.0,0.0,0.0,-0.7904816123421519,-5.8614636741899435,4.492996503065267,11.063038304931437,1.498559402843057,-2.3279768764286866,2.4566490279078432,-5.070982061847792
976,9.75,0.0,0.0,0.0,0.0,-0.7456126972261705,-5.7502339171965975,4.474571727394283,11.169890526681817,1.4908790851680611,-2.3860362545980047,2.406269967413521,-5.004621219970427
977,9.76,0.0,0.0,0.0,0.0,-0.701105554138545,-5.638305719216223,4.4215264413218325,11.204764375837483,1.4836459362608154,-2.4429792432327706,2.3565601276859995,-4.9372001650776784
978,9.77,0.0,0.0,0.0,0.0,-0.6572802752512776,-5.526338946028451,4.3390372821753065,11.179512925181685,1.4768546948017507,-2.498802256016376,2.307528356361458,-4.869058670777173
979,9.78,0.0,0.0,0.0,0.0,-0.614406765000777,-5.4148792627498725,4.231946870789954,11.105085757902135,1.470497152272331,-2.5535077267588098,2.2591804281484444,-4.800472497749095
980,9.790000000000001,0.0,0.0,0.0,0.0,-0.5727085440629828,-5.3043680950360725,4.104679158735031,10.991362551333381,1.4645626365178332,-2.6071030158093333,2.21151965485242,-4.73165955097309
981,9.8,0.0,0.0,0.0,0.0,-0.5323671758316966,-5.1951537383938655,3.961197677950572,10.847085028011985,1.4590384538003514,-2.65959942264135,2.1645474307378847,-4.662786562562169
982,9.81,0.0,0.0,0.0,0.0,-0.4935269418751658,-5.0875027718045045,3.8049957761186572,10.67985989489521,1.4539102850755798,-2.711011311643507,2.1182637104604995,-4.593975829929339
983,9.82,0.0,0.0,0.0,0.0,-0.456299495439108,-4.981611185572584,3.6391093274745026,10.496209588840852,1.4491625354375344,-2.7613553510164413,2.0726674207256113,-4.525311690133476
984,9.83,0.0,0.0,0.0,0.0,-0.42076830859545566,-4.877614841425085,3.4661441457027418,10.30165240378736,1.4447786379375098,-2.8106498598541205,2.0277568093879554,-4.456846532829629
985,9.84,0.0,0.0,0.0,0.0,-0.38699279757553534,-4.77559904399922,3.288312066137204,10.10079812429209,1.4407413144684056,-2.8589142555123144,1.9835297371988658,-4.388606246423684
986,9.85,0.0,0.0,0.0,0.0,-0.3550120631432271,-4.675607121280706,3.107471228127464,9.897449238069568,1.4370327972855337,-2.9061685917832087,1.9399839181108436,-4.320595058137479
987,9.86,0.0,0.0,0.0,0.0,-0.3248482207870891,-4.577647994168209,2.9251673967960103,9.694701005695423,1.433635015165955,-2.9524331778104895,1.8971171142031422,-4.25279977338112
988,9.870000000000001,0.0,0.0,0.0,0.0,-0.2965093217049796,-4.481702769615071,2.742674202108199,9.495036137592942,1.430529748320964,-2.997728267773056,1.8549272910855659,-4.185193447910091
989,9.88,0.0,0.0,0.0,0.0,-0.2699918826323511,-4.387730424684292,2.561030963161461,9.300411652428656,1.4276987560746446,-3.0420738118895323,1.8134127392154098,-4.11773854205194
990,9.89,0.0,0.0,0.0,0.0,-0.24528305283579627,-4.295672666261986,2.3810773438102886,9.112336781955987,1.4251238810847233,-3.085489260067091,1.7725721660277727,-4.05038961342619
991,9.9,0.0,0.0,0.0,0.0,-0.22236245196934612,-4.205458057852132,2.2034844932804836,8.931941661598506,1.4227871335684752,-3.127993410405973,1.7324047632051383,-3.983095605882786
992,9.91,0.0,0.0,0.0,0.0,-0.20120371448107932,-4.117005504452078,2.0287826010647962,8.76003710769996,1.420670758647197,3.113581011491451,1.692910252844253,-3.915801789970999
993,9.92,0.0,0.0,0.0,0.0,-0.18177577600899344,-4.030227181665406,1.857384972613785,8.597166117632517,1.4187572895656637,3.072846205312723,1.6540889157470597,-3.8484514056564127
994,9.93,0.0,0.0,0.0,0.0,-0.16404393555994923,-3.945030987854685,1.689608838425237,8.443647905695922,1.417029589195934,3.0329711937790758,1.6159416045831416,-3.780987052294736
995,9.94,0.0,0.0,0.0,0.0,-0.1479707248239534,-3.861322589587891,1.52569316543259,8.299615357260128,1.41547088190867,2.9939406261601724,1.5784697442515028,-3.7133518647639376
996,9.950000000000001,0.0,0.0,0.0,0.0,-0.13351661315126453,-3.7790071217631866,1.3658137622490227,8.165046783417617,1.414064777595553,2.9557400990064226,1.5416753214108705,-3.645490508611922
997,9.96,0.0,0.0,0.0,0.0,-0.1206405737855995,-3.6979905951633416,1.2100959707332164,8.039792815146987,1.4127952893557605,2.918356154203838,1.505560864848078,-3.5773500213777423
998,9.97,0.0,0.0,0.0,0.0,-0.10930053407533674,-3.618181056126013,1.0586252240406158,7.923599208001598,1.4116468461179983,2.8817762642267697,1.470129418108772,-3.5088805220506765
999,9.98,0.0,0.0,0.0,0.0,-0.0994537296766766,-3.539489535702146,0.9114557317831893,7.816126247902982,1.4106043012560712,2.8459888068749026,1.4353845056188308,-3.4400358060254694
1000,9.99,0.0,0.0,0.0,0.0,-0.09105698026868259,-3.4618308191918556,0.7686175301901836,7.716965363670491,1.4096529380684841,2.810983031439999,1.4013300933715143,-3.370773838923173
1001,10.0,0.0,0.0,0.0,0.0,-0.08406690203796441,-3.385124061315614,0.6301221118932067,7.6256534673891565,1.4087784728288826,2.7767490179680627,1.367970545139179,-3.30105715927765
1002,10.01,0.0,0.0,0.0,0.0,-0.07844007015678493,-3.309293267477019,0.4959668277809132,7.54168546252392,1.4079670559719095,2.7432776310545917,1.335310575082683,-3.230853197320234
1003,10.02,0.0,0.0,0.0,0.0,-0.07413314265670405,-3.234267657560086,0.3661382331926905,7.464525283460978,1.4072052718561017,2.71056046942677,1.3033551975706685,-3.160134514903382
1004,10.03,0.0,0.0,0.0,0.0,-0.07110295546810366,-3.159981925424318,0.24061453294977603,7.393615759745081,1.406480137439729,2.6785898124189855,1.2721096749792564,-3.0888789699562147
1005,10.040000000000001,0.0,0.0,0.0,0.0,-0.0693065969295208,-3.086376404654307,0.11936726440921731,7.328387534101448,1.405779100115239,2.647358564330008,1.241579464214769,-3.017069807724786
1006,10.05,0.0,0.0,0.0,0.0,-0.06870146874581817,-3.0133971491239557,0.0023623446908718976,7.268267205590995,1.4050900348716617,2.61686019755508,1.2117701626834176,-2.9446956803781377
1007,10.06,0.0,0.0,0.0,0.0,-0.06924533916961188,-2.940995935483019,-0.11043940286005355,7.212684818079566,1.4044012408906565,2.5870886953081498,1.1826874544174928,-2.871750596313407
1008,10.07,0.0,0.0,0.0,0.0,-0.07089639307861074,-2.8691301937002964,-0.21908213746281088,7.161080769730063,1.4037014376297254,2.5580384946838413,1.1543370570541156,-2.7982338006216856
1009,10.08,0.0,0.0,0.0,0.0,-0.07361328260941433,-2.7977628712342564,-0.3236152078914372,7.112912181577506,1.4029797604045218,2.5297044307503316,1.1267246703458098,-2.724149588624842
1010,10.09,0.0,0.0,0.0,0.0,-0.07735518107719633,-2.726862236180904,-0.4240935884172622,7.067658732540063,1.4022257554503,2.502081682310078,1.0998559268597792,-2.6495070551037077
1011,10.1,0.0,0.0,0.0,0.0,-0.08208184205599707,-2.656401624799418,-0.5205784619978526,7.024827944520091,1.4014293744195914,2.47516571991178,1.0737363454921893,-2.574319782743421
1012,10.11,0.0,0.0,0.0,0.0,-0.08775366471516195,-2.586359139068938,-0.6131378766146429,6.983959884529286,1.400580968258407,2.448952256641763,1.0483712883833571,-2.4986054743537762
1013,10.120000000000001,0.0,0.0,0.0,0.0,-0.09433176580572453,-2.5167173003156345,-0.701847408574847,6.944631240858149,1.3996712803958828,2.4234372021646715,1.0237659217687898,-2.42238553450991
1014,10.13,0.0,0.0,0.0,0.0,-0.1017780580700771,-2.4474626654015896,-0.7867907749536133,6.906458726848881,1.3986914391815228,2.398616620420701,0.9999251812391788,-2.3456846073315125
1015,10.14,0.0,0.0,0.0,0.0,-0.1100553343138965,-2.3785854124235866,-0.8680603461993166,6.869101768267194,1.3976329495091993,2.374486691319317,0.976853741810117,-2.26853007810969
1016,10.15,0.0,0.0,0.0,0.0,-0.11912735593553618,-2.310078903276436,-0.9457575191973482,6.832264437845083,1.3964876835769848,2.351043676697978,0.9545559931209937,-2.1909515473409
1017,10.16,0.0,0.0,0.0,0.0,-0.12895894435870411,-2.241939230743502,-1.0199929206407996,6.795696612339922,1.3952478707457607,2.328283890739056,0.9330360199932949,-2.112980286384798
1018,10.17,0.0,0.0,0.0,0.0,-0.13951607356083298,-2.174164757951583,-1.09088642017156,6.759194342340734,1.3939060864764325,2.3062036749605883,0.9122975884841555,-2.03464868439075
1019,10.18,0.0,0.0,0.0,0.0,-0.15076596173155507,-2.106755658041911,-1.158566942171139,6.722599441876258,1.392455240344535,2.2847993778178988,0.8923441374733633,-1.9559896963103558
1020,10.19,0.0,0.0,0.0,0.0,-0.16267716002966645,-2.03971346175078,-1.2231720740120198,6.685798322445994,1.390888563151061,2.264067338875264,0.8731787757242037,-1.8770363017211138
1021,10.200000000000001,0.0,0.0,0.0,0.0,-0.1752196364266677,-1.9730406202604933,-1.284847476749718,6.648720113260542,1.3891995931686445,2.2440038774313673,0.8548042842627226,-1.7978209838338257
1022,10.21,0.0,0.0,0.0,0.0,-0.188364852721476,-1.906740090183276,-1.343746111392938,6.6113341252110205,1.387382161581913,2.2246052854110583,0.8372231238291453,-1.7183752374618
1023,10.22,0.0,0.0,0.0,0.0,-0.20208583297313265,-1.8408149468959258,-1.400027299835536,6.573646729534575,1.385430377199224,2.205867824270372,0.8204374470711476,-1.638729113922793
1024,10.23,0.0,0.0,0.0,0.0,-0.21635722181324327,-1.7752680316784524,-1.4538556441326151,6.535697732663652,1.3833386105294967,2.1877877256034117,0.8044491150739143,-1.5589108098652091
1025,10.24,0.0,0.0,0.0,0.0,-0.23115533135391764,-1.7101016372558377,-1.5053998309926662,6.49755633594021,1.3811014773319839,2.1703611950892685,0.7892597177572854,-1.47894630590192
1026,10.25,0.0,0.0,0.0,0.0,-0.24645817568573974,-1.6453172354340204,-1.5548313501470452,6.459316772586116,1.3787138217582968,2.1535844193757554,0.7748705976174589,-1.3988590597482806
1027,10.26,0.0,0.0,0.0,0.0,-0.262245492250327,-1.5809152495929615,-1.6023231557282438,6.421093714620148,1.376170699214602,2.137453575464407,0.7612828762498042,-1.3186697573426345
1028,10.27,0.0,0.0,0.0,0.0,-0.2784987496607109,-1.5168948738844887,-1.648048299077927,6.3830175395754924,1.3734673590776136,2.1219648421381936,0.7484974830605801,-1.2383961242237778
1029,10.28,0.0,0.0,0.0,0.0,-0.2952011418191929,-1.4532539401097295,-1.6921785596996688,6.345229541333494,1.370599227400882,2.1071144129593313,0.7365151855584489,-1.1580527982905366
1030,10.290000000000001,0.0,0.0,0.0,0.0,-0.31233756843760885,-1.3899888324446827,-1.7348830985855581,6.307877161698344,1.3675618897480744,2.0928985103588977,0.7253366206108232,-1.077651264007074
1031,10.3,0.0,0.0,0.0,0.0,-0.329894602292391,-1.3270944494614454,-1.7763271551109168,6.271109310108116,1.364351074287746,2.079313400341991,0.7149623260542444,-0.9971998471690544
1032,10.31,0.0,0.0,0.0,0.0,-0.3478604437422265,-1.264564212268603,-1.8166708053379204,6.235071828741083,1.3609626352797537,2.0663554073408483,0.7053927720610954,-0.9167037685263764
1033,10.32,0.0,0.0,0.0,0.0,-0.3662248631971409,-1.2023901170742513,-1.8560677961145096,6.199903149845081,1.357392537077372,2.0540209287628683,0.6966283916854965,-0.8361652538771103
1034,10.33,0.0,0.0,0.0,0.0,-0.3849791323548523,-1.140562830057734,-1.8946644659951748,6.165730181946177,1.3536368387616045,2.042306448799541,0.6886696100379369,-0.7555836977028816
1035,10.34,0.0,0.0,0.0,0.0,-0.4041159451146647,-1.0790718221178044,-1.9325987609093351,6.132664452160253,1.349691679515532,2.0312085510851463,0.6815168715696144,-0.6749558770031396
1036,10.35,0.0,0.0,0.0,0.0,-0.42362932914452156,-1.017905540835239,-1.9699993497919845,6.100798523519012,1.3455532648370911,2.020723929819606,0.6751706649825143,-0.5942762116907175
1037,10.36,0.0,0.0,0.0,0.0,-0.4435145491174197,-0.9570516168346208,-2.00698484316506,6.070202699314543,1.3412178536786914,2.010849398997322,0.6696315453186314,-0.5135370677172011
1038,10.370000000000001,0.0,0.0,0.0,0.0,-0.46376800265439166,-0.8964971016379403,-2.0436631159760243,6.040922021144198,1.3366817465918053,2.0015818994124888,0.6649001528206829,-0.4327290989835486
1039,10.38,0.0,0.0,0.0,0.0,-0.48438711001827056,-0.8362287340555917,-2.0801307348890683,6.012973563685033,1.3319412749442485,1.992918503140721,0.6609772281964719,-0.35184162403732117
1040,10.39,0.0,0.0,0.0,0.0,-0.5053701986013014,-0.7762332321411133,-2.116472489681209,5.986344027240522,1.3269927912674127,1.9848564152264454,0.6578636239590323,-0.2708630335398119
1041,10.4,0.0,0.0,0.0,0.0,-0.5267163832456002,-0.7164976077292595,-2.152761028389972,5.960987628698238,1.321832660780331,1.9773929723353638,0.6555603115550332,-0.1897812244836593
1042,10.41,0.0,0.0,0.0,0.0,-0.5484254434340847,-0.6570095005662134,-2.189056596340347,5.936824292563416,1.3164572541270485,1.9705256381610705,0.6540683840340223,-0.10858405713212871
1043,10.42,0.0,0.0,0.0,0.0,-0.5704976983948621,-0.5977575290140065,-2.2254068800736304,5.913738145977989,1.3108629413533914,1.96425199540495,0.6533890540515581,-0.027259830619144387
1044,10.43,0.0,0.0,0.0,0.0,-0.5929338811781915,-0.5387316542567219,-2.2618469584226415,5.891576324835244,1.305046087138722,1.9585697341789436,0.6535236470402216,0.05420222692146959
1045,10.44,0.0,0.0,0.0,0.0,-0.6157350127946676,-0.47992355484612265,-2.298399364424222,5.870148101948333,1.2990030472875422,1.95347663671186,0.6544735894243181,0.13581145794854493
1046,10.450000000000001,0.0,0.0,0.0,0.0,-0.6389022775479326,-0.42132700829409664,-2.3350742633172445,5.84922435238268,1.2927301664747095,1.9489705582721935,0.6562403917974833,0.21757526925383597
1047,10.46,0.0,0.0,0.0,0.0,-0.6624369007554588,-0.36293827624766983,-2.371869753418202,5.828537375139319,1.286223777226414,1.9450494042541346,0.6588256270277202,0.29949862450778897
1048,10.47,0.0,0.0,0.0,0.0,-0.6863400301261214,-0.3047564895716841,-2.408772298064419,5.8077810939754375,1.2794802001067471,1.9417111034091206,0.662230903302374,0.38158354055443733
1049,10.48,0.0,0.0,0.0,0.0,-0.7106126221508978,-0.24678402942231,-2.4457572979275843,5.786611662847921,1.2724957450666063,1.938953577243248,0.6664578321766411,0.4638285927285878
1050,10.49,0.0,0.0,0.0,0.0,-0.7352553349600455,-0.18902690013120688,-2.482789813686755,5.764648502835573,1.265266713897614,1.9367747056412905,0.671507991743677,0.5462284348288386
1051,10.5,0.0,0.0,0.0,0.0,-0.7602684292010405,-0.13149508945208743,-2.5198254491685437,5.741475797012829,1.2577894037186916,1.9351722888212524,0.6773828851025611,0.6287733397489531
1052,10.51,0.0,0.0,0.0,0.0,-0.785651678590389,-0.07420291146736982,-2.556811404479667,5.716644467212255,1.2500601114069096,1.9341440057691321,0.6840838943622222,0.7114487671230192
1053,10.52,0.0,0.0,0.0,0.0,-0.8114042918813812,-0.01716932723621242,-2.593687707253704,5.689674651575574,1.2420751388672187,1.9336873693517442,0.6916122304845262,0.7942349646451687
1054,10.53,0.0,0.0,0.0,0.0,-0.8375248480602737,0.03958176188709777,-2.6303886278133755,5.660058693977874,1.2338307990178954,1.9337996783554448,0.69996887933755,0.8771066099473714
1055,10.540000000000001,0.0,0.0,0.0,0.0,-0.8640112466257289,0.0960212533949899,-2.666844280748921,5.627264645652431,1.225323422350163,1.9344779667497014,0.7091545443995382,0.9600325000207188
1056,10.55,0.0,0.0,0.0,0.0,-0.8908606748106457,0.15211462029630912,-2.7029824111142524,5.59074026562285,1.2165493639018505,1.9357189505255632,0.7191695866237136,1.0429752951069549
1057,10.56,0.0,0.0,0.0,0.0,-0.9180695935621008,0.20782173016734654,-2.7387303581826443,5.549917490019755,1.2075050104665084,1.9375189725088364,0.7300139620423276,1.1258913237294474
1058,10.57,0.0,0.0,0.0,0.0,-0.9456337439944368,0.26309671104505317,-2.7740171835855714,5.504217321384733,1.1981867878417423,1.9398739455944702,0.7416871577527284,1.20873045503949
1059,10.58,0.0,0.0,0.0,0.0,-0.9735481758654069,0.31788786803176805,-2.8087759438585307,5.453055068236979,1.1885911679041,1.9427792948905185,0.7541881269864184,1.2914360438971748
1060,10.59,0.0,0.0,0.0,0.0,-1.0018072993895109,0.3721376536745162,-2.8429460801867843,5.395845843324421,1.1787146752834827,1.9462298992948734,0.7675152240113897,1.373944953064027
1061,10.6,0.0,0.0,0.0,0.0,-1.030404961393869,0.4257826941565877,-2.8764758908077086,5.332010207157811,1.168553893398406,1.950220033053634,0.7816661396552287,1.4561876555504567
1062,10.61,0.0,0.0,0.0,0.0,-1.059334546440865,0.4787538721007217,-2.9093250444722374,5.260979822879043,1.1581054696052053,1.9547433078643581,0.7966378382591526,1.5380884185415866
1063,10.620000000000001,0.0,0.0,0.0,0.0,-1.088589103093339,0.5309764653515004,-2.941467087029645,5.182202970630055,1.1473661192102433,1.959792616088421,0.8124264968781775,1.6195655684448393
1064,10.63,0.0,0.0,0.0,0.0,-1.1181614949917182,0.5823703395132392,-2.9728918880313757,5.095149755808287,1.1363326280949164,1.9653600756225162,0.8290274475276002,1.7005318345049574
1065,10.64,0.0,0.0,0.0,0.0,-1.1480445758622264,0.6328501903171692,-3.003607970691566,4.999316837312954,1.1250018537092423,1.9714369769486946,0.8464351232394515,1.7808947661793955
1066,10.65,0.0,0.0,0.0,0.0,-1.1782313869989192,0.6823258301386506,-3.03364466698519,4.894231500342931,1.1133707242015578,1.9780137328342806,0.8646430086327233,1.8605572171375697
1067,10.66,0.0,0.0,0.0,0.0,-1.2087153751819966,0.7307025112551044,-3.063054040410947,4.779454904454494,1.1014362354692682,1.9850798310875475,0.8836435956182789,1.939417886437101
1068,10.67,0.0,0.0,0.0,0.0,-1.2394906284340275,0.7778812768072678,-3.091912522168758,4.654584351991158,1.0891954459388398,1.9926237906926398,0.9034283447538001,2.017371905241295
1069,10.68,0.0,0.0,0.0,0.0,-1.2705521264997923,0.8237593289844349,-3.120322212218449,4.519254444742161,1.076645468911815,2.0006331215495066,0.9239876526376912,2.0943114554842275
1070,10.69,0.0,0.0,0.0,0.0,-1.301896002488536,0.868230402779814,-3.1484118047354297,4.373137027315918,1.0637834623470916,2.0090942879336455,0.9453108255865543,2.17012640526835
1071,10.700000000000001,0.0,0.0,0.0,0.0,-1.3335198117613032,0.911185132829413,-3.1763371075178535,4.2159398532362555,1.050606615987165,2.0179926756694604,0.9673860596822953,2.2447049445907163
1072,10.71,0.0,0.0,0.0,0.0,-1.36542280389813,0.9525114004187092,-3.2042811364122343,4.04740395268325,1.0371121357765665,2.027312562883663,0.9902004271070955,2.317934204316839
1073,10.72,0.0,0.0,0.0,0.0,-1.397606193451917,0.9920946477607194,-3.2324537781533693,3.8672997272053764,1.023297225563082,2.037037094075719,1.0137398685126366,2.3897008412126364
1074,10.73,0.0,0.0,0.0,0.0,-1.430073425191789,1.0298181471405778,-3.2610910274015623,3.6754218444593914,1.0091590661154521,2.047148257115395,1.0379891909999421,2.459891572332367
1075,10.74,0.0,0.0,0.0,0.0,-1.462830429655954,1.0655632134882354,-3.2904538154055767,3.471583052829169,0.9946947915336842,2.057626862657901,1.0629320711242172,2.5283936431441894
1076,10.75,0.0,0.0,0.0,0.0,-1.4958858650604199,1.099209350361178,-3.320826457839583,3.2556070794768677,0.9799014631688788,2.0684525253594397,1.0885510621905603,2.5950952154215976
1077,10.76,0.0,0.0,0.0,0.0,-1.5292513419270215,1.1306343211531016,-3.3525147572533025,3.0273208141054573,0.964776041207499,2.0796036461846668,1.1148276049771682,2.6598856630801233
1078,10.77,0.0,0.0,0.0,0.0,-1.5629416271765895,1.1597141395346064,-3.3858438006672826,2.7865460130161104,0.9493153541094911,2.0910573950263993,1.1417420409169092,2.722655766711196
1079,10.78,0.0,0.0,0.0,0.0,-1.5969748248506896,1.1863229756090234,-3.421155494747688,2.533090783022859,0.9335160661201453,2.102789692810141,1.169273626689996,2.783297800459713
1080,10.790000000000001,0.0,0.0,0.0,0.0,-1.6313725310451794,1.2103329769552058,-3.458805879520365,2.2667411221384612,0.9173746431018315,2.1147751922341143,1.1974005491322823,2.841705508000385
1081,10.8,0.0,0.0,0.0,0.0,-1.6661599610269795,1.2316140065541104,-3.4991622567593876,1.9872528039516093,0.9008873169539529,2.126987256301289,1.226099939347335,2.89777396758109
1082,10.81,0.0,0.0,0.0,0.0,-1.7013660468296998,1.250033302487606,-3.5426001612470364,1.6943438960766588,0.8840500489079999,2.139397933834251,1.2553478849262514,2.951399349317306
1083,10.82,0.0,0.0,0.0,0.0,-1.737023503854384,1.2654550671960423,-3.589500192472436,1.387688201166445,0.8668584920004888,2.151977931227156,1.285119439226667,3.0024785710504265
1084,10.83,0.0,0.0,0.0,0.0,-1.7731688651153121,1.2777399969396728,-3.6402447115969703,1.066909903144707,0.8493079530405292,2.1646965797812436,1.3153886267407144,3.050908862054985
1085,10.84,0.0,0.0,0.0,0.0,-1.809842481749081,1.2867447648953756,-3.69521439437002,0.731579692988014,0.8313933544024199,2.177521798090813,1.3461284436883925,3.0965872466444564
1086,10.85,0.0,0.0,0.0,0.0,-1.8470884882384528,1.2923214740162523,-3.754784615925547,0.3812126388339583,0.8131091959881793,2.1904200490944308,1.3773108531062512,3.139409962254705
1087,10.86,0.0,0.0,0.0,0.0,-1.884954730488676,1.2943170983800956,-3.819321628889301,0.015268055316651357,0.7944495177218512,2.2033562915805365,1.4089067738586851,3.179271828868772
1088,10.870000000000001,0.0,0.0,0.0,0.0,-1.923492654440226,1.2925729342524794,-3.889178482885223,-0.36684838282103943,0.7754078629582086,2.216293926136396,1.4408860631781866,3.2160655886927056
1089,10.88,0.0,0.0,0.0,0.0,-1.9627571523244156,1.2869240844904366,-3.964690622293241,-0.7657800479729806,0.7559772432144477,2.229194735753722,1.4732174925392747,3.249681236814852
1090,10.89,0.0,0.0,0.0,0.0,-2.0028063629932498,1.2771990022048119,-4.0461710909624715,-1.1822120646110796,0.7361501046656485,2.2420188215521253,1.5058687168864762,3.2800053651980616
1091,10.9,0.0,0.0,0.0,0.0,-2.043701422017664,1.2632191217585982,-4.133905268549476,-1.616861104066858,0.7159182968842217,2.254724534351593,1.5388062374673708,3.306920543776262
1092,10.91,0.0,0.0,0.0,0.0,-2.0855061564962125,1.2447986071544415,-4.22814506430594,-2.0704620832356713,0.6952730443502858,2.267268403116114,1.5719953587658284,3.3303047636506538
1093,10.92,0.0,0.0,0.0,0.0,-2.12828671880594,1.22174424957192,-4.329102501600661,-2.5437516137672866,0.6742049213141675,2.279605061599838,1.6054001402856701,3.35003096837786
1094,10.93,0.0,0.0,0.0,0.0,-2.1721111529279247,1.193855547125745,-4.436942641367935,-3.0374480960382053,0.6527038306530153,2.291687174851757,1.6389833441987416,3.3659667000536695
1095,10.94,0.0,0.0,0.0,0.0,-2.2170488865716615,1.1609250006512188,-4.5517758161411415,-3.552228420451594,0.6307589874294136,2.303465367569826,1.6727063801404127,3.3779738872228804
1096,10.950000000000001,0.0,0.0,0.0,0.0,-2.263170142195821,1.1227386592504456,-4.673649179353397,-4.088701332873525,0.6083589079285634,2.3148881566339408,1.7065292487053774,3.3859088014462664
1097,10.96,0.0,0.0,0.0,0.0,-2.310545260277519,1.079076948165347,-4.802537617911073,-4.647377646496527,0.5854914050187255,2.325901890479727,1.7404104854610014,3.3896222084428658
1098,10.97,0.0,0.0,0.0,0.0,-2.3592439289232847,1.0297158089466858,-4.9383341299730565,-5.228637643361947,0.5621435907427654,2.3364506982891267,1.774307107546361,3.3889597378699703
1099,10.98,0.0,0.0,0.0,0.0,-2.409334315246549,0.9744281774942396,-5.080839834010987,-5.832696207537629,0.538301887101725,2.3464764522531136,1.8081745651513894,3.3837624927407886
1100,10.99,0.0,0.0,0.0,0.0,-2.460882095956003,0.9129858189727098,-5.229753848224612,-6.45956646798921,0.5139520460274644,2.3559187463867626,1.8419667003592983,3.373867914928713
1101,11.0,0.0,0.0,0.0,0.0,-2.5139493873821013,0.8451615295085084,-5.384663358594134,-7.109022997800577,0.4890791795538063,2.364714895523682,1.8756357159698758,3.35911091689061
1102,11.01,0.0,0.0,0.0,0.0,-2.568593578758424,0.7707317026631618,-5.545034275053913,-7.780565907558711,0.4636678011760451,2.372799958158745,1.9091321569826998,3.339325281421586
1103,11.02,0.0,0.0,0.0,0.0,-2.6248660769617804,0.6894792438110323,-5.710202952477337,-8.47338746797776,0.437701879329223,2.3801067867161403,1.942404907386917,3.3143453207728126
1104,11.03,0.0,0.0,0.0,0.0,-2.6828109760223517,0.6011967977727671,-5.879369518556733,-9.186343176716436,0.41116490380854925,2.3865661085645113,1.9754012047559626,3.284007773795119
1105,11.040000000000001,0.0,0.0,0.0,0.0,-2.7424636703787586,0.505690234691763,-6.05159339481155,-9.917929416414479,0.38403996579426647,2.3921066406545597,2.008066674860293,3.2481539050705215
1106,11.05,0.0,0.0,0.0,0.0,-2.803849436808097,0.40278231684434757,-6.225791609343176,-10.666269999006587,0.35630985192388476,2.39665523999413,2.040345388070246,3.2066317536524442
1107,11.06,0.0,0.0,0.0,0.0,-2.866982015836776,0.29231644588144656,-6.400740469905117,-11.429113915830719,0.32795715257566815,2.40013709128693,2.072179938711263,3.1592984617182225
1108,11.07,0.0,0.0,0.0,0.0,-2.9318622287600493,0.17416036734439388,-6.575081083879237,-12.20384647505575,0.2989643841920784,2.4024759319415994,2.103511547749521,3.1060225961044434
1109,11.08,0.0,0.0,0.0,0.0,-2.998476670612165,0.04820968897418001,-6.747329071199013,-12.987515674716267,0.26931412508819047,2.4035943133218622,2.134280188233672,3.046686359586345
1110,11.09,0.0,0.0,0.0,0.0,-3.0667965219334583,-0.08560894658834489,-6.915888615149796,-13.776875110731883,0.23898916377257684,2.4034138955895203,2.1644247318169443,2.9811875753451136
1111,11.1,0.0,0.0,0.0,0.0,-3.136776522386612,-0.22733520345276392,-7.079070738657287,-14.568443953170824,0.20797265837648915,2.4018557718449562,2.1938831134684675,2.909441318933848
1112,11.11,0.0,0.0,0.0,0.0,-3.208354146672028,-0.37697307789650236,-7.235115392004626,-15.358583563426858,0.17624830536714345,2.398840815570968,2.222592510203824,2.831381068775525
1113,11.120000000000001,0.0,0.0,0.0,0.0,-3.281449017430175,-0.5344897672596839,-7.382216611516014,-16.143589219901582,0.1438005153425017,2.394290043730982,2.250489528388481,2.746959250170491
1114,11.13,0.0,0.0,0.0,0.0,-3.355962580776602,-0.6998155208564922,-7.5185496840079065,-16.919794246648575,0.11061459340060785,2.388124986371621,2.277510392971013,2.6561470599201096
1115,11.14,0.0,0.0,0.0,0.0,-3.431778057961789,-0.8728445785994421,-7.642298959534182,-17.6836826956663,0.07667692137829189,2.3802680523489075,2.303591130970616,2.558933479362347
1116,11.15,0.0,0.0,0.0,0.0,-3.5087606718655766,-1.053437259347701,-7.75168472667552,-18.43200572734681,0.04197513919134481,2.370642879950462,2.328667740759117,2.455323412517876
1117,11.16,0.0,0.0,0.0,0.0,-3.586758130410223,-1.2414232083769172,-7.8449874281507155,-19.161896070140532,0.006498322602959374,2.359174660822661,2.3526763382197013,2.345334922033306
1118,11.17,0.0,0.0,0.0,0.0,-3.665601331529835,-1.4366057547036775,-7.920567469356721,-19.87097450616172,-0.02976284498646542,2.3457904258074054,2.3755532707938705,2.2289955768261573
1119,11.18,0.0,0.0,0.0,0.0,-3.745105237229584,-1.6387672678749865,-7.976878966049481,-20.55744227741537,-0.06681590869517481,2.3304192820910443,2.397235190786218,2.1063379693545974
1120,11.19,0.0,0.0,0.0,0.0,-3.8250698486722476,-1.847675344161028,-8.012475983185213,-21.22015364719105,-0.1046664876242162,2.312992592473037,2.417659080097253,1.9773945045112196
1121,11.200000000000001,0.0,0.0,0.0,0.0,-3.9052812011734375,-2.0630895976382586,-8.026010114668523,-21.858663545373545,-0.14331813024417767,2.293444089540626,2.4367622197848027,1.8421916035351789
1122,11.21,0.0,0.0,0.0,0.0,-3.9855122882411584,-2.2847687855924708,-8.016218612270464,-22.47324619459011,-0.18277217945583,2.2717099200192723,2.4544820994751015,1.7007435026486877
1123,11.22,0.0,0.0,0.0,0.0,-4.065523817786106,-2.5124779622123996,-7.981902654382015,-23.06488174519821,-0.22302764613426226,2.24772861746095,2.4707562635952125,1.5530458555737066
1124,11.23,0.0,0.0,0.0,0.0,-4.1450647014096305,-2.7459953306930722,-7.921895715358738,-23.635209117410724,-0.2640810889829446,2.2214410046218442,2.4855220936047884,1.3990693707165582
1125,11.24,0.0,0.0,0.0,0.0,-4.223872178972915,-2.9851184514287974,-7.835022325332749,-24.18644434300725,-0.3059264975371994,2.192790030250982,2.498716527788182,1.2387537275441174
1126,11.25,0.0,0.0,0.0,0.0,-4.301671484963544,-3.2296694617177226,-7.720047783508176,-24.721264630593875,-0.34855517419774146,2.161720548453633,2.5102757226513743,1.0720020232458212
1127,11.26,0.0,0.0,0.0,0.0,-4.378174969944974,-3.4794989684538655,-7.575619608288081,-25.24265910685491,-0.3919556102721629,2.12817905221493,2.520134662487093,0.8986760014911082
1128,11.27,0.0,0.0,0.0,0.0,-4.453080599173411,-3.7344882876530323,-7.400201698941802,-25.753747729306987,-0.4361133501774908,2.092113375997021,2.5282267261745117,0.718592311520379
1129,11.28,0.0,0.0,0.0,0.0,-4.5260697612127165,-3.9945497218459325,-7.192002390745973,-26.25757030529171,-0.4810108372297814,2.053472385502395,2.5344832227321765,0.531520039366784
1130,11.290000000000001,0.0,0.0,0.0,0.0,-4.59680433253562,-4.25962458801337,-6.948897872748092,-26.75684803311986,-0.5266272338384295,2.012205675681446,2.5388329095198747,0.33717974452224997
1131,11.3,0.0,0.0,0.0,0.0,-4.664922960856412,-4.52967873623291,-6.668352884272574,-27.253720709442558,-0.5729382084627437,1.9682633008042933,2.541201509267036,0.13524422462350216
1132,11.31,0.0,0.0,0.0,0.0,-4.730036552336894,-4.804695336260982,-6.347341302514744,-27.749463976213313,-0.6199156814221402,1.9215955628399786,2.5415112442621193,-0.07465878392408865
1133,11.32,0.0,0.0,0.0,0.0,-4.791722978790486,-5.0846647623101395,-5.98227026922385,-28.244192997254398,-0.6675275216487153,1.8721528863658672,2.539680408014582,-0.2929417835196535
1134,11.33,0.0,0.0,0.0,0.0,-4.849521064377711,-5.369571484642926,-5.5689129564180435,-28.736562049201915,-0.71573718683723,1.8198858095611796,2.5356229963984083,-0.520050420265215
1135,11.34,0.0,0.0,0.0,0.0,-4.902923971452284,-5.659377992377849,-5.10235698149109,-29.223473935130738,-0.7645033003271985,1.764745121210566,2.529248421537765,-0.756454020925565
1136,11.35,0.0,0.0,0.0,0.0,-4.951372186717904,-5.95400593921447,-4.576977826989968,-29.69981902255685,-0.813779159636391,1.7066821726121844,2.520461332248576,-1.0026337524965658
1137,11.36,0.0,0.0,0.0,0.0,-4.994246415481093,-6.253314937206985,-3.9864492662791933,-30.158271000440763,-0.8635121740877264,1.6456493902613363,2.5091615643490615,-1.2590685217258928
1138,11.370000000000001,0.0,0.0,0.0,0.0,-5.03086082522061,-6.557079735508062,-3.323805446211194,-30.58917472402486,-0.9136432326945074,1.5816010094393866,2.495244242133894,-1.5262189102874526
1139,11.38,0.0,0.0,0.0,0.0,-5.060457237594959,-6.864966916838,-2.581571413810889,-30.980569845055623,-0.9641060086528309,1.5144940395587212,2.4786000482115518,-1.8045096792430408
1140,11.39,0.0,0.0,0.0,0.0,-5.082201041554595,-7.176512717521837,-1.7519797135956308,-31.318400721218296,-1.0148262136421868,1.4442894584778307,2.4591156721200167,-2.0943116759672424
1141,11.4,0.0,0.0,0.0,0.0,-5.095179771424611,-7.4911041009393875,-0.8272891802624881,-31.58696603829261,-1.065720823730211,1.3709536143468715,2.4366744380770835,-2.3959243295147763
1142,11.41,0.0,0.0,0.0,0.0,-5.09840543324451,-7.807965736202835,0.1997830105731746,-31.769657699396564,-1.1166973088559156,1.2944597896028998,2.411157098458815,-2.709560302958325
1143,11.42,0.0,0.0,0.0,0.0,-5.0908217286819255,-8.12615596954507,1.3355147588076122,-31.85002463619233,-1.1676529091102268,1.2147898529216168,2.382442762031844,-3.035334240863145
1144,11.43,0.0,0.0,0.0,0.0,-5.071317267050407,-8.444575110953421,2.584531879690169,-31.813170636060708,-1.218474012358998,1.131935892660875,2.350409905019873,-3.373257843903014
1145,11.44,0.0,0.0,0.0,0.0,-5.038745618232898,-8.761989259953955,3.9490947202274285,-31.6474551767205,-1.2690356976403288,1.0459016922647506,2.314937389905079,-3.723243641721057
1146,11.450000000000001,0.0,0.0,0.0,0.0,-4.991952598737491,-9.077072334918531,5.428376610490978,-31.346414892390886,-1.3192015151906769,0.9567038782277647,2.275905393418442,-4.08511973618104
1147,11.46,0.0,0.0,0.0,0.0,-4.929810484085243,-9.388467866087105,7.017815383753212,-30.910767209662463,-1.3688235745742632,0.8643725496292654,2.2331961242035283,-4.458657382001862
1148,11.47,0.0,0.0,0.0,0.0,-4.851257935813514,-9.694870467833208,8.708636123475246,-30.35030781616434,-1.4177430049385622,0.7689511904542807,2.186694195392842,-4.843612532019694
1149,11.48,0.0,0.0,0.0,0.0,-4.75534341651103,-9.99512485009106,10.487647231969948,-29.68548367215835,-1.4657908342592219,0.6704956767918708,2.1362865110510927,-5.2397814335800295
1150,11.49,0.0,0.0,0.0,0.0,-4.641268903069891,-10.288338028597163,12.337396810150118,-28.948426122270174,-1.5127893072297398,0.5690722234282766,2.0818615306580166,-5.647069125527272
1151,11.5,0.0,0.0,0.0,0.0,-4.5084300065154626,-10.573998418675382,14.236738968300584,-28.183271274033636,-1.5585536257320707,0.46475416798614816,2.0233077937182187,-6.065568412159919
1152,11.51,0.0,0.0,0.0,0.0,-4.356448386325877,-10.852094136222066,16.161801446503837,-27.445673185010346,-1.6028940553204716,0.35761756137199674,1.9605116166924677,-6.495645749896188
1153,11.52,0.0,0.0,0.0,0.0,-4.185192788758586,-11.12322236210042,18.08727316286883,-26.801511540916582,-1.6456183016322075,0.24773561319473056,1.8933539148269383,-6.938029573341833
1154,11.53,0.0,0.0,0.0,0.0,-3.994786241634632,-11.388682081774064,19.98785243202882,-26.324877676282465,-1.6865340293005724,0.13517212066102097,1.8217061499615936,-7.393895840139432
1155,11.540000000000001,0.0,0.0,0.0,0.0,-3.7855989091812328,-11.65054354614298,21.839621802129276,-26.095448542636507,-1.7254513805039349,0.01997408137712981,1.7454254618810654,-7.864944636961748
1156,11.55,0.0,0.0,0.0,0.0,-3.5582288048001294,-11.911688602786336,23.621044911933986,-26.195277276283495,-1.7621853582052764,-0.09783624766450011,1.6643491105407757,-8.353459797986208
1157,11.56,0.0,0.0,0.0,0.0,-3.313475980951718,-12.17581526291076,25.313202534510598,-26.70478131128351,-1.7965579775713874,-0.21826952227231594,1.5782884552990715,-8.862339281959041
1158,11.57,0.0,0.0,0.0,0.0,-3.0523201741443113,-12.447395451938174,26.898769012790364,-27.697213908061403,-1.8284001660811326,-0.34137730746372213,1.4870228586174108,-9.395075277793863
1159,11.58,0.0,0.0,0.0,0.0,-2.7759177919505373,-12.73156380705727,28.35902620403916,-29.23004213780771,-1.8575535204567517,-0.4672593323849062,1.3902941880718447,-9.955646015106733
1160,11.59,0.0,0.0,0.0,0.0,-2.485642788915317,-13.033893133204812,29.66785487400564,-31.330251397470676,-1.883872227744009,-0.5960691170931801,1.2878031106508288,-10.548250344289494
1161,11.6,0.0,0.0,0.0,0.0,-2.183209194591639,-13.359972393587734,30.78108740038708,-33.96848370524207,-1.9072257647804833,-0.7280164595929742,1.1792093051875088,-11.176763198996095
1162,11.61,0.0,0.0,0.0,0.0,-1.8709325515194482,-13.714638972503769,31.618947409847618,-37.01423402509173,-1.9275034599016678,-0.8633641319428915,1.064139327958777,-11.84370642098432
1163,11.620000000000001,0.0,0.0,0.0,0.0,-1.5522119616635726,-14.100628257956162,32.039151640165095,-40.162568564364605,-1.9446226942410056,-1.002414222852194,0.9422084713888109,-12.54841629629259
1164,11.63,0.0,0.0,0.0,0.0,-1.2323303536443357,-14.51632227711272,31.800637322479425,-42.82757087587467,-1.9585434363983132,-1.1454767485810238,0.8130666878172899,-13.283991923468383
1165,11.64,0.0,0.0,0.0,0.0,-0.9196308150251126,-14.95233354130665,30.52777208810014,-44.02359436581519,-1.9692926639737478,-1.2928100277688768,0.6764826362048715,-14.032702726281538
1166,11.65,0.0,0.0,0.0,0.0,-0.6269179621260049,-15.387181708342547,27.710087394212707,-42.327260165263425,-1.9770019695840786,-1.4445216856022545,0.5324802839818239,-14.760263746216543
1167,11.66,0.0,0.0,0.0,0.0,-0.37238981272002597,-15.78383303436511,22.81175383613992,-36.13339456274149,-1.9819577480797084,-1.600428288357167,0.3815294597225409,-15.411443221645083
1168,11.67,0.0,0.0,0.0,0.0,-0.1785733138257278,-16.09135846045567,15.568503863134223,-24.449169268873398,-1.9846522833938613,-1.759901481832856,0.22475080156100577,-15.912785146629941
1169,11.68,0.0,0.0,0.0,0.0,-0.06754251944602181,-16.256853393326992,6.397373631599844,-8.053913586314206,-1.9858065410697479,-1.9217789822154168,0.0640275588543306,-16.18931087388097
1170,11.69,0.0,0.0,0.0,0.0,-0.052946117777274315,-16.246690786010184,-3.4572346644074816,10.030289641207732,-1.9863269850764447,-2.08444718765707,-0.09812020258062452,-16.19374466823291
1171,11.700000000000001,0.0,0.0,0.0,0.0,-0.1336045025955082,-16.064046610497645,-12.403321667461368,25.81847184325726,-1.9871853077127213,-2.2461322460926696,-0.25894693837994837,-15.930442107902136
1172,11.71,0.0,0.0,0.0,0.0,-0.2940955994981363,-15.747402521634172,-19.303317193945578,36.55919997176159,-1.9892664070044028,-2.4052788583122386,-0.4160124513078363,-15.453306922136035
1173,11.72,0.0,0.0,0.0,0.0,-0.5118058318474441,-15.35147415999634,-23.863678909447906,41.76653396704373,-1.9932579831884316,-2.5608165517533803,-0.5675585685649486,-14.839668328148896
1174,11.73,0.0,0.0,0.0,0.0,-0.7646737089505554,-14.926779136952074,-26.420940209548398,42.572417344130905,-1.9996191202737967,-2.712214484826323,-0.7125953645525259,-14.162105428001519
1175,11.74,0.0,0.0,0.0,0.0,-1.0354100640307253,-14.509321347605738,-27.531025642606743,40.57895540404506,-2.0086103222103473,-2.8593783455495214,-0.850768023339175,-13.473911283575013
1176,11.75,0.0,0.0,0.0,0.0,-1.3121710220810796,-14.119943769010744,-27.69911403512334,37.147171176658134,-2.0203468491331926,-3.002496054854016,-0.9821492057208236,-12.807772746929665
1177,11.76,0.0,0.0,0.0,0.0,-1.5874835559902944,-13.768059760871349,-27.29018667719857,33.19848471038273,-2.034848543617191,3.141282151031946,-1.1070546125304497,-12.180576204881055
1178,11.77,0.0,0.0,0.0,0.0,-1.8568371814440348,-13.455868671261978,-26.536950523905293,29.27321257682474,-2.052076432108821,3.005195225054574,-1.225913650016191,-11.599031489817943
1179,11.78,0.0,0.0,0.0,0.0,-2.117537544905137,-13.181569838659561,-25.576336419462198,25.65072564363867,-2.0719563144135695,2.872038222148134,-1.3391907706178832,-11.064032293754424
1180,11.790000000000001,0.0,0.0,0.0,0.0,-2.367928996843598,-12.941432778206172,-24.48418994782253,22.45188898757797,-2.0943927489160847,2.7414498662654228,-1.4473426919980779,-10.573503781362575
1181,11.8,0.0,0.0,0.0,0.0,-2.60691771371075,-12.73101008379425,-23.30041148727439,19.708162338770723,-2.1192768458289035,2.613110515520933,-1.5507979458297503,-10.124092370083499
1182,11.81,0.0,0.0,0.0,0.0,-2.833700011759287,-12.545803987186174,-22.045236081465344,17.403339578035293,-2.1464903914427778,2.4867456508356613,-1.6499492649011462,-9.712103975426887
1183,11.82,0.0,0.0,0.0,0.0,-3.0476196790796637,-12.381613068603995,-20.729181090529142,15.497220042192856,-2.175907953361536,2.362124448800919,-1.745152905017131,-9.33399338952433
1184,11.83,0.0,0.0,0.0,0.0,-3.2481026817724694,-12.234701029262506,-19.358886497633435,13.938517659167157,-2.2073979801398687,2.239055866804905,-1.8367314602348128,-8.986598347490037
1185,11.84,0.0,0.0,0.0,0.0,-3.434636393035291,-12.101869428299928,-17.940380979702507,12.671769794789075,-2.240823492033536,2.1173835706051736,-1.9249782445408763,-8.667233035264637
1186,11.85,0.0,0.0,0.0,0.0,-3.606772800499653,-11.98047885465131,-16.4807345159705,11.641095288585737,-2.276042697363574,1.9969804186057405,-2.0101621912102723,-8.373706054151656
1187,11.86,0.0,0.0,0.0,0.0,-3.7641427111817523,-11.868441160252521,-14.988679747981042,10.792419716729205,-2.312909704524944,1.8777428918763568,-2.092532710778285,-8.104298449070768
1188,11.870000000000001,0.0,0.0,0.0,0.0,-3.9064725666240636,-11.764193250652005,-13.474559550368886,10.075039904431216,-2.3512753947027143,1.7595856995554227,-2.1723242129214495,-7.8577206840279405
1189,11.88,0.0,0.0,0.0,0.0,-4.033598372165116,-11.666656614218896,-11.949834603763232,9.442957229481054,-2.390988451971711,1.6424367195779996,-2.249760135629876,-7.63305824205378
1190,11.89,0.0,0.0,0.0,0.0,-4.145473226818575,-11.575183896009717,-10.426320964506022,8.856148129796034,-2.431896502939116,1.5262324094085578,-2.3250563948319116,-7.429710669191142
1191,11.9,0.0,0.0,0.0,0.0,-4.242166462593823,-11.48949296968206,-8.915295660806782,8.281787949140707,-2.4738472908318125,1.4109138139298654,-2.398424202417909,-7.2473265070882364
1192,11.91,0.0,0.0,0.0,0.0,-4.323853686230424,-11.409589265805527,-7.426590385562892,7.695360023898149,-2.516689795588682,1.2964232922818701,-2.4700722193090336,-7.085735579575103
1193,11.92,0.0,0.0,0.0,0.0,-4.390798144875727,-11.335678023568123,-5.967778955126264,7.081542443523712,-2.5602752102098942,1.1827020736475808,-2.5402080233221107,-6.944879878692396
1194,11.93,0.0,0.0,0.0,0.0,-4.443324816399749,-11.26806927589874,-4.54354822333574,6.434755467931816,-2.6044576928588534,1.0696887296774586,-2.6090388846432746,-6.824744459498992
1195,11.94,0.0,0.0,0.0,0.0,-4.48178942924587,-11.207079511592836,-3.1553231063609855,5.759262329730491,-2.649094832398469,0.9573186173957003,-2.676771857385417,-6.725290082346966
1196,11.950000000000001,0.0,0.0,0.0,0.0,-4.50654521746437,-11.152934934127751,-1.8011949153156934,5.068736709478975,-2.694047790274491,0.8455243019449729,-2.743613214960123,-6.646389716663381
1197,11.96,0.0,0.0,0.0,0.0,-4.51791059576911,-11.105681977435188,-0.4761795166104181,4.3852361161266025,-2.7391811117997946,0.7342369154107142,-2.8097672799690767,-6.5877713816660775
1198,11.97,0.0,0.0,0.0,0.0,-4.516141088429826,-11.06511120056147,0.82719154879565,3.7375504145942813,-2.7843622326819424,0.6233883488042904,-2.8754347256933532,-6.548970112131643
1199,11.98,0.0,0.0,0.0,0.0,-4.501408754358088,-11.030700812412315,2.117968809445863,3.1589321140059363,-2.8294607397252753,0.5129141121069212,-2.9408104553473895,-6.529292058054227
1200,11.99,0.0,0.0,0.0,0.0,-4.47379199414347,-11.001585769694504,3.405621718366159,2.684266343464599,-2.8743474755172107,0.4027566358747732,-3.0060811957876017,-6.527793775551034
1201,12.0,0.0,0.0,0.0,0.0,-4.433277959370376,-10.976557473245991,4.698698332251091,2.346809795481257,-2.918893602718372,0.292868732468065,-3.0714229719931496,-6.543279513875615
1202,12.01,0.0,0.0,0.0,0.0,-4.379778761584375,-10.95409735265865,6.00342907928687,2.174719171150498,-2.96296976097838,0.18321689262928206,-3.1369986535719243,-6.574318591074275
1203,12.02,0.0,0.0,0.0,0.0,-4.31316128035792,-10.932444926401377,7.322431936637175,2.1876886489466574,-3.006445454784075,0.07378407292440568,3.08022952770848,-6.619283646043457
1204,12.030000000000001,0.0,0.0,0.0,0.0,-4.23328866223913,-10.909697298839303,8.653700045823621,2.3940960008101317,-3.049188800200429,-0.035428358848957474,3.013760441351472,-6.676408636600173
1205,12.040000000000001,0.0,0.0,0.0,0.0,-4.140069777435827,-10.883932873778596,9.990050194707237,2.7890817299137995,-3.091066730234956,-0.14439980209174877,2.9466669281432067,-6.743863096342769
1206,12.05,0.0,0.0,0.0,0.0,-4.0335112851181965,-10.85334805614101,11.319170014320864,3.3539217504030066,-3.131945712805605,-0.25309091469837175,2.8788547981072337,-6.819836771022814
1207,12.06,0.0,0.0,0.0,0.0,-3.9137659533583773,-10.81639285048941,12.624320810973535,4.056889583791841,3.111492331079197,-0.36144547826923584,2.8102474978311522,-6.902626897131032
1208,12.07,0.0,0.0,0.0,0.0,-3.781170842119189,-10.771890471158411,13.885643704453274,4.855561845472643,3.0730071357015816,-0.4693935513916146,2.7407846200863903,-6.990719629039222
1209,12.08,0.0,0.0,0.0,0.0,-3.6362700513842046,-10.719127864600196,15.081904822383812,5.700258892459273,3.0359099625011967,-0.5768556830338041,2.6704196616445848,-7.082857813215991
1210,12.09,0.0,0.0,0.0,0.0,-3.4798188317284064,-10.65790823733012,16.192431963125344,6.538105293213174,3.00032026426372,-0.6837478463436687,2.5991171965721978,-7.178089405601714
1211,12.1,0.0,0.0,0.0,0.0,-3.312768531967333,-10.588562406529032,17.1989649653231,7.317103343305456,2.9663489406419985,-0.7899866919368447,2.526849674600743,-7.2757938745617
1212,12.11,0.0,0.0,0.0,0.0,-3.1362345315329487,-10.511921737189244,18.08717263965259,7.989659388331185,2.9340965248811735,-0.8954947180559725,2.453594064242441,-7.375687205656295
1213,12.120000000000001,0.0,0.0,0.0,0.0,-2.951451411038222,-10.42926030451463,18.84766850662391,8.515163162169776,2.9036517592080013,-1.0002050083341703,2.3793285396374144,-7.477808893476407
1214,12.13,0.0,0.0,0.0,0.0,-2.7597207865207016,-10.34221684962109,19.47646009345172,8.86143814708797,2.8750906599158927,-1.1040652807442461,2.304029366519447,-7.582496063100389
1215,12.14,0.0,0.0,0.0,0.0,-2.5623573841992116,-10.252707829456723,19.974863795119468,9.005092662578615,2.848476117355714,-1.2070411024225385,2.2276680874013337,-7.690350445257511
1216,12.15,0.0,0.0,0.0,0.0,-2.360638230679079,-10.162841715394753,20.34898811570432,8.930959855992796,2.8238580231947705,-1.3091182336504696,2.1502090503343467,-7.802203484715674
1217,12.16,0.0,0.0,0.0,0.0,-2.1557585990471706,-10.07484232393969,20.60892331619719,8.630900256448156,2.8012738744369705,-1.410304154677265,2.0716072780653505,-7.919083724892519
1218,12.17,0.0,0.0,0.0,0.0,-1.9487969378810148,-9.990986087026336,20.767777140540222,8.10225863229361,2.7807497743469645,-1.5106288926709406,1.99180664016168,-8.04218914914532
1219,12.18,0.0,0.0,0.0,0.0,-1.740689712559405,-9.913555365486749,20.840673270901895,7.3462385976089,2.7623017348311265,-1.610145300904014,1.9107382714444456,-8.172865652927344
1220,12.19,0.0,0.0,0.0,0.0,-1.5322160989630256,-9.844807512897544,20.843792243581106,6.366409402668466,2.7459371807884705,-1.7089289509263532,1.828319175464763,-8.312591413934518
1221,12.200000000000001,0.0,0.0,0.0,0.0,-1.3239918804482906,-9.78695749697223,20.793492672177162,5.167512445391612,2.7316565608385326,-1.80707778565942,1.744450960681634,-8.462965616523938
1222,12.21,0.0,0.0,0.0,0.0,-1.116471729692122,-9.742170370398323,20.705509076932337,3.754707346552571,2.719454976516771,-1.9047116516113791,1.6590186790514367,-8.6256986407062
1223,12.22,0.0,0.0,0.0,0.0,-0.9099592940127365,-9.712558497386363,20.59418285780736,2.1334008613551156,2.709323749358038,-2.001971784432957,1.5718897733885908,-8.802599203373626
1224,12.23,0.0,0.0,0.0,0.0,-0.7046251343996685,-9.700176828968326,20.471643311068526,0.30984532671745973,2.7012518482747363,-2.0990202633922284,1.482913195512621,-8.995551694568658
1225,12.24,0.0,0.0,0.0,0.0,-0.5005336099416284,-9.707007241091627,20.3468126326221,-1.7072158156183113,2.695227094284528,-2.1960393726399365,1.3919188402551217,-9.206473631149999
1226,12.25,0.0,0.0,0.0,0.0,-0.2976813006568536,-9.734919503906614,20.22405953606129,-3.90343519852854,2.691237041630255,-2.2932307012383673,1.2987175643109639,-9.43723820324976
1227,12.26,0.0,0.0,0.0,0.0,-0.09605158482839425,-9.785591341346644,20.101272118272878,-6.253674412156727,2.6892693987396705,-2.390813665621731,1.2031022428181841,-9.689539756518249
1228,12.27,0.0,0.0,0.0,0.0,0.10430748234931,-9.860363005210123,19.96707768115956,-8.713950356682508,2.689311794016724,-2.4890229291175974,1.1048505840452643,-9.964670487559433
1229,12.280000000000001,0.0,0.0,0.0,0.0,0.3031721208062434,-9.95999343437725,19.796954606810733,-11.209680718302158,2.691350606238608,-2.5881039059858955,1.0037307949550818,-10.263165555183493
1230,12.290000000000001,0.0,0.0,0.0,0.0,0.49998694480819245,-10.084278332510054,19.548176967538062,-13.619842548629281,2.695368470046723,-2.688305170716612,0.8995116664162502,-10.584265277318247
1231,12.3,0.0,0.0,0.0,0.0,0.693654551255112,-10.231493458770483,19.154139741821446,-15.758305038497992,2.7013399551511816,-2.7898661977367305,0.7919791542916738,-10.925148010025595
1232,12.31,0.0,0.0,0.0,0.0,0.8822724390482685,-10.397656444009298,18.519989955293088,-17.35757482071205,2.7092248672018093,-2.892998606548651,0.6809618334291263,-11.279928883057567
1233,12.32,0.0,0.0,0.0,0.0,1.0628496612063238,-10.575686528082032,17.523921606225127,-18.067506566444454,2.718958769305227,-2.997859389866919,0.5663671480074404,-11.638536189288356
1234,12.33,0.0,0.0,0.0,0.0,1.2310941659109957,-10.754713860415439,16.031430599553165,-17.490805845009753,2.73044091544115,-3.104516180176738,0.44822821156169795,-11.985808026326435
1235,12.34,0.0,0.0,0.0,0.0,1.381441608410507,-10.920033988964473,13.930381049418685,-15.279960499070828,2.743521091103825,3.070276984050768,0.3267558929469432,-12.30147559737498
1236,12.35,0.0,0.0,0.0,0.0,1.5075457481716825,-11.054369910455414,11.186944830407436,-11.29845765111008,2.757988876027128,2.960371809146103,0.20238293311897482,-12.561915658627097
1237,12.36,0.0,0.0,0.0,0.0,1.6033595569777543,-11.140863457672662,7.902329233858208,-5.789563809293863,2.7735707581724247,2.8493497637609173,0.0757790055884919,-12.744223014650416
1238,12.370000000000001,0.0,0.0,0.0,0.0,1.664619423286733,-11.167298435693962,4.329061834921456,0.5688155142719205,2.7899404118000257,2.737756001526926,-0.052184410273099745,-12.831917858980695
1239,12.38,0.0,0.0,0.0,0.0,1.6901366561490465,-11.129839935721577,0.8139076067151679,6.823002580021643,2.8067434654064205,2.6262182269728775,-0.18052523843354276,-12.819976591870624
1240,12.39,0.0,0.0,0.0,0.0,1.6822006549793003,-11.034249118165913,-2.314381376649064,12.065319528573689,2.8236312018201697,2.5153541288793457,-0.30827707294082374,-12.716449773145214
1241,12.4,0.0,0.0,0.0,0.0,1.6458565696664142,-10.89386530502313,-4.845459026284014,15.722161529434565,2.840292562990568,2.4056831112896324,-0.43460945170093646,-12.539721874689544
1242,12.41,0.0,0.0,0.0,0.0,1.5874908505924459,-10.725617588865253,-6.7205301186406565,17.64584851405955,2.85647491091519,2.2975696892938826,-0.5589052216213076,-12.313108439457698
1243,12.42,0.0,0.0,0.0,0.0,1.5134377493374116,-10.546139451089848,-7.999868199143865,18.016802283422958,2.8719902027107236,2.191207832202206,-0.6807823705085173,-12.05957720042726
1244,12.43,0.0,0.0,0.0,0.0,1.4290766480949655,-10.369327278915668,-8.804466876424193,17.174194932091897,2.8867094694699493,2.086637536999459,-0.8000719324704902,-11.798403927010632
1245,12.44,0.0,0.0,0.0,0.0,1.3384870821429526,-10.20549743065909,-9.266830694121817,15.476950690215027,2.9005511328212625,1.983777571842801,-0.9167735609784613,-11.543984512802043
1246,12.450000000000001,0.0,0.0,0.0,0.0,1.2444903933769427,-10.0616155207567,-9.50319216668685,13.228884041879484,2.913467983227848,1.882460753924885,-1.0310072293029633,-11.306105914133642
1247,12.46,0.0,0.0,0.0,0.0,1.1488733439488283,-9.941994943254244,-9.603676012157864,10.655892284224644,2.9254356341307504,1.7824641545907642,-1.142971479539986,-11.090868287203072
1248,12.47,0.0,0.0,0.0,0.0,1.0526530719751601,-9.849062622482561,-9.632613298421303,7.9116130425195665,2.936443503535157,1.6835317457661785,-1.2529117577689786,-10.901715694457721
1249,12.48,0.0,0.0,0.0,0.0,0.9563150528996501,-9.78400417131682,-9.632836688753365,5.093652386547177,2.9464883433754796,1.5853899036569297,-1.36109843971855,-10.74031922421647
1250,12.49,0.0,0.0,0.0,0.0,0.8600034820856337,-9.747236204372294,-9.630525808331646,2.2609445465171847,2.9555699151902197,1.4877573156205308,-1.4678125995696887,-10.607239686457929
1251,12.5,0.0,0.0,0.0,0.0,0.7636670774313007,-9.738715826735781,-9.639146783832109,-0.5513085881859189,2.9636883391720157,1.3903509981915771,-1.5733373409804392,-10.502382904167082
1252,12.51,0.0,0.0,0.0,0.0,0.6671719806787109,-9.758115732612257,-9.66207394548313,-3.3196467125065814,2.9708427257506793,1.292889916750255,-1.6779528090004245,-10.425287713290968
1253,12.52,0.0,0.0,0.0,0.0,0.5703950193917453,-9.804891538888947,-9.693916665372944,-6.02263376289752,2.9770308271976225,1.1950974119823763,-1.781933415215246,-10.375286558280692
1254,12.530000000000001,0.0,0.0,0.0,0.0,0.47330953456644004,-9.878259277829649,-9.720709557739605,-8.63244788309792,2.9822495752020224,1.096703413105761,-1.8855461620962617,-10.351568812396089
1255,12.540000000000001,0.0,0.0,0.0,0.0,0.37607420140206144,-9.977091705938378,-9.719157923955153,-11.106938188816025,2.986496483811057,0.9974472859770902,-1.9890491978339668,-10.35316590734044
1256,12.55,0.0,0.0,0.0,0.0,0.2791331523258614,-10.099735325729027,-9.655180396924898,-13.381674503115377,2.9897719912258185,0.8970821144793704,-2.092689876746448,-10.378868478054889
1257,12.56,0.0,0.0,0.0,0.0,0.18333266182717423,-10.243748187758358,-9.482139193494886,-15.362152616707634,2.9920828830242705,0.7953812090734566,-2.1967016739508143,-10.427080849585533
1258,12.57,0.0,0.0,0.0,0.0,0.09005433608624507,-10.405564990047823,-9.13946350279749,-16.91736512815519,2.993446968022509,0.6921476122051354,-2.301299355817374,-10.495619326134069
1259,12.58,0.0,0.0,0.0,0.0,0.0013552623049846904,-10.580115591357025,-8.552891743098433,-17.8775427447406,2.9938991343148733,0.5872272203888206,-2.406671913926053,-10.58147085366201
1260,12.59,0.0,0.0,0.0,0.0,-0.07990993392270661,-10.760461065976067,-7.638214277959864,-18.040897627880412,2.993498745525535,0.48052570847286014,-2.5129730370526753,-10.68055113205336
1261,12.6,0.0,0.0,0.0,0.0,-0.15003169244983833,-10.93756887574383,-6.31085699455365,-17.195833805125684,2.9923379830377455,0.37202852670936004,-2.6203094563283855,-10.787537183293992
1262,12.61,0.0,0.0,0.0,0.0,-0.20452149463270974,-11.100412562398283,-4.503146970631841,-15.164273659764126,2.9905501594142514,0.2618216995705266,-2.7287284598437247,-10.895891067765573
1263,12.620000000000001,0.0,0.0,0.0,0.0,-0.2383977784941309,-11.23661195674298,-2.188568670226214,-11.86539583183852,2.9883162807053445,0.1501090952748135,-2.838207185430531,-10.99821417824885
1264,12.63,0.0,0.0,0.0,0.0,-0.24672800056983168,-11.333760341587041,0.5927376700749023,-7.3854710772117125,2.985867479260948,0.03721990930693373,-2.9486475699540144,-11.08703234101721
1265,12.64,0.0,0.0,0.0,0.0,-0.22538579638933467,-11.381358461069306,3.718712986966295,-2.0232686394590473,2.983480865042059,-0.07640036166119293,-3.059881226703252,-11.155972664679972
1266,12.65,0.0,0.0,0.0,0.0,-0.17185447870269507,-11.372928601122247,6.993165014969,3.7244274298687534,2.9814673813492916,-0.1902196856877781,3.1114982401425166,-11.201074122419552
1267,12.66,0.0,0.0,0.0,0.0,-0.08581167486567204,-11.307607266695719,10.181365694137495,9.251897313091439,2.9801524879230676,-0.30366841708764875,2.9993644021688697,-11.221795591830046
1268,12.67,0.0,0.0,0.0,0.0,0.0307434487784178,-11.19056832291337,13.062887974880164,13.981281862797717,2.9798531410818807,-0.4161986945812002,2.8871334715165053,-11.221311771691788
1269,12.68,0.0,0.0,0.0,0.0,0.17388729696784044,-11.032079937277098,15.479707585963409,17.488444366475253,2.9808561629260772,-0.5273411484639969,2.774987995789512,-11.20596723424494
1270,12.69,0.0,0.0,0.0,0.0,0.338541411238839,-10.845586820695365,17.360422328240592,19.56616136825684,2.983402643120139,-0.6367467812813167,2.663035882778131,-11.184128231934205
1271,12.700000000000001,0.0,0.0,0.0,0.0,0.5193389390413059,-10.64554433035581,18.71603804530799,20.21223755793355,2.9876807578674347,-0.7442078046046856,2.551296744707466,-11.164883269397116
1272,12.71,0.0,0.0,0.0,0.0,0.711342490875843,-10.445650864139628,19.61673890582407,19.567851844237826,2.9938266689699606,-0.8496583936032278,2.4397002446063976,-11.156993355015471
1273,12.72,0.0,0.0,0.0,0.0,0.9104933648757265,-10.25778861607702,20.163557791846163,17.843289672400953,3.0019313007545176,-0.9531612022607732,2.3280928041642954,-11.168281980952747
1274,12.73,0.0,0.0,0.0,0.0,1.1137964497843078,-10.091652963911613,20.464971610629195,15.257404773854809,3.0120502465500745,-1.0548868437206123,2.2162482169088995,-11.205449413695922
1275,12.74,0.0,0.0,0.0,0.0,1.319313462401941,-9.95487357299812,20.62212824840766,12.000147427594808,3.0242144938963578,-1.1550923153269455,2.1038784979562832,-11.274187035400061
1276,12.75,0.0,0.0,0.0,0.0,1.5260494682394752,-9.853401919619813,20.72192222441118,8.215804270317664,3.038440483107351,-1.2541021394263048,1.9906426846459304,-11.379451387859287
1277,12.76,0.0,0.0,0.0,0.0,1.7337988321212532,-9.791990065744505,20.835334812550073,4.000361393641076,3.0547387843034346,-1.35229395337196,1.8761525695041916,-11.525788897865759
1278,12.77,0.0,0.0,0.0,0.0,1.9429896521404537,-9.774651131420406,21.01838914431783,-0.5930186200988019,3.073121204567331,-1.4500888633813716,1.7599752392308836,-11.71764078356086
1279,12.780000000000001,0.0,0.0,0.0,0.0,2.1545417911252316,-9.805040302753879,21.313609061906007,-5.543931003656754,3.09360640322588,-1.5479460440198158,1.6416328599338903,-11.95958209387911
1280,12.790000000000001,0.0,0.0,0.0,0.0,2.369734955985447,-9.886716193093788,21.750307889647484,-10.850734558232562,3.116224147432596,-1.6463605822428953,1.5206005775040952,-12.256451149079234
1281,12.8,0.0,0.0,0.0,0.0,2.5900670345866157,-10.02323431592337,22.34204794873316,-16.510318196251998,3.1410182234021815,-1.7458631475744826,1.3963039362029221,-12.613301350509985
1282,12.81,0.0,0.0,0.0,0.0,2.817064112710563,-10.217984629496351,23.07907631675506,-22.48585126524147,-3.1151375759060937,-1.8470194174859225,1.2681181584201713,-13.035048742206914
1283,12.82,0.0,0.0,0.0,0.0,3.0519766862311606,-10.473606321746296,23.912477746742866,-28.652393404483018,-3.085799327028505,-1.950425948937907,1.135373378090598,-13.525583007977456
1284,12.83,0.0,0.0,0.0,0.0,3.2952580599875234,-10.790689158063444,24.72569301623801,-34.70598728100333,-3.0540699456334406,-2.0566969349911473,0.9973730106422932,-14.085947218050967
1285,12.84,0.0,0.0,0.0,0.0,3.5456791053760854,-11.165326185499074,25.29009903947897,-40.02376009560789,-3.019869985605293,-2.166432640187656,0.8534373454176366,-14.71100529087516
1286,12.85,0.0,0.0,0.0,0.0,3.7989371915649723,-11.58506030891886,25.211013248902255,-43.49005283678396,-2.983146275520374,-2.2801556157618963,0.7029906597584779,-15.383997500483833
1287,12.86,0.0,0.0,0.0,0.0,4.045812730821125,-12.023309793189593,23.901766086411293,-43.397193024185235,-2.9439116544069783,-2.3981981527883556,0.5457135016186228,-16.06912252401072
1288,12.870000000000001,0.0,0.0,0.0,0.0,4.270585328313127,-12.434309586849656,20.68327136221112,-37.71417004127879,-2.9023028910038757,-2.5205335003798304,0.38176939062404497,-16.704894915162782
1289,12.88,0.0,0.0,0.0,0.0,4.451624588494206,-12.754288249307287,15.13480734584618,-25.115293294844108,-2.8586456639952007,-2.6465813376795353,0.21206432631566544,-17.205912837801492
1290,12.89,0.0,0.0,0.0,0.0,4.566636923373256,-12.91651148169146,7.628384179733745,-6.590009979826762,-2.8134918809813714,-2.7750895176922423,0.03840236328912905,-17.483148405064718
1291,12.9,0.0,0.0,0.0,0.0,4.602172651998194,-12.879345540411853,-0.4709405821628337,13.919089170312395,-2.767580432136008,-2.904239475949539,-0.13665904381353092,-17.481518192410046
1292,12.91,0.0,0.0,0.0,0.0,4.561048787411123,-12.648452358849696,-7.4445484302753595,31.400632966450626,-2.7217063016270338,-3.0320239257282506,-0.31031762410121694,-17.20950114626082
1293,12.92,0.0,0.0,0.0,0.0,4.460742380710863,-12.272157901182025,-12.214234421575396,42.73534613434046,-2.6765576693734956,3.1264640363149447,-0.4801636014911459,-16.73290028189289
1294,12.93,0.0,0.0,0.0,0.0,4.324455044114693,-11.815053581851721,-14.695539846676267,47.73190472693794,-2.6326110558755635,3.005986451833329,-0.6445877994706938,-16.139508625966414
1295,12.94,0.0,0.0,0.0,0.0,4.1726974710226905,-11.333372833574632,-15.419082412560389,47.97695185946493,-2.590119300952092,2.890242358357358,-0.8028236478701357,-15.506070304597323
1296,12.950000000000001,0.0,0.0,0.0,0.0,4.019745636692802,-10.864985479687064,-15.035472422208489,45.363749095304065,-2.5491603097163282,2.779272406609591,-0.9547525908536668,-14.884731116379866
1297,12.96,0.0,0.0,0.0,0.0,3.87393911108678,-10.430683705107784,-14.060317291722873,41.35633339563479,-2.509700032550022,2.6728275063732037,-1.1006577682563607,-14.304622816194563
1298,12.97,0.0,0.0,0.0,0.0,3.7393820011461574,-10.03939555483881,-12.827725801986753,36.874520467635335,-2.471643713136051,2.5705144987889,-1.2410270952546352,-13.778777555984968
1299,12.98,0.0,0.0,0.0,0.0,3.6175963641544926,-9.693068189728947,-11.528700150046403,32.42205996978885,-2.434869656648652,2.4718893157699755,-1.3764263347609584,-13.31066455388344
1300,12.99,0.0,0.0,0.0,0.0,3.5086968339228273,-9.390033236760637,-10.26135832148236,28.241400882510852,-2.399248758664566,2.376508672716393,-1.5074278757986272,-12.898730070683463
1301,13.0,0.0,0.0,0.0,0.0,3.412115420434287,-9.127007452765401,-9.069250089505667,24.42823360885763,-2.3646546360660365,2.283955265881297,-1.6345754052322525,-12.539122873199688
1302,13.01,0.0,0.0,0.0,0.0,3.3270149033612846,-8.900172665537884,-7.965759499450339,21.00275428027764,-2.3309681829552176,2.1938479274004,-1.7583691968239687,-12.227187568899168
1303,13.02,0.0,0.0,0.0,0.0,3.2525125961918873,-8.705707628190432,-6.9483380085107,17.95027815256618,-2.2980790255576546,2.1058439768611734,-1.8792623047607582,-11.95822022438232
1304,13.030000000000001,0.0,0.0,0.0,0.0,3.187796215388044,-8.54001586382865,-6.006401391802161,15.243089032857684,-2.26588533177311,2.019637930790581,-1.9976620446158955,-11.727812079216694
1305,13.040000000000001,0.0,0.0,0.0,0.0,3.1321807075533146,-8.399794119117809,-5.125598559636406,12.851480150154563,-2.234292787476924,1.9349588207331945,-2.113933698969468,-11.531974826671124
1306,13.05,0.0,0.0,0.0,0.0,3.085133106299979,-8.282024117388326,-4.290155158941109,10.74860799459609,-2.203213180437021,1.8515672618488026,-2.2284048648937627,-11.367157223688306
1307,13.06,0.0,0.0,0.0,0.0,3.0462790663278407,-8.183935921102636,-3.4843266845907306,8.911593000444306,-2.172562834687681,1.7692527772014837,-2.341369695290422,-11.230214987430477
1308,13.07,0.0,0.0,0.0,0.0,3.015396599242014,-8.102973821239804,-2.6935827705798876,7.320043822358626,-2.142261045783966,1.6878314972582846,-2.453092764137336,-11.118370420481817
1309,13.08,0.0,0.0,0.0,0.0,2.9923978017253,-8.036787221501582,-1.9058591466300383,5.9526212668069745,-2.1122286381616853,1.6071440918638233,-2.563812577154078,-11.029185023226882
1310,13.09,0.0,0.0,0.0,0.0,2.977297303041326,-7.983263211283846,-1.112950582815776,4.7822688037346275,-2.0823867704337315,1.527053596054498,-2.673744940691357,-10.960560514325172
1311,13.1,0.0,0.0,0.0,0.0,2.9701668693682506,-7.940609198056201,-0.31182405640766137,3.771209473965785,-2.052656126085129,1.4474426618022378,-2.78308651929222,-10.910776067424452
1312,13.11,0.0,0.0,0.0,0.0,2.971079292406743,-7.907479636900159,0.4946541585782039,2.867469300736896,-2.0229566165887656,1.368209750217573,-2.892018940373248,-10.878558929306902
1313,13.120000000000001,0.0,0.0,0.0,0.0,2.9800505952870004,-7.8831212437959195,1.2982081815856918,2.004976818680732,-1.9932076642013474,1.289263934196048,-3.0007137087821913,-10.86317183908292
1314,13.13,0.0,0.0,0.0,0.0,2.996995094839584,-7.86749322684465,2.0872583094896338,1.1085466261375876,-1.9633290119068487,1.2105183330771248,-3.109337962195613,-10.864488321684235
1315,13.14,0.0,0.0,0.0,0.0,3.021708969139154,-7.861314930789884,2.85041177191277,0.10310065792387024,-1.9332418517696255,1.1318826725537845,3.0651245243234095,-10.88302389992904
1316,13.15,0.0,0.0,0.0,0.0,3.053891836598345,-7.866011663529138,3.5803629115209468,-1.0758369285827265,-1.9028699309680774,1.053255866602185,2.9561257975702624,-10.919903500127482
1317,13.16,0.0,0.0,0.0,0.0,3.093203833132797,-7.883566277082576,4.276880730009664,-2.4744413376619936,-1.8721402569260874,0.9745196357194799,2.846659892645567,-10.976770110215373
1318,13.17,0.0,0.0,0.0,0.0,3.139343706890586,-7.916321101894782,4.947931556109611,-4.118651253032939,-1.8409831110214632,0.8955339056745296,2.736517016695993,-11.055664808785368
1319,13.18,0.0,0.0,0.0,0.0,3.1921280955365234,-7.966791761410485,5.608857598474021,-6.0182903390470575,-1.8093312592162172,0.8161341780492323,2.6254654372654493,-11.158919856947008
1320,13.19,0.0,0.0,0.0,0.0,3.251555643666675,-8.037544155955056,6.280327725587033,-8.175090125116128,-1.7771184354767842,0.7361304793241745,2.5132489148009585,-11.28909979962173
1321,13.200000000000001,0.0,0.0,0.0,0.0,3.317848670074866,-8.131158448050895,6.986054333588877,-10.591583554134727,-1.7442772943267528,0.6553071123700935,2.399584406696846,-11.449007118125762
1322,13.21,0.0,0.0,0.0,0.0,3.3914741481509263,-8.250276052059634,7.751026656694499,-13.278529479938467,-1.7107370544754847,0.5734223408049978,2.284159395280482,-11.641750200210561
1323,13.22,0.0,0.0,0.0,0.0,3.473150959157941,-8.397708717381716,8.600538903068642,-16.25983788738958,-1.6764210079136392,0.4902072721431312,2.16662828005677,-11.870859676539657
1324,13.23,0.0,0.0,0.0,0.0,3.563850928813671,-8.576583992210857,9.55986647841849,-19.574960890121897,-1.6412439929718763,0.40536344708492705,2.0466074400568033,-12.140434921024529
1325,13.24,0.0,0.0,0.0,0.0,3.664798142105472,-8.790502923613317,10.654153581387728,-23.278962505931528,-1.605109867396565,0.3185588936535997,1.9236687610501646,-12.455301065718789
1326,13.25,0.0,0.0,0.0,0.0,3.7774654941425796,-9.04368583882483,11.90783694223596,-27.439917156143643,-1.5679089982479808,0.2294226416913266,1.797331639939307,-12.82115133296741
1327,13.26,0.0,0.0,0.0,0.0,3.9035590314413087,-9.341072169151332,13.342558980382448,-32.13184452673587,-1.529515834773634,0.1375379721802326,1.6670538069538667,-13.24463120059264
1328,13.27,0.0,0.0,0.0,0.0,4.0449668069816385,-9.688310095082933,14.971758618393077,-37.41866163410751,-1.4897867876497326,0.04243514443459808,1.5322219320843307,-13.73327690206457
1329,13.280000000000001,0.0,0.0,0.0,0.0,4.203624047784394,-10.091504164078295,16.788602558527803,-43.31965751882768,-1.4485589826632175,-0.056414716899374474,1.3921442657638432,-14.29512821186269
1330,13.290000000000001,0.0,0.0,0.0,0.0,4.381200553757663,-10.556454345558091,18.741182529298744,-49.73830373980083,-1.4056511454978249,-0.15960097363190393,1.246050171865921,-14.937654899315753
1331,13.3,0.0,0.0,0.0,0.0,4.578436195514704,-11.086876064262743,20.68490067743554,-56.32324469790244,-1.3608691819425036,-0.26776268638887374,1.0931064955536298,-15.665312259777448
1332,13.31,0.0,0.0,0.0,0.0,4.793832494574553,-11.680718462480536,22.299331252224732,-62.22025206063437,-1.3140213264867104,-0.3815514273453402,0.9324698991413706,-16.47455095705509
1333,13.32,0.0,0.0,0.0,0.0,5.021316144753881,-12.323372714394784,22.968282936137115,-65.7043029323379,-1.2649512081176792,-0.5015427256821459,0.7634084824355336,-17.344688859148665
1334,13.33,0.0,0.0,0.0,0.0,5.24672322624926,-12.977170084730073,21.684084872137856,-63.8643048584754,-1.2136003785255705,-0.6280606066704209,0.5855397718551497,-18.22389331097933
1335,13.34,0.0,0.0,0.0,0.0,5.444284285387076,-13.570479055951996,17.198653677630954,-53.00515339997441,-1.1601080522396343,-0.7608891229938041,0.3992189292458302,-19.014763341339073
1336,13.35,0.0,0.0,0.0,0.0,5.577398369037389,-13.99914651421506,8.782055974604955,-30.878821781136985,-1.1049296204828416,-0.8989213231282284,0.20600829735461293,-19.57654488325245
1337,13.36,0.0,0.0,0.0,0.0,5.609931936342094,-14.15933181418244,-2.561027658671935,-0.348489428714262,-1.048898606383187,-1.0399676941306575,0.008930912252530088,-19.769263750524534
1338,13.370000000000001,0.0,0.0,0.0,0.0,5.526157857586331,-14.006682850123559,-13.909825671419172,30.011162968063037,-0.9931237696359875,-1.1810502770399107,-0.18792650740392314,-19.53284070770989
1339,13.38,0.0,0.0,0.0,0.0,5.341697473251393,-13.58894232918941,-22.341200583817564,51.63283700410114,-0.9387143874341468,-1.3192082021130616,-0.38049381467891474,-18.9306398024408
1340,13.39,0.0,0.0,0.0,0.0,5.092584681664511,-13.01309620310869,-26.855063342561287,61.70281069139576,-0.8865054686898781,-1.4523020704831715,-0.5657966017932929,-18.1056808847732
1341,13.4,0.0,0.0,0.0,0.0,4.815200849186797,-12.385688593613189,-28.19962727476113,62.56434287943063,-0.8369554097059184,-1.579303015854588,-0.7423476061486693,-17.200889442799987
1342,13.41,0.0,0.0,0.0,0.0,4.534894366719992,-11.779765418201876,-27.642212855599656,58.00312634118095,-0.7902096313406882,-1.7000921574371266,-0.9098825260964386,-16.31465978492187
1343,13.42,0.0,0.0,0.0,0.0,4.2652575851086505,-11.23368173300572,-26.200653240952114,50.98344253250796,-0.7462209224197597,-1.8151008027338873,-1.0688798803141277,-15.49893931811437
1344,13.43,0.0,0.0,0.0,0.0,4.011738430572611,-10.762382249807708,-24.492313841432498,43.24975514701565,-0.7048502048286777,-1.9250166025152475,-1.2201663976865693,-14.774120680380317
1345,13.44,0.0,0.0,0.0,0.0,3.7752282491078466,-10.368161225911775,-22.833395239989823,35.65807606783548,-0.6659292132314115,-2.0306059995606063,-1.3646767863291946,-14.143389475019621
1346,13.450000000000001,0.0,0.0,0.0,0.0,3.554437974734363,-10.047559291223196,-21.361401627319765,28.557238065254765,-0.6292931596594705,-2.1326253845173517,-1.5033322248578818,-13.601997265957559
1347,13.46,0.0,0.0,0.0,0.0,3.3472302316924387,-9.795042458597507,-20.119005692570926,22.045408764387197,-0.5947951781149106,-2.23178409283239,-1.636988914717479,-13.142272690289946
1348,13.47,0.0,0.0,0.0,0.0,3.15130728531342,-9.604710920233886,-19.101087413393458,16.114722906255903,-0.5623109759188193,-2.3287334081224684,-1.766422432203649,-12.756018205547306
1349,13.48,0.0,0.0,0.0,0.0,2.9645571857477444,-9.47093834280952,-18.278161806808498,10.7271977382275,-0.5317385114450932,-2.4240667330618364,-1.8923282216167432,-12.435495528557265
1350,13.49,0.0,0.0,0.0,0.0,2.7852384818309077,-9.388455209963093,-17.60660120508537,5.854100832204783,-0.50299512763969,-2.51832306878968,-2.015327941149991,-12.173693691794
1351,13.5,0.0,0.0,0.0,0.0,2.6121008637796264,-9.352140383236016,-17.032025462519375,1.4970429649232935,-0.47601321568534893,-2.611989716554143,-2.1359765008687948,-11.964241247015643
1352,13.51,0.0,0.0,0.0,0.0,2.4444895286086195,-9.35665435141999,-16.48966999268557,-2.3006232346926945,-0.4507347787967421,-2.705502022671167,-2.2547672438744253,-11.80114388002861
1353,13.52,0.0,0.0,0.0,0.0,2.282449705426811,-9.395995229877503,-15.904387096220942,-5.449762843233113,-0.4271049546015756,-2.7992390084484096,-2.372134053846833,-11.678444935304313
1354,13.530000000000001,0.0,0.0,0.0,0.0,2.1268230883689654,-9.463057624314953,-15.192660916954075,-7.820654774356621,-0.4050645159234,-2.8935144974506986,-2.488449981527299,-11.589880712683918
1355,13.540000000000001,0.0,0.0,0.0,0.0,1.9793041666113576,-9.54930741618605,-14.268986357046545,-9.261795184660784,-0.38454157133259137,-2.9885642975438844,-2.604022726211294,-11.528611582797406
1356,13.55,0.0,0.0,0.0,0.0,1.842403131471966,-9.64473046624946,-13.058344505287636,-9.636274952153776,-0.36544311862781,-3.0845313537868253,-2.7190882351590147,-11.487133597721426
1357,13.56,0.0,0.0,0.0,0.0,1.7192538444339565,-9.738230887199206,-11.514363268451968,-8.874309995253174,-0.34764769648134025,3.1017328057349496,-2.8338048049632962,-11.457484731633162
1358,13.57,0.0,0.0,0.0,0.0,1.6132281006403852,-9.818589128168167,-9.638774734547571,-7.02949734011337,-0.3310009140958658,3.003933337452603,-2.948251055631118,-11.431817228808551
1359,13.58,0.0,0.0,0.0,0.0,1.5273834872677055,-9.875903124734574,-7.49357615478913,-4.3144546237489285,-0.31531573115042294,2.905438253426832,-3.062431322602332,-11.40328661200228
1360,13.59,0.0,0.0,0.0,0.0,1.4638659066135677,-9.903169935189066,-5.196695965555533,-1.0897690167022085,-0.3003786234866774,2.806516017222908,3.106894640709586,-11.367035841802634
1361,13.6,0.0,0.0,0.0,0.0,1.4234547336187646,-9.897476396963851,-2.8981543395386904,2.2020883053127096,-0.28596117308612934,2.707485355317124,2.9934465284032528,-11.320931130582617
1362,13.61,0.0,0.0,0.0,0.0,1.4054160112076448,-9.860334616742444,-0.7444313204120795,5.135569172583326,-0.27183476454127126,2.6086718579911605,2.880506622532432,-11.265750627950089
1363,13.620000000000001,0.0,0.0,0.0,0.0,1.4077092203589303,-9.797042216015004,1.1540098230220166,7.390890073694181,-0.2577849552662894,2.510366184902614,2.768151140168904,-11.204751436373934
1364,13.63,0.0,0.0,0.0,0.0,1.4274476820407849,-9.715359785677917,2.739605967708312,8.79799901911579,-0.24362237976443477,2.4127924563665,2.6564148361309354,-11.142807467718702
1365,13.64,0.0,0.0,0.0,0.0,1.4614341449184605,-9.624013524824894,4.006279948732594,9.328985336209351,-0.22918852140325052,2.316091173904353,2.545279695307603,-11.085447669743354
1366,13.65,0.0,0.0,0.0,0.0,1.506613905481911,-9.531461675614437,4.985800087040938,9.057113798722904,-0.2143564387632994,2.2203160735527185,2.4346725123160184,-11.038075581096349
1367,13.66,0.0,0.0,0.0,0.0,1.5603671814942792,-9.445131367264239,5.7306163030729165,8.107523203419763,-0.19902773518314437,2.1254410322076027,2.3244687673907465,-11.005498548758517
1368,13.67,0.0,0.0,0.0,0.0,1.6206398065060459,-9.371112894492597,6.299391284267835,6.616954769391895,-0.18312743545661478,2.031372243061741,2.2144996785183566,-10.991752700998644
1369,13.68,0.0,0.0,0.0,0.0,1.6859538941223395,-9.314182016053698,6.747573415566923,4.708647674307959,-0.16659819778181081,1.9379616817112102,2.104559879493021,-11.000135910176038
1370,13.69,0.0,0.0,0.0,0.0,1.7553485241544866,-9.27800174492041,7.122627950205478,2.480940259127536,-0.14939480779926803,1.845019337560157,1.9944141453594253,-11.033350269074896
1371,13.700000000000001,0.0,0.0,0.0,0.0,1.8282899516901425,-9.265387105946159,7.4624368332818865,0.0053287846459671205,-0.13147944457172125,1.752323033648143,1.8838024782198635,-11.093677057636302
1372,13.71,0.0,0.0,0.0,0.0,1.904575117434354,-9.278559130802565,7.795326951370861,-2.6699973817253935,-0.11281789154100563,1.6596256070715012,1.7724434986125073,-11.183134248236918
1373,13.72,0.0,0.0,0.0,0.0,1.9842384423978066,-9.319347438390231,8.140531975761002,-5.513702143640754,-0.09337669957234349,1.566659782213773,1.660036481786117,-11.303585880788038
1374,13.73,0.0,0.0,0.0,0.0,2.067461766659591,-9.389318592139853,8.508239926185858,-8.50297029056394,-0.0731212628767238,1.4731413736429464,1.5462626365196699,-11.456780358799444
1375,13.74,0.0,0.0,0.0,0.0,2.1544799520193565,-9.489811233985325,8.898578077165874,-11.613064702079294,-0.05201480836810289,1.3787716539767847,1.4307864623448876,-11.644291186004681
1376,13.75,0.0,0.0,0.0,0.0,2.2454685127367506,-9.621851392076536,9.298930263129682,-14.803521651448701,-0.03001840495353738,1.2832399415304896,1.313258346484027,-11.867319904813286
1377,13.76,0.0,0.0,0.0,0.0,2.3403934146942342,-9.78590473786727,9.678944095294089,-17.998964002064053,-0.007092266416030067,1.1862278052860131,1.1933200717020438,-12.126298152561503
1378,13.77,0.0,0.0,0.0,0.0,2.4387968891357947,-9.98140060042161,9.982654917183496,-21.062311740056984,0.01680114781018732,1.08741682512755,1.0706156773173618,-12.420197489557404
1379,13.780000000000001,0.0,0.0,0.0,0.0,2.539489674968715,-10.205945517986898,10.117758349191224,-23.759640265395543,0.04169144593745528,0.9865025945988202,0.9448111486613641,-12.745435192955613
1380,13.790000000000001,0.0,0.0,0.0,0.0,2.64012879551956,-10.454159970026002,9.944073377926072,-25.721616845055763,0.06759097400947363,0.883218443663337,0.8156274696538639,-13.094288765545562
1381,13.8,0.0,0.0,0.0,0.0,2.7367012085817715,-10.716182342843931,9.267962361462057,-26.420403670766877,0.09448074361189586,0.7773725868510266,0.6828918432391302,-13.452883551425703
1382,13.81,0.0,0.0,0.0,0.0,2.823039105701915,-10.97618758857969,7.857456927003384,-25.205270555291563,0.1222911817133088,0.6689006477335604,0.5466094660202523,-13.799226694281604
1383,13.82,0.0,0.0,0.0,0.0,2.890679354224724,-11.211825495041914,5.499571001222199,-21.46209778117305,0.15087940239541925,0.5579294316994249,0.407050029304005,-14.102504849266639
1384,13.83,0.0,0.0,0.0,0.0,2.929566254557302,-11.396065491957264,2.1108101924776506,-14.933553523462745,0.18000884604287867,0.4448356224771205,0.2648267764342412,-14.325631746514567
1385,13.84,0.0,0.0,0.0,0.0,2.930000313635475,-11.502695314605358,-2.1363784447413257,-6.093848635690021,0.20934204390961503,0.33026821421871816,0.12092617030910319,-14.432695628240833
1386,13.85,0.0,0.0,0.0,0.0,2.88551660551164,-11.514611769950065,-6.774639843734029,3.729078751697335,0.23845824876865804,0.21509988851690004,-0.02335836025175859,-14.400128375461705
1387,13.86,0.0,0.0,0.0,0.0,2.795295300472697,-11.430803258086964,-11.179982379363786,12.755298481685008,0.2668989867562383,0.10029766118963984,-0.16660132556659898,-14.226098558559661
1388,13.870000000000001,0.0,0.0,0.0,0.0,2.6644772972642037,-11.267201308441221,-14.826928106732078,19.50112853056238,0.2942282111658292,-0.013248520693350096,-0.3074767318591784,-13.931678605705425
1389,13.88,0.0,0.0,0.0,0.0,2.502126130880029,-11.050651306391364,-17.472441975921797,23.31262499953553,0.3200832493530004,-0.12486950253205314,-0.44495275188505395,-13.552777437271393
1390,13.89,0.0,0.0,0.0,0.0,2.318245510287519,-10.810216413613546,-19.157891151261637,24.357704516515863,0.3441991328060393,-0.23418251573215926,-0.578381648538199,-13.128461923901064
1391,13.9,0.0,0.0,0.0,0.0,2.1214846748792224,-10.570633010327079,-20.089315434287336,23.263784722745324,0.3664055293079668,-0.3410776180198484,-0.7074831473278153,-12.692117685206302
1392,13.91,0.0,0.0,0.0,0.0,1.9181504205934894,-10.34966232255657,-20.51202828122637,20.748893105042914,0.3866072142865235,-0.4456581120565714,-0.8322653263430956,-12.26781274315006
1393,13.92,0.0,0.0,0.0,0.0,1.712227772799348,-10.158365514184338,-20.63769503065233,17.414968487935372,0.4047601421368201,-0.5481704464505675,-0.9529305885873883,-11.870593286983686
1394,13.93,0.0,0.0,0.0,0.0,1.5058651431382593,-10.002652090448766,-20.621035525978535,13.68923770573066,0.42085045998555626,-0.6489444676585978,-1.0697949276441547,-11.508517233587025
1395,13.94,0.0,0.0,0.0,0.0,1.299939445282689,-9.884970588852438,-20.56336090825184,9.84294262804799,0.43487899651521666,-0.7483505124141341,-1.1832295089293505,-11.184910034135127
1396,13.950000000000001,0.0,0.0,0.0,0.0,1.0945308050260492,-9.805662470639346,-20.524929446663783,6.033562813329621,0.44685102349874956,-0.8467719192754538,-1.293622942774204,-10.900193275665394
1397,13.96,0.0,0.0,0.0,0.0,0.8892697751395242,-9.763892088800551,-20.537228803890187,2.3450041461688715,0.4567701263745153,-0.9445889426745756,-1.4013590690490907,-10.653161863940076
1398,13.97,0.0,0.0,0.0,0.0,0.6835757248841313,-9.75822098052013,-20.612278761014252,-1.1818287498412077,0.46463497800783005,-1.042170108142638,-1.5068050861504676,-10.441796705404261
1399,13.98,0.0,0.0,0.0,0.0,0.47681852148785353,-9.786925247655445,-20.748742134171792,-4.527899212907983,0.4704380861958193,-1.1398679472083348,-1.610306033404155,-10.263743769143298
1400,13.99,0.0,0.0,0.0,0.0,0.2684324962988073,-9.848138947502807,-20.935483811421058,-7.6819352232294476,0.4741658981347101,-1.238016977539592,-1.7121828756743027,-10.116571443801615
1401,14.0,0.0,0.0,0.0,0.0,0.058004479545145954,-9.939881272483758,-21.153312190887494,-10.63093152251075,0.4757998997393341,-1.3369324975407255,-1.8127323972800595,-9.997885752028903
1402,14.01,0.0,0.0,0.0,0.0,-0.15464909810478839,-10.060003984220689,-21.375514384103077,-13.353457772939324,0.47531853058920326,-1.4369092306268096,-1.9122277612160121,-9.9053548861159
1403,14.02,0.0,0.0,0.0,0.0,-0.3694064928674815,-10.20608108391608,-21.567673123858118,-15.814668545330095,0.472699856957623,-1.5382191408374069,-2.01091899779503,-9.836674591048599
1404,14.030000000000001,0.0,0.0,0.0,0.0,-0.5857613272987269,-10.37525489387263,-21.687201161173483,-17.962548401582538,0.4679250176497862,-1.641107916921349,-2.1090329345711356,-9.789493566573903
1405,14.040000000000001,0.0,0.0,0.0,0.0,-0.8027391270131012,-10.564051093019769,-21.683064224442266,-19.725531912431173,0.46098248532760716,-1.745789750557012,-2.206772235884619,-9.761311966006668
1406,14.05,0.0,0.0,0.0,0.0,-1.0188144020315666,-10.76817973716149,-21.496276813152406,-21.01226073800394,0.45187316618073486,-1.8524401770544379,-2.3043133432351715,-9.749365335129923
1407,14.06,0.0,0.0,0.0,0.0,-1.2318395568720053,-10.982350060906855,-21.061906630160976,-21.71486100503938,0.440616282211125,-1.9611869658453673,-2.401803248056491,-9.75051050403485
1408,14.07,0.0,0.0,0.0,0.0,-1.439004857783673,-11.200143232652003,-20.313419777860048,-21.717580679869233,0.4272558286430519,-2.072099404100594,-2.4993552327436452,-9.761138374868331
1409,14.08,0.0,0.0,0.0,0.0,-1.636856632695516,-11.41400584012093,-19.190067319865545,-20.912531404119903,0.41186716585974326,-2.185176852343321,-2.5970440182030634,-9.777149207425415
1410,14.09,0.0,0.0,0.0,0.0,-1.8214053893156532,-11.61543934781109,-17.647416906596998,-19.223038937506104,0.39456300599074207,-2.30033815134967,-2.694901157340412,-9.794033958495437
1411,14.1,0.0,0.0,0.0,0.0,-1.9883509092979696,-11.795452786975408,-15.6698889655253,-16.63220965687056,0.37549775018198017,-2.417414196277011,-2.792911946458991,-9.80710187767744
1412,14.11,0.0,0.0,0.0,0.0,-2.133431439097964,-11.94530124581266,-13.282407717740643,-13.210030817782306,0.3548689470906953,-2.53614647886769,-2.891015425958386,-9.811869806714697
1413,14.120000000000001,0.0,0.0,0.0,0.0,-2.252867023369207,-12.057445105568272,-10.55678398745147,-9.128488260866614,0.3329147448445671,-2.6561942181240186,-2.989108962968586,-9.804578082199065
1414,14.13,0.0,0.0,0.0,0.0,-2.343821668179291,-12.126554923679025,-7.608514285598694,-4.654134995800652,0.30990673559041687,-2.7771514995253748,-3.087058235115792,-9.782733255499734
1415,14.14,0.0,0.0,0.0,0.0,-2.4047767799603585,-12.15030747999552,-4.582305623660962,-0.11392467663462619,0.28613852799043454,-2.8985736417606094,3.098473137428542,-9.745530700035161
1416,14.15,0.0,0.0,0.0,0.0,-2.4357135115829607,-12.129731419062255,-1.629215081804288,4.158505172251957,0.26191147085072936,-3.0200094348915676,3.00126440143729,-9.694017907479294
1417,14.16,0.0,0.0,0.0,0.0,-2.438052381070595,-12.06898692762761,1.1176966149830672,7.879006013474779,0.2375197545391745,-3.1410340256059928,2.9046315270344185,-9.630934546557015
1418,14.17,0.0,0.0,0.0,0.0,-2.4143744777324225,-11.974650795066752,3.561596876369489,10.853023149839428,0.2132372592894371,3.021908314951942,2.8086710556625047,-9.56027631733433
1419,14.18,0.0,0.0,0.0,0.0,-2.3680115817774596,-11.854728804647747,5.6495115892658125,12.989313639535721,0.18930793529841694,2.90274362015032,2.713435684851903,-9.486717222870288
1420,14.19,0.0,0.0,0.0,0.0,-2.30261385055488,-11.717660576926667,7.369578661259002,14.288897019762748,0.1659404803279058,2.784870848915699,2.6189303685877943,-9.415046726371788
1421,14.200000000000001,0.0,0.0,0.0,0.0,-2.2217823872053755,-11.571519243839083,8.741576823134798,14.819113184517821,0.1433070720962734,2.6684205365350775,2.525113464438804,-9.349736856633708
1422,14.21,0.0,0.0,0.0,0.0,-2.128811146729084,-11.423496725136772,9.805224550716456,14.68414981339773,0.12154524687157894,2.553446586018617,2.431901339147036,-9.294685578407687
1423,14.22,0.0,0.0,0.0,0.0,-2.026542254085842,-11.279666153680948,10.609612642255764,14.000015689172532,0.10076178247141584,2.439936476694975,2.3391746942235594,-9.253123899595106
1424,14.23,0.0,0.0,0.0,0.0,-1.9173139529157013,-11.144956743272832,11.205376476563362,12.877287921807643,0.08103754206995209,2.3278227215238165,2.2467851794538634,-9.22764279035713
1425,14.24,0.0,0.0,0.0,0.0,-1.8029718906185155,-11.023261931869996,11.639807157059614,11.41149578798946,0.062432497323780575,2.2169938456893457,2.154561348365566,-9.22029004125148
1426,14.25,0.0,0.0,0.0,0.0,-1.6849167397645117,-10.917612688801382,11.95435038751179,9.679350080760507,0.044990437055506254,2.1073039092181896,2.062313472162683,-9.23269594903687
1427,14.26,0.0,0.0,0.0,0.0,-1.5641680988495277,-10.830368074777585,12.183724191751145,7.738737583339488,0.028743104831937035,1.9985801788855653,1.9698370740536297,-9.266199975928057
1428,14.27,0.0,0.0,0.0,0.0,-1.441432090144802,-10.76339429106894,12.355958987843644,5.630796290988903,0.013713671363554641,1.8906289347426337,1.8769152633790795,-9.321962200924137
1429,14.280000000000001,0.0,0.0,0.0,0.0,-1.3171662132665758,-10.71821738123309,12.49283317931041,3.3829753447266624,-8.045864646863804e-05,1.7832396096919403,1.7833200683384092,-9.401051167966514
1430,14.290000000000001,0.0,0.0,0.0,0.0,-1.1916394458594954,-10.696142922803105,12.610338114502508,1.0125233975439931,-0.012625464666408803,1.6761875635335606,1.6888130281999707,-9.50450347694361
1431,14.3,0.0,0.0,0.0,0.0,-1.0649886439791905,-10.698339388944037,12.718916721296454,-1.469725843430616,-0.023909509117304672,1.5692358392743173,1.5931453483916236,-9.633350744964847
1432,14.31,0.0,0.0,0.0,0.0,-0.9372745386675784,-10.725881462238934,12.823273614703476,-4.055072290421905,-0.03392169456677478,1.4621362819333725,1.4960579765001476,-9.788606923571356
1433,14.32,0.0,0.0,0.0,0.0,-0.8085425905197314,-10.77974617356981,12.921558595805818,-6.731693767026967,-0.04265159995634157,1.3546304519682024,1.3972820519245424,-9.971203583050078
1434,14.33,0.0,0.0,0.0,0.0,-0.6788960768885043,-10.86074862412282,13.003694968478507,-9.477673013199835,-0.05008947941073809,1.2464508650878592,1.296540344498596,-10.181852547234316
1435,14.34,0.0,0.0,0.0,0.0,-0.5485912725513388,-10.969395387919565,13.048586311985826,-12.251328110591913,-0.056227293039054875,1.1373232639728605,1.1935505570119147,-10.420804115368227
1436,14.35,0.0,0.0,0.0,0.0,-0.4181672571007475,-11.105623239618726,13.019950409871699,-14.9777792857955,-0.06106085123183385,1.0269708979780643,1.0880317492098974,-10.687455982517978
1437,14.36,0.0,0.0,0.0,0.0,-0.2886246290847785,-11.268381579799145,12.860730443878385,-17.531095156613183,-0.06459348970093728,0.9151221602268407,0.9797156499277767,-10.979756950714368
1438,14.370000000000001,0.0,0.0,0.0,0.0,-0.16166517011224027,-11.455017209114425,12.486687308424074,-19.71303456208996,-0.06684182957200106,0.8015233603306882,0.8683651899026904,-11.293352039002185
1439,14.38,0.0,0.0,0.0,0.0,-0.039991729191994015,-11.660448701414708,11.781312335509353,-21.233650128350288,-0.06784424620614343,0.6859587168880176,0.7538029630941602,-11.620456972222714
1440,14.39,0.0,0.0,0.0,0.0,0.07236679080784884,-11.876207795752178,10.597025513016904,-21.707246852055196,-0.06767251475328763,0.5682793991492553,0.6359519139025424,-11.948574586560026
1441,14.4,0.0,0.0,0.0,0.0,0.16980847945065355,-12.089615995615581,8.771295853725986,-20.68849566264983,-0.06644643979963967,0.4484418134389834,0.5148882532386246,-12.259424475066234
1442,14.41,0.0,0.0,0.0,0.0,0.24519015262201652,-12.283652229259776,6.167676645395978,-17.779067769682122,-0.0643497688222048,0.3265512560159757,0.39090102483817973,-12.528842381881793
1443,14.42,0.0,0.0,0.0,0.0,0.2904087526017906,-12.438296371902679,2.7434684084700045,-12.81336056849514,-0.06164326186176389,0.20290016880607173,0.2645434306678361,-12.728705124504469
1444,14.43,0.0,0.0,0.0,0.0,0.2977120634655296,-12.533911832788943,-1.3785585468588772,-6.0625026817165555,-0.058668334096916255,0.07798291584455516,0.13665124994146968,-12.831623896254474
1445,14.44,0.0,0.0,0.0,0.0,0.2615403379854639,-12.55617297394412,-5.88551562451142,1.689059564998065,-0.05583454387630241,-0.04753205314368285,0.00830249073261842,-12.817713311929584
1446,14.450000000000001,0.0,0.0,0.0,0.0,0.18017237577838294,-12.500518061398061,-10.341870870707432,9.326321200710447,-0.0535888747464027,-0.17287910080364732,-0.11929022605724454,-12.680690437176445
1447,14.46,0.0,0.0,0.0,0.0,0.0562791297082581,-12.373588938681777,-14.330327791686374,15.79470822778233,-0.0523734087163498,-0.2973034948184853,-0.24493008610213635,-12.429868068390036
1448,14.47,0.0,0.0,0.0,0.0,-0.10395267716817856,-12.190709633467163,-17.580583659000865,20.454362327457186,-0.052584715281629606,-0.4201637848368122,-0.3675790695551832,-12.086756956298984
1449,14.48,0.0,0.0,0.0,0.0,-0.2925875356808503,-11.97096384688092,-20.011980284366846,23.187501638092062,-0.054547174005799656,-0.5409949054432055,-0.4864477314374043,-11.67837631120007
1450,14.49,0.0,0.0,0.0,0.0,-0.5016781296582454,-11.732486428228732,-21.69122471655726,24.26751262090859,-0.05850452341013379,-0.6595211415936426,-0.6010166181835104,-11.230808298570487
1451,14.5,0.0,0.0,0.0,0.0,-0.7243690010826624,-11.48962396010968,-22.757684140716023,24.143999933870926,-0.06462588299115779,-0.7756306540297608,-0.711004771038602,-10.765254959027018
1452,14.51,0.0,0.0,0.0,0.0,-0.9552939051387421,-11.252087990163316,-23.361904095874525,23.273110682130557,-0.07301917050677233,-0.8893319495731502,-0.8163127790663784,-10.296794085024574
1453,14.52,0.0,0.0,0.0,0.0,-1.190498243492513,-11.025386161074461,-23.632344940255372,22.03150467645993,-0.0837458833869942,-1.0007089693204838,-0.9169630859334879,-9.834887917581948
1454,14.530000000000001,0.0,0.0,0.0,0.0,-1.4271512157259296,-10.811766287405167,-23.664894125617085,20.69445498221761,-0.09683386338705101,-1.1098835871222752,-1.0130497237352243,-9.384615071679237
1455,14.540000000000001,0.0,0.0,0.0,0.0,-1.66322315428051,-10.611192416540288,-23.524773031999235,19.446596063037738,-0.11228690538682032,-1.2169879809521609,-1.1047010755653401,-8.947969262259777
1456,14.55,0.0,0.0,0.0,0.0,-1.8972098280963825,-10.422148422371812,-23.253056958868456,18.402980378404514,-0.13009133592217373,-1.3221459885902318,-1.192054652668058,-8.52493859427543
1457,14.56,0.0,0.0,0.0,0.0,-2.1279266817102247,-10.24222920209819,-22.873713092669053,17.62941230828206,-0.1502201801040452,-1.4254614313042024,-1.275241251200156,-8.114302520387966
1458,14.57,0.0,0.0,0.0,0.0,-2.3543687304794254,-10.06854964138284,-22.399564723430714,17.15832117451116,-0.1726356081554399,-1.527011401187635,-1.3543757930321965,-7.714180910903414
1459,14.58,0.0,0.0,0.0,0.0,-2.5756230383644407,-9.898019041303307,-21.836844152108622,16.999898760277343,-0.1972902555754084,-1.6268429259986048,-1.429552670423198,-7.322396002938866
1460,14.59,0.0,0.0,0.0,0.0,-2.7908201965067905,-9.727524094085517,-21.18848097075299,17.14944397849195,-0.22412787362419812,-1.7249718894023927,-1.5008440157781946,-6.9367038975787265
1461,14.6,0.0,0.0,0.0,0.0,-2.9991134547971594,-9.554052598374522,-20.45638826965443,17.592050570890837,-0.2530836412096199,-1.821383462525577,-1.5682998213159562,-6.5549391435773625
1462,14.61,0.0,0.0,0.0,0.0,-3.199676721108371,-9.374779465813422,-19.642984942249498,18.305600833680828,-0.2840843687923683,-1.9160335700013666,-1.6319492012089993,-6.17510274470505
1463,14.620000000000001,0.0,0.0,0.0,0.0,-3.3917147361469997,-9.187128196639547,-18.752133616642347,19.262775998411776,-0.31704874803019634,-2.008851085229849,-1.6918023371996531,-5.795413460492547
1464,14.63,0.0,0.0,0.0,0.0,-3.574480254869854,-8.988815085216137,-17.78962193836189,20.4325628664348,-0.35188774200728706,-2.099740549844223,-1.7478528078369377,-5.414334830346283
1465,14.64,0.0,0.0,0.0,0.0,-3.7472941587675463,-8.77787958911038,-16.763281332412244,21.781550249942185,-0.3885051649516973,-2.1885852642965693,-1.8000800993448705,-5.030585430342834
1466,14.65,0.0,0.0,0.0,0.0,-3.909565270743261,-8.55270210735165,-15.682821118987896,23.275165918401797,-0.4267984639592779,-2.2752506186821924,-1.8484521547229127,-4.643136836608388
1467,14.66,0.0,0.0,0.0,0.0,-4.0608073945692595,-8.312009464996713,-14.559451634389443,24.878898733150745,-0.46665968674652314,-2.3595875397528756,-1.8929278530063511,-4.251202070427453
1468,14.67,0.0,0.0,0.0,0.0,-4.200651842470318,-8.05486834848071,-13.405371443821164,26.55947696439315,-0.5079765983704443,-2.441435932163375,-1.9334593337929311,-3.854216506010392
1469,14.68,0.0,0.0,0.0,0.0,-4.328854473965453,-7.780667469145277,-12.233195043702048,28.285930067242965,-0.5506338962760995,-2.520627996740976,-1.9699941004648762,-3.4518129951798233
1470,14.69,0.0,0.0,0.0,0.0,-4.445297022762955,-7.489090060294105,-11.055394419168902,30.030445511121105,-0.5945144670572767,-2.5969913203508908,-2.002476853293614,-3.0437930375311497
1471,14.700000000000001,0.0,0.0,0.0,0.0,-4.549983180410305,-7.180079170600697,-9.883818340317099,31.76894130691416,-0.6395006296222581,-2.6703516523464463,-2.030851022724188,-2.6300959901903926
1472,14.71,0.0,0.0,0.0,0.0,-4.643030469772417,-6.8537988822151075,-8.72933744124666,33.48130309920614,-0.6854753170973009,-2.7405353107836445,-2.0550599936863447,-2.2107684124426905
1473,14.72,0.0,0.0,0.0,0.0,-4.724659322934224,-6.510594900176428,-7.601642825616892,35.151274552281876,-0.7323231622080422,-2.8073711947864473,-2.0750480325784038,-1.7859355772422036
1474,14.73,0.0,0.0,0.0,0.0,-4.795180946357124,-6.150957855894019,-6.509204112247885,36.76603294962001,-0.7799314660477026,-2.87069241375515,-2.090760947707447,-1.3557769095368943
1475,14.74,0.0,0.0,0.0,0.0,-4.854985511345363,-5.775492147183485,-5.459372541389811,38.31552090100455,-0.8281910459147243,-2.9303375752614995,-2.1021465293467747,-0.9205066358381222
1476,14.75,0.0,0.0,0.0,0.0,-4.904531978472704,-5.384892272537809,-4.458598458535046,39.79163426671297,-0.8769969722716878,-2.986151797618148,-2.1091548253464607,-0.48036029406510483
1477,14.76,0.0,0.0,0.0,0.0,-4.944340498539253,-4.979927522739065,-3.5127216078440915,41.18738285305041,-0.9262492162242496,-3.0379875273512154,-2.111738311126966,-0.03558702419981241
1478,14.77,0.0,0.0,0.0,0.0,-4.9749878868051045,-4.561434701568426,-2.6272875938686884,42.49614337585762,-0.9758532361577311,-3.0857052445037025,-2.10985200834597,0.4135531852366787
1479,14.780000000000001,0.0,0.0,0.0,0.0,-4.997106198434568,-4.130317391261747,-1.8078442415837455,43.71111440767721,-1.0257205347893765,-3.129174129553223,-2.103453594763848,0.8667888071728207
1480,14.790000000000001,0.0,0.0,0.0,0.0,-5.011383992195399,-3.687549277790645,-1.0601766631583796,44.825061955162845,-1.0757692159268504,3.1149125614739868,-2.0925035297787486,1.3238347144047542
1481,14.8,0.0,0.0,0.0,0.0,-5.018569499543711,-3.2341783111438285,-0.3904488282473838,45.83041350955983,-1.125924564169747,3.0802955456588466,-2.076965197350993,1.7843911883998822
1482,14.81,0.0,0.0,0.0,0.0,-5.0194746526288565,-2.7713280857776468,0.19476841311597803,46.71971954607564,-1.1761196615426455,3.0502606028749364,-2.0568050427620035,2.2481465668512097
1483,14.82,0.0,0.0,0.0,0.0,-5.014978795213839,-2.300192856307906,0.6885883996343598,47.48645679910994,-1.2262960438153279,3.0248966088487785,-2.03199265451548,2.714785938905933
1484,14.83,0.0,0.0,0.0,0.0,-5.006030923273995,-1.822023094626968,1.0840086414179344,48.12610077897226,-1.2764043874883408,3.00428019900997,-2.002500720681275,3.184007828647027
1485,14.84,0.0,0.0,0.0,0.0,-4.993649481225769,-1.3380994442540555,1.3741943202913018,48.637351160079966,-1.3264052076588806,2.988475326330314,-1.9683047731903924,3.6555500369717135
1486,14.85,0.0,0.0,0.0,0.0,-4.978919058888888,-0.8496942737243655,1.552807581655696,49.02335935926158,-1.3762695387344615,2.9775331416061173,-1.9293826268390069,4.1292247851645225
1487,14.86,0.0,0.0,0.0,0.0,-4.962983750655334,-0.3580216454600282,1.6143382578750047,49.292789121563835,-1.4259795654393728,2.97149231752108,-1.8857134242191327,4.604962105195305
1488,14.870000000000001,0.0,0.0,0.0,0.0,-4.947037381067978,0.13582177998172856,1.554393434482343,49.460541924368584,-1.4755291714020065,2.970379921137181,-1.8372762146403998,5.082859161049707
1489,14.88,0.0,0.0,0.0,0.0,-4.932311175310744,0.6309207845322834,1.3699154270055496,49.547997908974644,-1.524924376625822,2.9742129061051097,-1.784048024448654,5.563231959843027
1490,14.89,0.0,0.0,0.0,0.0,-4.920059649878687,1.1266051032252504,1.0593211339757944,49.582650940270696,-1.5741836421106354,2.983000247679919,-1.726001417389031,6.046664753103937
1491,14.9,0.0,0.0,0.0,0.0,-4.911545405395874,1.6225058313838632,0.6225902964877423,49.59703635821368,-1.6233380274647407,2.9967456832196016,-1.6631015964952445,6.534051236779737
1492,14.91,0.0,0.0,0.0,0.0,-4.908023009312314,2.1185971183634655,0.06137589359056466,49.6268378514919,-1.6724311920779276,3.0154509500278346,-1.5953031650738252,7.026620127675779
1493,14.92,0.0,0.0,0.0,0.0,-4.910721143701776,2.6152140969339217,-0.6207316343998577,49.70798578649026,-1.7215192277271716,3.0391193297146346,-1.5225467497377805,7.5259352406356985
1494,14.93,0.0,0.0,0.0,0.0,-4.920820513300989,3.1130353653051586,-1.4175784080771692,49.87238924958894,-1.7706702944738912,3.0677592059959347,-1.4447558067097601,8.033855878606147
1495,14.94,0.0,0.0,0.0,0.0,-4.939422441511291,3.6130133766870864,-2.3191484506223197,50.14164231483905,-1.819963994684284,3.1013872037266674,-1.3618341087686359,8.552435818198378
1496,14.950000000000001,0.0,0.0,0.0,0.0,-4.967499307976332,4.1162273287478,-3.3091418028186257,50.51758392229388,-1.8694903515744756,3.1400302705404224,-1.2736646850646869,9.083726636724132
1497,14.96,0.0,0.0,0.0,0.0,-5.005812625740374,4.62361900440491,-4.360804954510175,50.967986400888705,-1.919348144889723,-3.099459564456029,-1.1801114195663045,9.629431630145284
1498,14.97,0.0,0.0,0.0,0.0,-5.054777467273632,5.135551698344955,-5.430232695347062,51.405067850482716,-1.9696421801677864,-3.0506673624674283,-1.0810251822996433,10.190329165618586
1499,14.98,0.0,0.0,0.0,0.0,-5.11424408160233,5.65110853300393,-6.446412429582677,51.654557768757904,-2.0204788153620443,-2.996736153675328,-0.9762573383132844,10.76535261460626
1500,14.99,0.0,0.0,0.0,0.0,-5.183163163615454,6.167031957714888,-7.298051940151729,51.415258682724655,-2.071958748700992,-2.937643475863637,-0.8656847271626439,11.350195121330342
1501,15.0,0.0,0.0,0.0,0.0,-5.25911233775696,6.6762376849034455,-7.819793777133947,50.21675827257474,-2.124165770420862,-2.8734171664163517,-0.7492513959954892,11.935350022660405
1502,15.01,0.0,0.0,0.0,0.0,-5.337713702347697,7.165992996092863,-7.786358214227123,47.401115979961304,-2.177150168542141,-2.8041825858495733,-0.6270324173074322,12.50370669844056
1503,15.02,0.0,0.0,0.0,0.0,-5.412104078649569,7.6162508173582175,-6.932871430884978,42.184414784446915,-2.230906355328804,-2.7302279451938274,-0.499321589865022,13.028354896007787
1504,15.030000000000001,0.0,0.0,0.0,0.0,-5.4728457985782955,7.999326988409741,-5.026695103798841,33.876451792848314,-2.2853469696939896,-2.652080894391591,-0.3667339246976013,13.472172786988036
1505,15.040000000000001,0.0,0.0,0.0,0.0,-5.5088693482112205,8.28274220776606,-1.9998248613971255,22.287603136890937,-2.340280742382589,-2.5705740726737316,-0.23029333029114268,13.79161155597728
1506,15.05,0.0,0.0,0.0,0.0,-5.509857855112661,8.436502435900197,1.911301545363276,8.15983703342793,-2.395406936349798,-2.4868602439704146,-0.0914533076206176,13.946360291012859
1507,15.06,0.0,0.0,0.0,0.0,-5.469551247840049,8.443217278569772,6.145212311128452,-6.7696371099662445,-2.450339224808086,-2.402337374792931,0.04800185001515519,13.91276852640982
1508,15.07,0.0,0.0,0.0,0.0,-5.388227477676464,8.305675506577455,10.002337073240888,-20.346109717513304,-2.504660223079928,-2.318479907281808,0.1861803157981193,13.693902984253919
1509,15.08,0.0,0.0,0.0,0.0,-5.272611502210828,8.046473756178507,12.93867813028957,-30.903979598412366,-2.557988856699717,-2.236631284491035,0.3213575722086802,13.319085258389336
1510,15.09,0.0,0.0,0.0,0.0,-5.1332533577173445,7.699848064076746,14.744952758010015,-37.81627740705088,-2.610033211116339,-2.1578421465601805,0.4521910645561576,12.83310142179409
1511,15.1,0.0,0.0,0.0,0.0,-4.981180171789213,7.301314445255687,15.515477677638097,-41.392644243595825,-2.660611784269673,-2.0828065799973485,0.577805204272324,12.2824946170449
1512,15.11,0.0,0.0,0.0,0.0,-4.825561334746484,6.8804915437863645,15.50095995290329,-42.4206258416987,-2.709645359425519,-2.0118890173406987,0.69775634208482,11.706052878532848
1513,15.120000000000001,0.0,0.0,0.0,0.0,-4.67286289327354,6.458545112964424,14.97401979149862,-41.74987287921309,-2.7571330805109353,-1.945199448546254,0.8119336319646818,11.131408006237963
1514,15.13,0.0,0.0,0.0,0.0,-4.52703370517413,6.048811039425937,14.159021271049408,-40.077134398369616,-2.8031257646702774,-1.8826766264909756,0.9204491381793012,10.575844744600067
1515,15.14,0.0,0.0,0.0,0.0,-4.3901076497913705,5.658683680519151,13.214606102300458,-37.89428648564892,-2.847703595470394,-1.8241573584163744,1.0235462370540211,10.048791330310522
1516,15.15,0.0,0.0,0.0,0.0,-4.262830957776047,5.291564969885457,12.24204985151647,-35.51546970327496,-2.890960179127379,-1.7694259505416339,1.1215342285857453,9.554395927661504
1517,15.16,0.0,0.0,0.0,0.0,-4.145159626829315,4.948402607969998,11.300733711802616,-33.12551306918507,-2.9329922839223275,-1.7182460382601041,1.2147462456622236,9.093562234799313
1518,15.17,0.0,0.0,0.0,0.0,-4.036604851605859,4.62875484664548,10.4223126581241,-30.82390011481352,-2.9738937830646845,-1.6703794383078998,1.3035143447567854,8.66535969825134
1519,15.18,0.0,0.0,0.0,0.0,-3.9364544924078912,4.331471450298753,9.621241477979197,-28.657297419556677,-3.013752401723054,-1.625596367404948,1.388156034318105,8.267925942706643
1520,15.19,0.0,0.0,0.0,0.0,-3.8439072059808597,4.055105026370193,8.901838234191436,-26.641344966849754,-3.052648213201272,-1.583680288895649,1.468967924305624,7.899012232351053
1521,15.200000000000001,0.0,0.0,0.0,0.0,-3.758149699730895,3.798146875821647,8.262749421272638,-24.77444086607243,-3.0906531703840723,-1.5444295901972493,1.5462235801868232,7.556296575552542
1522,15.21,0.0,0.0,0.0,0.0,-3.6783987353810454,3.5591538561867497,7.699659684738477,-23.046139670219436,-3.1278312188408597,-1.5076574915708099,1.6201737272700505,7.237552591567795
1523,15.22,0.0,0.0,0.0,0.0,-3.603922073299262,3.336809752228473,7.206881490293309,-21.442120951719353,3.118946591845077,-1.4731910423067154,1.6910476730277935,6.940731825527735
1524,15.23,0.0,0.0,0.0,0.0,-3.5340472542368895,3.1299483999043605,6.778255137973953,-19.947044223670225,3.0832603179664844,-1.4408697120510174,1.7590552771620842,6.6639956541412495
1525,15.24,0.0,0.0,0.0,0.0,-3.468163629225857,2.937555181688238,6.407635013640852,-18.546128421813886,3.0482523527674035,-1.410543869662951,1.8243890847492323,6.405718810914095
1526,15.25,0.0,0.0,0.0,0.0,-3.4057208491386666,2.7587568487622125,6.089133416377796,-17.22597328670979,3.0138855851449717,-1.3820733118009967,1.8872264102336167,6.164477697900879
1527,15.26,0.0,0.0,0.0,0.0,-3.3462256730697653,2.5928055530735814,5.8172262424598316,-15.974935771156073,2.9801281189101068,-1.355325925944384,1.9477312623250966,5.939031226143347
1528,15.27,0.0,0.0,0.0,0.0,-3.289238137548924,2.439060522948853,5.58678302587835,-14.783248539179265,2.946952720610521,-1.3301765270242383,2.006056059544826,5.728298660497777
1529,15.280000000000001,0.0,0.0,0.0,0.0,-3.234367642196109,2.296969359207468,5.39305821876565,-13.642991291023147,2.9143363064020007,-1.3065058804215282,2.0623431203560587,5.5313370014035765
1530,15.290000000000001,0.0,0.0,0.0,0.0,-3.181269222887967,2.1660500690159696,5.231665031436158,-12.547980064549137,2.88225946727064,-1.2841999089979224,2.1167259309110245,5.347319291903936
1531,15.3,0.0,0.0,0.0,0.0,-3.129640121256376,2.0458744496234655,5.098543752978477,-11.493612760381904,2.8507060300874483,-1.2631490734028779,2.1693302036892605,5.175514570879841
1532,15.31,0.0,0.0,0.0,0.0,-3.0792166707343736,1.9360531372358607,4.989930834556255,-10.476693435905734,2.8196626513787577,-1.2432479103941985,2.2202747454066314,5.015269807970235
1533,15.32,0.0,0.0,0.0,0.0,-3.029771474736613,1.8362224603621962,4.902331673631822,-9.495248837968537,2.789118440744487,-1.2243947117118337,2.2696721547232643,4.865993935098809
1534,15.33,0.0,0.0,0.0,0.0,-2.981110833768913,1.7460331307574164,4.832498100956781,-8.54834542352518,2.7590646112106656,-1.2064913252259464,2.317629370742975,4.72714396452633
1535,15.34,0.0,0.0,0.0,0.0,-2.9330723741410427,1.6651407390815738,4.777410505024164,-7.635912086375083,2.7294941542641182,-1.1894430601042556,2.3642480928112137,4.5982131132226165
1536,15.35,0.0,0.0,0.0,0.0,-2.8855228345990738,1.5931979800635363,4.734264000548651,-6.758571981817219,2.7004015377766555,-1.1731586782993189,2.409625091103611,4.47872081466261
1537,15.36,0.0,0.0,0.0,0.0,-2.838355974320034,1.5298485043501986,4.700457851646993,-5.917485653402154,2.6717824254289617,-1.157550455556513,2.453852426194111,4.368204478670233
1538,15.370000000000001,0.0,0.0,0.0,0.0,-2.791490573713483,1.4747222766617136,4.6735873633017615,-5.11420680833434,2.6436334165698856,-1.1425342962664926,2.497017594343206,4.266212850375196
1539,15.38,0.0,0.0,0.0,0.0,-2.744868506838035,1.4274323099202655,4.651437567358745,-4.350551408034631,2.6159518056946824,-1.1280298877452308,2.5392036137396734,4.1723008167583
1540,15.39,0.0,0.0,0.0,0.0,-2.698452870191989,1.387572641259067,4.6319781906352,-3.628480176923222,2.5887353609064667,-1.1139608808515034,2.580489065421617,4.086025511451056
1541,15.4,0.0,0.0,0.0,0.0,-2.652226156914772,1.3547174171704122,4.613359560417048,-2.9499941740072733,2.5619821208549256,-1.100255085189679,2.620948101134982,4.006943574085184
1542,15.41,0.0,0.0,0.0,0.0,-2.6061884681278333,1.3284209604239012,4.5939092481353505,-2.3170427286821123,2.535690209741139,-1.086844668449106,2.6606504289893427,3.9346094285517346
1543,15.42,0.0,0.0,0.0,0.0,-2.5603557545698634,1.308218699550967,4.572129357567998,-1.7314428290951733,2.509857670052145,-1.0736663506659836,2.6996612864614566,3.8685744541208305
1544,15.43,0.0,0.0,0.0,0.0,-2.5147580822916353,1.293628851295697,4.546694420659984,-1.1948089772640902,2.484482312753797,-1.060661585338294,2.738041409087494,3.8083869335873324
1545,15.44,0.0,0.0,0.0,0.0,-2.469437916471214,1.2841547560889797,4.516449870662553,-0.7084925870952161,2.4595615847312575,-1.0477767203715151,2.7758470020768127,3.7535926725601936
1546,15.450000000000001,0.0,0.0,0.0,0.0,-2.4244484178719543,1.279287775022549,4.4804110237210475,-0.2735301831215479,2.435092453323897,-1.034963132788703,2.813129721066986,3.703736192894503
1547,15.46,0.0,0.0,0.0,0.0,-2.3798517474989564,1.2785106629215812,4.437762426350927,0.1094000703120551,2.4110713078515986,-1.0221773320208731,2.8499366673071145,3.658362410420538
1548,15.47,0.0,0.0,0.0,0.0,-2.335717376898536,1.2813013352304683,4.387857331320354,0.4400136578080913,2.3874938780651798,-1.0093810274293196,2.8863104016850873,3.6170187121290045
1549,15.48,0.0,0.0,0.0,0.0,-2.2921204044225703,1.2871369462691054,4.330216964630338,0.7184466434714625,2.3643551694657914,-0.9965411565325467,2.922288981181247,3.579257350691676
1550,15.49,0.0,0.0,0.0,0.0,-2.2491398816074244,1.2954981932083225,4.2645291587413485,0.9452737895727759,2.341649415416372,-0.9836298712485344,2.9579060205146797,3.544638074815747
1551,15.5,0.0,0.0,0.0,0.0,-2.206857158390593,1.3058737545606431,4.190645868261303,1.1215172256051866,2.3193700459044466,-0.9706244803459072,2.993190780929233,3.512730912951236
1552,15.51,0.0,0.0,0.0,0.0,-2.165354260849354,1.3177647652195605,4.108579067600008,1.2486449771930346,2.29750967270365,-0.9575073472428982,3.028168287233037,3.4831190260689144
1553,15.52,0.0,0.0,0.0,0.0,-2.1247123200226112,1.3306892235500976,4.018494564741932,1.328558766126483,2.276060090519814,-0.9442657433062421,3.0628594733535306,3.455401543572709
1554,15.530000000000001,0.0,0.0,0.0,0.0,-2.085010074634703,1.3441862213236015,3.920703354466355,1.363570754235146,2.255012293499835,-0.9308916578727802,3.0972813558069707,3.429196295958304
1555,15.540000000000001,0.0,0.0,0.0,0.0,-2.046322473645592,1.3578198859354162,3.815650274368718,1.35636930909866,2.2343565062366686,-0.9173815673188406,3.1314472336240766,3.4041423595810083
1556,15.55,0.0,0.0,0.0,0.0,-2.0087194060442584,1.3711829276192198,3.7038999073128456,1.3099743826040764,2.214082228135517,-0.9037361665958762,-3.1178183947313935,3.379902333663478
1557,15.56,0.0,0.0,0.0,0.0,-1.9722645848578464,1.3838996931003988,3.5861198779048964,1.2276836611188278,2.1941782897327524,-0.8899600676849025,-3.0841383574176553,3.3561642779582455
1558,15.57,0.0,0.0,0.0,0.0,-1.9370146098312404,1.3956286415485608,3.463061897604204,1.1130112050420784,2.174632919300137,-0.8760614703403418,-3.0506943896404795,3.3326432513798014
1559,15.58,0.0,0.0,0.0,0.0,-1.903018228720493,1.4060641783781849,3.3355411011872658,0.9696207801404773,2.1554338178434103,-0.8620518112408844,-3.017485629084294,3.309082407098678
1560,15.59,0.0,0.0,0.0,0.0,-1.8703158109318914,1.4149378063611562,3.2044143661300843,0.8012564348981501,2.1365682404346913,-0.8479453981928833,-2.984513638627575,3.2852536172930478
1561,15.6,0.0,0.0,0.0,0.0,-1.8389390398029855,1.4220185800964722,3.070558400267642,0.6116730541371288,2.118023081717192,-0.8337590363056533,-2.951782118022846,3.2609576198994574
1562,15.610000000000001,0.0,0.0,0.0,0.0,-1.8089108217649075,1.4271128772457555,2.9348484127175567,0.4045695978942974,2.099784963397851,-0.8195116530606789,-2.919296616458531,3.236023699010663
1563,15.620000000000001,0.0,0.0,0.0,0.0,-1.780245402601699,1.43006352610793,2.7981381471929865,0.18352751849508894,2.0818403216015113,-0.8052239289299328,-2.8870642505314446,3.2103089287096287
1564,15.63,0.0,0.0,0.0,0.0,-1.75294867366137,1.4307483522334707,2.661241961772977,-0.04804353683418435,2.064175492095657,-0.7909179396839675,-2.8550934317796246,3.1836970258948405
1565,15.64,0.0,0.0,0.0,0.0,-1.7270186447088731,1.429078225376134,2.5249194975397513,-0.2869511424318935,2.0467767915982824,-0.7766168158062279,-2.8233936074045114,3.1560968700850074
1566,15.65,0.0,0.0,0.0,0.0,-1.7024460555273118,1.424994701148937,2.389863306937582,-0.5302556186496675,2.029630593638804,-0.7623444235467495,-2.791975017185553,3.1274407566762488
1567,15.66,0.0,0.0,0.0,0.0,-1.6792150955790612,1.418467358853207,2.256689629515686,-0.77529525295532,2.012723397736438,-0.7481250711643093,-2.7608484689007464,3.0976824544322685
1568,15.67,0.0,0.0,0.0,0.0,-1.6573042000606857,1.4094909381974983,2.1259323252031406,-1.0197013694455799,1.9960418909736817,-0.7339832428804087,-2.7300251338540913,3.066795138258184
1569,15.68,0.0,0.0,0.0,0.0,-1.6366868913930026,1.3980823736029064,1.9980398178095244,-1.2614038832242054,1.9795730013569834,-0.7199433620574489,-2.6995163634144315,3.034769264995909
1570,15.69,0.0,0.0,0.0,0.0,-1.6173326373250065,1.3842778164381357,1.8733747742294737,-1.4986283545818013,1.963303942656646,-0.7060295841650259,-2.669333526821672,3.001610453763142
1571,15.700000000000001,0.0,0.0,0.0,0.0,-1.5992077000637914,1.3681297239811985,1.7522161533664289,-1.7298858171046416,1.9472222506908097,-0.6922656192504448,-2.639487869941255,2.96733742404499
1572,15.71,0.0,0.0,0.0,0.0,-1.5822759548056742,1.349704080365828,1.6347632041797708,-1.9539567941924851,1.9313158112549031,-0.678674582908129,-2.6099903941630322,2.9319800351715024
1573,15.72,0.0,0.0,0.0,0.0,-1.5664996603778993,1.3290778003793025,1.5211409719586642,-2.1698709512036833,1.9155728800926337,-0.6652788741616569,-2.5808517542542897,2.8955774607572016
1574,15.73,0.0,0.0,0.0,0.0,-1.551840169086655,1.3063363527228613,1.4114068808181068,-2.3768837740634345,1.89998209545559,-0.6521000782352991,-2.5520821736908887,2.8581765218095163
1575,15.74,0.0,0.0,0.0,0.0,-1.5382585670454338,1.281571626007768,1.30555799192564,-2.5744515418712624,1.8845324839063162,-0.6391588918934652,-2.523691375799781,2.819830193053202
1576,15.75,0.0,0.0,0.0,0.0,-1.525716240037234,1.2548800488943626,1.2035385841015382,-2.762205693600457,1.8692134600877524,-0.626475068854542,-2.4956885289422948,2.7805962889315965
1577,15.76,0.0,0.0,0.0,0.0,-1.5141753632219754,1.2263609657221486,1.1052477595559718,-2.9399274983810892,1.854014821214615,-0.6140673827233301,-2.468082203937946,2.740536328944124
1578,15.77,0.0,0.0,0.0,0.0,-1.5035993156765945,1.1961152608663053,1.0105468369106636,-3.107523742753058,1.8389267370453182,-0.601953604915088,-2.4408803419604057,2.6997145765429
1579,15.780000000000001,0.0,0.0,0.0,0.0,-1.4939530228405913,1.1642442188735156,0.9192663517736106,-3.265003960260483,1.8239397360722294,-0.5901504951442498,-2.41409023121648,2.658197241714107
1580,15.790000000000001,0.0,0.0,0.0,0.0,-1.4852032314643064,1.1308486030462774,0.8312125387420867,-3.412459558269998,1.8090446886292944,-0.5786738022037446,-2.3877184908330387,2.616051834510584
1581,15.8,0.0,0.0,0.0,0.0,-1.477318722677188,1.0960279323532889,0.7461732157458324,-3.550045049577025,1.794232787564532,-0.5675382729492738,-2.3617710605138056,2.573346655030477
1582,15.81,0.0,0.0,0.0,0.0,-1.4702704693805222,1.0598799350981443,0.6639230310793736,-3.6779614746873386,1.7794955270655637,-0.5567576676124689,-2.336253194678032,2.5301504044786665
1583,15.82,0.0,0.0,0.0,0.0,-1.4640317444010633,1.0225001574203756,0.5842280650816906,-3.7964420046742657,1.7648246801627734,-0.5463447797850051,-2.3111694599477786,2.486531901821439
1584,15.83,0.0,0.0,0.0,0.0,-1.4585781857957885,0.9839817051828003,0.5068498025606849,-3.9057396425515982,1.7502122753704257,-0.5363114596332955,-2.286523735003722,2.442559890978589
1585,15.84,0.0,0.0,0.0,0.0,-1.4538878254447707,0.9444150988893718,0.4315485094593456,-4.006116890459655,1.7356505728632563,-0.526668639112777,-2.2623192119760343,2.3983029243341427
1586,15.85,0.0,0.0,0.0,0.0,-1.4499410866717903,0.9038882227812529,0.3580860588590476,-4.09783721739613,1.7211320405265902,-0.5174263581471222,-2.2385583986737134,2.3538293094530434
1587,15.860000000000001,0.0,0.0,0.0,0.0,-1.4467207561437339,0.8624863510116577,0.286228258224519,-4.181158144367753,1.706649330163007,-0.5085937909176109,-2.215243121080618,2.3092071071553915
1588,15.870000000000001,0.0,0.0,0.0,0.0,-1.4442119347629558,0.8202922356714455,0.2157467328074526,-4.256325757472373,1.6921952540887653,-0.5001792715696134,-2.1923745256583795,2.2645041704344013
1589,15.88,0.0,0.0,0.0,0.0,-1.4424019717149135,0.7773862433271397,0.14642042025236687,-4.32357046164182,1.6777627623087368,-0.4921903187859009,-2.1699530810946377,2.219788215042053
1590,15.89,0.0,0.0,0.0,0.0,-1.4412803852913278,0.733846528568602,0.07803672948767071,-4.383103796085761,1.663344920419812,-0.48463365880069204,-2.147978579220504,2.1751269138599296
1591,15.9,0.0,0.0,0.0,0.0,-1.4408387735942425,0.6897492347938498,0.01039241360393687,-4.435116144814624,1.6489348883590422,-0.477515246534572,-2.1264501348936142,2.1305880083880924
1592,15.91,0.0,0.0,0.0,0.0,-1.441070717750102,0.6451687140526748,-0.056705797837925856,-4.479775190342011,1.6345259000841932,-0.47084028462007693,-2.105366184704269,2.086239431802777
1593,15.92,0.0,0.0,0.0,0.0,-1.4419716798318893,0.6001777592109312,-0.1234407663432117,-4.517224974514749,1.62011124425029,-0.46461324016218625,-2.0847244844124755,2.0421494390428205
1594,15.93,0.0,0.0,0.0,0.0,-1.4435388973043946,0.5548478429775153,-0.18998467599855187,-4.547585446463206,1.6056842459256846,-0.4588378591387851,-2.0645221050644684,1.99838674028191
1595,15.94,0.0,0.0,0.0,0.0,-1.445771275473047,0.5092493594576073,-0.2564988978737075,-4.570952393252536,1.5912382493747652,-0.45351717839505595,-2.0447554277698208,1.9550206349306543
1596,15.950000000000001,0.0,0.0,0.0,0.0,-1.448669279128738,0.46345186486555145,-0.3231339607534923,-4.587397663515677,1.5767666019210804,-0.4486535352240743,-2.025420137145154,1.9121211439942896
1597,15.96,0.0,0.0,0.0,0.0,-1.4522348243368124,0.41752431485921554,-0.3900296058434812,-4.596969607901755,1.5622626388940024,-0.4442485745553874,-2.006511213449389,1.869759139196028
1598,15.97,0.0,0.0,0.0,0.0,-1.456471171114243,0.3715352966566887,-0.45731490690638377,-4.59969367244884,1.547719669653585,-0.4403032537950395,-1.9880229234486246,1.8280064677709318
1599,15.98,0.0,0.0,0.0,0.0,-1.4613828175709387,0.32555325467947754,-0.5251084406926549,-4.595573091951407,1.533130964681772,-0.4368178453759761,-1.9699488100577471,1.7869360722504162
1600,15.99,0.0,0.0,0.0,0.0,-1.466975395955135,0.27964670894594384,-0.5935184955344595,-4.584589640068425,1.5184897437229739,-0.4337919370877998,-1.9522816808107737,1.7466221049010788
1601,16.0,0.0,0.0,0.0,0.0,-1.4732555709349298,0.23388446582816677,-0.6626433085957372,-4.566704401377888,1.5037891649532569,-0.4312244302605769,-1.9350135952138348,1.7071400367630964
1602,16.01,0.0,0.0,0.0,0.0,-1.4802309403645981,0.1883358210956954,-0.7325713245447438,-4.541858537923543,1.4890223151544657,-0.42911353587968926,-1.9181358510341542,1.6685667614602935
1603,16.02,0.0,0.0,0.0,0.0,-1.4879099387220203,0.14307075541184489,-0.8033814703746973,-4.5099740291263455,1.4741822008674765,-0.4274567687082175,-1.9016389695756941,1.6309806941338651
1604,16.03,0.0,0.0,0.0,0.0,-1.4963017433594832,0.09816012263139814,-0.8751434427830459,-4.470954369357732,1.4592617404970734,-0.4262509394906956,-1.885512679987769,1.5944618659908814
1605,16.04,0.0,0.0,0.0,0.0,-1.505416183681563,0.05367583138234834,-0.9479180059683918,-4.424685212102757,1.444253757339838,-0.4254921453079305,-1.8697459026477676,1.5590920150639114
1606,16.05,0.0,0.0,0.0,0.0,-1.515263653348933,0.009691020504022143,-1.0217572989572492,-4.371034953577131,1.4291509735051247,-0.42517575814720415,-1.854326731652328,1.5249546738529551
1607,16.06,0.0,0.0,0.0,0.0,-1.5258550256034589,-0.0337197710309024,-1.0967051526618412,-4.309855251998168,1.413946004698561,-0.42529641174621985,-1.839242416444781,1.4921352545725566
1608,16.07,0.0,0.0,0.0,0.0,-1.5372015718170624,-0.07648043906044809,-1.1727974178338516,-4.240981481523126,1.3986313558361803,-0.425847986762718,-1.8244793425988983,1.4607211327566143
1609,16.080000000000002,0.0,0.0,0.0,0.0,-1.54931488338265,-0.11851315339474665,-1.250062305940237,-4.164233122234313,1.3831994174565454,-0.4268235943151303,-1.8100230117716758,1.4308017299879034
1610,16.09,0.0,0.0,0.0,0.0,-1.5622067970898743,-0.15973820057092766,-1.328520745778763,-4.079414089523966,1.3676424628966173,-0.42821555793332705,-1.7958580208299444,1.4024685965189467
1611,16.1,0.0,0.0,0.0,0.0,-1.5758893241602714,-0.20007382961904052,-1.4081867593896529,-3.9863130078681865,1.3519526461957272,-0.4300153939524513,-1.7819680401481786,1.3758154945412309
1612,16.11,0.0,0.0,0.0,0.0,-1.5903745831554286,-0.23943610031339105,-1.4890678615281745,-3.884703435316214,1.336122000690086,-0.4322137903772109,-1.7683357910672968,1.3509384828420374
1613,16.12,0.0,0.0,0.0,0.0,-1.6056747370181301,-0.27773873345299993,-1.5711654876574477,-3.774344046091044,1.3201424382577003,-0.43480058423921547,-1.7549430224969167,1.3279360035651302
1614,16.13,0.0,0.0,0.0,0.0,-1.6218019345591987,-0.31489296279239504,-1.6544754561101178,-3.654978779528934,1.3040057491710224,-0.43776473746563405,-1.7417704866366566,1.3069089717668037
1615,16.14,0.0,0.0,0.0,0.0,-1.6387682567630422,-0.35080738833031827,-1.738988470767784,-3.526336964190064,1.2877036025108881,-0.4410943112741556,-1.7287979137850438,1.287960868432724
1616,16.15,0.0,0.0,0.0,0.0,-1.6565856683516076,-0.3853878307535314,-1.8246906713179116,-3.3881334263704446,1.2712275470915906,-0.4447764391067423,-1.7160039861983338,1.2711978375980761
1617,16.16,0.0,0.0,0.0,0.0,-1.6752659751210444,-0.4185371869271753,-1.9115642388805367,-3.2400685924343766,1.2545690128418265,-0.4487972981131235,-1.703366310954951,1.2567287881938691
1618,16.17,0.0,0.0,0.0,0.0,-1.6948207876466586,-0.45015528641664254,-1.999588065545,-3.0818285943788193,1.2377193125810477,-0.4531420791942856,-1.6908613917753335,1.244665501230016
1619,16.18,0.0,0.0,0.0,0.0,-1.7152614920413085,-0.48013874911983656,-2.0887384971250644,-2.913085387825022,1.2206696441240512,-0.4577949556166658,-1.678464599740717,1.235122742921472
1620,16.19,0.0,0.0,0.0,0.0,-1.7365992285491427,-0.5083808441782774,-2.1789901592173404,-2.733496891213944,1.2034110926395025,-0.4627390502088808,-1.6661501428483834,1.2282183843708654
1621,16.2,0.0,0.0,0.0,0.0,-1.7588448788613087,-0.534771350420339,-2.270316877427334,-2.542707154350956,1.1859346331797547,-0.46795640115494946,-1.653891034334705,1.2240735284409698
1622,16.21,0.0,0.0,0.0,0.0,-1.782009063153031,-0.5591964186676484,-2.3626927033959215,-2.340346563596965,1.1682311332896973,-0.47342792640100767,-1.641659059690706,1.2228126444853826
1623,16.22,0.0,0.0,0.0,0.0,-1.8061021479610668,-0.5815384363029787,-2.4560930589940373,-2.1260320899467207,1.1502913555921117,-0.47913338669599453,-1.6294247422881063,1.224563711658088
1624,16.23,0.0,0.0,0.0,0.0,-1.8311342661481946,-0.6016758945547951,-2.5504960117362647,-1.8993675849646823,1.1321059602348156,-0.48505134729123545,-1.617157307526051,1.2294583715933995
1625,16.240000000000002,0.0,0.0,0.0,0.0,-1.8571153503344289,-0.619483258995653,-2.64588369505476,-1.6599441281017886,1.1136655070721257,-0.49115913832848007,-1.604824645400606,1.2376320913387757
1626,16.25,0.0,0.0,0.0,0.0,-1.884055181313983,-0.6348308437794615,-2.7422438875389643,-1.4073404273163772,1.0949604574383456,-0.4974328139512061,-1.5923932713895517,1.2492243375345216
1627,16.26,0.0,0.0,0.0,0.0,-1.9119634531193315,-0.6475846901532268,-2.8395717655231687,-1.1411232732542054,1.0759811753552875,-0.5038471101792041,-1.5798282855344925,1.2643787629661047
1628,16.27,0.0,0.0,0.0,0.0,-1.9408498565378833,-0.6576064497732524,-2.9378718434274993,-0.8608480456108778,1.0567179279985253,-0.510375401591861,-1.5670933295903864,1.283243406764631
1629,16.28,0.0,0.0,0.0,0.0,-1.970724183029915,-0.6647532733347801,-3.0371601159386294,-0.566059268877327,1.0371608852280545,-0.5169896568707835,-1.5541505420988382,1.3059709096951349
1630,16.29,0.0,0.0,0.0,0.0,-2.0015964511332474,-0.6688777049905605,-3.1374664153342677,-0.25629121372640135,1.0173001179692438,-0.5236603932572549,-1.540960511226499,1.3327187461426868
1631,16.3,0.0,0.0,0.0,0.0,-2.033477057567472,-0.6698275829952509,-3.238836995866839,0.06893145980577725,0.9971255952080177,-0.5303566299846977,-1.5274822251927165,1.3636494745722212
1632,16.31,0.0,0.0,0.0,0.0,-2.0663769553587845,-0.6674459469789236,-3.3413373549215457,0.4100930198936006,0.9766271793419846,-0.5370458407503442,-1.5136730200923298,1.398931008379861
1633,16.32,0.0,0.0,0.0,0.0,-2.1003078613890294,-0.6615709522425861,-3.445055297403306,0.767685940367893,0.9557946196051087,-0.5436939052944816,-1.4994885248995895,1.4387369091464433
1634,16.330000000000002,0.0,0.0,0.0,0.0,-2.1352824958144025,-0.6520357915074549,-3.5501042451357785,1.142210130493645,0.93461754325969,-0.5502650601594745,-1.4848826034191656,1.4832467043069477
1635,16.34,0.0,0.0,0.0,0.0,-2.1713148557868562,-0.6386686246771148,-3.6566267865300977,1.5341720982154026,0.9130854442245769,-0.5567218487058085,-1.4698072929303865,1.5326462311097413
1636,16.35,0.0,0.0,0.0,0.0,-2.208420525820833,-0.6212925174438875,-3.764798452788747,1.944084009974058,0.8911876687848209,-0.5630250704691334,-1.4542127392539534,1.5871280083769455
1637,16.36,0.0,0.0,0.0,0.0,-2.246617026952384,-0.5997253900679402,-3.8748316946441683,2.37246258271515,0.8689133980054572,-0.5691337299527988,-1.438047127958256,1.6468916368844437
1638,16.37,0.0,0.0,0.0,0.0,-2.285924206499205,-0.5737799784917985,-3.9869800169983916,2.819827703021658,0.8462516264518822,-0.5750049849676265,-1.421256611419508,1.7121442280074064
1639,16.38,0.0,0.0,0.0,0.0,-2.3263646696962352,-0.5432638112811288,-4.101542206344245,3.286700609306504,0.8231911368041552,-0.5805940946582872,-1.4037852314624426,1.7831008584151065
1640,16.39,0.0,0.0,0.0,0.0,-2.3679642536869863,-0.5079792079192228,-4.218866555512436,3.773601388845238,0.7997204699430187,-0.5858543674001694,-1.3855748373431882,1.8599850457677634
1641,16.4,0.0,0.0,0.0,0.0,-2.4107525432008985,-0.467723307025143,-4.339354949367278,4.281045422805209,0.7758278900865422,-0.590737108820032,-1.3665649989065751,1.9430292361757555
1642,16.41,0.0,0.0,0.0,0.0,-2.4547634256219326,-0.4222881375155634,-4.463466619877072,4.809538246910617,0.7515013445701498,-0.5951915703003644,-1.346692914870514,2.0324752881063692
1643,16.42,0.0,0.0,0.0,0.0,-2.500035680883026,-0.37146075213916685,-4.59172130448325,5.359568066222127,0.7267284178969897,-0.5991648984876783,-1.325893316384668,2.128574928743859
1644,16.43,0.0,0.0,0.0,0.0,-2.546613598483323,-0.3150234519196166,-4.724701441107118,5.931594847447253,0.7014962797456319,-0.6026020865621781,-1.30409836630781,2.2315901465637067
1645,16.44,0.0,0.0,0.0,0.0,-2.5945476096127758,-0.2527541428515847,-4.863052897317045,6.526034481579368,0.6757916267198356,-0.6054459283720484,-1.281237555091884,2.341793466761191
1646,16.45,0.0,0.0,0.0,0.0,-2.643894916473226,-0.18442688404443092,-5.007483547928744,7.143235924476533,0.6496006177732528,-0.6076369770334147,-1.2572375948066674,2.4594680324287954
1647,16.46,0.0,0.0,0.0,0.0,-2.6947200928552046,-0.10981271118851417,-5.15875876848971,7.783448432330431,0.6229088034588027,-0.6091135103058419,-1.2320223137646447,2.5849073816666905
1648,16.47,0.0,0.0,0.0,0.0,-2.7470956191269034,-0.02868085310128063,-5.317692580702788,8.446774947454927,0.595701049464129,-0.6098115060524727,-1.2055125555166017,2.7184147660256226
1649,16.48,0.0,0.0,0.0,0.0,-2.801102300045608,0.05919949470674959,-5.485132743186312,9.13310627552612,0.567961455332447,-0.6096646324906693,-1.177626087823117,2.860301794752358
1650,16.490000000000002,0.0,0.0,0.0,0.0,-2.856829493936421,0.15405661300670578,-5.661937494263545,9.842028829206532,0.5396732698790123,-0.608604259875345,-1.1482775297543575,3.0108861069431265
1651,16.5,0.0,0.0,0.0,0.0,-2.9143750551758307,0.2561126080442795,-5.848940884731128,10.572696282437134,0.5108188056540925,-0.6065595029207308,-1.1173783085748243,3.1704876632201104
1652,16.51,0.0,0.0,0.0,0.0,-2.973844856544586,0.36557824513414633,-6.046902648043803,11.323652370674328,0.48137935595289105,-0.6034573069011089,-1.0848366628539996,3.3394231016787326
1653,16.52,0.0,0.0,0.0,0.0,-3.035351711485227,0.4826456984824472,-6.256437310452871,12.09258819920855,0.45133511942951127,-0.5992225952887396,-1.0505577147182517,3.5179974099676743
1654,16.53,0.0,0.0,0.0,0.0,-3.0990134560035836,0.6074784601079275,-6.477915737516439,12.876012787513774,0.4206651394602654,-0.5937785033750658,-1.0144436428353312,3.706491916111511
1655,16.54,0.0,0.0,0.0,0.0,-3.1649498734781454,0.7401974123628985,-6.711330601196869,13.668810390593205,0.38934726817292664,-0.5870467310413254,-0.976393999214252,3.9051472858410436
1656,16.55,0.0,0.0,0.0,0.0,-3.233278051699591,0.8808617779004357,-6.956115516220766,14.463653021234375,0.3573581686804739,-0.5789480592101655,-0.9363062278906392,4.114139829600027
1657,16.56,0.0,0.0,0.0,0.0,-3.3041056516656755,1.0294433248055592,-7.210906257839658,15.250232942228903,0.324673373703208,-0.569403089021857,-0.8940764627250649,4.333548976471235
1658,16.57,0.0,0.0,0.0,0.0,-3.3775214497607853,1.1857918498616986,-7.473232376741609,16.01428043243581,0.2912674245558578,-0.5583332807795528,-0.8496007053354114,4.563313299622484
1659,16.580000000000002,0.0,0.0,0.0,0.0,-3.453582408261714,1.349589653665512,-7.739130192586198,16.736341741161578,0.2571141214163879,-0.545662391105082,-0.8027765125214696,4.803172061927226
1660,16.59,0.0,0.0,0.0,0.0,-3.5322964729417152,1.5202925855937692,-8.002676109772676,17.39031891211443,0.2221869235904397,-0.5313184305111982,-0.753505354101637,5.052589058535484
1661,16.6,0.0,0.0,0.0,0.0,-3.6136003619167014,1.697055503352676,-8.25545630446213,17.94182927998275,0.1864595463137644,-0.5152362869506418,-0.7016958332644054,5.310655865269378
1662,16.61,0.0,0.0,0.0,0.0,-3.6973319130051476,1.878641032792218,-8.486020210941222,18.346544100183294,0.14990680673953904,-0.4973611780976441,-0.6472679848371833,5.575972945797366
1663,16.62,0.0,0.0,0.0,0.0,-3.783197268108577,2.063312870733298,-8.679416279593095,18.548829822735236,0.1125057729535606,-0.47765309584248006,-0.5901588687960415,5.846510138841875
1664,16.63,0.0,0.0,0.0,0.0,-3.8707345060401517,2.2487192222253687,-8.816981651626127,18.481249308367524,0.07423726102105935,-0.4560923742568718,-0.5303296352779312,6.119453728265521
1665,16.64,0.0,0.0,0.0,0.0,-3.959277486756517,2.4317789204360243,-8.876645390548742,18.065759865578897,0.03508769892909871,-0.4326864239178569,-0.4677741228469556,6.391056407192542
1666,16.65,0.0,0.0,0.0,0.0,-4.047926670425887,2.608592421118536,-8.834079614773907,17.2176801005197,-0.004948675721011963,-0.40747750373298364,-0.40252882801197165,6.656519091544423
1667,16.66,0.0,0.0,0.0,0.0,-4.1355371191762345,2.7744108799435168,-8.665033858093759,15.85349519878989,-0.045867402267655705,-0.3805511243817669,-0.3346837221141103,6.909947999119751
1668,16.67,0.0,0.0,0.0,0.0,-4.220736600218479,2.9237051318681804,-8.3490235299182,13.903038201858617,-0.08765140279014604,-0.3520442979098838,-0.2643928951197369,7.144441732086659
1669,16.68,0.0,0.0,0.0,0.0,-4.301986568862791,3.050375827499503,-7.874127775756391,11.32525074937566,-0.13026897410949775,-0.32215242151994794,-0.19188344741045024,7.3523623963622935
1670,16.69,0.0,0.0,0.0,0.0,-4.3776932369006545,3.1481280016663935,-7.241997718538914,8.124631093435156,-0.1736726383106031,-0.2911332434986839,-0.11746060518808173,7.5258212385670475
1671,16.7,0.0,0.0,0.0,0.0,-4.446363453359744,3.210993259367389,-6.47150862679174,4.3633400132584805,-0.21779933932296536,-0.25930630914216407,-0.04150696981919872,7.657356712727133
1672,16.71,0.0,0.0,0.0,0.0,-4.506782741233063,3.233926947430652,-5.599262999456358,0.1632045567500826,-0.2625723353251323,-0.227046725732751,0.03552560959238042,7.740709688663715
1673,16.72,0.0,0.0,0.0,0.0,-4.5581773584077325,3.213357874639869,-4.675810403223919,-4.30604538465804,-0.30790482729800384,-0.1947730784535146,0.11313174884448833,7.771535233047602
1674,16.73,0.0,0.0,0.0,0.0,-4.600318040752752,3.147554233785563,-3.7579830652903925,-8.851081875033692,-0.3537049489180733,-0.16293066376389403,0.1907742851541792,7.747872274538315
1675,16.740000000000002,0.0,0.0,0.0,0.0,-4.6335358401870534,3.036709654760807,-2.89943667150628,-13.285192238793902,-0.3998813692754816,-0.1319724138077866,0.26790895546769505,7.67024549494786
1676,16.75,0.0,0.0,0.0,0.0,-4.658646505749845,2.882736193895396,-2.1422945979882204,-17.455155513431624,-0.44634858749186423,-0.10234045343313196,0.34400813405873315,7.541382699645241
1677,16.76,0.0,0.0,0.0,0.0,-4.6768069714952665,2.688837771411225,-1.5121930461268611,-21.257411398612277,-0.4930311033775341,-0.0744509141905027,0.4185801891870314,7.3656447429064915
1678,16.77,0.0,0.0,0.0,0.0,-4.689343059939253,2.458987750206898,-1.0174559283640234,-24.641123018822856,-0.5398659746776457,-0.04868360230139783,0.49118237237624796,7.148330810146151
1679,16.78,0.0,0.0,0.0,0.0,-4.697586672687614,2.197432468162923,-0.6515883867248377,-27.60064196023142,-0.586803671166227,-0.025376849259408352,0.5614268219068178,6.895019140850538
1680,16.79,0.0,0.0,0.0,0.0,-4.702747993591881,1.908302568312134,-0.3975059870309055,-30.162369910735805,-0.6338074612532691,-0.004826834768919473,0.6289806264843497,6.611050561904015
1681,16.8,0.0,0.0,0.0,0.0,-4.705832191280925,1.5953631673936122,-0.23199232660503286,-32.370809892716466,-0.6808517412078634,0.012709891037776824,0.6935616322456403,6.301195358674537
1682,16.81,0.0,0.0,0.0,0.0,-4.707597571811499,1.2618938638708233,-0.1294244951408345,-34.27689477829449,-0.7279197447430492,0.027012055198373755,0.7549317999414229,5.969491435682323
1683,16.82,0.0,0.0,0.0,0.0,-4.708545597322119,0.9106683675893275,-0.06440171249337671,-35.92980451962407,-0.7750010025847096,0.037888636736671824,0.8128896393213804,5.619213964911446
1684,16.830000000000002,0.0,0.0,0.0,0.0,-4.708931797712839,0.543998572062745,-0.01332573524362308,-37.372172301243474,-0.8220888154192294,0.045173988200397044,0.8672628036196266,5.252930369775584
1685,16.84,0.0,0.0,0.0,0.0,-4.708788220641138,0.1638125260417226,0.044824915930771515,-38.63795566855178,-0.8691779003643744,0.04872358961138874,0.9179014899757623,4.87260074668286
1686,16.85,0.0,0.0,0.0,0.0,-4.707950760924776,-0.22825604975807265,0.128249264802431,-39.75211993775174,-0.9162622907409488,0.04841065495389858,0.9646729456948475,4.479694711166704
1687,16.86,0.0,0.0,0.0,0.0,-4.706087303655379,-0.6307810226433749,0.25237349818895805,-40.73140480439982,-0.9633335156684698,0.04412362897259288,1.0074571446410627,4.075306281012004
1688,16.87,0.0,0.0,0.0,0.0,-4.702724609671183,-1.0424679052348924,0.4300310706670717,-41.585645919243724,-1.0103790558925652,0.03576450201022825,1.0461435579027936,3.66025670443629
1689,16.88,0.0,0.0,0.0,0.0,-4.697273193548547,-1.4620924145898158,0.6716716486123718,-42.3193100868175,-1.0573810586709542,0.023247813545187082,1.0806288722161423,3.235180778958731
1690,16.89,0.0,0.0,0.0,0.0,-4.689050208528842,-1.8884545702229638,0.9855448628350096,-42.933043549823736,-1.1043152912654333,0.0065001925537594004,1.110815483819192,2.8005956383058783
1691,16.9,0.0,0.0,0.0,0.0,-4.677300722936956,-2.320347865681009,1.3778364197284105,-43.42512620069035,-1.1511503148442237,-0.01453971925850721,1.1366105955857155,2.3569528572559473
1692,16.91,0.0,0.0,0.0,0.0,-4.661217894035655,-2.7565422833092645,1.852752950760266,-43.79278067976629,-1.1978468652095189,-0.03992110636608286,1.157925758843437,1.9046756107263905
1693,16.92,0.0,0.0,0.0,0.0,-4.639962525711451,-3.1957795812998833,2.412561952789224,-44.03331592146049,-1.2443574318088593,-0.06968071122118075,1.1746767205876787,1.4441829444115677
1694,16.93,0.0,0.0,0.0,0.0,-4.612682407466238,-3.6367791606376376,3.057597537941109,-44.14509923234297,-1.290626030945618,-0.10384257325050254,1.1867834576951144,0.9759032468286004
1695,16.94,0.0,0.0,0.0,0.0,-4.578531717648008,-4.078252790572752,3.7862437756562755,-44.128355780815646,-1.3365881725142212,-0.14241787225243313,1.194170300261789,0.5002789270752555
1696,16.95,0.0,0.0,0.0,0.0,-4.5366906589345986,-4.518926458096006,4.594906592980234,-43.985793198780634,-1.3821710218336747,-0.1854049561261625,1.1967660657075112,0.017764200838592537
1697,16.96,0.0,0.0,0.0,0.0,-4.486385393560938,-4.957567560790041,5.477983201266776,-43.72304380287115,-1.4272937593144115,-0.23278961533213685,1.1945041439822757,-0.4711821672291032
1698,16.97,0.0,0.0,0.0,0.0,-4.426908270385826,-5.393015548320404,6.427834972913774,-43.34890862455547,-1.4718681409651662,-0.28454564817476957,1.1873224927903974,-0.9661072779345785
1699,16.98,0.0,0.0,0.0,0.0,-4.357638297219611,-5.824213906321558,7.4347653177355575,-42.87537628747289,-1.5157992624387464,-0.3406357410872857,1.1751635213514615,-1.4665756091019464
1700,16.990000000000002,0.0,0.0,0.0,0.0,-4.278061825768465,-6.25024103900525,8.486997856130488,-42.31737569707775,-1.5589865288664233,-0.40101266546508463,1.1579738634013386,-1.9721792132367844
1701,17.0,0.0,0.0,0.0,0.0,-4.187793505074464,-6.670337112309917,9.570641417190746,-41.69220404883065,-1.6013248327746765,-0.465620765831239,1.1357040669434366,-2.4825436072354528
1702,17.01,0.0,0.0,0.0,0.0,-4.086597750358464,-7.083923229846311,10.669616599421179,-41.018549929885985,-1.6427059437932623,-0.5343976814685505,1.1083082623247127,-2.9973254794878477
1703,17.02,0.0,0.0,0.0,0.0,-3.9744112987683082,-7.490608380840133,11.765503755763016,-40.315004133198,-1.6830201178317281,-0.6072762029360945,1.0757439148956327,-3.5161970820718245
1704,17.03,0.0,0.0,0.0,0.0,-3.85136790929029,-7.8901783644217165,12.837255166107395,-39.59791763273527,-1.7221579414034431,-0.6841861133831336,1.0379718280203094,-4.038810455131427
1705,17.04,0.0,0.0,0.0,0.0,-3.7178269219426188,-8.2825593051626,13.860697501414386,-38.87842923506549,-1.7600124404985207,-0.7650557989758574,0.9949566415226632,-4.564732383219981
1706,17.05,0.0,0.0,0.0,0.0,-3.574408190269538,-8.667746433918776,14.80774056802802,-38.15845481750555,-1.7964815044693496,-0.8498133294535598,0.9466681750157896,-5.093338243649238
1707,17.06,0.0,0.0,0.0,0.0,-3.4220367200662527,-9.045686696557471,15.645217285172881,-37.42543331324501,-1.8314707047009706,-0.9383866059848344,0.8930840987161363,-5.623649976491219
1708,17.07,0.0,0.0,0.0,0.0,-3.262000888115863,-9.416102078657145,16.333331740281967,-36.645722859979486,-1.8648966243051726,-1.03070204993029,0.8341945743748824,-6.154101190541282
1709,17.080000000000002,0.0,0.0,0.0,0.0,-3.0960277581857976,-9.778240775991353,16.82382843923004,-35.75685094920654,-1.896690853166683,-1.1266811736189153,0.7700096795477678,-6.682213017805555
1710,17.09,0.0,0.0,0.0,0.0,-2.9263766175918633,-10.130548512623001,17.058279037490028,-34.65953606656881,-1.9268048282322192,-1.2262342654594027,0.7005705627728164,-7.204171895031138
1711,17.1,0.0,0.0,0.0,0.0,-2.7559455978883234,-10.470267635681152,16.96738310886047,-33.21175460860513,-1.9552156830345484,-1.3292504100637812,0.6259652729707673,-7.7143220377928285
1712,17.11,0.0,0.0,0.0,0.0,-2.588373774492023,-10.793004373923354,16.472912835536413,-31.229250392167675,-1.981933162844013,-1.4355832864588285,0.5463498763851847,-8.204630599431331
1713,17.12,0.0,0.0,0.0,0.0,-2.428100834125276,-11.09236106981089,15.49470300519775,-28.499336223501203,-2.0070073906825545,-1.5450328530397774,0.4619745376427767,-8.664260235685614
1714,17.13,0.0,0.0,0.0,0.0,-2.2803206728549164,-11.35980615647612,13.965238676325162,-24.81584184253594,-2.0305367629403985,-1.6573243674967761,0.373212395443622,-9.079485483621204
1715,17.14,0.0,0.0,0.0,0.0,-2.1507461931082292,-11.585018965674509,11.85267010838443,-20.038996662993547,-2.0526745071197503,-1.7720882731608176,0.28058623395893223,-9.43427277256628
1716,17.150000000000002,0.0,0.0,0.0,0.0,-2.045115579822239,-11.756927659662757,9.188270933576302,-14.171056896621007,-2.073631631855255,-1.8888468682287742,0.18478476362648036,-9.711812079840518
1717,17.16,0.0,0.0,0.0,0.0,-1.9684449614437918,-11.865468364851862,6.087308136089479,-7.418382998344646,-2.0936736166208205,-2.007015073462603,0.08665854315821746,-9.89702340340807
1718,17.17,0.0,0.0,0.0,0.0,-1.9241689754973195,-11.903720613214475,2.748167412997583,-0.1977078258925196,-2.1131088864362066,-2.125921137460792,-0.012812251024585785,-9.979551637717154
1719,17.18,0.0,0.0,0.0,0.0,-1.9134423221510226,-11.869698913092565,-0.5792797643433815,6.940129537254308,-2.1322692412154267,-2.244847663574414,-0.11257842235898735,-9.956256590941543
1720,17.19,0.0,0.0,0.0,0.0,-1.9348862085929803,-11.767030129140547,-3.648061072864177,13.448843666259686,-2.1514853359993538,-2.3630855001900235,-0.21160016419067015,-9.832143920547567
1721,17.2,0.0,0.0,0.0,0.0,-1.9848968612933653,-11.604190768787142,-6.26760240840928,18.92368975226681,-2.171062443544322,-2.4799871901664465,-0.3089247466221247,-9.619293907493777
1722,17.21,0.0,0.0,0.0,0.0,-2.058383006719467,-11.39265941906652,-8.333220162261545,23.173893604535017,-2.191261646613183,-2.5950068320822828,-0.4037451854690999,-9.334276412347053
1723,17.22,0.0,0.0,0.0,0.0,-2.149641177950174,-11.144764479729066,-9.82468217854136,26.212762303322872,-2.212289351438631,-2.7077192578211493,-0.4954299063825185,-8.995123301778891
1724,17.23,0.0,0.0,0.0,0.0,-2.253098551723346,-10.871936216194449,-10.783659584870657,28.1937516900919,-2.2342950675023374,-2.8178192594053106,-0.5835241919029737,-8.618837664471103
1725,17.240000000000002,0.0,0.0,0.0,0.0,-2.3637895538269937,-10.583689160836142,-11.285409785285985,29.33476891241952,-2.2573753325987553,-2.9251068898573527,-0.6677315572585977,-8.219899607009149
1726,17.25,0.0,0.0,0.0,0.0,-2.477568592103141,-10.287292753761262,-11.41549926309302,29.859182829096234,-2.2815810427408554,-3.0294661679914503,-0.7478851252505954,-7.809724161658121
1727,17.26,0.0,0.0,0.0,0.0,-2.591133104902652,-9.987906528161199,-11.255259162932148,29.96193492107576,-2.306925888339529,-3.1308430211124607,-0.8239171327729313,-7.396773423258547
1728,17.27,0.0,0.0,0.0,0.0,-2.7019416558246454,-9.688943559148722,-10.874953488027549,29.79653379520438,-2.3333944319052313,3.0539594124448017,-0.8958314628295531,-6.987001903324076
1729,17.28,0.0,0.0,0.0,0.0,-2.8080913834633794,-9.39249280821456,-10.33202684218822,29.47496281111869,-2.360949121171872,2.9585549083428804,-0.9636812776648339,-6.58440142475118
1730,17.29,0.0,0.0,0.0,0.0,-2.9081929387664363,-9.099707224340143,-9.672012779310052,29.07368986416303,-2.389536041989236,2.8660972499700934,-1.0275520152202566,-6.191514285573707
1731,17.3,0.0,0.0,0.0,0.0,-3.001260698303315,-8.811120211188182,-8.930477540727006,28.641465815950607,-2.419089488336929,2.7765467125978107,-1.0875491062448461,-5.809859512884867
1732,17.31,0.0,0.0,0.0,0.0,-3.086623634458852,-8.526884976492,-8.135108066659335,28.206720164689283,-2.4495355365482374,2.689860307686165,-1.143789462945184,-5.440261342033147
1733,17.32,0.0,0.0,0.0,0.0,-3.1638559879680725,-8.24694584617808,-7.307546913136207,27.783705799687198,-2.4807948293526585,2.605994677100079,-1.1963958007268487,-5.083089858210008
1734,17.330000000000002,0.0,0.0,0.0,0.0,-3.232724448137957,-7.971155168446839,-6.464853077270256,27.37724595453752,-2.5127847522962656,2.524907557872287,-1.2454929970110338,-4.738430720308882
1735,17.34,0.0,0.0,0.0,0.0,-3.293148086322994,-7.6993491570154715,-5.6205996059577386,26.98623686307648,-2.545421148755105,2.4465582935914805,-1.291205864833001,-4.406201070692477
1736,17.35,0.0,0.0,0.0,0.0,-3.3451676966822514,-7.431393923729284,-4.785669320791808,26.606149043904658,-2.5786196838337143,2.370907744751169,-1.3336578785947029,-4.086226227047033
1737,17.36,0.0,0.0,0.0,0.0,-3.3889218839694437,-7.167210501232619,-3.9688201267741285,26.230764855496695,-2.6122969373251226,2.2979178501834285,-1.3729705196710351,-3.778288617263175
1738,17.37,0.0,0.0,0.0,0.0,-3.4246279254581973,-6.906785461592612,-3.177084268330594,25.853351140362857,-2.646371282802432,2.227551014990884,-1.4092630093862701,-3.482157536134415
1739,17.38,0.0,0.0,0.0,0.0,-3.4525660160380864,-6.650171971459252,-2.4160532038353404,25.467421577745725,-2.680763593197813,2.1597694435274883,-1.442652270454285,-3.1976059554211655
1740,17.39,0.0,0.0,0.0,0.0,-3.4730659563293123,-6.397484778236803,-1.6900867786412612,25.067204648910316,-2.7153978016780758,2.0945344946240754,-1.473253010877435,-2.924418821907491
1741,17.400000000000002,0.0,0.0,0.0,0.0,-3.48649567246793,-6.148891622020412,-1.0024741468558431,24.64790264164723,-2.7502013389612947,2.0318061065640665,-1.5011778616542248,-2.662395949552482
1742,17.41,0.0,0.0,0.0,0.0,-3.4932511841762843,-5.904602833517801,-0.3555649733524311,24.205804337366015,-2.785105463320201,1.9715423182282246,-1.5265375256311606,-2.411351649341517
1743,17.42,0.0,0.0,0.0,0.0,-3.493747787816814,-5.664860339399667,0.24911725222470202,23.738297376129786,-2.8200454964900596,1.9136988980585494,-1.5494409126309772,-2.1711125515828527
1744,17.43,0.0,0.0,0.0,0.0,-3.4884123139992695,-5.429926900330691,0.8107727620800902,23.2438141773518,-2.8549609768700477,1.8582290823588439,-1.5699952479506947,-1.9415145863314214
1745,17.44,0.0,0.0,0.0,0.0,-3.477676372052171,-5.200076114882319,1.329230173917218,22.72173639350118,-2.8897957402943866,1.8050834177306223,-1.5883061491545774,-1.7223997428301479
1746,17.45,0.0,0.0,0.0,0.0,-3.461970519686269,-4.975583507551597,1.8048566443440353,22.172276228197152,-2.9244979379195697,1.7542096982423852,-1.6044776710176314,-1.5136129878653275
1747,17.46,0.0,0.0,0.0,0.0,-3.441719305571334,-4.756718862171081,2.2384731397437556,21.596347897546444,-2.959020000215529,1.7055529855735658,-1.6186123213904913,-1.3149995565997474
1748,17.47,0.0,0.0,0.0,0.0,-3.417337132622016,-4.543739849513155,2.6312750990130107,20.995438618878875,-2.9933185555307626,1.659055699357709,-1.6308110522911146,-1.1264027168911395
1749,17.48,0.0,0.0,0.0,0.0,-3.3892248855757323,-4.336886919783482,2.9847590028002617,20.37148549144224,-3.027354311161108,1.614657764875834,-1.6411732311426444,-0.9476620342077497
1750,17.490000000000002,0.0,0.0,0.0,0.0,-3.3577672611993887,-4.136379379225381,3.3006553527193496,19.72676230273677,-3.0610919042606084,1.572296805821943,-1.6497965970970347,-0.778612118025992
1751,17.5,0.0,0.0,0.0,0.0,-3.32333073509134,-3.942412538997722,3.580868415847061,19.063778521975813,-3.0944997292938576,1.5319083708395071,-1.6567772070462214,-0.6190818039063819
1752,17.51,0.0,0.0,0.0,0.0,-3.286262096496295,-3.755155808785196,3.8274228845903857,18.385191429943205,-3.1275497480540095,1.4934261837361378,-1.662209375389439,-0.46889371228890075
1753,17.52,0.0,0.0,0.0,0.0,-3.246887482112096,-3.5747516030614968,4.042417391917258,17.693731400379065,3.122968019598725,1.456782408589512,-1.666185611009213,-0.32786412094940065
1754,17.53,0.0,0.0,0.0,0.0,-3.205511841418176,-3.4013149311397437,4.227984637629053,16.992139719960274,3.090704476549734,1.421907922267125,-1.668796554282609,-0.19580308972156768
1755,17.54,0.0,0.0,0.0,0.0,-3.162418769254694,-3.234933550386891,4.386257737674498,16.283117947270352,3.0588635044973445,1.3887325881338244,-1.67013091636352,-0.07251478113219711
1756,17.55,0.0,0.0,0.0,0.0,-3.117870645792275,-3.0756685731170412,4.51934230951993,15.569287608097657,3.027460948313577,1.3571855258725174,-1.6702754224410596,0.042202072675233904
1757,17.56,0.0,0.0,0.0,0.0,-3.072109029220983,-2.9235554301495807,4.629293749523493,14.853158954797065,2.9965101335964826,1.3271953733773296,-1.669314760219153,0.14855359907140242
1758,17.57,0.0,0.0,0.0,0.0,-3.0253552520609985,-2.778605106689407,4.718099136670498,14.137107539067266,2.966022072059156,1.2986905375842897,-1.6673315344748665,0.24675014537159168
1759,17.580000000000002,0.0,0.0,0.0,0.0,-2.9778111776447393,-2.640805578337628,4.787663202963618,13.423357426443264,2.936005660121078,1.2715994318873962,-1.6644062282336818,0.3370055993071115
1760,17.59,0.0,0.0,0.0,0.0,-2.929660078801831,-2.5101233862213106,4.839797836300017,12.71396999096095,2.906467869294073,1.245850698452398,-1.6606171708416748,0.4195366925805204
1761,17.6,0.0,0.0,0.0,0.0,-2.881067605938074,-2.3865053002397674,4.87621461972863,12.01083735096934,2.8774139273091444,1.2213734143000297,-1.6560405130091147,0.49456230569830684
1762,17.61,0.0,0.0,0.0,0.0,-2.8321828164401714,-2.269880028200286,4.898519955790309,11.31567962913497,2.8488474892344517,1.1980972804955394,-1.6507502087389123,0.5623027882398857
1763,17.62,0.0,0.0,0.0,0.0,-2.7831392416149683,-2.160159936206179,4.908212371816216,10.630045333479137,2.820770798093236,1.175952794164485,-1.644818003928751,0.6229793054087893
1764,17.63,0.0,0.0,0.0,0.0,-2.7340559711803047,-2.0572427521753727,4.906681648522393,9.955314257802156,2.7931848347095625,1.1548714033681238,-1.6383134313414387,0.6768132190049321
1765,17.64,0.0,0.0,0.0,0.0,-2.6850387386783234,-1.9610132299309448,4.895209458035503,9.292702387683253,2.766089456691795,1.1347856451238991,-1.631303811567896,0.7240255087473786
1766,17.650000000000002,0.0,0.0,0.0,0.0,-2.636180994118182,-1.8713447560619478,4.874971237536848,8.643268372887098,2.7394835266156368,1.1156292670582504,-1.6238542595573864,0.7648362380562341
1767,17.66,0.0,0.0,0.0,0.0,-2.5875649527093603,-1.7881008858191185,4.847039060587943,8.007921189847329,2.7133650295918774,1.097337333335621,-1.6160276962562565,0.7994640668902417
1768,17.67,0.0,0.0,0.0,0.0,-2.5392626107648235,-1.711136797802372,4.812385299902776,7.387428670893918,2.687731180504356,1.0798463156273437,-1.6078848648770125,0.8281258129624516
1769,17.68,0.0,0.0,0.0,0.0,-2.491336721773562,-1.640300660198845,4.771886903129962,6.78242662199463,2.662578521283033,1.063094169971035,-1.599484351311998,0.8510360615747168
1770,17.69,0.0,0.0,0.0,0.0,-2.4438417273015762,-1.575434903912147,4.72633012750501,6.1934282897925375,2.6379030086382156,1.0470204004301644,-1.5908826082080512,0.8684068233894293
1771,17.7,0.0,0.0,0.0,0.0,-2.3968246388141443,-1.5163774001416936,4.676415600482331,5.620833973162988,2.613700092728602,1.031566110498951,-1.5821339822296507,0.8804472386724507
1772,17.71,0.0,0.0,0.0,0.0,-2.350325867744837,-1.4629625418598347,4.622763592092479,5.064940605470851,2.589964787267958,1.0166740432121353,-1.5732907440558228,0.8873633258850024
1773,17.72,0.0,0.0,0.0,0.0,-2.3043800021966026,-1.4150222302306503,4.565919401188707,4.5259511620252635,2.566691731597125,1.002288610916815,-1.5644031206803102,0.8893577719659522
1774,17.73,0.0,0.0,0.0,0.0,-2.2590165295634117,-1.372386768335704,4.50635877227715,4.003983773335535,2.543875245259026,0.9883559156459157,-1.55551932961311,0.8866297612277076
1775,17.740000000000002,0.0,0.0,0.0,0.0,-2.21426050512923,-1.3348856656447143,4.444493272542808,3.4990804489685248,2.521509375618017,0.9748237610040009,-1.5466856146140162,0.8793748394845156
1776,17.75,0.0,0.0,0.0,0.0,-2.1701331673453588,-1.3023483575069437,4.380675570201467,3.0112153391208287,2.499587939060602,0.9616416564370747,-1.5379462826235275,0.8677848098384151
1777,17.76,0.0,0.0,0.0,0.0,-2.1266525010240436,-1.274604844564836,4.315204565600081,2.5403024814560693,2.4781045563050133,0.9487608147121529,-1.5293437415928604,0.8520476564592077
1778,17.77,0.0,0.0,0.0,0.0,-2.083833750125143,-1.251486257421865,4.248330335687352,2.0862029992049127,2.4570526823325243,0.9361341433810297,-1.5209185389514945,0.8323474927032781
1779,17.78,0.0,0.0,0.0,0.0,-2.0416898821640532,-1.232825352152678,4.180258860690311,1.6487317328837452,2.4364256314344908,0.9237162309478258,-1.5127094004866648,0.8088645300113753
1780,17.79,0.0,0.0,0.0,0.0,-2.0002320065442634,-1.2184569423477454,4.111156509154126,1.2276633021956216,2.4162165978478147,0.9114633284035643,-1.5047532694442505,0.781775064196518
1781,17.8,0.0,0.0,0.0,0.0,-1.9594697493222297,-1.2082182733567952,4.041154264003196,0.8227376066553589,2.3964186724269685,0.8993333267339176,-1.4970853456930509,0.7512514759654345
1782,17.81,0.0,0.0,0.0,0.0,-1.9194115870572717,-1.2019493442595672,3.970351678035291,0.43366478327592833,2.377024855775311,0.8872857309504854,-1.4897391248248257,0.7174622427977044
1783,17.82,0.0,0.0,0.0,0.0,-1.8800651424882635,-1.199493182868766,3.8988205523230346,0.060129647285218024,2.358028068230967,0.8752816311414344,-1.4827464370895327,0.6805719596194975
1784,17.830000000000002,0.0,0.0,0.0,0.0,-1.8414374448224038,-1.2006960787809569,3.8266083354306684,-0.29820435253869815,2.339421157075311,0.8632836709859832,-1.476137486089328,0.6407413660414469
1785,17.84,0.0,0.0,0.0,0.0,-1.8035351574217358,-1.2054077791549445,3.753741245204893,-0.6416916285983915,2.3211969013038094,0.8512560141284392,-1.4699408871753703,0.5981273782667913
1786,17.85,0.0,0.0,0.0,0.0,-1.766364775638983,-1.2134816515325335,3.6802271182191784,-0.9707013618970007,2.3033480142715335,0.8391643087626913,-1.4641837055088422,0.5528831241064496
1787,17.86,0.0,0.0,0.0,0.0,-1.7299327974889172,-1.224774817638589,3.606057994780506,-1.285614784170374,2.2858671444983973,0.8269756507367569,-1.4588914937616404,0.5051579798503281
1788,17.87,0.0,0.0,0.0,0.0,-1.6942458697496678,-1.2391482617198342,3.5312124497846127,-1.5868227973726674,2.268746874892552,0.8146585454493875,-1.4540883294431644,0.4550976080298337
1789,17.88,0.0,0.0,0.0,0.0,-1.6593109119761336,-1.2564669166152462,3.4556576816670455,-1.8747238947300353,2.251979720625329,0.8021828687771988,-1.4497968518481303,0.40284399536088733
1790,17.89,0.0,0.0,0.0,0.0,-1.6251352207761873,-1.2765997304043115,3.379351373267072,-2.1497223498829086,2.2355581258665365,0.7895198272403839,-1.4460382986261524,0.3485354903718758
1791,17.900000000000002,0.0,0.0,0.0,0.0,-1.591726556556664,-1.299419716157877,3.30224333963299,-2.412226643410093,2.219474459566501,0.7766419175884717,-1.4428325419780292,0.29230684039878696
1792,17.91,0.0,0.0,0.0,0.0,-1.559093214790497,-1.3248039870246686,3.2242769786682173,-2.662648099074667,2.2037210104496414,0.763522885963604,-1.4401981244860373,0.2342892277658284
1793,17.92,0.0,0.0,0.0,0.0,-1.5272440836947743,-1.352633778625286,3.1453905410760563,-2.9013997052329623,2.188289981364815,0.7501376867779409,-1.438152294586874,0.17461030506948827
1794,17.93,0.0,0.0,0.0,0.0,-1.4961886900433268,-1.3827944604949893,3.0655182363270765,-3.1288950998477145,2.173173483119634,0.7364624414233109,-1.4367110416963231,0.11339422954833744
1795,17.94,0.0,0.0,0.0,0.0,-1.4659372346696251,-1.4151755381153859,2.98459119136898,-3.3455477003045457,2.1583635279093483,0.7224743969146071,-1.4358891309947412,0.05076169655423923
1796,17.95,0.0,0.0,0.0,0.0,-1.4365006190502392,-1.4496706468989,2.9025382785535823,-3.5517699616300873,2.1438520224364788,0.7081518845542664,-1.4357001378822123,-0.013170027848660837
1797,17.96,0.0,0.0,0.0,0.0,-1.4078904641958236,-1.4861775393368355,2.819286828789213,-3.7479727486935093,2.129630760803938,0.6934742786919418,-1.4361564821119965,-0.07828707514101185
1798,17.97,0.0,0.0,0.0,0.0,-1.3801191229203151,-1.5245980663848702,2.7347632452761665,-3.93456480947743,2.1156914172532777,0.6784219556424357,-1.4372694616108421,-0.14447894346455503
1799,17.98,0.0,0.0,0.0,0.0,-1.3531996864087168,-1.5648381540370009,2.648893532371243,-4.111952337535969,2.1020255388093596,0.6629762528145032,-1.4390492859948565,-0.2116384676282841
1800,17.990000000000002,0.0,0.0,0.0,0.0,-1.3271459858635952,-1.6068077759224841,2.5616037531970726,-4.280538612309945,2.0886245378846433,0.6471194280945173,-1.4415051097901261,-0.2796617900588889
1801,18.0,0.0,0.0,0.0,0.0,-1.3019725898787446,-1.6504209226487234,2.4728204285905315,-4.440723706095567,2.075479684888793,0.6308346195209477,-1.4446450653678453,-0.3484483327699788
1802,18.01,0.0,0.0,0.0,0.0,-1.2776947980681983,-1.6955955684995474,2.382470888916476,-4.592904246201602,2.0625821008836778,0.6141058052790856,-1.4484762956045922,-0.4179007704313491
1803,18.02,0.0,0.0,0.0,0.0,-1.254328631368897,-1.7422536359809986,2.2904835891914206,-4.73747322025832,2.049922750319061,0.5969177640399695,-1.4530049862790917,-0.48792500461210153
1804,18.03,0.0,0.0,0.0,0.0,-1.2318908193359002,-1.7903209585830804,2.196788396904765,-4.87481981183421,2.037492433880461,0.5792560356629269,-1.4582363982175344,-0.5584301392471802
1805,18.04,0.0,0.0,0.0,0.0,-1.2103987846606594,-1.839727241991829,2.101316860932589,-5.005329252548579,2.025281781478171,0.5611068822785059,-1.464174899199665,-0.6293284573311695
1806,18.05,0.0,0.0,0.0,0.0,-1.189870625062993,-1.8904060238438298,2.00400246903832,-5.129382675831198,2.013281245404255,0.5424572497664544,-1.4708239956378004,-0.7005353987808369
1807,18.06,0.0,0.0,0.0,0.0,-1.1703250926369402,-1.9422946319605023,1.9047809006846226,-5.247356956438427,2.0014810936834597,0.5232947296437738,-1.478186364039686,-0.7719695393235622
1808,18.07,0.0,0.0,0.0,0.0,-1.1517815706661803,-1.9953341408367524,1.803590281259725,-5.359624518869564,1.989871403643248,0.5036075213787622,-1.486263882264486,-0.8435525701705722
1809,18.080000000000002,0.0,0.0,0.0,0.0,-1.1342600478664948,-2.0494693259845795,1.7003714433797217,-5.466553096983765,1.9784420557285363,0.4833843951506093,-1.495057660577927,-0.9152092781180847
1810,18.09,0.0,0.0,0.0,0.0,-1.117781089957175,-2.104648615552747,1.5950682006738879,-5.568505426452166,1.967182727587224,0.46261465507855093,-1.5045680725086732,-0.9868675255955721
1811,18.1,0.0,0.0,0.0,0.0,-1.102365808409877,-2.1608240384568265,1.48762763940992,-5.6658388512131825,1.9560828884539725,0.44128810295154,-1.5147947855024324,-1.0584582300469494
1812,18.11,0.0,0.0,0.0,0.0,-1.0880358261692389,-2.2179511680641624,1.378000433469899,-5.75890482485147,1.94513179386148,0.41939500249804695,-1.5257367913634332,-1.1299153418949235
1813,18.12,0.0,0.0,0.0,0.0,-1.0748132400826595,-2.27598906028789,1.2661411885419975,-5.848048287792656,1.9343184807107066,0.3969260442458245,-1.537392436464882,-1.2011758202052303
1814,18.13,0.0,0.0,0.0,0.0,-1.062720579715716,-2.3349001847526356,1.152008821942604,-5.933606901378676,1.9236317627346318,0.3738723110343055,-1.5497594517003264,-1.2721796050369196
1815,18.14,0.0,0.0,0.0,0.0,-1.0517807621617417,-2.3946503475081067,1.035566985204043,-6.01591012024473,1.9130602263934748,0.35022524425611323,-1.5628349821373617,-1.342869585346365
1816,18.150000000000002,0.0,0.0,0.0,0.0,-1.04201704237878,-2.4552086035820686,0.9167845374405282,-6.095278084916314,1.9025922272438138,0.3259766109208836,-1.5766156163229303,-1.4131915612032886
1817,18.16,0.0,0.0,0.0,0.0,-1.0334529585018524,-2.516547157487528,0.7956360785001592,-6.172020317153046,1.892215886828922,0.301118471652047,-1.591097415176875,-1.4830941989856756
1818,18.17,0.0,0.0,0.0,0.0,-1.0261122714831932,-2.578641249626798,0.6721025519962193,-6.246434201238987,1.881919090143763,0.2756431497472686,-1.6062759403964946,-1.552528978143605
1819,18.18,0.0,0.0,0.0,0.0,-1.0200188983065193,-2.6414690263706326,0.5461719294394771,-6.318803235126137,1.871689483735072,0.2495432014546576,-1.6221462822804145,-1.6214501280641134
1820,18.19,0.0,0.0,0.0,0.0,-1.015196837903454,-2.7050113914340224,0.4178399878160356,-6.389395036053425,1.861514474504951,0.22281138763950026,-1.6387030868654509,-1.6898145535305684
1821,18.2,0.0,0.0,0.0,0.0,-1.0116700887715135,-2.769251836018799,0.28711119402305385,-6.458459085975098,1.8513812292959586,0.19544064704139885,-1.6559405822545599,-1.7575817472472857
1822,18.21,0.0,0.0,0.0,0.0,-1.0094625571539628,-2.83417624505154,0.1539997105154041,-6.526224202858123,1.8412766753461427,0.1674240713470577,-1.673852603999085,-1.8247136878975774
1823,18.22,0.0,0.0,0.0,0.0,-1.008597954494474,-2.899772676708221,0.01853053727015221,-6.59289572468205,1.8311875017148247,0.13875488233203823,-1.6924326193827866,-1.891174722213747
1824,18.23,0.0,0.0,0.0,0.0,-1.0090996827257286,-2.966031112291232,-0.11925919435017822,-6.658652393878904,1.8211001617933396,0.10942641135282215,-1.7116737504405175,-1.9569314295655034
1825,18.240000000000002,0.0,0.0,0.0,0.0,-1.0109907057944374,-3.0329431734057555,-0.2593187601413352,-6.723642931094982,1.811000877030374,0.07943208150119672,-1.7315687955291774,-2.0219524676113183
1826,18.25,0.0,0.0,0.0,0.0,-1.0142934056696709,-3.1005018032799736,-0.40158219868138784,-6.787982288712473,1.8008756420180672,0.04876539276337253,-1.7521102492546947,-2.086208397610303
1827,18.26,0.0,0.0,0.0,0.0,-1.0190294209324045,-3.1687009089874305,-0.5459664696715107,-6.8517475767507,1.7907102311034806,0.01741991055865908,-1.7732903205448216,-2.1496714880550263
1828,18.27,0.0,0.0,0.0,0.0,-1.0252194659083866,-3.2375349612706175,-0.6923694023414575,-6.914973656859705,1.780490206709754,-0.014610741934734236,-1.7951009486444884,-2.2123154953622306
1829,18.28,0.0,0.0,0.0,0.0,-1.0328831281922826,-3.3069985486433837,-0.8406674238985417,-6.977648404471929,1.7702009295720686,-0.04733288722647346,-1.8175338167985422,-2.274115420451101
1830,18.29,0.0,0.0,0.0,0.0,-1.0420386423284331,-3.3770858824776475,-0.9907130617400456,-7.039707645211696,1.7598275711157787,-0.08075279225934907,-1.8405803633751279,-2.3350472401492146
1831,18.3,0.0,0.0,0.0,0.0,-1.052702637375127,-3.447790249881462,-1.1423322182406532,-7.1010297798833575,1.7493551282263522,-0.11487666194711368,-1.864231790173466,-2.395087612506335
1832,18.31,0.0,0.0,0.0,0.0,-1.0648898560992242,-3.5191034113694895,-1.2953212236142333,-7.1614301233433935,1.7387684406837303,-0.1497106269672831,-1.8884790676510135,-2.4542135552702655
1833,18.32,0.0,0.0,0.0,0.0,-1.078612843644395,-3.591014940650487,-1.4494436809372497,-7.220654996974727,1.7280522115555805,-0.18526072524344786,-1.9133129367990285,-2.5124020970060923
1834,18.330000000000002,0.0,0.0,0.0,0.0,-1.0938816037088566,-3.6635115043410647,-1.6044271282113793,-7.278375633047625,1.717191030864854,-0.22153287652648046,-1.9387239073913345,-2.569629900632208
1835,18.34,0.0,0.0,0.0,0.0,-1.1107032205819236,-3.7365760801123034,-1.759959555681927,-7.334181972758081,1.706169402865021,-0.2585328494660598,-1.9647022523310809,-2.6258728595303795
1836,18.35,0.0,0.0,0.0,0.0,-1.129081445849236,-3.8101871127339844,-1.9156858328389452,-7.387576468982618,1.6949717772708515,-0.296266220553103,-1.9912379978239545,-2.6811056668847484
1837,18.36,0.0,0.0,0.0,0.0,-1.1490162492149856,-3.884317608764652,-2.0712041189273127,-7.4379680405593165,1.6835825848014587,-0.3347383243144816,-2.0183209091159404,-2.7353013595496662
1838,18.37,0.0,0.0,0.0,0.0,-1.1705033337391988,-3.9589341723133824,-2.226062353630198,-7.484666367878737,1.6719862773936467,-0.37395419415733766,-2.0459404715509844,-2.7884308385741834
1839,18.38,0.0,0.0,0.0,0.0,-1.1935336168834625,-4.033995986442235,-2.3797549509990064,-7.526876770219507,1.6601673734356095,-0.41391849329416786,-2.0740858667297775,-2.840462369558772
1840,18.39,0.0,0.0,0.0,0.0,-1.218092680136523,-4.109453747470229,-2.531719849652136,-7.563695963724744,1.648110508350165,-0.45463543523931355,-2.1027459435894786,-2.891361067333706
1841,18.400000000000002,0.0,0.0,0.0,0.0,-1.2441601916843037,-4.185248562750477,-2.6813361054286293,-7.5941090647746154,1.6358004908211101,-0.49610869345527575,-2.131909184276386,-2.941088371066173
1842,18.41,0.0,0.0,0.0,0.0,-1.2717093086279845,-4.261310826497054,-2.827922248383552,-7.616988275581918,1.6232223649014395,-0.5383412998531644,-2.161563664754604,-2.9896015178690694
1843,18.42,0.0,0.0,0.0,0.0,-1.3007060676570474,-4.337559092983615,-2.9707356630312387,-7.631093764850672,1.6103614781656543,-0.581335532019998,-2.1916970101856523,-3.0368530253265678
1844,18.43,0.0,0.0,0.0,0.0,-1.3311087758570455,-4.413898971947251,-3.1089732872232196,-7.635077332606243,1.5972035559656832,-0.6250927892656567,-2.22229634523134,-3.0827901960902055
1845,18.44,0.0,0.0,0.0,0.0,-1.3628674164564158,-4.490222077285478,-3.2417739583043095,-7.627489519343643,1.5837347817176952,-0.6696134578618772,-2.2533482395795725,-3.127354660829062
1846,18.45,0.0,0.0,0.0,0.0,-1.395923087741958,-4.5664050670395735,-3.3682227615750464,-7.606790877804876,1.569941882982358,-0.7148967661897129,-2.284838649172071,-3.1704819792976155
1847,18.46,0.0,0.0,0.0,0.0,-1.4302074970095162,-4.642308820042279,-3.487357750903464,-7.571368160889842,1.5558122229004536,-0.7609406309294532,-2.316752853829907,-3.212101323032763
1848,18.47,0.0,0.0,0.0,0.0,-1.4656425351184876,-4.717777802174558,-3.598179408768219,-7.519556178747041,1.5413338963088745,-0.8077414959175567,-2.3490753922264314,-3.25213526705607
1849,18.48,0.0,0.0,0.0,0.0,-1.502139960782013,-4.792639682501377,-3.6996631863217426,-7.4496660268767485,1.526495829587978,-0.8552941658627472,-2.381789995450725,-3.290499721719364
1850,18.490000000000002,0.0,0.0,0.0,0.0,-1.5396012268679984,-4.866705266042438,-3.790775405796451,-7.360020268199923,1.511287882984084,-0.9035916377484436,-2.4148795207325278,-3.32710403917444
1851,18.5,0.0,0.0,0.0,0.0,-1.5779174833589298,-4.939768814822743,-3.8704927102463174,-7.248995448018933,1.4957009538151707,-0.9526249334433874,-2.4483258872585583,-3.3618513314638134
1852,18.51,0.0,0.0,0.0,0.0,-1.6169697927930742,-5.011608831200415,-3.9378251025544575,-7.1150720156206395,1.4797270786144812,-1.0023829377724265,-2.4821100163869074,-3.394639038407341
1853,18.52,0.0,0.0,0.0,0.0,-1.6566295935053081,-5.081989376214168,-3.9918424223277955,-6.956891308366707,1.4633595319094241,-1.052852247036685,-2.5162117789461087,-3.42535978270886
1854,18.53,0.0,0.0,0.0,0.0,-1.6967594432924507,-5.150661989677523,-4.031703864988222,-6.773318720156236,1.446592918991215,-1.104017033674668,-2.5506099526658828,-3.4539025463850725
1855,18.54,0.0,0.0,0.0,0.0,-1.7372140707526833,-5.21736826684208,-4.056689856931543,-6.56351153555278,1.429423259729218,-1.1558589333680043,-2.585282193097222,-3.480154196089397
1856,18.55,0.0,0.0,0.0,0.0,-1.7778417530879713,-5.281843127714338,-4.066235276428269,-6.326989190353014,1.4118480602507177,-1.2083569613571388,-2.6202050216078567,-3.504001374626367
1857,18.56,0.0,0.0,0.0,0.0,-1.8184860273699415,-5.343818788954437,-4.059962673280057,-6.063702966733828,1.3938663691754365,-1.2614874649675363,-2.6553538341429723,-3.525332761584495
1858,18.57,0.0,0.0,0.0,0.0,-1.8589877271785533,-5.403029414729638,-4.037713821912037,-5.774101416850578,1.3754788150965482,-1.3152241192855056,-2.6907029343820534,-3.544041687551085
1859,18.580000000000002,0.0,0.0,0.0,0.0,-1.8991873184991477,-5.459216382759498,-3.9995776818966746,-5.459187224281026,1.3566876221691957,-1.3695379724895875,-2.726225594658783,-3.560029064260351
1860,18.59,0.0,0.0,0.0,0.0,-1.9389274886088288,-5.512134056897215,-3.945912681789555,-5.120560863533599,1.337496601027715,-1.424397546485223,-2.761894147512938,-3.573206568288386
1861,18.6,0.0,0.0,0.0,0.0,-1.978055920649192,-5.561555910832562,-3.877361231891753,-4.760446411287168,1.317911112820822,-1.4797689971695671,-2.7976801099903894,-3.5834999901833697
1862,18.61,0.0,0.0,0.0,0.0,-2.0164281663504697,-5.607280802784198,-3.7948545474973043,-4.381695290569057,1.2979380049296467,-1.5356163368719098,-2.8335543418015567,-3.590852636433728
1863,18.62,0.0,0.0,0.0,0.0,-2.053910511935286,-5.64913916302697,-3.6996062492222714,-3.987764645467104,1.2775855178989937,-1.5919017193168965,-2.8694872372158904,-3.5952286510916838
1864,18.63,0.0,0.0,0.0,0.0,-2.0903827196961724,-5.686998829702953,-3.593093800319531,-3.5826684469062586,1.256863164229952,-1.648585784931291,-2.905448949161243,-3.59661611000678
1865,18.64,0.0,0.0,0.0,0.0,-2.125740522069149,-5.720770258154771,-3.4770276119526597,-3.1709012452243908,1.2357815808913686,-1.7056280616047228,-2.9414096424960916,-3.595029736085622
1866,18.650000000000002,0.0,0.0,0.0,0.0,-2.159897747706854,-5.750410838425765,-3.3533085345368723,-2.757336562698213,1.2143523586338945,-1.7629874132956107,-2.9773397719295054,-3.5905130907189107
1867,18.66,0.0,0.0,0.0,0.0,-2.192787970829284,-5.7759280861898175,-3.223975367961416,-2.347104043761033,1.19258785234365,-1.8206225263564473,-3.0132103787000974,-3.5831401153605333
1868,18.67,0.0,0.0,0.0,0.0,-2.2243655957558657,-5.797381523424165,-3.091144861278767,-1.9454513993028497,1.1705009776638708,-1.8784924213438419,-3.048993399007713,-3.5730159276682993
1869,18.68,0.0,0.0,0.0,0.0,-2.2546063167005754,-5.814883133284213,-2.956947328489973,-1.5575986421411394,1.14810499985844,-1.9365569765703645,-3.0846619764288046,-3.5602768165836376
1870,18.69,0.0,0.0,0.0,0.0,-2.283506926366869,-5.8285963532124825,-2.8234613941930067,-1.1885929071273187,1.1254133213260933,-1.9947774488917662,-3.1201907702178597,-3.5450894268456135
1871,18.7,0.0,0.0,0.0,0.0,-2.3110844826198442,-5.8387336539802295,-2.692651447609346,-0.843172160320833,1.1024392742609561,-2.0531169772806157,3.1276290556380144,-3.5276491713603852
1872,18.71,0.0,0.0,0.0,0.0,-2.3373748772317344,-5.845552832116053,-2.5663111164494814,-0.5256453163211704,1.0791959246860316,-2.111541055620907,3.0924483268726477,-3.5081779548843186
1873,18.72,0.0,0.0,0.0,0.0,-2.362430881219609,-5.849352211481027,-2.44601550996877,-0.23979480424346453,1.0556958934894713,-2.1700179627853435,3.0574714509047713,-3.486921330261418
1874,18.73,0.0,0.0,0.0,0.0,-2.3863197650253625,-5.85046500059699,-2.3330841993784492,0.011194351123819444,1.0319511992225991,-2.2285191402865285,3.0227149676704586,-3.4641452355716273
1875,18.740000000000002,0.0,0.0,0.0,0.0,-2.409120607026261,-5.849253082019406,-2.228556004641369,0.2247770796989062,1.0079731263530083,-2.2870195104249786,2.9881926704015993,-3.4401324749931455
1876,18.75,0.0,0.0,0.0,0.0,-2.430921409975676,-5.846100517526857,-2.1331757479259754,0.3990627790412818,0.9837721214925409,-2.345497730676523,2.9539154550105224,-3.4151791075511806
1877,18.76,0.0,0.0,0.0,0.0,-2.451816142365157,-5.841407039690663,-2.047392313625323,0.5328040394956661,0.9593577189304985,-2.4039363828485945,2.9198912054004933,-3.3895908973255064
1878,18.77,0.0,0.0,0.0,0.0,-2.471901811650308,-5.835581770071419,-1.9713666969662293,0.6253633120536607,0.9347384956772359,-2.4623220981013345,2.8861247134010157,-3.3636799584211112
1879,18.78,0.0,0.0,0.0,0.0,-2.4912756606601767,-5.829037361766839,-1.9049882706447236,0.6766622015105995,0.9099220552279647,-2.520645621127911,2.8526176308237106,-3.3377617011066625
1880,18.79,0.0,0.0,0.0,0.0,-2.510032559444239,-5.8221847147098496,-1.8478972623716634,0.687118480553123,0.884915038437168,-2.5789018185214045,2.8193684502210137,-3.3121521552656104
1881,18.8,0.0,0.0,0.0,0.0,-2.528262644401109,-5.815428361141356,-1.7995113990531941,0.6575758510269878,0.8597231592727348,-2.6370896375854214,2.7863725103214283,-3.2871657167402466
1882,18.81,0.0,0.0,0.0,0.0,-2.546049236603587,-5.809162570404165,-1.75905479966203,0.5892310281137507,0.8343512628017202,-2.695212022573368,2.753622021804497,-3.2631133338005784
1883,18.82,0.0,0.0,0.0,0.0,-2.56346705319712,-5.8037681798313505,-1.7255874426940099,0.48356201355175815,0.8088034025321265,-2.7532757956163705,2.7211061090310915,-3.2403011266342303
1884,18.830000000000002,0.0,0.0,0.0,0.0,-2.5805807105366023,-5.799610124009332,-1.69803384781683,0.3422605769766012,0.7830829341756017,-2.8112915094866926,2.6888108635172903,-3.2190294134727298
1885,18.84,0.0,0.0,0.0,0.0,-2.59744350581953,-5.797035608910627,-1.6752099519728134,0.16717108566942607,0.7571926229711594,-2.869273278931238,2.656719405277187,-3.199592103091097
1886,18.85,0.0,0.0,0.0,0.0,-2.6140964554601154,-5.796372860203117,-1.6558474934659733,-0.03976300636255274,0.731134761888081,-2.9272385966810814,2.624811948610422,-3.182276404743001
1887,18.86,0.0,0.0,0.0,0.0,-2.630567563126415,-5.797930365665333,-1.638615519242106,-0.2765444250941711,0.7049112982728887,-2.9852081394831087,2.593065869423591,-3.1673628025389178
1888,18.87,0.0,0.0,0.0,0.0,-2.6468712878353524,-5.801996528875401,-1.6221388862837,-0.5411591083068775,0.6785239667904617,-3.043205568681123,2.561455771708002,-3.1551252410400488
1889,18.88,0.0,0.0,0.0,0.0,-2.6630081822720637,-5.808839653822688,-1.6050138317705993,-0.8316054664239484,0.6519744268088031,-3.1012573290528698,2.529953551317914,-3.1458314715506246
1890,18.89,0.0,0.0,0.0,0.0,-2.6789646730487426,-5.818708186445366,-1.5858208386907804,-1.145916658388311,0.6252644026682224,3.123792858343223,2.4985284556750007,-3.139743513396623
1891,18.900000000000002,0.0,0.0,0.0,0.0,-2.694712957445548,-5.831831148076613,-1.5631351284232207,-1.48217687481478,0.5983958255458864,3.065542963998845,2.4671471384529586,-3.1371181906310652
1892,18.91,0.0,0.0,0.0,0.0,-2.7102109948444544,-5.848418706330913,-1.5355351762708027,-1.8385327319318525,0.5713709758629215,3.007144684519834,2.4357737086569107,-3.138207711486459
1893,18.92,0.0,0.0,0.0,0.0,-2.7254025752092685,-5.868662840239917,-1.5016096776624295,-2.213200917984182,0.5441926253790333,2.948562399183005,2.4043697738039715,-3.1432602650306487
1894,18.93,0.0,0.0,0.0,0.0,-2.740217451292778,-5.892738067826387,-1.4599633992269239,-2.604473218948564,0.5168641782744943,2.8897586554057257,2.3728944771312332,-3.1525206165336086
1895,18.94,0.0,0.0,0.0,0.0,-2.7545715255464733,-5.92080221534351,-1.409222336779665,-3.01071999965345,0.4893898106306255,2.830694339538664,2.341304528908041,-3.166230689797037
1896,18.95,0.0,0.0,0.0,0.0,-2.76836708681065,-5.952997217814516,-1.3480385769039085,-3.4303931429466266,0.46177460778995943,2.771328839805432,2.309554232015473,-3.184630131003866
1897,18.96,0.0,0.0,0.0,0.0,-2.7814930956641843,-5.989449950109276,-1.2750952244662708,-3.8620293629107123,0.43402469910659797,2.7116202010869523,2.277595501980355,-3.207956854445092
1898,18.97,0.0,0.0,0.0,0.0,-2.7938255207390146,-6.030273096488613,-1.1891117181656146,-4.3042547141579215,0.4061473895916384,2.6515252712129973,2.2453778816213594,-3.2364475757495983
1899,18.98,0.0,0.0,0.0,0.0,-2.805227731308204,-6.075566074279081,-1.0888498122405688,-4.755791020788912,0.378151287919478,2.5909998383033086,2.212848550383833,-3.2703383429708768
1900,18.990000000000002,0.0,0.0,0.0,0.0,-2.815550954007847,-6.125416034066436,-0.9731204562868668,-5.21546484585981,0.3500464301951927,2.529998758510833,2.1799523283156406,-3.3098650800585894
1901,19.0,0.0,0.0,0.0,0.0,-2.824634803637376,-6.179898964467088,-0.8407917579772494,-5.682219513297383,0.32184439879322874,2.4684760732653723,2.146631674472144,-3.3552641608297122
1902,19.01,0.0,0.0,0.0,0.0,-2.8323078995953628,-6.239080934072164,-0.6907981665966644,-6.155130575461286,0.2935584354700809,2.406385114812349,2.1128266793422705,-3.4067730344768012
1903,19.02,0.0,0.0,0.0,0.0,-2.8383885806599283,-6.303019506437158,-0.5221509703847872,-6.633424985839851,0.26520354783193106,2.343678598497982,2.078475050666051,-3.4646309257772296
1904,19.03,0.0,0.0,0.0,0.0,-2.8426857315455636,-6.371765365830411,-0.33395016022656626,-7.116504081077029,0.23679660810682232,2.280308699882192,2.04351209177537,-3.5290796342848476
1905,19.04,0.0,0.0,0.0,0.0,-2.8449997350236536,-6.445364191597533,-0.12539768005978247,-7.603970291366973,0.20835644303515594,2.2162271143823467,2.0078706713471925,-3.6003644565738795
1906,19.05,0.0,0.0,0.0,0.0,-2.8451235634918697,-6.523858817101871,0.1041879339244023,-8.095657272753414,0.1799039135531371,2.1513850967786374,1.9714811832255001,-3.6787352536100015
1907,19.06,0.0,0.0,0.0,0.0,-2.8428440238939885,-6.607291704788747,0.35535551959201894,-8.59166287522534,0.15146198280553463,2.0857334775734073,1.9342714947678707,-3.764447680894759
1908,19.07,0.0,0.0,0.0,0.0,-2.8379431700989666,-6.6957077613693965,0.6285038183032317,-9.092384007982469,0.1230557708837439,2.019222652914686,1.8961668820309405,-3.85776459127043
1909,19.080000000000002,0.0,0.0,0.0,0.0,-2.8301998976490967,-6.789157505569656,0.9238624400788807,-9.598552011362482,0.0947125945413761,1.951802544609632,1.8570899500682578,-3.958957607920559
1910,19.09,0.0,0.0,0.0,0.0,-2.8193917377625373,-6.887700584172672,1.241470983295646,-10.111266555578377,0.06646198998134749,1.8834225267065192,1.8169605367251698,-4.068308846410135
1911,19.1,0.0,0.0,0.0,0.0,-2.8052968714434696,-6.991409608562948,1.5811557777963035,-10.63202530391186,0.03833571662217366,1.8140313152784924,1.7756955986563205,-4.186112737119478
1912,19.11,0.0,0.0,0.0,0.0,-2.787696391647194,-7.100374251341372,1.942503338105075,-11.16274552092543,0.010367739510365006,1.7435768184747122,1.7332090789643473,-4.312677859694178
1913,19.12,0.0,0.0,0.0,0.0,-2.766376853218203,-7.2147054975255696,2.3248290511370917,-11.705772355925818,-0.01740581228817057,1.67200594472103,1.6894117570092007,-4.448328644307367
1914,19.13,0.0,0.0,0.0,0.0,-2.7411331688690925,-7.334539882634799,2.727138817379635,-12.263866517047617,-0.04494671446750283,1.5992643683030014,1.6442110827705043,-4.593406713765707
1915,19.14,0.0,0.0,0.0,0.0,-2.7117719376210925,-7.460043463797721,3.1480802335847766,-12.840161228287803,-0.0722147472962162,1.5252962536466381,1.5975110009428526,-4.748271526176628
1916,19.150000000000002,0.0,0.0,0.0,0.0,-2.678115333650061,-7.591415150214427,3.585878342125321,-13.438074390599272,-0.09916783138972235,1.4500439427185665,1.5492117741082871,-4.913299816564367
1917,19.16,0.0,0.0,0.0,0.0,-2.640005743337369,-7.728888852183634,4.038248843825422,-14.06115628747854,-0.1257622059244769,1.3734476144915615,1.4992098204160385,-5.088883108846265
1918,19.17,0.0,0.0,0.0,0.0,-2.5973114229453587,-7.872733674484652,4.502278818523062,-14.71284538477597,-0.15195265805521127,1.2954449319324308,1.4473975899876421,-5.275422251539293
1919,19.18,0.0,0.0,0.0,0.0,-2.5499335668101915,-8.023251054526886,4.974261252358996,-15.396094043746809,-0.17769281557667277,1.21597070124884,1.393663516825513,-5.473317487716695
1920,19.19,0.0,0.0,0.0,0.0,-2.4978153359212083,-8.180767295034327,5.449464900561647,-16.112811518373544,-0.2029355195307629,1.1349565812594815,1.3378921007902427,-5.682951959113119
1921,19.2,0.0,0.0,0.0,0.0,-2.44095360961108,-8.345619324710427,5.921815233339283,-16.863052864495515,-0.22763329997422005,1.0523308991812546,1.2799641991554729,-5.9046657150993465
1922,19.21,0.0,0.0,0.0,0.0,-2.3794144974066787,-8.518130695390273,6.383455816657055,-17.643859558079342,-0.2517389870681792,0.968018654725513,1.2197576417936922,-6.1387161979835945
1923,19.22,0.0,0.0,0.0,0.0,-2.3133539847949156,-8.698573758505892,6.824153716470559,-18.447632949347792,-0.2752065016563416,0.8819418294350829,1.1571483310914246,-6.385219773710977
1924,19.23,0.0,0.0,0.0,0.0,-2.2430454665057287,-8.887112667326635,7.230510354050198,-19.259901898065518,-0.29799188511782176,0.7940201650807925,1.0920120501986126,-6.644067200820906
1925,19.240000000000002,0.0,0.0,0.0,0.0,-2.1689162804615143,-9.083720441416945,7.584946868527557,-20.05634665242416,-0.32005464767747455,0.704172635529845,1.0242272832073176,-6.9148041609554305
1926,19.25,0.0,0.0,0.0,0.0,-2.0915955441714527,-9.288062151919352,7.864462152129031,-20.79899381902703,-0.3413595366741755,0.6123199104616339,0.9536794471358092,-7.196466607747899
1927,19.26,0.0,0.0,0.0,0.0,-2.0119753062915504,-9.499336120828847,8.039232311606863,-21.431659084650345,-0.3618788484478705,0.5183881908975514,0.8802670393454199,-7.487360814537297
1928,19.27,0.0,0.0,0.0,0.0,-1.9312857029552848,-9.716067385671693,8.071262265533274,-21.87507500963743,-0.38159542220078135,0.42231486879420765,0.8039102909949888,-7.784781682716408
1929,19.28,0.0,0.0,0.0,0.0,-1.8511815618445873,-9.935855112740406,7.913548397259365,-22.02281432308098,-0.4005064469196457,0.3240564888840905,0.7245629358037363,-8.084673550895818
1930,19.29,0.0,0.0,0.0,0.0,-1.7738315473102635,-10.155091737903675,7.510582540532662,-21.740182410564923,-0.41862815822124716,0.22359940249614974,0.6422275607173952,-8.38126019059341
1931,19.3,0.0,0.0,0.0,0.0,-1.701990454477351,-10.3686999306665,6.801462117005085,-20.869582040654475,-0.43600136411025886,0.12097319478267587,0.556974558892933,-8.66670947618915
1932,19.31,0.0,0.0,0.0,0.0,-1.6390210068580588,-10.569974090556283,5.727129062715811,-19.246815972509104,-0.4526974755950372,0.016266310760746253,0.46896378635578345,-8.930953083698224
1933,19.32,0.0,0.0,0.0,0.0,-1.5888175907927096,-10.750655801205996,4.242827121444397,-16.731936327687023,-0.4688243084295904,-0.09035778226589619,0.3784665261636925,-9.161838210413286
1934,19.330000000000002,0.0,0.0,0.0,0.0,-1.5555810910637713,-10.901389227805485,2.335065505583909,-13.25355055888411,-0.4845304152139067,-0.19864697457124567,0.28588344064266097,-9.345808136741713
1935,19.34,0.0,0.0,0.0,0.0,-1.5434169531759796,-11.012647993186203,0.038991348384772355,-8.856111546978566,-0.5000062853230136,-0.3082537805789856,0.1917525047440279,-9.469231040010223
1936,19.35,0.0,0.0,0.0,0.0,-1.5557886070462004,-11.07606574012147,-2.5515438651819964,-3.7292534577549206,-0.5154807413345471,-0.41874004233351647,0.09674069900103252,-9.52027713307527
1937,19.36,0.0,0.0,0.0,0.0,-1.5949424304626172,-11.085870753465215,-5.289481601387567,1.8039321653372504,-0.5312115977493455,-0.5295958007976745,0.0016157969516690928,-9.4909283230026
1938,19.37,0.0,0.0,0.0,0.0,-1.6614808706746012,-11.039953024637276,-7.998378939645348,7.347919292393802,-0.5474711576274482,-0.6402710857641327,-0.0927999281366844,-9.378472153962674
1939,19.38,0.0,0.0,0.0,0.0,-1.7542399782828035,-10.940143085499416,-10.50748509111238,12.525921700488409,-0.5645288689616215,-0.7502146858840947,-0.1856858169224715,-9.185903107216612
1940,19.39,0.0,0.0,0.0,0.0,-1.8705160568655042,-10.791587606358341,-12.683992640159216,17.0625091741171,-0.5826345255942722,-0.8589111194644219,-0.27627659387014986,-8.921071549492837
1941,19.400000000000002,0.0,0.0,0.0,0.0,-2.0065469653159007,-10.601487989821333,-14.450337619018741,20.82473109914994,-0.6020051323328518,-0.96590783101898,-0.3639026986861282,-8.594941024505433
1942,19.41,0.0,0.0,0.0,0.0,-2.1580747770719,-10.377677129575655,-15.783520031916947,23.814550712216484,-0.6228171394532498,-1.0708285595494957,-0.4480114200962461,-8.219602352503756
1943,19.42,0.0,0.0,0.0,0.0,-2.32083284887103,-10.127451869222648,-16.70204096532827,26.129225773848532,-0.6452040288771115,-1.1733734861632557,-0.5281694572861462,-7.806619020351619
1944,19.43,0.0,0.0,0.0,0.0,-2.4908760282918734,-9.856861168313028,-17.24892780190152,27.91346454038348,-0.6692580193090651,-1.273309916231716,-0.604051896922651,-7.365985140021154
1945,19.44,0.0,0.0,0.0,0.0,-2.66474924832712,-9.570438989947542,-17.47711359283664,29.3202005594294,-0.6950342458256116,-1.3704581384194996,-0.67542389259389,-6.905689741620423
1946,19.45,0.0,0.0,0.0,0.0,-2.8395335944808715,-9.271257228297792,-17.439694362233755,30.486041256656655,-0.7225559721902796,-1.4646763348716463,-0.7421203626813685,-6.431723633816921
1947,19.46,0.0,0.0,0.0,0.0,-3.0128191882965547,-8.961154837288888,-17.184861435342903,31.519981014527698,-0.7518198590082306,-1.5558470121100698,-0.8040271531018411,-5.948335648992333
1948,19.47,0.0,0.0,0.0,0.0,-3.1826452979868476,-8.641030933306295,-16.754161481182457,32.50113750111967,-0.7828007691419887,-1.6438661182406507,-0.8610653490986621,-5.4583856353194475
1949,19.48,0.0,0.0,0.0,0.0,-3.347433648362949,-8.31113299659961,-16.182664144929987,33.48139993494835,-0.8154559243408647,-1.7286351076096893,-0.9131791832688227,-4.963699348236661
1950,19.490000000000002,0.0,0.0,0.0,0.0,-3.5059283623616913,-7.971306642210716,-15.499981049972469,34.49009584964673,-0.8497284210336508,-1.8100557121496323,-0.9603272911159798,-4.465378279849025
1951,19.5,0.0,0.0,0.0,0.0,-3.657147521735212,-7.621195985718656,-14.731493627438697,35.539013715147085,-0.8855502018908789,-1.8880269663821196,-1.0024767644912407,-3.964048463983444
1952,19.51,0.0,0.0,0.0,0.0,-3.800346587417908,-7.260395547666262,-13.89946252382137,36.62699391732586,-0.9228446032773061,-1.9624439901811699,-1.0395993869038653,-3.4600489602483537
1953,19.52,0.0,0.0,0.0,0.0,-3.9349917281094475,-6.888559693254619,-13.023889643816357,37.74381212263598,-0.9615285885085546,-2.0331980723640855,-1.071669483855529,-2.9535679651451714
1954,19.53,0.0,0.0,0.0,0.0,-4.06074041934922,-6.505476929925282,-12.123112410399756,38.87333240944629,-1.0015147529761557,-2.100177666886721,-1.098662913910565,-2.444736510576062
1955,19.54,0.0,0.0,0.0,0.0,-4.177426763193992,-6.111116014609151,-11.214161023006396,39.996008917908874,-1.0427131608398503,-2.1632699856356425,-1.1205568247957904,-1.9336892514151591
1956,19.55,0.0,0.0,0.0,0.0,-4.285049398318022,-5.705649872737578,-10.312927968917428,41.090838792801726,-1.0850330494325386,-2.22236293678135,-1.1373298873488116,-1.4206004744195564
1957,19.56,0.0,0.0,0.0,0.0,-4.383760379418654,-5.289462334789539,-9.434200406398595,42.13685971151676,-1.128384418754542,-2.277347212615772,-1.1489627938612292,-0.9057019553708843
1958,19.57,0.0,0.0,0.0,0.0,-4.473853881490765,-4.863141862497629,-8.591599286181596,43.11426466809297,-1.17267950966322,-2.3281183765164912,-1.155438866853273,-0.3892879810068637
1959,19.580000000000002,0.0,0.0,0.0,0.0,-4.555753974640278,-4.427465821392493,-7.797459090714792,44.00518457559162,-1.217834164952435,-2.3745788371384635,-1.1567446721860284,0.12828815324778464
1960,19.59,0.0,0.0,0.0,0.0,-4.630001000309187,-3.9833784551509765,-7.062671359444386,44.79416868391445,-1.2637690614891226,-2.4166396313245273,-1.1528705698354065,0.6466225451582108
1961,19.6,0.0,0.0,0.0,0.0,-4.6972362594919,-3.531965512958595,-6.396504896380161,45.46837388018283,-1.31041079786652,-2.454221967600722,-1.1438111697342022,1.165270746533305
1962,19.61,0.0,0.0,0.0,0.0,-4.758184804471405,-3.0744284613719586,-5.80640608924299,46.01745580703842,-1.3576928196229168,-2.4872585113848644,-1.1295656917619459,1.6837563430994464
1963,19.62,0.0,0.0,0.0,0.0,-4.8136361155855045,-2.6120613731593902,-5.297773998607099,46.43313662603957,-1.405556162013633,-2.5156944230061655,-1.1101382609925343,2.2015747424261143
1964,19.63,0.0,0.0,0.0,0.0,-4.864422348964026,-2.146233928850854,-4.873696480432773,46.70840593740471,-1.4539499877300943,-2.53948819212131,-1.0855382043912156,2.718188420113172
1965,19.64,0.0,0.0,0.0,0.0,-4.911393662503226,-1.678384491710176,-4.534625373250107,46.836293563333875,-1.5028318929954998,-2.5586123489471704,-1.0557804559516688,3.23300917079305
1966,19.650000000000002,0.0,0.0,0.0,0.0,-4.955389868255913,-1.2100279081646899,-4.277961071162848,46.808138064395806,-1.552167949306884,-2.5730541756698657,-1.0208862263629819,3.745361960091223
1967,19.66,0.0,0.0,0.0,0.0,-4.997207331918394,-0.7427834882286637,-4.097511264150488,46.611268855985685,-1.6019324389846825,-2.5828165918736006,-0.9808841528889181,4.25442384368973
1968,19.67,0.0,0.0,0.0,0.0,-5.037559683529987,-0.2784293909110261,-3.9827893045810843,46.22603506081544,-1.6521072301085442,-2.587919446357587,-0.9358122162490431,4.759130292618961
1969,19.68,0.0,0.0,0.0,0.0,-5.07703061621677,0.18100994273741186,-3.918132622002335,45.622174834398194,-1.7026807204980314,-2.58840151255326,-0.8857207920552305,5.258040558954182
1970,19.69,0.0,0.0,0.0,0.0,-5.1160170393350155,0.6331372478882576,-3.88166496531256,44.75466703654921,-1.7536462627519973,-2.584323549507394,-0.8306772867553952,5.7491542872232735
1971,19.7,0.0,0.0,0.0,0.0,-5.1546615042620285,1.0750134868693055,-3.844219576106822,43.55950788015416,-1.8049999675047395,-2.5757728397015556,-0.7707728721968147,6.2296749911313345
1972,19.71,0.0,0.0,0.0,0.0,-5.192774767386115,1.5029500643695524,-3.768510419169425,41.95038947542921,-1.856737779555624,-2.56286961806468,-0.706131838509058,6.695724831755667
1973,19.72,0.0,0.0,0.0,0.0,-5.229753472900655,1.9122794218594423,-3.609103957545301,39.81808016819835,-1.9088517485532228,-2.5457757094571876,-0.6369239609039631,7.1420328947600975
1974,19.73,0.0,0.0,0.0,0.0,-5.26450511392747,2.297144299710056,-3.3140791828289737,37.035334455044236,-1.9613254988309392,-2.5247054129437374,-0.5633799141128002,7.561649413637526
1975,19.740000000000002,0.0,0.0,0.0,0.0,-5.2954028044299895,2.650378734229967,-2.829531253215654,33.47095741398059,-2.014129074219585,-2.499938111018237,-0.48580903679865206,7.945781538659956
1976,19.75,0.0,0.0,0.0,0.0,-5.320303835704185,2.963589447705111,-2.1079475692015355,29.01618640251823,-2.0672136172565003,-2.4718311694404833,-0.40461755218398493,8.283893283409295
1977,19.76,0.0,0.0,0.0,0.0,-5.3366721552644,3.227564555439677,-1.1204700352021,23.623280676856027,-2.12050672123307,-2.440830488148207,-0.32032376691513703,8.564236710704076
1978,19.77,0.0,0.0,0.0,0.0,-5.341834850897156,3.433102963230476,0.1291798894032822,17.349096666652393,-2.1739096632608503,-2.4074749029798483,-0.23356523971899815,8.774937814127632
1979,19.78,0.0,0.0,0.0,0.0,-5.333365933771298,3.572239604266947,1.594233835414633,10.387282282592642,-2.2272978675259103,-2.372390219266498,-0.14509235174058613,8.905605538038245
1980,19.79,0.0,0.0,0.0,0.0,-5.309529627177462,3.639647172985518,3.1844955230069605,3.0680543474927244,-2.2805255879074013,-2.3362698406325166,-0.055744252725115455,8.94917680016298
1981,19.8,0.0,0.0,0.0,0.0,-5.269657504943108,3.633812146694273,4.780170555778146,-4.187377175577844,-2.3334348109895546,-2.299842131702887,0.033592679286667274,8.903469651637382
1982,19.81,0.0,0.0,0.0,0.0,-5.214324038486151,3.5575540379083908,6.257236946256163,-10.948987366864538,-2.385867018465972,-2.2638290001863752,0.12203801827959711,8.771878076394541
1983,19.82,0.0,0.0,0.0,0.0,-5.1452489996043695,3.4176626027521393,7.514747896237081,-16.865913925103847,-2.4376753553103017,-2.22890364864149,0.20877170666881356,8.56291160235651
1984,19.830000000000002,0.0,0.0,0.0,0.0,-5.064964342523444,3.2237769868934185,8.493091275327005,-21.725173451770377,-2.488734569133477,-2.195655987869961,0.29307858126351577,8.288741329416862
1985,19.84,0.0,0.0,0.0,0.0,-4.97636990909642,2.986907546700902,9.17772803728311,-25.46365846642445,-2.5389469417002437,-2.1645714339495457,0.3743755077506997,7.963277455797322
1986,19.85,0.0,0.0,0.0,0.0,-4.882317736823926,2.718050003806439,9.590626916950013,-28.14053313684323,-2.588243818144437,-2.1360243547691966,0.4522194633752406,7.6003677406303645
1987,19.86,0.0,0.0,0.0,0.0,-4.7853165428659254,2.427187252297347,9.77599036096507,-29.89113489323267,-2.636583532591822,-2.1102835907521027,0.5262999418397178,7.212503795163272
1988,19.87,0.0,0.0,0.0,0.0,-4.687380510199764,2.1227581442650174,9.78649552866407,-30.882334401107283,-2.6839471043546768,-2.0875256106906037,0.5964214936640752,6.810138654464781
1989,19.88,0.0,0.0,0.0,0.0,-4.589997877874205,1.8115163855418956,9.673384398947068,-31.28010370203579,-2.7303330530014156,-2.067850927734965,0.6624821252664511,6.4015142634161
1990,19.89,0.0,0.0,0.0,0.0,-4.494176211312592,1.4986421476713967,9.48096210424403,-31.2311787625203,-2.7757523194130913,-2.0513005455908258,0.7244517738222677,5.992818358983989
1991,19.900000000000002,0.0,0.0,0.0,0.0,-4.400524308828988,1.1879779565025406,9.244555133384221,-30.855860209794297,-2.8202238515374876,-2.037870574483206,0.7823532770542813,5.588502265331528
1992,19.91,0.0,0.0,0.0,0.0,-4.3093427529028725,0.8822983729559536,8.99061321947534,-30.247783271022303,-2.863771070296905,-2.0275242612121915,0.8362468090847137,5.191641125858826
1993,19.92,0.0,0.0,0.0,0.0,-4.220707429271705,0.5835621366495317,8.73786340036055,-29.477172957642672,-2.906419214623088,-2.02020138102793,0.8862178335951583,4.804269565921237
1994,19.93,0.0,0.0,0.0,0.0,-4.134539356334557,0.29312433989730924,8.498805994312628,-28.595298079301124,-2.948193456091127,-2.0158252979061815,0.9323681581849433,4.427663696231866
1995,19.94,0.0,0.0,0.0,0.0,-4.050659549557589,0.011903618463811456,8.281169340425809,-27.638874303694717,-2.9891176366843974,-2.0143081284069937,0.9748095082774036,4.0625631680214
1996,19.95,0.0,0.0,0.0,0.0,-3.9688302969279126,-0.259491921868973,8.089158035975043,-26.633862607642094,-3.0292134855410366,-2.0155544449729903,1.0136590405680443,3.7093383750589397
1997,19.96,0.0,0.0,0.0,0.0,-3.88878519391556,-0.5206729808185987,7.924452135761821,-25.59850607571224,-3.0685001901792766,-2.0194638973118146,1.0490362928674635,3.3681122130969614
1998,19.97,0.0,0.0,0.0,0.0,-3.810250377165245,-0.771404007272664,7.78697356337344,-24.545641813803577,-3.1069942221268447,-2.025933055910605,1.081061166216238,3.038846369892581
1999,19.98,0.0,0.0,0.0,0.0,-3.732959102056711,-1.01155809465291,7.675457960671935,-23.484400702799707,3.1384759671936533,-2.0348567098442403,1.1098526301416924,2.7214010074038013
2000,19.990000000000002,0.0,0.0,0.0,0.0,-3.656661399938038,-1.241086349659643,7.587873603132045,-22.421423251687095,3.1015285947819575,-2.046128789935095,1.1355279224625334,2.4155750502783953
2001,20.0,0.0,0.0,0.0,0.0,-3.5811301536683597,-1.459997495499675,7.5217244394705,-21.361708566245383,3.065340188474812,-2.0596430398290466,1.1582020788757255,2.1211326581686847
2002,20.01,0.0,0.0,0.0,0.0,-3.506164594002742,-1.6683445422691814,7.474267287216999,-20.309193123634767,3.0299041104205195,-2.075293520690606,1.1779876760684622,1.8378200517335608
2003,20.02,0.0,0.0,0.0,0.0,-3.4315919543973026,-1.8662162174023729,7.442666271498234,-19.267134972320807,2.9952155912186034,-2.0929750080232226,1.19499470793776,1.5653757369949297
2004,20.03,0.0,0.0,0.0,0.0,-3.3572678214541827,-2.0537315101605174,7.4241016987776725,-18.23836050975093,2.961271447233186,-2.1125833195092896,1.2093305404371086,1.3035363112936653
2005,20.04,0.0,0.0,0.0,0.0,-3.283075570527367,-2.2310361779517343,7.415845920137848,-17.225416043817933,2.9280697992514253,-2.1340155988973906,1.2210999090307701,1.0520393925756326
2006,20.05,0.0,0.0,0.0,0.0,-3.208925168781885,-2.398300423866454,7.415315249743069,-16.230654775082268,2.895609800147986,-2.15717057134693,1.2304049356846682,0.8106247449154314
2007,20.06,0.0,0.0,0.0,0.0,-3.1347515507997463,-2.555717215484015,7.420104449954196,-15.256281124497942,2.8638913768016647,-2.1819487791097445,1.2373451512681768,0.5790343353157312
2008,20.07,0.0,0.0,0.0,0.0,-3.0605127164149892,-2.7035009003885553,7.428008455867172,-14.304367889278614,2.8329149897509613,-2.2082528021097887,1.242017515318836,0.35701181602643395
2009,20.080000000000002,0.0,0.0,0.0,0.0,-2.986187660661892,-2.8418859038973743,7.43703470090145,-13.376857009149385,2.8026814127892377,-2.235987465225462,1.2445164291648865,0.14430175676451773
2010,20.09,0.0,0.0,0.0,0.0,-2.9117742170235896,-2.971125384433078,7.44540847399764,-12.47555133262986,2.773191533751828,-2.265060032412491,1.2449337410152672,-0.059351167409488426
2011,20.1,0.0,0.0,0.0,0.0,-2.8372868743561765,-3.0914897830550743,7.4515730780704015,-11.602102348459264,2.744446177045614,-2.295380386884928,1.243358743249044,-0.2542029086988977
2012,20.11,0.0,0.0,0.0,0.0,-2.762754612649779,-3.2032652442373926,7.454186089317446,-10.757997131391827,2.7164459479477623,-2.3268611961541326,1.2398781630776916,-0.4405106315876135
2013,20.12,0.0,0.0,0.0,0.0,-2.68821879156097,-3.306751911101662,7.452112681794171,-9.944546549380947,2.6891910983072838,-2.359418060637472,1.23457614823483,-0.6185331195406918
2014,20.13,0.0,0.0,0.0,0.0,-2.613731117272592,-3.4022621143566156,7.444416742171423,-9.162875945630548,2.6626814129882033,-2.392969644667039,1.2275342495243435,-0.7885309970840235
2015,20.14,0.0,0.0,0.0,0.0,-2.539351706889796,-3.490118483292058,7.430350328457661,-8.413918937184782,2.6369161161700854,-2.4274377889723042,1.2188314020371969,-0.9507667764022623
2016,20.150000000000002,0.0,0.0,0.0,0.0,-2.465147264689653,-3.5706520115230225,7.409341904419709,-7.698414583812852,2.611893796455665,-2.462747604018175,1.2085439067057464,-1.1055047468333696
2017,20.16,0.0,0.0,0.0,0.0,-2.391189380681414,-3.6442001113309517,7.380983694669585,-7.0169079208021925,2.587612349611675,-2.49882754391558,1.1967454136523308,-1.2530107306495375
2018,20.17,0.0,0.0,0.0,0.0,-2.3175529588112536,-3.7111046894632804,7.345018443778049,-6.3697536772813015,2.564068937680798,-2.535609460956215,1.183506908542573,-1.3935517306520269
2019,20.18,0.0,0.0,0.0,0.0,-2.2443147795438265,-3.7717102748705065,7.3013258187571175,-5.757122890259547,2.5412599631427364,-2.5730286411407577,1.1688967028960924,-1.52739549532668
2020,20.19,0.0,0.0,0.0,0.0,-2.171552199327369,-3.8263622255855796,7.249908662081576,-5.179012054944705,2.51918105676619,-2.611023821359153,1.152980429054243,-1.6548100262582106
2021,20.2,0.0,0.0,0.0,0.0,-2.0993419875069277,-3.8754050381327128,7.190879277744363,-4.635254411590496,2.4978270777787768,-2.649537189134405,1.1358210402664042,-1.776063050625785
2022,20.21,0.0,0.0,0.0,0.0,-2.0277592995282765,-3.919180778745301,7.124445912422005,-4.125532949839717,2.4771921249846334,-2.6885143660553568,1.1174788161395959,-1.8914214792170245
2023,20.22,0.0,0.0,0.0,0.0,-1.9568767837491978,-3.958027651451428,7.050899575351888,-3.649394707868165,2.4572695574792154,-2.7279043761949837,1.098011373505387,-2.00115086770223
2024,20.23,0.0,0.0,0.0,0.0,-1.88676381782738,-3.9922787138920275,6.9706013224518095,-3.2062659518418934,2.4380520236441443,-2.7676596009411143,1.0774736825943279,-2.1055148960646477
2025,20.240000000000002,0.0,0.0,0.0,0.0,-1.8174858694926312,-4.022260747671291,6.883970111654477,-2.7954678386292007,2.419531497151582,-2.807735721753707,1.0559180882742971,-2.20477487817866
2026,20.25,0.0,0.0,0.0,0.0,-1.7491039755363142,-4.048293286186443,6.791471317008729,-2.4162321891797727,2.4016993187642517,-2.848091652412292,1.0333943360030424,-2.2991893106501284
2027,20.26,0.0,0.0,0.0,0.0,-1.6816743320769394,-4.070687799302458,6.693605968844327,-2.067717029679495,2.384546242783135,-2.888689462327824,1.0099496020686274,-2.389013467225519
2028,20.27,0.0,0.0,0.0,0.0,-1.6152479885915316,-4.089747030972333,6.590900766513932,-1.7490215908113331,2.3680624870672955,-2.9294942924704004,0.9856285276418901,-2.4744990423808018
2029,20.28,0.0,0.0,0.0,0.0,-1.5498706378407232,-4.105764482982068,6.48389888940219,-1.4592004906656517,2.352237785627204,-2.970474265410813,0.9604732561415694,-2.555893845141345
2030,20.29,0.0,0.0,0.0,0.0,-1.4855824936620734,-4.119024035433808,6.373151611612686,-1.1972768627000139,2.3370614428728524,-3.0116003908917777,0.9345234734149562,-2.633441541771735
2031,20.3,0.0,0.0,0.0,0.0,-1.422418248647385,-4.129799692372568,6.259210706609245,-0.9622542254980282,2.3225223886778474,-3.052846468240459,0.90781645026128,-2.7073814437251835
2032,20.31,0.0,0.0,0.0,0.0,-1.3604071039471834,-4.138355439100654,6.142621610693033,-0.7531269251171349,2.308609233499852,-3.0941889868073233,0.8803870868724111,-2.7779483351534706
2033,20.32,0.0,0.0,0.0,0.0,-1.2995728638329693,-4.144945196194887,6.023917299068107,-0.5688890130532315,2.295310322873193,-3.1356070254749384,0.8522679588314552,-2.8453723323619178
2034,20.330000000000002,0.0,0.0,0.0,0.0,-1.2399340881761145,-4.149812854025165,5.9036128158739265,-0.4085414532450917,2.2826137906608652,3.1061031550564606,0.8234893643955956,-2.909878765849051
2035,20.34,0.0,0.0,0.0,0.0,-1.181504296636065,-4.15319237065286,5.782200390356038,-0.27109758044652055,2.2705076105182878,3.0645869834086326,0.794079372890345,-2.9716880740167952
2036,20.35,0.0,0.0,0.0,0.0,-1.124292219060977,-4.155307915351956,5.66014506569077,-0.15558676053227866,2.2589796450798234,3.0230435192388057,0.7640638741589826,-3.0310156962909787
2037,20.36,0.0,0.0,0.0,0.0,-1.0683020873509157,-4.156374039644468,5.537880765218114,-0.06105623210146648,2.2480176924304063,2.9814843215694906,0.7334666291390847,-3.088071952293552
2038,20.37,0.0,0.0,0.0,0.0,-1.0135339647768498,-4.156595857687592,5.415806723294787,0.013428860296322974,2.237609529468135,2.9399188512438186,0.702309321775684,-3.1430618929107426
2039,20.38,0.0,0.0,0.0,0.0,-0.9599841094466379,-4.156169218124146,5.29428421497201,0.06878719595555381,2.2277429518005194,2.8983545644256536,0.6706116126251346,-3.1961851086775077
2040,20.39,0.0,0.0,0.0,0.0,-0.9076453692110193,-4.155280850161246,5.173633530498045,0.10592468432718735,2.2184058098467796,2.8567970044958613,0.638391194649082,-3.247635480950226
2041,20.400000000000002,0.0,0.0,0.0,0.0,-0.8565076057640055,-4.154108467746077,5.054131157465345,0.12573941205069789,2.2095860408434165,2.815249892684649,0.6056638518412327,-3.2976008619820716
2042,20.41,0.0,0.0,0.0,0.0,-0.8065581459574357,-4.152820817352604,4.936007155339691,0.12912793574051232,2.20127169647109,2.7737152179327764,0.572443521461687,-3.3462626713951686
2043,20.42,0.0,0.0,0.0,0.0,-0.7577822583723498,-4.151577657184047,4.819442733990472,0.11699265543408546,2.1934509658403565,2.732193326608781,0.5387423607684249,-3.3937953988116973
2044,20.43,0.0,0.0,0.0,0.0,-0.7101636529202402,-4.150529658643549,4.704568079196731,0.09024992251932983,2.1861121935945222,2.6906830128168564,0.5045708192223346,-3.440366005723309
2045,20.44,0.0,0.0,0.0,0.0,-0.6636850006450222,-4.149818224832976,4.5914605029442725,0.04983844549392602,2.179243892912724,2.6491816101022194,0.46993771718949595,-3.4861332241879537
2046,20.45,0.0,0.0,0.0,0.0,-0.6183284699366204,-4.149575225684334,4.480143033008058,-0.0032725392003673266,2.1728347532293215,2.607685085390466,0.4348503321611446,-3.5312467557477136
2047,20.46,0.0,0.0,0.0,0.0,-0.5740762740390734,-4.149922655136695,4.370583592348574,-0.06807595937859078,2.1668736425297235,2.5661881359723764,0.3993144934426532,-3.5758463810976218
2048,20.47,0.0,0.0,0.0,0.0,-0.5309112230668346,-4.15097222249165,4.262694950843877,-0.1435211756076475,2.1613496041421856,2.524684290259431,0.3633346861172456,-3.620060999424816
2049,20.48,0.0,0.0,0.0,0.0,-0.4888172717896865,-4.152824897549688,4.156335655470899,-0.2285106016118734,2.1562518480224186,2.483166012876205,0.3269141648537868,-3.6640076257600014
2050,20.490000000000002,0.0,0.0,0.0,0.0,-0.4477800523227044,-4.15557043704593,4.051312155103978,-0.3218994764375379,2.1515697366258957,2.441624814421425,0.29005507779552964,-3.707790384723226
2051,20.5,0.0,0.0,0.0,0.0,-0.4077873787222262,-4.159286927800886,3.947382327031783,-0.42249955734895256,2.1472927655820238,2.400051365913599,0.25275860033157543,-3.7514995490786593
2052,20.51,0.0,0.0,0.0,0.0,-0.36882970856360425,-4.1640403892443185,3.84426057875629,-0.5290873997190824,2.1434105395243153,2.3584356175465344,0.21502507802221946,-3.7952106806807144
2053,20.52,0.0,0.0,0.0,0.0,-0.33090054512685096,-4.1698844837675395,3.741624636406256,-0.6404177020122058,2.1399127435877014,2.316766920922811,0.17685417733510964,-3.8389839386406885
2054,20.53,0.0,0.0,0.0,0.0,-0.2939967631412325,-4.1768603868149885,3.6391240382548498,-0.755241913370752,2.1367891112519617,2.2750341534287,0.13824504217673877,-3.882863623673756
2055,20.54,0.0,0.0,0.0,0.0,-0.2581188414425386,-4.184996868822947,3.5363902300067216,-0.872331931896161,2.134029389379802,2.2332258428916005,0.0991964535117987,-3.9268780273804085
2056,20.55,0.0,0.0,0.0,0.0,-0.22327098763704314,-4.1943106372388845,3.433048013967812,-0.9905082810587231,2.1316233014570445,2.191330290154754,0.059706988697709594,-3.9710396496018414
2057,20.56,0.0,0.0,0.0,0.0,-0.18946114312155377,-4.204806978350854,3.3287279484403456,-1.1086716733990662,2.129560510176476,2.149335686761192,0.019775176584716572,-4.015345835229301
2058,20.57,0.0,0.0,0.0,0.0,-0.15670086160955712,-4.216480725380857,3.2230791431910997,-1.2258364039296792,2.127830580600656,2.10723022460308,-0.020600355997575523,-4.0597798637713005
2059,20.580000000000002,0.0,0.0,0.0,0.0,-0.1250050605111985,-4.229317561659825,3.115781771776665,-1.3411636210361246,2.1264229451775742,2.065002194213912,-0.06142075096366211,-4.104312501148627
2060,20.59,0.0,0.0,0.0,0.0,-0.09439165174580973,-4.243295646750189,3.0065585430757524,-1.4539922646467711,2.125326871854008,2.0226400683946166,-0.10268680345939102,-4.148903995004379
2061,20.6,0.0,0.0,0.0,0.0,-0.06488106626890465,-4.25838753077775,2.895184361290385,-1.563865397348914,2.1245314364272945,1.9801325680989748,-0.14439886832831944,-4.193506464508845
2062,20.61,0.0,0.0,0.0,0.0,-0.03649569404783364,-4.274562300129232,2.7814934681606633,-1.6705498221376325,2.1240255000955743,1.937468707963079,-0.18655679213249524,-4.238066606081398
2063,20.62,0.0,0.0,0.0,0.0,-0.009259267625292986,-4.29178787845598,2.6653835054477844,-1.7740472887415852,2.1237976929160185,1.8946378195309366,-0.22915987338508187,-4.2825286108306875
2064,20.63,0.0,0.0,0.0,0.0,0.01680377799089608,-4.3100333928895616,2.546816150125296,-1.8745962107247822,2.1238364035743453,1.851629551065146,-0.2722068525091991,-4.326837170880458
2065,20.64,0.0,0.0,0.0,0.0,0.041668934184093516,-4.329271508349575,2.4258142376165748,-1.972663583655529,2.124129775528453,1.8084338437729897,-0.315695931755463,-4.370940442533668
2066,20.650000000000002,0.0,0.0,0.0,0.0,0.06531220195984129,-4.349480633843264,2.302455569255567,-2.068927618741369,2.12466570924012,1.765040885252398,-0.35962482398772194,-4.414792835803105
2067,20.66,0.0,0.0,0.0,0.0,0.08771059849131221,-4.370646913762873,2.1768638642500395,-2.164252381965056,2.1254318698793826,1.721441041883105,-0.40399082799627734,-4.458357512254185
2068,20.67,0.0,0.0,0.0,0.0,0.10884256164807951,-4.3927659333878735,2.049197531142339,-2.259656357204555,2.1264156996024584,1.6776247726831968,-0.4487909269192613,-4.501608495035953
2069,20.68,0.0,0.0,0.0,0.0,0.12868823469874568,-4.415844089221904,1.9196370742475568,-2.356277257833195,2.127604433287197,1.6335825277553595,-0.49402190553183734,-4.5445323239206505
2070,20.69,0.0,0.0,0.0,0.0,0.1472296218743803,-4.439899598985079,1.7883720039471003,-2.4553355556692975,2.128985116473989,1.5893046348205728,-0.5396804816534156,-4.58712922085946
2071,20.7,0.0,0.0,0.0,0.0,0.16445061407138553,-4.464963150397672,1.6555880867269845,-2.558099080415179,2.130544624210171,1.5447811774671023,-0.5857634467430686,-4.629413764469057
2072,20.71,0.0,0.0,0.0,0.0,0.1803368918530137,-4.491078209897122,1.5214556644902844,-2.6658507053643614,2.1322696795290463,1.5000018686374914,-0.6322678108915546,-4.671415101750135
2073,20.72,0.0,0.0,0.0,0.0,0.19487571944674045,-4.518301030215595,1.3861196148312862,-2.7798606408630393,2.1341468704001985,1.4549559225727307,-0.6791909478274676,-4.713176749662335
2074,20.73,0.0,0.0,0.0,0.0,0.2080556482456853,-4.546700408122486,1.2496913406644738,-2.901364282413311,2.136162664150402,1.4096319279758673,-0.7265307361745343,-4.754756056368172
2075,20.740000000000002,0.0,0.0,0.0,0.0,0.21986615127988351,-4.576357250178066,1.1122429943630328,-3.0315459795881314,2.138303418555769,1.3640177246077498,-0.774285693948019,-4.796223401457949
2076,20.75,0.0,0.0,0.0,0.0,0.23029721134025194,-4.607364005309425,0.973803979587566,-3.1715285655545356,2.140555389027882,1.3181002849389656,-0.822455104088916,-4.8376612166496775
2077,20.76,0.0,0.0,0.0,0.0,0.23933888520567037,-4.63982401916829,0.8343596480386742,-3.3223680550602634,2.1429047315433936,1.2718656019101728,-0.8710391296332203,-4.879162904373961
2078,20.77,0.0,0.0,0.0,0.0,0.24698086514702164,-4.6738508576157205,0.6938520261605501,-3.485052599291108,2.1453375011853675,1.2252985833388705,-0.9200389178464965,-4.920831722762742
2079,20.78,0.0,0.0,0.0,0.0,0.25321205701048305,-4.709567636432838,0.5521823698196143,-3.660504577391214,2.1478396463673244,1.1783829530861083,-0.9694566932812156,-4.962779693443321
2080,20.79,0.0,0.0,0.0,0.0,0.25802019215470895,-4.747106382513245,0.409215350007018,-3.8495845900496297,2.1503969989937888,1.131101158784753,-1.0192958402090353,-5.005126574667954
2081,20.8,0.0,0.0,0.0,0.0,0.2613914887256498,-4.786607439172623,0.2647847137583677,-4.053096074503486,2.1529952609746354,1.0834342857401764,-1.0695609752344586,-5.047998927898273
2082,20.81,0.0,0.0,0.0,0.0,0.26331037652524486,-4.828218915345897,0.11870033495867655,-4.271789252588945,2.15561998765853,1.0353619765531419,-1.1202580111053875,-5.091529291871142
2083,20.82,0.0,0.0,0.0,0.0,0.2637592993277141,-4.8720961655674095,-0.029243336774071142,-4.506363124033847,2.1582565688906934,0.9868623560801963,-1.1713942128104966,-5.135855464895124
2084,20.830000000000002,0.0,0.0,0.0,0.0,0.2627186091242738,-4.918401274683432,-0.17925730913814447,-4.757464198406787,2.160890208540793,0.9379119615437275,-1.222978246997065,-5.181119883807706
2085,20.84,0.0,0.0,0.0,0.0,0.2601665686008302,-4.967302507916053,-0.33154631495059095,-5.025680597082811,2.1635059034997477,0.888485677929333,-1.2750202255704144,-5.227469076516884
2086,20.85,0.0,0.0,0.0,0.0,0.25607948132127223,-5.018973672643517,-0.48629492582252865,-5.311530031124631,2.16608842332191,0.8385566792729847,-1.3275317440489252,-5.275053153964789
2087,20.86,0.0,0.0,0.0,0.0,0.2504319737492649,-5.073593322366545,-0.6436509658658157,-5.615439955538073,2.168622291905753,0.788096377054424,-1.3805259148513285,-5.32402529611581
2088,20.87,0.0,0.0,0.0,0.0,0.24319745955481079,-5.131343714924007,-0.8037055055721766,-5.937717901571769,2.171091772877717,0.737074377697526,-1.4340173951801907,-5.374541174478818
2089,20.88,0.0,0.0,0.0,0.0,0.23434882479899924,-5.192409415115817,-0.9664685230332128,-6.278509586692338,2.1734808606874205,0.6854584521649315,-1.4880224085224887,-5.426758239914816
2090,20.89,0.0,0.0,0.0,0.0,0.22385938276531106,-5.256975405427799,-1.1318391071445302,-6.6377418916469235,2.1757732798574603,0.6332145218595372,-1.5425587579979227,-5.48083478819311
2091,20.900000000000002,0.0,0.0,0.0,0.0,0.21170415959490713,-5.32522453645385,-1.2995688480604894,-7.015047179031607,2.1779524953787766,0.5803066665650733,-1.597645828813703,-5.536928696048757
2092,20.91,0.0,0.0,0.0,0.0,0.19786158661583902,-5.397334109907756,-1.469216823056542,-7.409664726374995,2.180001737925804,0.5266971620286128,-1.6533045758971907,-5.595195696523595
2093,20.92,0.0,0.0,0.0,0.0,0.18231569232112116,-5.473471341135598,-1.640094361196925,-7.820314303178085,2.1819040484079872,0.47234655708332846,-1.7095574913246585,-5.655787033456719
2094,20.93,0.0,0.0,0.0,0.0,0.16505890605307713,-5.553787394754259,-1.8111975957314725,-8.245036223488288,2.1836423473978117,0.41721380300136846,-1.766428544396443,-5.7188463008073365
2095,20.94,0.0,0.0,0.0,0.0,0.14609560578820188,-5.6384096276275475,-1.9811257546109264,-8.680991711562212,2.1851995361973318,0.3612564511225942,-1.8239430850747373,-5.784505233415749
2096,20.95,0.0,0.0,0.0,0.0,0.12544656233501753,-5.727431611108474,-2.147983304063373,-9.124217394977826,2.1865586377300135,0.3044309387753416,-1.8821276989546716,-5.852878173443492
2097,20.96,0.0,0.0,0.0,0.0,0.10315444874957756,-5.820900446020558,-2.309264614544541,-9.56932861572264,2.187702987054956,0.24669298808415766,-1.9410099989707978,-5.924054894770136
2098,20.97,0.0,0.0,0.0,0.0,0.07929059178077102,-5.91880084126896,-2.461721010330314,-10.009168681097375,2.1886164830385377,0.18799814735938872,-2.0006183356791487,-5.998091433049732
2099,20.98,0.0,0.0,0.0,0.0,0.05396313364513209,-6.02103542031769,-2.601212243636902,-10.434406117018682,2.1892839144622807,0.12830251012764796,-2.0609814043346324,-6.074998553962822
2100,20.990000000000002,0.0,0.0,0.0,0.0,0.027326735299045283,-6.12740078035357,-2.7225480651215745,-10.833090741948824,2.1896913753732727,0.0675636519911024,-2.12212772338217,-6.154727515652615
2101,21.0,0.0,0.0,0.0,0.0,-0.00040613062739847924,-6.237559002898589,-2.8193312040310192,-11.19019358987902,2.18982678542723,0.005741829502960676,-2.184084955924269,-6.23715287227119
2102,21.01,0.0,0.0,0.0,0.0,-0.028952400954410006,-6.351004665434504,-2.8838212938808834,-11.487177164144072,2.1896805307649787,-0.057198513315667256,-2.2468790440806456,-6.322052264480093
2103,21.02,0.0,0.0,0.0,0.0,-0.05794450960767204,-6.467028011465039,-2.906850460238611,-11.701672624289845,2.1892462387753833,-0.12128688847616893,-2.310533127251552,-6.409083501857367
2104,21.03,0.0,0.0,0.0,0.0,-0.08691606911852524,-6.5846758898325035,-2.8778352072997206,-11.807379291189147,2.1885216948148996,-0.1865445262176081,-2.3750662210325073,-6.497759820713978
2105,21.04,0.0,0.0,0.0,0.0,-0.11528839561201508,-6.7027134470187795,-2.78494442122782,-11.774346033741097,2.18750989919569,-0.2529817471773498,-2.4404916463730393,-6.587425051406765
2106,21.05,0.0,0.0,0.0,0.0,-0.1423597933250715,-6.8195913628960385,-2.615496097904354,-11.569834509427356,2.1862202470325416,-0.3205949743534532,-2.5068152213859944,-6.677231569570967
2107,21.06,0.0,0.0,0.0,0.0,-0.16730027032583983,-6.933425541882719,-2.3566590377312484,-11.159982931789854,2.1846697906306014,-0.3893634730298231,-2.574033263660424,-6.766125271556879
2108,21.07,0.0,0.0,0.0,0.0,-0.1891550621155348,-7.041998258231956,-1.9965200455965684,-10.512457926108848,2.182884513723409,-0.4592459866492987,-2.6421305003727076,-6.852843196116422
2109,21.080000000000002,0.0,0.0,0.0,0.0,-0.20686074049911074,-7.142791136097361,-1.5255300310875888,-9.600166298832939,2.180900510707347,-0.5301775344799167,-2.7110780451872634,-6.93593039559825
2110,21.09,0.0,0.0,0.0,0.0,-0.21927741565525768,-7.233060018489868,-0.9382546322729486,-8.40586940545069,2.178764926860361,-0.6020667410044552,-2.780831667864816,-7.013782602834611
2111,21.1,0.0,0.0,0.0,0.0,-0.22523919187358063,-7.3099585806715215,-0.23522913566710407,-6.92720200988746,2.17653648614142,-0.6747941543514443,-2.851330640492864,-7.084719388797941
2112,21.11,0.0,0.0,0.0,0.0,-0.22362233321587205,-7.37071060894711,0.5754215723054431,-5.181208106526387,2.1742854239244496,-0.7482120482136864,-2.9224974721381356,-7.147088275731238
2113,21.12,0.0,0.0,0.0,0.0,-0.2134266430388821,-7.412820353165123,1.4770370623211304,-3.207209679221554,2.172092666387635,-0.8221461508180907,-2.9942388172057255,-7.199393710126241
2114,21.13,0.0,0.0,0.0,0.0,-0.1938610956359566,-7.434298150334413,2.444579876009879,-1.0668139118367344,2.1700481656400337,-0.8963995776237593,-3.066447743263793,-7.240437054698456
2115,21.14,0.0,0.0,0.0,0.0,-0.16442115820445358,-7.4338683228552505,3.446159428456415,1.1597060738059801,2.1682484086988585,-0.9707589618500931,-3.139007370548952,-7.2694471646507965
2116,21.150000000000002,0.0,0.0,0.0,0.0,-0.12494414006496224,-7.4111227055429,4.445860516016801,3.380563998402474,2.1667932522373876,-1.0450024215735552,3.0713896333686437,-7.286178565477938
2117,21.16,0.0,0.0,0.0,0.0,-0.07563142138747973,-7.366589272113936,5.407436511961822,5.5020194694954,2.1657823622377217,-1.1189086576393577,2.998494287302507,-7.290957850726456
2118,21.17,0.0,0.0,0.0,0.0,-0.01703237629557493,-7.301700943674129,6.298143644377737,7.438425196307148,2.1653116217107575,-1.1922662428118243,2.9256074426570047,-7.284668567378555
2119,21.18,0.0,0.0,0.0,0.0,0.050007454119588644,-7.2186703386052935,7.091936158553797,9.120665786036197,2.1654698832641417,-1.2648821153118972,2.8528333086035476,-7.2686777927248825
2120,21.19,0.0,0.0,0.0,0.0,0.12442438993921115,-7.120295097680646,7.771442279139512,10.50141546977481,2.166336381107933,-1.3365884462239406,2.780260479847713,-7.244719487619857
2121,21.2,0.0,0.0,0.0,0.0,0.20502723950971297,-7.009729463315404,8.32850532165733,11.556620009505554,2.1679789982946476,-1.4072473599636324,2.7079589489213065,-7.214756702825117
2122,21.21,0.0,0.0,0.0,0.0,0.2905866856381831,-6.890258567143032,8.763446340911981,12.283610928909876,2.1704534446799153,-1.476753356020572,2.6359785064790993,-7.180845252781215
2123,21.22,0.0,0.0,0.0,0.0,0.37991253334905045,-6.765104088680882,9.083452728476892,12.696927035779668,2.1738032753365717,-1.5450336113276875,2.5643484205153273,-7.1450166220299325
2124,21.23,0.0,0.0,0.0,0.0,0.4719124808262894,-6.637277831769493,9.300571895972606,12.823114903051453,2.178060592352936,-1.6120465702974498,2.4930781445292007,-7.109190312595783
2125,21.240000000000002,0.0,0.0,0.0,0.0,0.5656306200223465,-6.509487738273065,9.429721530573225,12.695592974572731,2.1832472328503885,-1.677779333336977,2.422158740992221,-7.075118358295412
2126,21.25,0.0,0.0,0.0,0.0,0.6602673178326335,-6.3840918282016395,9.486987890610038,12.350285525815789,2.1893762465090747,-1.7422443515461252,2.3515647091243865,-7.044359146034273
2127,21.26,0.0,0.0,0.0,0.0,0.7551840956788101,-6.26309049308216,9.488337248729346,11.822342094729503,2.196453493454002,-1.8054758616273843,2.2812559520982,-7.0182745887609705
2128,21.27,0.0,0.0,0.0,0.0,0.8498977743404483,-6.148146000392927,9.448752440529908,11.143960590717565,2.2044792337201224,-1.867526388981288,2.211179684478176,-6.998043774733375
2129,21.28,0.0,0.0,0.0,0.0,0.944067893416664,-6.040618856654413,9.381738472121972,10.343157901406638,2.213449621462968,-1.928463538035578,2.1412721476810406,-6.984686750071076
2130,21.29,0.0,0.0,0.0,0.0,1.0374806829424108,-5.941612658314823,9.299112418686823,9.443262609421538,2.223358053755253,-1.9883671946616472,2.0714600587626864,-6.979093341257234
2131,21.3,0.0,0.0,0.0,0.0,1.1300319894428872,-5.852021353665971,9.210990630760865,8.462904965270361,2.2341963522274435,-2.0473271932994432,2.0016617616526995,-6.982053343108858
2132,21.31,0.0,0.0,0.0,0.0,1.22171074058813,-5.772574922783061,9.125898059443799,7.41631590173217,2.2459557756440853,-2.1054414513668416,1.9317880801686593,-6.994285663371191
2133,21.32,0.0,0.0,0.0,0.0,1.312583862759443,-5.703881123425307,9.050941170721046,6.313795730907495,2.258627873861383,-2.1628145422127134,1.8617428911054903,-7.016464986184751
2134,21.330000000000002,0.0,0.0,0.0,0.0,1.402783062854288,-5.646462102319567,8.992001997997388,5.162260694230333,2.2722052001054793,-2.2195566605043653,1.791423446569742,-7.049245165173855
2135,21.34,0.0,0.0,0.0,0.0,1.4924935288417955,-5.60078538030707,8.953923781682002,3.9658160307866357,2.2866819007327104,-2.2757829258183033,1.7207204806285725,-7.093278909148866
2136,21.35,0.0,0.0,0.0,0.0,1.5819443558883515,-5.5672890640006285,8.940667525612396,2.726336840868653,2.3020542008657157,-2.331612967279851,1.6495181390340194,-7.14923341988898
2137,21.36,0.0,0.0,0.0,0.0,1.6714003258614218,-5.546401187668749,8.955423699907916,1.444064431785745,2.3183208014314234,-2.3871707310991592,1.5776937746490036,-7.217801513530171
2138,21.37,0.0,0.0,0.0,0.0,1.7611545194931741,-5.538552895812381,9.000664579477608,0.11824878136157442,2.33548319865221,-2.442584451114042,1.5051176574133338,-7.299707415305555
2139,21.38,0.0,0.0,0.0,0.0,1.851521087818786,-5.544184759039722,9.078120670417485,-1.2521097844606557,2.3535459310876066,-2.4979867176514414,1.4316526584405382,-7.395705846858508
2140,21.39,0.0,0.0,0.0,0.0,1.9428273211035672,-5.563744864309387,9.188659605923416,-2.667341926554839,2.3725167516907253,-2.5535145698947783,1.3571539855940822,-7.506572185412955
2141,21.400000000000002,0.0,0.0,0.0,0.0,2.035403900363922,-5.597676402897737,9.332038091759195,-4.125907111942661,2.3924067125248816,-2.609309519004894,1.2814690756498104,-7.633080303261659
2142,21.41,0.0,0.0,0.0,0.0,2.129571874501484,-5.646391252921214,9.506487677938756,-5.622768659440795,2.41323013700858,-2.665517380617329,1.204437789553677,-7.775963127422698
2143,21.42,0.0,0.0,0.0,0.0,2.225624463337719,-5.710224495286665,9.708085309479923,-7.147174498026368,2.4350044378553055,-2.7222877527854177,1.1258931165388626,-7.935848958624384
2144,21.43,0.0,0.0,0.0,0.0,2.3238012639877113,-5.789362974386201,9.929854563811356,-8.679653824945902,2.457749717305312,-2.7797729158421713,1.0456626740321022,-8.113164238373912
2145,21.44,0.0,0.0,0.0,0.0,2.424251928276614,-5.883739192134503,10.16055351427603,-10.188066277584838,2.4814880593890476,-2.838125852434123,0.9635713953564151,-8.307991120411117
2146,21.45,0.0,0.0,0.0,0.0,2.526986121972573,-5.992880724849194,10.383149998916403,-11.62267183392809,2.506242392980096,-2.8974969922724423,0.8794459219270482,-8.519866846821767
2147,21.46,0.0,0.0,0.0,0.0,2.6318070742659265,-6.115706505804772,10.573097924297558,-12.910529764206544,2.5320347740511986,-2.958029190973802,0.7931213421545859,-8.747513580070699
2148,21.47,0.0,0.0,0.0,0.0,2.7382281807164226,-6.250267508514379,10.69675501844131,-13.950228886628379,2.5588839175136617,-3.019850390965713,0.7044509987002111,-8.988495689230803
2149,21.48,0.0,0.0,0.0,0.0,2.8453772962083055,-6.393444856761646,10.710663369362623,-14.609131396430223,2.586801826343447,-3.0830634553988414,0.6133200254372976,-9.238822152969952
2150,21.490000000000002,0.0,0.0,0.0,0.0,2.95190305691572,-6.540648006799342,10.56292395210058,-14.72691440966158,2.61578945632293,3.135452376168802,0.5196629198458719,-9.492551063715062
2151,21.5,0.0,0.0,0.0,0.0,3.0559122511890138,-6.685601096361211,10.198322947479982,-14.130576583034957,2.645831567967211,3.0693161691152344,0.4234846011480232,-9.741513347550224
2152,21.51,0.0,0.0,0.0,0.0,3.1549836928609247,-6.820357284917366,9.568670837815462,-12.66557494613082,2.6768912912187237,3.0017741778868814,0.32488288666815734,-9.975340977778291
2153,21.52,0.0,0.0,0.0,0.0,3.2463120371428107,-6.935707679384967,8.648188000528252,-10.242840855116704,2.708905436543724,2.9329736742714037,0.22406823772767936,-10.182019716527778
2154,21.53,0.0,0.0,0.0,0.0,3.3270173626688426,-7.022099916743623,7.450308931021366,-6.890763274706082,2.741782061251524,2.8631567152274773,0.12137465397595291,-10.349117279412466
2155,21.54,0.0,0.0,0.0,0.0,3.3945994256174417,-7.071008111642071,6.038310447841431,-2.7888459198556403,2.7754019065436037,2.792657007917926,0.017255101374321936,-10.465607537259512
2156,21.55,0.0,0.0,0.0,0.0,3.447430966729431,-7.076435169473485,4.5213414520095245,1.7430792525584071,2.809624694049408,2.7218820430387343,-0.08774265101067416,-10.523866136202916
2157,21.56,0.0,0.0,0.0,0.0,3.4851227228016866,-7.036035447254271,3.033072915834792,6.309018803597805,2.84429985868129,2.6512816588269974,-0.1930181998542925,-10.521158170055958
2158,21.57,0.0,0.0,0.0,0.0,3.5086145039166396,-6.951408845253239,1.7002782690336435,10.532196592446043,2.879279645672258,2.58130926176913,-0.29797038390312636,-10.460023349169878
2159,21.580000000000002,0.0,0.0,0.0,0.0,3.5199593333252435,-6.827461586213865,0.6152522342835569,14.139006824656065,2.914431551639613,2.5123848683662846,-0.4020466832733289,-10.347420919539108
2160,21.59,0.0,0.0,0.0,0.0,3.5219002146083764,-6.671135847582931,-0.17696808172550835,16.997869794175863,2.94964744692714,2.444868070311637,-0.5047793766155015,-10.193036062191307
2161,21.6,0.0,0.0,0.0,0.0,3.5174033049670745,-6.490007479033174,-0.6751194207646014,19.108536942943484,2.9848481122742343,2.379044775358624,-0.6058033369156125,-10.00741078400025
2162,21.61,0.0,0.0,0.0,0.0,3.5092823780656928,-6.291162022092239,-0.9083331700193948,20.56140201616328,3.0199834812733504,2.3151268292351634,-0.7048566520381874,-9.800444400157932
2163,21.62,0.0,0.0,0.0,0.0,3.4999724048173966,-6.080523145344009,-0.92086522894603,21.491282849909734,3.0550298572696737,2.2532606614291257,-0.8017691958405483,-9.580495550161405
2164,21.63,0.0,0.0,0.0,0.0,3.491442237504006,-5.862600984769038,-0.7600762611669116,22.041250139903955,3.0899855886244407,2.193540463529091,-0.8964451250953498,-9.354043222273045
2165,21.64,0.0,0.0,0.0,0.0,3.4852036713735464,-5.640529601800643,-0.46918981200097465,22.340988689915733,3.1248663924897966,2.1360223175775293,-0.9888440749122676,-9.12573327317419
2166,21.650000000000002,0.0,0.0,0.0,0.0,3.4823715018841734,-5.416256295063331,-0.08411891167817913,22.497388989464188,-3.1234842491092656,2.080737088694386,-1.0789639693759332,-8.898627796947505
2167,21.66,0.0,0.0,0.0,0.0,3.483740881516957,-5.190782157017764,0.3670605622453138,22.59296988959636,-3.0886574481676763,2.0277011030982184,-1.1668267559136918,-8.674523038534721
2168,21.67,0.0,0.0,0.0,0.0,3.4898621651136548,-4.9643959063436975,0.8632595528330019,22.68825990548275,-3.0537935688996085,1.9769244211812467,-1.252467317098733,-8.454258071457353
2169,21.68,0.0,0.0,0.0,0.0,3.501104091243468,-4.736875334913356,1.3890001253606579,22.82557478922782,-3.018843119627421,1.9284169225418655,-1.335925265010302,-8.237979426156825
2170,21.69,0.0,0.0,0.0,0.0,3.5177026676615917,-4.50765016962931,1.9329850139919944,23.03280355093815,-2.98375361977639,1.882192569396702,-1.4172391180064945,-8.025352837290901
2171,21.7,0.0,0.0,0.0,0.0,3.5397964428003257,-4.275929764876851,2.48682585482965,23.32660200439599,-2.948470740227195,1.8382722221566983,-1.496442344795695,-7.8157262076771765
2172,21.71,0.0,0.0,0.0,0.0,3.5674501773014007,-4.040802596792178,3.0439989200700155,23.71483572457768,-2.9129391508489397,1.796685325323951,-1.573560831006694,-7.608252774093579
2173,21.72,0.0,0.0,0.0,0.0,3.6006692264764575,-3.8013148954707408,3.5990285681503456,24.198328867174546,-2.8771031796602133,1.7574707085413355,-1.6486114189780376,-7.401984121947198
2174,21.73,0.0,0.0,0.0,0.0,3.63940679585642,-3.556534681368694,4.146873555207875,24.77206143724059,-2.84090736549059,1.7206766788956873,-1.7216012627933093,-7.195941477225114
2175,21.740000000000002,0.0,0.0,0.0,0.0,3.6835659547842017,-3.305605898946065,4.682487925437905,25.425980186866482,-2.804296965751566,1.6863605255911993,-1.792527815836819,-6.989171853730267
2176,21.75,0.0,0.0,0.0,0.0,3.732998033148935,-3.0477957013266335,5.200533529656668,26.145582981417597,-2.7672184634193964,1.6545875194191968,-1.8613793243409933,-6.780793734475568
2177,21.76,0.0,0.0,0.0,0.0,3.7874988326721186,-2.7825364192922377,5.695228296929002,26.912419682691638,-2.7296201021091657,1.6254294666554203,-1.9281357384150002,-6.570035251964356
2178,21.77,0.0,0.0,0.0,0.0,3.8468039538590824,-2.5094624262573744,6.1603195719364034,27.704629998377396,-2.6914524645000912,1.5989628684793702,-1.9927699742001248,-6.356266380116457
2179,21.78,0.0,0.0,0.0,0.0,3.9105844441223234,-2.228441041282539,6.589173407333631,28.497610785491815,-2.6526690968515694,1.5752667404743421,-2.0552494698536767,-6.139025485404862
2180,21.79,0.0,0.0,0.0,0.0,3.9784438721557427,-1.9395958535203763,6.974968161540303,29.264870917427082,-2.613227170776207,1.554420159426671,-2.11553797697671,-5.918039725676119
2181,21.8,0.0,0.0,0.0,0.0,4.0499177888894895,-1.6433204699652877,7.3109745873026135,29.979090926653168,-2.573088163056741,1.536499623056544,-2.173597521066301,-5.693238258854777
2182,21.81,0.0,0.0,0.0,0.0,4.124476316357623,-1.3402807399569303,7.590896220959204,30.613359547680734,-2.5322185257165617,1.5215763284123456,-2.229390453050679,-5.4647570563145536
2183,21.82,0.0,0.0,0.0,0.0,4.2015303008994795,-1.0314040126526656,7.809235488526341,31.142515224466358,-2.4905903125939544,1.5097134919791289,-2.282881502606503,-5.232934313552145
2184,21.830000000000002,0.0,0.0,0.0,0.0,4.280441088908184,-0.7178548916933342,7.961645111998142,31.54448498752754,-2.4481817261492784,1.500963844747092,-2.3340397362832155,-4.998295980601518
2185,21.84,0.0,0.0,0.0,0.0,4.360533569628324,-0.40099814134836503,8.045223459724275,31.80149353063703,-2.4049775497121244,1.4953674350563746,-2.382840322411087,-4.76153171097669
2186,21.85,0.0,0.0,0.0,0.0,4.441111737087806,-0.08235067931750245,8.058717793617394,31.901017335617745,-2.360969435937313,1.492949859070771,-2.429266012171502,-4.523462416405309
2187,21.86,0.0,0.0,0.0,0.0,4.521475715146693,0.23647426281131828,8.002610748575504,31.836383430831106,-2.3161560313530916,1.4937210134460075,-2.4733082623804874,-4.285001452335375
2188,21.87,0.0,0.0,0.0,0.0,4.600939018781656,0.5538269300772731,7.879081019243539,31.606955578029048,-2.2705429284291543,1.4976744295863484,-2.5149679491640837,-4.047112088704383
2189,21.88,0.0,0.0,0.0,0.0,4.678844819263215,0.8680805929979357,7.691846108700141,31.217903554618356,-2.2241424490297574,1.5047872080728568,-2.554255650076974,-3.8107642262652797
2190,21.89,0.0,0.0,0.0,0.0,4.754580136334001,1.1776868823301874,7.445909762483739,30.67960277606361,-2.176973274785396,1.5150205305914157,-2.5911915018027747,-3.5768932540038136
2191,21.900000000000002,0.0,0.0,0.0,0.0,4.827587161290716,1.4812236239902596,7.147246656897358,30.00675179108166,-2.129059949365361,1.528320690061763,-2.625804667752461,-3.3463635373004568
2192,21.91,0.0,0.0,0.0,0.0,4.897371264649384,1.7774328928328456,6.802460664490039,29.21731776771121,-2.0804322838759908,1.544620551645339,-2.658132471658255,-3.1199383718165383
2193,21.92,0.0,0.0,0.0,0.0,4.963505598597917,2.0652481370594518,6.418450767460348,28.33142336499134,-2.031124699271817,1.5638413401342832,-2.688219267773486,-2.898257461538465
2194,21.93,0.0,0.0,0.0,0.0,5.025632514056753,2.3438103045022185,6.002111876984614,27.37027515174051,-1.9811755389599894,1.585894643249128,-2.7161151249704707,-2.681822209554534
2195,21.94,0.0,0.0,0.0,0.0,5.083462239509617,2.6124737893725283,5.560088542952389,26.355209605308374,-1.9306263813655824,1.6106845243229928,-2.7418744014910095,-2.470988450137089
2196,21.95,0.0,0.0,0.0,0.0,5.136769399973128,2.870803636595258,5.098589907296086,25.306904134784872,-1.879521377018484,1.638109649366443,-2.7655542807946594,-2.26596576337787
2197,21.96,0.0,0.0,0.0,0.0,5.185387994628887,3.1185657751330376,4.6232658898553955,24.244773105439794,-1.8279066286672587,1.6680653497791995,-2.78721332873313,-2.0668222194958497
2198,21.97,0.0,0.0,0.0,0.0,5.229205418658862,3.3557121334682645,4.139138428038634,23.18654626317828,-1.775829626854827,1.7004455602853827,-2.806910120039375,-1.8734932851905972
2199,21.98,0.0,0.0,0.0,0.0,5.268156032466146,3.5823623789476438,3.650577878134008,22.148011024183365,-1.7233387479150395,1.735144589776924,-2.8247019694876228,-1.6857936535185019
2200,21.990000000000002,0.0,0.0,0.0,0.0,5.302214673388099,3.7987837859857487,3.1613131867936866,21.142890884180783,-1.6704828168464227,1.7720586990594656,-2.840643791273698,-1.5034308874023505
2201,22.0,0.0,0.0,0.0,0.0,5.331390390923477,4.00537043901203,2.674464640266654,20.18282870258083,-1.6173107341393194,1.81108747307937,-2.8547870999608973,-1.326019951911447
2202,22.01,0.0,0.0,0.0,0.0,5.355720580406433,4.202622664276696,2.1925893020086358,19.277444319467737,-1.5638711633643978,1.8521349857042981,-2.8671791581108925,-1.1530979161297372
2203,22.02,0.0,0.0,0.0,0.0,5.375265600232884,4.391127294359811,1.717731117798524,18.434439314091843,-1.5102122750458409,1.895110762591729,-2.8778622695420166,-0.9841383058730724
2204,22.03,0.0,0.0,0.0,0.0,5.390103887645065,4.571539120054654,1.2514696873612958,17.659726388721804,-1.4563815418581654,1.9399305524338875,-2.8868732128875356,-0.8185647675904111
2205,22.04,0.0,0.0,0.0,0.0,5.400327537741238,4.7445636842657235,0.7949635997469333,16.957565883787588,-1.4024255803041146,1.9865169193715333,-2.894242807503938,-0.6557638534755146
2206,22.05,0.0,0.0,0.0,0.0,5.406038277754911,4.910941421747423,0.34898585899552453,16.330696672225276,-1.348390034559928,2.0347996701226823,-2.899995602496978,-0.4950968560074882
2207,22.06,0.0,0.0,0.0,0.0,5.407343750727447,5.071433042222748,-0.08604976428094992,15.780452811789507,-1.2943194989555429,2.084716128843903,-2.9041496793801387,-0.3359107085046995
2208,22.07,0.0,0.0,0.0,0.0,5.404354016303279,5.226805985856772,-0.5100716178186727,15.306860741522373,-1.240257476455184,2.136211271346818,-2.9067165593775846,-0.17754803044650735
2209,22.080000000000002,0.0,0.0,0.0,0.0,5.397178178665538,5.377821742037489,-0.9233417064296106,14.90871452530484,-1.186246371422461,2.1892377283685267,-2.9077012073885973,-0.019356436628048534
2210,22.09,0.0,0.0,0.0,0.0,5.385921060362457,5.525223808578792,-1.3264547464163587,14.583628788039054,-1.1323275158138357,2.2437556654179804,-2.9071021259477723,0.13930274821633493
2211,22.1,0.0,0.0,0.0,0.0,5.370679854408355,5.669726073818656,-1.7203431612349274,14.328070715407451,-1.0785412286929354,2.299732544503337,-2.9049115339833156,0.2990462194103012
2212,22.11,0.0,0.0,0.0,0.0,5.351540704720264,5.812001425310684,-2.1062860613919,14.137373963236262,-1.0249269095491669,2.3571427709638275,-2.9011156266665936,0.46046072059041965
2213,22.12,0.0,0.0,0.0,0.0,5.328575186419594,5.952670424198053,-2.485919867815549,14.005738704928953,-0.9715231662986804,2.4159672268327217,-2.8956949140481845,0.6240952377784588
2214,22.13,0.0,0.0,0.0,0.0,5.3018366830158605,6.092289933677269,-2.861247812572925,13.926223469104952,-0.9183679790075836,2.4761926907825558,-2.888624637389447,0.7904532506614084
2215,22.14,0.0,0.0,0.0,0.0,5.271356687537989,6.23134165414981,-3.2346450620697786,13.890735981498779,-0.8654989002598009,2.5378111438969686,-2.879875263022817,0.9599849666118212
2216,22.150000000000002,0.0,0.0,0.0,0.0,5.2371410899344175,6.370220598366537,-3.608855658049207,13.89003196984316,-0.812953292650794,2.600818960427228,-2.8694130541015626,1.13307950843212
2217,22.16,0.0,0.0,0.0,0.0,5.1991665539970215,6.509223638862554,-3.986976894335774,13.913732789871714,-0.7607686030642403,2.6652159835049094,-2.857200720610435,1.3100570848655329
2218,22.17,0.0,0.0,0.0,0.0,5.157377133624098,6.648538378262425,-4.372426215442892,13.950374659622874,-0.7089826721285041,2.7310044876796926,-2.843198147371388,1.4911612446383273
2219,22.18,0.0,0.0,0.0,0.0,5.111681329405966,6.7882327297804865,-4.768885357791264,13.987503999364456,-0.6576340754987656,2.7981880333265696,-2.8273631983542513,1.67655140037452
2220,22.19,0.0,0.0,0.0,0.0,5.061949839804699,6.928245746418874,-5.18021642892249,14.011834472290642,-0.6067624913339613,2.866770222587556,-2.809652593258071,1.8662959066141749
2221,22.2,0.0,0.0,0.0,0.0,5.008014312131252,7.068380394252481,-5.610345157550836,14.009481263780868,-0.556409085536854,2.936753372681723,-2.7900228489610073,2.060366082121229
2222,22.21,0.0,0.0,0.0,0.0,4.949667440210302,7.208299113001991,-6.063107901693306,13.966286260779729,-0.5066169030526129,3.0081371301273823,-2.7684312739995915,2.2586316727916893
2223,22.22,0.0,0.0,0.0,0.0,4.886664778641349,7.3475231240991326,-6.542061419141222,13.868243394673149,-0.4574312499183022,3.0809170584725667,-2.7448369987887196,2.4608583454577833
2224,22.23,0.0,0.0,0.0,0.0,4.818728636329942,7.485436504298478,-7.050258055617186,13.702025898231112,-0.4089000470611554,-3.128102065094188,-2.719202018033033,2.666707867968536
2225,22.240000000000002,0.0,0.0,0.0,0.0,4.74555436192803,7.621296008738317,-7.589993897350805,13.455606338464895,-0.3610741334273046,-3.0525663485246692,-2.6914922150973646,2.8757416468102868
2226,22.25,0.0,0.0,0.0,0.0,4.666819229622466,7.754247468524926,-8.16254330499116,13.118946359605967,-0.3140074933673289,-2.975685824964243,-2.661678331596916,3.0874282389024597
2227,22.26,0.0,0.0,0.0,0.0,4.582193968322068,7.883349279147818,-8.767899478746134,12.684717289331227,-0.2677573818962222,-2.8974942218354,-2.6297368399391763,3.3011553108257496
2228,22.27,0.0,0.0,0.0,0.0,4.49135675177156,8.007603028803778,-9.404546302136291,12.148997290736386,-0.22238432209589074,-2.8180349950392607,-2.5956506729433704,3.5162462770322183
2229,22.28,0.0,0.0,0.0,0.0,4.394009194144559,8.125990707674438,-10.069290371608082,11.511878611657545,-0.17795195208684997,-2.7373617160388743,-2.559409763952025,3.7319815135298793
2230,22.29,0.0,0.0,0.0,0.0,4.2898936016160905,8.237517240908378,-10.757182453021553,10.7779131341333,-0.1345267050187746,-2.6555380588835273,-2.521011353864753,3.9476236392922877
2231,22.3,0.0,0.0,0.0,0.0,4.178810454559253,8.34125638335524,-11.461553488074776,9.956328920067277,-0.09217731443719353,-2.5726373431854537,-2.4804600287482605,4.162445928795988
2232,22.31,0.0,0.0,0.0,0.0,4.060634884862967,8.43639741137894,-12.174181251827681,9.060966468351678,-0.050974148764205876,-2.4887416118290684,-2.4377674630648642,4.375762526515972
2233,22.32,0.0,0.0,0.0,0.0,3.9353308155810445,8.522289660853318,-12.885590400846842,8.109910358765104,-0.010988391582916045,-2.4039402499934237,-2.3929518584105076,4.586958845272273
2234,22.330000000000002,0.0,0.0,0.0,0.0,3.8029614815146124,8.598481885987084,-13.585472650789422,7.124826588170059,0.027708902379507225,-2.318328182240135,-2.3460370846196446,4.795520404472471
2235,22.34,0.0,0.0,0.0,0.0,3.663695263254921,8.664753701206624,-14.26319780454861,6.1300526021829596,0.06504783379830364,-2.2320037135386155,-2.2970515473369195,5.001058437951704
2236,22.35,0.0,0.0,0.0,0.0,3.51780612891112,8.721137005089556,-14.908373306481632,5.1515190241284445,0.10096071707999826,-2.145066104561549,-2.246026821641549,5.203330876178436
2237,22.36,0.0,0.0,0.0,0.0,3.3656684438380218,8.767926191920267,-15.511402526065954,4.215603143153707,0.13538311493709768,-2.0576129882360004,-2.1929961031731002,5.402257748082246
2238,22.37,0.0,0.0,0.0,0.0,3.2077464147712247,8.805677000792254,-16.06399157599055,3.3480202934684,0.16825479380294667,-1.9697377413072188,-2.137992535110164,5.59793058602103
2239,22.38,0.0,0.0,0.0,0.0,3.044578908911212,8.835194877418825,-16.559561124528265,2.572849515392189,0.19952054977061143,-1.8815269209672663,-2.081047470737878,5.790615968507613
2240,22.39,0.0,0.0,0.0,0.0,2.8767607666144923,8.85751458166008,-16.993531848791502,1.9117668022346712,0.2291308641380057,-1.7930578633654533,-2.022188727503461,5.980753815045588
2241,22.400000000000002,0.0,0.0,0.0,0.0,2.7049219654350103,8.873873353593204,-17.363467311727938,1.3835276517077082,0.25704236014881815,-1.7043965203273983,-1.9614388804762146,6.168951388158193
2242,22.41,0.0,0.0,0.0,0.0,2.529706078590877,8.885680196352103,-17.669073171979637,1.0037062855573937,0.2832180466494881,-1.6155955859665296,-1.8988136326160177,6.355974117761226
2243,22.42,0.0,0.0,0.0,0.0,2.3517494163826322,8.894483743659336,-17.91206409936892,0.7846668341788164,0.30762734864381663,-1.5266929394752806,-1.8343202881190972,6.542734327276704
2244,22.43,0.0,0.0,0.0,0.0,2.1716620813993845,8.901940794873424,-18.095917700048748,0.7357152409149404,0.33024593788967366,-1.4377104074085791,-1.7679563452982512,6.730278713474039
2245,22.44,0.0,0.0,0.0,0.0,1.9900119582217257,8.909786982201547,-18.22553723401997,0.8633605179921848,0.35105538796086805,-1.3486528308661987,-1.6997082188270685,6.919775023979821
2246,22.45,0.0,0.0,0.0,0.0,1.8073124513443948,8.919810242535524,-18.306841840919954,1.171598906586711,0.3700426873433434,-1.259507412171166,-1.6295500995145094,7.11249779119113
2247,22.46,0.0,0.0,0.0,0.0,1.6240146347722375,8.933826835942757,-18.346294808875076,1.66212127788793,0.38719965145309715,-1.1702433134567143,-1.5574429649098096,7.309812201170519
2248,22.47,0.0,0.0,0.0,0.0,1.4405044313024833,8.953658581817331,-18.35036774113376,2.3343284253533847,0.40252228076439117,-1.080811487380393,-1.483333768144784,7.513154150514848
2249,22.48,0.0,0.0,0.0,0.0,1.257105540927442,8.981108723635478,-18.324921870306845,3.1850159994871117,0.4160101187861796,-0.99114473958098,-1.4071548583671596,7.724003182708035
2250,22.490000000000002,0.0,0.0,0.0,0.0,1.0740891225522782,9.017932290398331,-18.274467826088422,4.207556624511328,0.4276656720761634,-0.9011580558155343,-1.3288237278916977,7.943843167846053
2251,22.5,0.0,0.0,0.0,0.0,0.8916917297963683,9.065794873225274,-18.201243042471916,5.390359740171961,0.43749396682264197,-0.810749277387407,-1.2482432442100506,8.174103143428905
2252,22.51,0.0,0.0,0.0,0.0,0.710143718363711,9.126211270037189,-18.104024922192675,6.714335377891956,0.4455023349396351,-0.719800281166995,-1.1653026161066282,8.416067551673478
2253,22.52,0.0,0.0,0.0,0.0,0.5297112330166036,9.20045248432914,-17.976586257239592,8.149047742754089,0.45170054915129276,-0.628178920475689,-1.0798794696269798,8.670741251312537
2254,22.53,0.0,0.0,0.0,0.0,0.35075576804258035,9.289406469741213,-17.805716496128184,9.647272423488046,0.4561014621933706,-0.5357421139463611,-0.9918435761397315,8.938650701698633
2255,22.54,0.0,0.0,0.0,0.0,0.17381571499809675,9.393375984003502,-17.568817251311476,11.137882404315349,0.4587223480041734,-0.44234062746023134,-0.9010629754644047,9.219560269005404
2256,22.55,0.0,0.0,0.0,0.0,-0.0002867266825706682,9.511798743889905,-17.231301435369403,12.517591937796139,0.4595871835662693,-0.3478262565158289,-0.8074134400820998,9.512085470572476
2257,22.56,0.0,0.0,0.0,0.0,-0.17031422658661913,9.642886157516173,-16.74447915714698,13.643391130884547,0.45873012596928625,-0.2520622199175605,-0.7107923458868468,9.813200384102792
2258,22.57,0.0,0.0,0.0,0.0,-0.3344699261243654,9.783205785295909,-16.04537776171527,14.329785529310694,0.45620038419383535,-0.1549374875528627,-0.6111378717466981,10.117675711420274
2259,22.580000000000002,0.0,0.0,0.0,0.0,-0.4902706249278589,9.927288785388754,-15.060920116419275,14.35799968366092,0.45206848328262567,-0.0563852583773524,-0.5084537416599764,10.417559410316613
2260,22.59,0.0,0.0,0.0,0.0,-0.6344962079356081,10.06742792134784,-13.719485108354272,13.506437649148767,0.44643347699254626,0.04359541166336958,-0.40283806532917665,10.701924129283448
2261,22.6,0.0,0.0,0.0,0.0,-0.7633006581368162,10.193916693805178,-11.971718145295009,11.60879870148681,0.4394299353575081,0.14491793692297397,-0.29451199843453585,10.957217351941996
2262,22.61,0.0,0.0,0.0,0.0,-0.8725689510279575,10.295988155997481,-9.817844266406045,8.633011842198705,0.4312326468745789,0.24739224572062718,-0.18384040115394995,11.168557107025439
2263,22.62,0.0,0.0,0.0,0.0,-0.958538985219534,10.363532091932292,-7.330930648353189,4.750912044538283,0.4220563926844183,0.3507221814665457,-0.07133421121787267,11.322071077151826
2264,22.63,0.0,0.0,0.0,0.0,-1.018568640862051,10.389265220590021,-4.6599565804781795,0.3511299240632808,0.4121486073982817,0.4545228141860008,0.04237420678772095,11.407833861452072
2265,22.64,0.0,0.0,0.0,0.0,-1.0517821422865001,10.370593683475196,-2.002084630688136,-4.0371083271960355,0.40177471622094224,0.55835865760846,0.15658394138751772,11.422375825761696
2266,22.650000000000002,0.0,0.0,0.0,0.0,-1.0593081949080465,10.310330214781073,0.4481936628600336,-7.888019090194578,0.3911988571584507,0.6617953490365964,0.2705964918781457,11.36963840968912
2267,22.66,0.0,0.0,0.0,0.0,-1.0439937393308456,10.215921513058223,2.548376271146986,-10.81943990332684,0.3806648567979108,0.76445101931632,0.38378616251840925,11.259915252389069
2268,22.67,0.0,0.0,0.0,0.0,-1.0097353629370425,10.097594079832469,4.232452392435807,-12.661274154113654,0.37038218697130226,0.8660339315424479,0.4956517445711458,11.107329442769512
2269,22.68,0.0,0.0,0.0,0.0,-0.9607198902456802,9.966259911183677,5.505444512740682,-13.437783190578251,0.36051931081411814,0.9663596602299421,0.6058403494158223,10.926979801429358
2270,22.69,0.0,0.0,0.0,0.0,-0.9008240892307184,9.83189488526377,6.4197545103918685,-13.298746977420814,0.3512039788324857,1.0653492650574008,0.7141452862249135,10.732718974494489
2271,22.7,0.0,0.0,0.0,0.0,-0.8332755067168888,9.702667147620133,7.0488331784729334,-12.444768482045948,0.34252824459102144,1.1630149494720512,0.8204867048810279,10.535942654337022
2272,22.71,0.0,0.0,0.0,0.0,-0.7605473678268849,9.584720392806574,7.467584996860414,-11.07341258185081,0.3345556456734174,1.2594404509824257,0.9248848053090066,10.345267760633458
2273,22.72,0.0,0.0,0.0,0.0,-0.6844048193696604,9.482363748539285,7.741583239905897,-9.351277181507626,0.327328605553364,1.3547615132571607,1.0274329077037985,10.166768567908946
2274,22.73,0.0,0.0,0.0,0.0,-0.606022453658327,9.398435976060462,7.923122635693779,-7.405599937867342,0.3208749596590495,1.4491492914404573,1.1282743317814061,10.004458429718788
2275,22.740000000000002,0.0,0.0,0.0,0.0,-0.5261191944891073,9.334692153111499,8.051245629349943,-5.326844391840975,0.3152131862707237,1.5427976034145856,1.2275844171438601,9.860811347600606
2276,22.75,0.0,0.0,0.0,0.0,-0.44508280422680524,9.292137641128646,8.153495179467317,-3.175828711378847,0.31035632606032465,1.6359138221978013,1.3255574961374785,9.737220445355451
2277,22.76,0.0,0.0,0.0,0.0,-0.3630741706439773,9.2712842681519,8.24804842617874,-0.991746317791768,0.3063147544860496,1.7287127265383275,1.422397972052278,9.634358438795878
2278,22.77,0.0,0.0,0.0,0.0,-0.28011129725858497,9.272329098199132,8.345574622524225,1.2005150218340919,0.3030980150996876,1.8214125204255978,1.518314505325912,9.552440395457717
2279,22.78,0.0,0.0,0.0,0.0,-0.1961372466224645,9.295265538745955,8.450566136599015,3.3841669341083596,0.30071589757852785,1.914232292710396,1.6135163951318683,9.49140278536842
2280,22.79,0.0,0.0,0.0,0.0,-0.11107767853937833,9.33993744679489,8.562088469011206,5.545276185758423,0.29917889319297736,2.007390294772358,1.7082114015793808,9.45101512533427
2281,22.8,0.0,0.0,0.0,0.0,-0.024893707434218447,9.406044134539975,8.673973367060553,7.668122646482958,0.2984981029386931,2.101102508726059,1.8026044057873643,9.430937841974194
2282,22.81,0.0,0.0,0.0,0.0,0.06236458589280522,9.49310033163989,8.774504042746878,9.730771402081263,0.29868461805733354,2.1955810386810355,1.896896420623702,9.430735745747086
2283,22.82,0.0,0.0,0.0,0.0,0.15049921272462152,9.600351572769656,8.845656663385775,11.700543527533956,0.2997483419909526,2.291031879597264,1.9912835376063116,9.449852360045034
2284,22.830000000000002,0.0,0.0,0.0,0.0,0.23909592641398408,9.726643053507,8.861999337153813,13.529232941044349,0.30169617873629884,2.3876516094768987,2.085955430740598,9.487547127093016
2285,22.84,0.0,0.0,0.0,0.0,0.32744388219451104,9.870239802482706,8.789437701208708,15.148210047905579,0.3045294790312015,2.4856225276460804,2.181093048614877,9.542795920288194
2286,22.85,0.0,0.0,0.0,0.0,0.41444337779768814,10.028599706574392,8.584164174172887,16.464050211740982,0.3082406218515819,2.585105754658366,2.276865132806784,9.614156328776703
2287,22.86,0.0,0.0,0.0,0.0,0.4985065746933009,10.19811092928581,8.192436875545942,17.35609951544659,0.312808631308585,2.686231868280325,2.37342323697174,9.699604354592509
2288,22.87,0.0,0.0,0.0,0.0,0.5774640808733325,10.37382441764883,7.552167071086532,17.678429770735153,0.3181938149944608,2.789088852530577,2.470895037536118,9.796360336775498
2289,22.88,0.0,0.0,0.0,0.0,0.6485017887897877,10.549242126515272,6.597616012559879,17.269673240409432,0.3243315935083655,2.8937075846995497,2.569375991191184,9.900740337725484
2290,22.89,0.0,0.0,0.0,0.0,0.7081658203497395,10.716259018703287,5.2685029573119495,15.974511113503628,0.3311260021069527,3.0000458763435858,2.668919874236633,10.008093198353547
2291,22.900000000000002,0.0,0.0,0.0,0.0,0.7524833245585425,10.865387985220675,3.524020787247493,13.6787765975896,0.3384437801248895,3.1079732353700193,2.769529455245128,10.112904660662132
2292,22.91,0.0,0.0,0.0,0.0,0.7772426008471045,10.986393133139305,1.3601773163183934,10.354819009081279,0.34611043724316787,-3.065925473573158,2.8711493963632586,10.2091505322922
2293,22.92,0.0,0.0,0.0,0.0,0.7784447979024711,11.069382076144942,-1.1743068304727255,6.105160052033699,0.3539099908964426,-2.955611190674779,2.9736641256083667,10.29093727824247
2294,22.93,0.0,0.0,0.0,0.0,0.7528766190242916,11.106245262653365,-3.9710481241697693,1.1845913402300785,0.361589900339292,-2.8446920564820517,3.0769033503582444,10.353368643629073
2295,22.94,0.0,0.0,0.0,0.0,0.6986771677157328,11.092124324137327,-6.870970369344928,-4.0185606101333615,0.3688718312598494,-2.7336568568313013,-3.1025286880911507,10.393447156421594
2296,22.95,0.0,0.0,0.0,0.0,0.6157265667742373,11.026460012370164,-9.690482775194573,-9.046676306387363,0.3754673412048147,-2.6230220429681155,-2.99848938417293,10.410733445595927
2297,22.96,0.0,0.0,0.0,0.0,0.5057143892896478,10.913238866960528,-12.257422409112333,-13.463892793215779,0.3810959316097874,-2.513286748153567,-2.8943826797633525,10.40752447767088
2298,22.97,0.0,0.0,0.0,0.0,0.37185445691659175,10.760338154400518,-14.443529865366948,-16.93929751435018,0.3855019869862724,-2.404889911843773,-2.790391898830044,10.388483697483926
2299,22.98,0.0,0.0,0.0,0.0,0.21834231447247252,10.578210919066137,-16.18211103489704,-19.292179024361836,0.38846745192246473,-2.29817757018059,-2.6866450221030567,10.359868604593665
2300,22.990000000000002,0.0,0.0,0.0,0.0,0.04972772910575426,10.378355107472428,-17.467595639547156,-20.49055435090348,0.3898185070449505,-2.193384764944993,-2.5832032719899436,10.328627378366674
2301,23.0,0.0,0.0,0.0,0.0,-0.12963556319531605,10.171984393354965,-18.341785291355126,-20.615612721841213,0.3894262452902937,-2.0906320367470728,-2.4800582820373682,10.301619956550281
2302,23.01,0.0,0.0,0.0,0.0,-0.31597008590769193,9.969135662233445,-18.87495532734358,-19.813469694739798,0.3872026529068512,-1.9899331323920664,-2.3771357852989174,10.285105748141136
2303,23.02,0.0,0.0,0.0,0.0,-0.5062696205732364,9.778246176536465,-19.148561514585015,-18.251650423895494,0.38309372772404743,-1.8912092495864798,-2.2743029773105254,10.284515797109702
2304,23.03,0.0,0.0,0.0,0.0,-0.6983445894512295,9.60610396533628,-19.242880906966825,-16.088599367246406,0.37707143665752213,-1.794305535315209,-2.171376971972733,10.304448554787509
2305,23.04,0.0,0.0,0.0,0.0,-0.8907709995487808,9.458032981235815,-19.229974789606455,-13.456893936343695,0.3691257459490154,-1.6990067922821042,-2.0681325382311178,10.348803980784597
2306,23.05,0.0,0.0,0.0,0.0,-1.0827910775730734,9.33818999539306,-19.17080990403553,-10.457028815231313,0.35925743817361655,-1.6050506869966967,-1.9643081251703114,10.420981072966134
2307,23.06,0.0,0.0,0.0,0.0,-1.274199380084304,9.249887083708973,-19.114978667553416,-7.1579137647435696,0.34747201718372317,-1.512137805008591,-1.859609822192314,10.524086463793278
2308,23.07,0.0,0.0,0.0,0.0,-1.4652332750937074,9.195888638404359,-19.101654811987615,-3.6010750942655005,0.3337747403897464,-1.4199385777920583,-1.7537133181818048,10.661121913498066
2309,23.080000000000002,0.0,0.0,0.0,0.0,-1.6564747728640972,9.178655477875738,-19.160763357619125,0.19313763741602133,0.3181666912643136,-1.3280974873206888,-1.6462641785850023,10.835130250739835
2310,23.09,0.0,0.0,0.0,0.0,-1.8487618706438902,9.200519081577438,-19.31359796544604,4.217750262328353,0.30064178136340886,-1.2362351656379773,-1.5368769470013879,11.049280952221329
2311,23.1,0.0,0.0,0.0,0.0,-2.0431004429311623,9.263767025901734,-19.572192664301838,8.468971951837538,0.28118462579310277,-1.1439491761604175,-1.4251338019535202,11.306867468832897
2312,23.11,0.0,0.0,0.0,0.0,-2.2405602956100226,9.370606516462054,-19.9366239271347,12.931546019631694,0.2597693617078521,-1.0508145130026407,-1.3105838747104945,11.611166812072076
2313,23.12,0.0,0.0,0.0,0.0,-2.4421292915546395,9.522945015907643,-20.3890974829267,17.55608977154922,0.2363596891129594,-0.9563853127388514,-1.1927450018518106,11.965074307462283
2314,23.13,0.0,0.0,0.0,0.0,-2.6484859606230255,9.721883407482425,-20.883273639051183,22.22329595856404,0.21091073829527268,-0.8602000876930362,-1.0711108259883089,12.37036936810545
2315,23.14,0.0,0.0,0.0,0.0,-2.8596346581267293,9.966761313462538,-21.327233444487934,26.689321510047773,0.18337384537899887,-0.7617941099754322,-0.9451679553544308,12.826395971589267
2316,23.150000000000002,0.0,0.0,0.0,0.0,-3.0743368982335846,10.253551643932232,-21.560039094631332,30.510842218818514,0.15370594196552162,-0.6607244266163322,-0.814430368581852,13.327888542165816
2317,23.16,0.0,0.0,0.0,0.0,-3.2892965651249737,10.5724574194276,-21.32782531766801,32.965762397189856,0.12188585805707547,-0.5566148815679833,-0.678500739625057,13.861753984552575
2318,23.17,0.0,0.0,0.0,0.0,-3.4981801427176538,10.904916717090586,-20.279874932044617,33.02950941271203,0.08793976437018051,-0.4492285924277533,-0.537168356797934,14.40309685980824
2319,23.18,0.0,0.0,0.0,0.0,-3.690866477366378,11.221158334425661,-18.02723138068902,29.535848723103086,0.05197578633413485,-0.3385691631308868,-0.39054494946502344,14.91202481179204
2320,23.19,0.0,0.0,0.0,0.0,-3.8538050340350547,11.480942813128687,-14.311017745069973,21.670481897207505,0.014221492996135999,-0.2249931877741093,-0.23921468077024527,15.334747847163742
2321,23.2,0.0,0.0,0.0,0.0,-3.9725570110993798,11.640799313181986,-9.25402759126498,9.72804934818521,-0.02495241790811904,-0.10928505606211181,-0.08433263815399454,15.613356324281366
2322,23.21,0.0,0.0,0.0,0.0,-4.0365423666286215,11.667984010734973,-3.5058102297581257,-4.435275774270213,-0.06504576710425121,0.007376765326261196,0.0724225324305124,15.704526377363594
2323,23.22,0.0,0.0,0.0,0.0,-4.043651365777061,11.55423069179838,1.9540038086596692,-17.972181698354547,-0.10549218220596175,0.12360051919575221,0.22909270140171217,15.597882057575442
2324,23.23,0.0,0.0,0.0,0.0,-4.001282376992372,11.318940561805352,6.284627858137121,-28.438549226844202,-0.14575289352997298,0.23805348777861945,0.3838063813085924,15.320222938797723
2325,23.240000000000002,0.0,0.0,0.0,0.0,-3.9229695035029004,10.999249853308333,9.127281227100466,-34.812272348195535,-0.18539780574729245,0.3496974744493548,0.5350952801966471,14.922219356811233
2326,23.25,0.0,0.0,0.0,0.0,-3.823369495240407,10.635285103570762,10.586936794548997,-37.428284907422814,-0.22414163740129875,0.45789189087521487,0.6820335282765136,14.458654598811169
2327,23.26,0.0,0.0,0.0,0.0,-3.714714039208418,10.25987782080881,11.001637268784267,-37.28557067738012,-0.2618354902423134,0.5623664709291716,0.824201961171483,13.97459186001723
2328,23.27,0.0,0.0,0.0,0.0,-3.6056001682312004,9.89524213666376,10.734465357013486,-35.43358420318101,-0.2984348189920579,0.6631266007908762,0.9615614197829322,13.500842304894961
2329,23.28,0.0,0.0,0.0,0.0,-3.5013244007945574,9.554150928442688,10.074252609812994,-32.68887531211987,-0.33396392803404623,0.7603506634255743,1.0943145914596222,13.055475329237245
2330,23.29,0.0,0.0,0.0,0.0,-3.4047620487905754,9.242613917121787,9.21750057427763,-29.592284296576008,-0.36848721175442334,0.8543086581342164,1.2227958698886396,12.647375965912362
2331,23.3,0.0,0.0,0.0,0.0,-3.3172215976546675,8.962392368677667,8.284924633650853,-26.46487949229335,-0.4020893520646083,0.9453076078854548,1.3473969599500613,12.279613966332334
2332,23.31,0.0,0.0,0.0,0.0,-3.2390859005591417,8.712832810916481,7.344611386999378,-23.479704997645726,-0.4348630490650129,1.0336588411139167,1.4685218901789276,11.951918711475622
2333,23.32,0.0,0.0,0.0,0.0,-3.1702376090054556,8.49204351910541,6.431216823486746,-20.71935423797458,-0.46690205187652145,1.1196602065968417,1.586562258473365,11.662281128110866
2334,23.330000000000002,0.0,0.0,0.0,0.0,-3.1103221459034294,8.297589781584634,5.559304498390607,-18.214932729284154,-0.4982975826469177,1.2035874919953582,1.7018850746422778,11.407911927488064
2335,23.34,0.0,0.0,0.0,0.0,-3.0589026880694843,8.126877917454088,4.731859130254853,-15.970172286643717,-0.5291368101162734,1.2856911150394599,1.8148279251557333,11.185780605523572
2336,23.35,0.0,0.0,0.0,0.0,-3.015547744983017,7.97735220542539,3.9454931003987497,-13.975460871141298,-0.5595025084221095,1.3661956353852578,1.9256981438073673,10.992899950408408
2337,23.36,0.0,0.0,0.0,0.0,-2.97987785363519,7.8465860345915805,3.193591862640885,-12.215468846337046,-0.5894733700954702,1.4453006534968733,2.034774023592342,10.82646388822677
2338,23.37,0.0,0.0,0.0,0.0,-2.9515873645821205,7.732318339259995,2.46826671455393,-10.672774260859363,-0.6191246515251989,1.5231823141132363,2.1423069656384337,10.683905703842115
2339,23.38,0.0,0.0,0.0,0.0,-2.9304502125287226,7.632467488073973,1.7616785374444563,-9.328926097197348,-0.6485289509671097,1.599995039983882,2.2485239909509938,10.562917700602696
2340,23.39,0.0,0.0,0.0,0.0,-2.9163140872752167,7.5451436794481,1.067076280924843,-8.163788006200503,-0.6777569838884712,1.675873382697188,2.3536303665856595,10.461457766723317
2341,23.400000000000002,0.0,0.0,0.0,0.0,-2.909084850241128,7.468674103034969,0.37972596114099094,-7.153727000970774,-0.7068782503422848,1.7509340516630136,2.457812302005298,10.377758953276096
2342,23.41,0.0,0.0,0.0,0.0,-2.908702042832373,7.401649742756795,-0.3022451909717117,-6.269199397239564,-0.7359615012637888,1.8252782978890472,2.5612397991528373,10.310351785589168
2343,23.42,0.0,0.0,0.0,0.0,-2.915106841612398,7.342996360776054,-0.9772155065361788,-5.4724743032754,-0.7650749203300663,1.8989948878344776,2.6640698081645415,10.258103202388451
2344,23.43,0.0,0.0,0.0,0.0,-2.9282057709538494,7.2920634889460985,-1.63990471752787,-4.716492020902211,-0.7942859602492932,1.972163886602883,2.766449846852176,10.220269259899947
2345,23.44,0.0,0.0,0.0,0.0,-2.947836428763536,7.2487145702410025,-2.2819894931304585,-3.945944152680536,-0.8236608197386446,2.0448613553336634,2.868522175072308,10.196550999004538
2346,23.45,0.0,0.0,0.0,0.0,-2.9737442033659307,7.213391886311095,-2.8936995561820127,-3.1012922175190103,-0.8532636245328801,2.117164848459575,2.9704284729924546,10.187136089677026
2347,23.46,0.0,0.0,0.0,0.0,-3.0055795713664235,7.187127153104822,-3.4662849843135852,-2.1254630311116167,-0.8831554711956476,2.189159310923896,3.0723147821195433,10.192706724471247
2348,23.47,0.0,0.0,0.0,0.0,-3.042922379812577,7.171477888749644,-3.994824314308079,-0.9716276735136085,-0.9133935759854589,2.260942719264759,-3.1088490119293684,10.21440026856222
2349,23.48,0.0,0.0,0.0,0.0,-3.085332493175343,7.168391120238513,-4.480542334513222,0.3905038579196631,-0.9440308024587297,2.332630710691658,-3.006523794029199,10.253723613413856
2350,23.490000000000002,0.0,0.0,0.0,0.0,-3.132417811338641,7.180022105960306,-4.931866129077173,1.9723011345363046,-0.9751157929261319,2.404359591657358,-2.903709922596096,10.312439917298947
2351,23.5,0.0,0.0,0.0,0.0,-3.1839049816617484,7.208553911371744,-5.363908547711791,3.76877559522239,-1.0066938066795994,2.47628749667338,-2.8002040038266065,10.392458893033492
2352,23.51,0.0,0.0,0.0,0.0,-3.2396981473862674,7.256064330015631,-5.796690395287167,5.765193474587558,-1.0388082160417187,2.5485939458195377,-2.69578314531833,10.495762477401898
2353,23.52,0.0,0.0,0.0,0.0,-3.299916624347741,7.324470100818944,-6.25284348551947,7.945497660474242,-1.0715024888670377,2.621478442862178,-2.5902043754503703,10.624386725166685
2354,23.53,0.0,0.0,0.0,0.0,-3.3649103578561985,7.415554192932946,-6.755577428325255,10.300151297161237,-1.104822434507063,2.695158935715104,-2.483203936957419,10.780464550789144
2355,23.54,0.0,0.0,0.0,0.0,-3.4352586144875947,7.531061734657515,-7.327410711577081,12.831864112320893,-1.1388185141399059,2.7698709106337462,-2.3744958824059337,10.966320349145109
2356,23.55,0.0,0.0,0.0,0.0,-3.511760431865906,7.672840536083882,-7.989780778073467,15.558802407338092,-1.1735480894741006,2.845867689653997,-2.2637695280514882,11.184600967949788
2357,23.56,0.0,0.0,0.0,0.0,-3.5954248657141914,7.843002660476085,-8.76334430132296,18.515695327907768,-1.2090775691773543,2.923422256038113,-2.150685481964119,11.438427526190276
2358,23.57,0.0,0.0,0.0,0.0,-3.6874662557244537,8.04408927910493,-9.668613776420967,21.753481472763163,-1.2454844800606941,3.0028307240098124,-2.0348701031090797,11.731555534829385
2359,23.580000000000002,0.0,0.0,0.0,0.0,-3.789305745858662,8.279226309767932,-10.726491848175106,25.337821660992596,-1.2828595230371618,3.084417420385855,-1.9159083637565693,12.068532055626594
2360,23.59,0.0,0.0,0.0,0.0,-3.9025753879078624,8.552258004115512,-11.958142889563138,29.34600342688541,-1.3213086627100359,-3.114643881471763,-1.7933352187617273,12.454833392023374
2361,23.6,0.0,0.0,0.0,0.0,-4.029114231183413,8.867834534464494,-13.383330840596495,33.86036283710574,-1.3609552306876345,-3.0275810569603463,-1.6666258262727118,12.896948765647906
2362,23.61,0.0,0.0,0.0,0.0,-4.170933995101616,9.231399738064637,-15.01564436576376,38.9538769297051,-1.4019418636156824,-2.93712735550607,-1.5351854918903878,13.402333733166252
2363,23.62,0.0,0.0,0.0,0.0,-4.330109768279953,9.648961363755475,-16.851603235061766,44.659056627025265,-1.4444317740114516,-2.842773125014676,-1.3983413510032245,13.979071132035429
2364,23.63,0.0,0.0,0.0,0.0,-4.508509335504618,10.126400781585788,-18.84805339801768,50.903210323023266,-1.4886082187693126,-2.743948392304648,-1.2553401735353353,14.634910117090406
2365,23.64,0.0,0.0,0.0,0.0,-4.707200067753233,10.667850563916465,-20.87832609557679,57.38063059106919,-1.5346698256996407,-2.640031174327265,-1.1053613486276244,15.375050631669698
2366,23.650000000000002,0.0,0.0,0.0,0.0,-4.9252577664786585,11.272308342250874,-22.654325942141433,63.320557350847345,-1.582817282804871,-2.530379963489909,-0.947562680685038,16.197566108729532
2367,23.66,0.0,0.0,0.0,0.0,-5.157594554477689,11.927291541925623,-23.609575650802363,67.12999481466412,-1.6332235371142576,-2.414413826436024,-0.7811902893217665,17.084886096403313
2368,23.67,0.0,0.0,0.0,0.0,-5.391573701182026,12.598711276435797,-22.790075480616267,66.04266808736668,-1.6859761427365494,-2.2917749103142055,-0.6057987675776562,17.990284977617822
2369,23.68,0.0,0.0,0.0,0.0,-5.603293718944496,13.219409330754136,-18.947529195492542,56.35443806397916,-1.7409824158230953,-2.162603786593581,-0.4216213707704859,18.82270304969863
2370,23.69,0.0,0.0,0.0,0.0,-5.757325186487634,13.687596245468882,-11.197016700802454,35.357132650837094,-1.7978499840172968,-2.0278940859284154,-0.23004410191111854,19.444921431956516
2371,23.7,0.0,0.0,0.0,0.0,-5.816270321590182,13.894611253152206,-0.2322754454622801,5.001313104080117,-1.8558091769462641,-1.8897305209906239,-0.03392134404435993,19.710881574742388
2372,23.71,0.0,0.0,0.0,0.0,-5.7602877205550085,13.783022140538717,11.223354087459663,-26.69252846115814,-1.9137872445450514,-1.7510787481792665,0.1627084963657848,19.543309861093725
2373,23.72,0.0,0.0,0.0,0.0,-5.6006637777331125,13.387269214996325,20.08660420884422,-50.63067017291537,-1.9706657004416033,-1.615028224917263,0.35563747552434016,18.987932992729437
2374,23.73,0.0,0.0,0.0,0.0,-5.371819362764258,12.809581046790655,25.034398437604512,-63.00538138598471,-2.0255692356094666,-1.483941117366984,0.5416281182424824,18.18140040955491
2375,23.740000000000002,0.0,0.0,0.0,0.0,-5.111204116999917,12.15987352260135,26.63155177521519,-65.61650623890385,-2.077997587597929,-1.3590722540139193,0.7189253335840095,17.271077639601266
2376,23.75,0.0,0.0,0.0,0.0,-4.846140312038116,11.517121069138843,26.13356666626076,-62.23585268194291,-2.1277801067042215,-1.2407155751181402,0.887064531586081,16.36326138117696
2377,23.76,0.0,0.0,0.0,0.0,-4.5918904273075185,10.924481131052934,24.614145647704355,-56.01492518806591,-2.1749575601258377,-1.1285594994135504,1.0463980607122871,15.516371558360452
2378,23.77,0.0,0.0,0.0,0.0,-4.354985611429489,10.399780368057412,22.745944414770094,-48.87612812793035,-2.219676344813981,-1.021997754696719,1.197678590117262,14.754765979486901
2379,23.78,0.0,0.0,0.0,0.0,-4.136936410189503,9.946721849539179,20.88228435235101,-41.7910277327692,-2.262120405885072,-0.9203243416885794,1.3417960641964926,14.083658259728683
2380,23.79,0.0,0.0,0.0,0.0,-3.936782620368413,9.562381817610703,19.18270209144376,-35.17066071735484,-2.302474825658281,-0.8228340355056243,1.4796407901526565,13.499164437979116
2381,23.8,0.0,0.0,0.0,0.0,-3.752543159199954,9.241329739004264,17.703378361607577,-29.140091520850415,-2.3409091191875855,-0.728865765356768,1.6120433538308174,12.993872898204218
2382,23.81,0.0,0.0,0.0,0.0,-3.581961593455882,8.977622148389548,16.44940258532074,-23.695464427730112,-2.3775711886720403,-0.6378164040305724,1.7397547846414683,12.55958374184543
2383,23.82,0.0,0.0,0.0,0.0,-3.422866175869255,8.76563620658174,15.401793606471395,-18.785923643594835,-2.412586595228679,-0.5491410467613944,1.863445548467285,12.188502382450995
2384,23.830000000000002,0.0,0.0,0.0,0.0,-3.273338245788192,8.600311106352425,14.530266087030196,-14.354572386585213,-2.4460603540336345,-0.46234825674020896,1.983712097293426,11.873649352140617
2385,23.84,0.0,0.0,0.0,0.0,-3.131794496280894,8.477095496949863,13.79852717157749,-10.358720688861428,-2.4780799205615773,-0.3769945390732116,2.101085381488366,11.608889993230758
2386,23.85,0.0,0.0,0.0,0.0,-2.997036842753502,8.391749592302652,13.165928185640835,-6.779853239220562,-2.5087188071466673,-0.2926801527051478,2.2160386544415194,11.388786435056154
2387,23.86,0.0,0.0,0.0,0.0,-2.8682943608545184,8.340078257662716,12.587687823951732,-3.6278856736947787,-2.538040646689283,-0.20904729392414625,2.328993352765137,11.208372618517235
2388,23.87,0.0,0.0,0.0,0.0,-2.745263782182344,8.31764436444325,12.015173348606549,-0.940840442832036,-2.5661036690318566,-0.1257810858062091,2.440322583225648,11.062908146625594
2389,23.88,0.0,0.0,0.0,0.0,-2.6281418283000746,8.319511331545325,11.397435358947982,1.2209116540388858,-2.5929655519517043,-0.042613333474785714,2.550352218476919,10.9476531598454
2390,23.89,0.0,0.0,0.0,0.0,-2.517631776855868,8.34007710468566,10.684955739455123,2.7874284756696754,-2.618688485129025,0.04067154470807308,2.659360029837098,10.857708881541528
2391,23.900000000000002,0.0,0.0,0.0,0.0,-2.4148993984840006,8.373074735570167,9.83602013164777,3.6996718122321646,-2.6433440685387124,0.12422969451700992,2.7675737630557227,10.787974134054167
2392,23.91,0.0,0.0,0.0,0.0,-2.3214543684369033,8.411808511366537,8.825009499096952,3.935419084091402,-2.6670174136072484,0.20815214142209112,2.87516955502934,10.73326287980344
2393,23.92,0.0,0.0,0.0,0.0,-2.2389479266163628,8.449650457561887,7.650354127588932,3.5339440514590796,-2.6898096369131212,0.29246277958997624,2.9822724165030974,10.688598384178249
2394,23.93,0.0,0.0,0.0,0.0,-2.1689068928680393,8.480735881272846,6.338698602097514,2.609362940804365,-2.711837980641412,0.3771224157044815,3.0889603963458936,10.649642774140885
2395,23.94,0.0,0.0,0.0,0.0,-2.112458557538653,8.500696219571038,4.942196751399848,1.343701163832465,-2.7332331702432433,0.46204012393370164,-3.0879120130026414,10.613154777109692
2396,23.95,0.0,0.0,0.0,0.0,-2.070120783562757,8.50721071001522,3.528381057368623,-0.041766046419879466,-2.754134285124335,0.5470912046738273,-2.981959817381424,10.577331493577978
2397,23.96,0.0,0.0,0.0,0.0,-2.0417192842604273,8.500196771197531,2.165625955123631,-1.327828233587986,-2.7746821295162714,0.6321389589989269,-2.876364218664388,10.541916055457959
2398,23.97,0.0,0.0,0.0,0.0,-2.026450609568301,8.481588062124935,0.9094518360510895,-2.3358248411962657,-2.795012511720921,0.7170562816107103,-2.771116513847955,10.508038671693235
2399,23.98,0.0,0.0,0.0,0.0,-2.0230580604804724,8.45479949341896,-0.20582537219685326,-2.950232558121441,-2.815250762460372,0.8017433365275766,-2.6661912081916372,10.477857553899433
2400,23.990000000000002,0.0,0.0,0.0,0.0,-2.030056664223071,8.424067111227814,-1.1685899978479934,-3.121267041971282,-2.8355083148317717,0.886139090621346,-2.5615379017264686,10.454123775450885
2401,24.0,0.0,0.0,0.0,0.0,-2.0459442170790787,8.393844629927148,-1.986070209065455,-2.852247547334344,-2.855881508964323,0.9702264022366949,-2.4570773959785686,10.439788847006227
2402,24.01,0.0,0.0,0.0,0.0,-2.069358895314765,8.368366798289687,-2.6779989193245917,-2.1803175160407102,-2.8764522606286014,1.0540318539470634,-2.352701192603922,10.437725693604452
2403,24.02,0.0,0.0,0.0,0.0,-2.099172022079252,8.351406639494598,-3.270318746035664,-1.157916050584017,-2.8972899813555624,1.1376221946232308,-2.248273131200793,10.45057866157385
2404,24.03,0.0,0.0,0.0,0.0,-2.1345243893178676,8.346196254866845,-3.790319398385808,0.1610413212846924,-2.918454132049447,1.2210992109939598,-2.1436319641361794,10.480720644184712
2405,24.04,0.0,0.0,0.0,0.0,-2.1748227920521868,8.35545774713199,-4.263529270341356,1.729412733501476,-2.939996926251968,1.3045944042755488,-2.03859397665207,10.530280539184176
2406,24.05,0.0,0.0,0.0,0.0,-2.2197131091496707,8.381492032201962,-4.712052926079444,3.5103713742329,-2.961965869425073,1.388264304732517,-1.9329551330219965,10.601205141351633
2407,24.060000000000002,0.0,0.0,0.0,0.0,-2.2690417792252258,8.426285114221725,-5.153819260761233,5.477572704145751,-2.9844059634237037,1.472286789797331,-1.8264925539585515,10.695326893446952
2408,24.07,0.0,0.0,0.0,0.0,-2.32281205508174,8.491603884215273,-5.602205442982498,7.613031940781426,-3.007361496486913,1.5568584316400562,-1.7189653790526174,10.814415939297014
2409,24.080000000000002,0.0,0.0,0.0,0.0,-2.3811364142471554,8.57906176540495,-6.065572441456378,9.903256584667353,-3.0308773772900035,1.6421926664949362,-1.6101152633946467,10.960198179652105
2410,24.09,0.0,0.0,0.0,0.0,-2.4441821486632223,8.69013696258167,-6.546297536788969,12.33357445792676,-3.0549999631894074,1.7285183984917554,-1.4996669454984237,11.134319111244892
2411,24.1,0.0,0.0,0.0,0.0,-2.512103027225754,8.826122476877327,-7.038882540265251,14.880000546700062,-3.079777282431779,1.8160784653135638,-1.3873295594342436,11.33822550410308
2412,24.11,0.0,0.0,0.0,0.0,-2.5849454625760004,8.987977616673378,-7.526661510551973,17.49742373662172,-3.1052584571826407,1.9051271421490599,-1.2727997078478859,11.572923079249378
2413,24.12,0.0,0.0,0.0,0.0,-2.6625125893049386,9.176036288309904,-7.976591425879688,20.102492011460594,-3.1314919937618977,1.995925488840684,-1.1557678245770044,11.838548877614842
2414,24.13,0.0,0.0,0.0,0.0,-2.744164958604172,9.389511316544207,-8.331757338472986,22.549778156239647,3.1246628913756127,2.0887328161059857,-1.035930075269627,12.133676275148378
2415,24.14,0.0,0.0,0.0,0.0,-2.828535803022203,9.62572742571696,-8.501958431286022,24.601761347241148,3.0968008139457077,2.183791889841804,-0.9130089241039038,12.454263228739162
2416,24.150000000000002,0.0,0.0,0.0,0.0,-2.9131513175421033,9.879046096250732,-8.354810478458141,25.899126401516945,3.0680911624770038,2.2813049220115227,-0.7867862404654812,12.792197413792836
2417,24.16,0.0,0.0,0.0,0.0,-2.9939902714699365,10.139568511686171,-7.714138890407843,25.950845696928965,3.038550128436038,2.3813975356730746,-0.6571525927629637,13.133558783156108
2418,24.17,0.0,0.0,0.0,0.0,-3.065116257826646,10.391993161004345,-6.378842679257815,24.183257274313853,3.0082434836145837,2.4840700409068974,-0.5241734427076864,13.457109418830992
2419,24.18,0.0,0.0,0.0,0.0,-3.118671776962844,10.615475702247807,-4.1788797381997,20.099261909360887,2.977306228224118,2.589141380020675,-0.38816484820344294,13.73414747921065
2420,24.19,0.0,0.0,0.0,0.0,-3.1456458279751014,10.785728053516001,-1.0719863171855137,13.561643186523826,2.9459587701645487,2.696201833272249,-0.24975693689230002,13.931373881491103
2421,24.2,0.0,0.0,0.0,0.0,-3.1376752189403283,10.880175454540264,2.75747459913632,5.088253739596207,2.914510276962306,2.8046019082434883,-0.1099083687188178,14.017850673480593
2422,24.21,0.0,0.0,0.0,0.0,-3.089495791438643,10.88508179128185,6.883090975193262,-4.096926469634953,2.8833400688399125,2.9135046776625595,0.030164608822646845,13.974577582720492
2423,24.22,0.0,0.0,0.0,0.0,-3.0008370330313623,10.80107361752946,10.764978268181514,-12.441108174699483,2.8528560830960523,3.0220049312529342,0.16914884815688175,13.80191065056082
2424,24.23,0.0,0.0,0.0,0.0,-2.8765112380879856,10.643341789174103,13.96060174190262,-18.684786729790897,2.8234427364070958,3.129278989553307,0.30583625314621116,13.519853027262089
2425,24.240000000000002,0.0,0.0,0.0,0.0,-2.724609633910388,10.436276898974029,16.268680984507206,-22.281381007008143,2.7954179188924226,-3.048478291266945,0.4392890970202184,13.160886532884417
2426,24.25,0.0,0.0,0.0,0.0,-2.553986114271928,10.206085050426118,17.72651105157521,-23.37865178496801,2.769012808563993,-2.9452573682728795,0.5689151303427135,12.760071164698047
2427,24.26,0.0,0.0,0.0,0.0,-2.3723258864763457,9.975234188480393,18.511254872384992,-22.518662500268245,2.7443747228990714,-2.844357964460314,0.6944526198202009,12.34756007495674
2428,24.27,0.0,0.0,0.0,0.0,-2.1852902598715387,9.760127701502654,18.83616749190887,-20.33032197506248,2.721583945856825,-2.745699413813621,0.8159019475091399,11.945417961374194
2429,24.28,0.0,0.0,0.0,0.0,-1.9965060407990862,9.571247747641639,18.88839772189399,-17.350963099603177,2.700674538143972,-2.6490673845280126,0.9334433845076014,11.567753788440726
2430,24.29,0.0,0.0,0.0,0.0,-1.8079610238179238,9.414431449987942,18.807510720768107,-13.970260880298657,2.6816528839097953,-2.554167178459056,1.0473652448107345,11.222392473805867
2431,24.3,0.0,0.0,0.0,0.0,-1.6204838081575057,9.29232540872604,18.68708158196718,-10.44143126783818,2.66451166858575,-2.4606628160273116,1.1580108225665242,10.912809216883545
2432,24.310000000000002,0.0,0.0,0.0,0.0,-1.4341569920350825,9.205587092740608,18.584571837503805,-6.9151694498017955,2.649239322570914,-2.368202651771358,1.265743332837314,10.63974408477569
2433,24.32,0.0,0.0,0.0,0.0,-1.248624952632222,9.153734641327674,18.53175124920738,-3.473820055092613,2.6358258554727603,-2.2764347318577434,1.3709247198490824,10.402359593959895
2434,24.330000000000002,0.0,0.0,0.0,0.0,-1.0633075860864993,9.135689011430005,18.54288432796389,-0.15826737611784483,2.6242661013768016,-2.185015252492561,1.4739039533102238,10.198996597516505
2435,24.34,0.0,0.0,0.0,0.0,-0.8775455328761687,9.150087306143767,18.62028116237711,3.012995628340715,2.614561191263456,-2.093612806153014,1.5750113097631167,10.027632839019937
2436,24.35,0.0,0.0,0.0,0.0,-0.6907014026099378,9.195437552480447,18.757642244840888,6.030880289142775,2.6067188115659765,-2.001910337994416,1.6745561576191934,9.886138955090384
2437,24.36,0.0,0.0,0.0,0.0,-0.5022361717311559,9.270165592395623,18.941770667441233,8.886805286611935,2.600752588226492,-1.9096061280140502,1.772826590939044,9.772401764126778
2438,24.37,0.0,0.0,0.0,0.0,-0.3117745205991665,9.3725866337921,19.153144555824724,11.566305508656683,2.5966807715789604,-1.816414701894103,1.8700898337065228,9.684361154391267
2439,24.38,0.0,0.0,0.0,0.0,-0.11916849924131473,9.500820800941176,19.365736454967887,14.044089879889173,2.594524282495308,-1.7220683184151993,1.9665927062690793,9.61998930018249
2440,24.39,0.0,0.0,0.0,0.0,0.07543460787386991,9.65266399190193,19.546407402039463,16.27999238441582,2.5943041044251918,-1.6263195322721655,2.0625616704822285,9.57722938402806
2441,24.400000000000002,0.0,0.0,0.0,0.0,0.2715176207492959,9.825422204636903,19.654215144138853,18.215744024445545,2.5960379635246484,-1.528945237809629,2.1582021058453087,9.553904583887606
2442,24.41,0.0,0.0,0.0,0.0,0.4681131779233197,10.015719309036461,19.640063026043094,19.773010714990278,2.599736231213868,-1.4297525128095634,2.2536965631561543,9.547606131113142
2443,24.42,0.0,0.0,0.0,0.0,0.6637239737432888,10.219295545296518,19.447266572192145,20.853722324476593,2.6053970188466455,-1.3285864500118043,2.349201838321136,9.555571571553228
2444,24.43,0.0,0.0,0.0,0.0,0.8562562979541842,10.430827265276765,19.013783405734415,21.34430343429921,2.6130005274019483,-1.2253399299435968,2.444844849834041,9.57457096732258
2445,24.44,0.0,0.0,0.0,0.0,1.042987649691639,10.643816693657723,18.27693120348367,21.125779207474984,2.6225028822013927,-1.119964895193621,2.5407175297845725,9.600829043966083
2446,24.45,0.0,0.0,0.0,0.0,1.2205967687308283,10.85061942486134,17.18121622346172,20.091405302963175,2.633829929912122,-1.0124841011056516,2.6368712761618127,9.630022656130512
2447,24.46,0.0,0.0,0.0,0.0,1.3852875526005362,11.042686990635525,15.6891692989689,18.17182537845796,2.646871780200009,-0.9030015789009475,2.7333119480786294,9.65739943803499
2448,24.47,0.0,0.0,0.0,0.0,1.5330309013466372,11.211086417214428,13.793701965512044,15.364385992519901,2.66147916349528,-0.7917093228502586,2.8299968208340474,9.678055515867792
2449,24.48,0.0,0.0,0.0,0.0,1.6599248407567655,11.347302774468664,11.52872294745821,11.75874627082647,2.6774628130860134,-0.6788873360522657,2.926835158041307,9.687377933711899
2450,24.490000000000002,0.0,0.0,0.0,0.0,1.7626335025932234,11.444233281492274,8.973519329343524,7.54764338047515,2.6945968947188175,-0.5648945692229496,3.023693843237819,9.68159977889905
2451,24.5,0.0,0.0,0.0,0.0,1.838821689778636,11.49717200868445,6.247038942071051,3.013097927395563,2.71262688814732,-0.45014976073705093,3.120408658295215,9.658350318905814
2452,24.51,0.0,0.0,0.0,0.0,1.887477111333413,11.504522030895776,3.4914105757009692,-1.5136183660856655,2.7312813424331073,-0.33510357370366173,-3.0663849161367693,9.617044919562364
2453,24.52,0.0,0.0,0.0,0.0,1.9090287728051163,11.468013592829111,0.8486836057964027,-5.708134570780587,2.7502858909078403,-0.22020594710557545,-2.970491838013416,9.558984820023994
2454,24.53,0.0,0.0,0.0,0.0,1.9052287618047155,11.39235578790629,-1.5619155094061496,-9.306816421529074,2.769377262685112,-0.10587411703326237,-2.8752513797183745,9.487127026101575
2455,24.54,0.0,0.0,0.0,0.0,1.8788393665203278,11.284436492636166,-3.6592503038136273,-12.141042343016526,2.7883150763335505,0.0075334571193053776,-2.7807816192142454,9.405597126115838
2456,24.55,0.0,0.0,0.0,0.0,1.8332203779669525,11.152313354756382,-5.40483220736817,-14.144522021752891,2.8068899163558503,0.11973389640026684,-2.6871560199555837,9.31909297678943
2457,24.560000000000002,0.0,0.0,0.0,0.0,1.7719205366836297,11.004252868522588,-6.797957028331554,-15.33782280521382,2.8249272248676225,0.2305266664086226,-2.594400558459,9.232332331838958
2458,24.57,0.0,0.0,0.0,0.0,1.6983483902354608,10.847994158169216,-7.865446169230343,-15.800879076520705,2.8422874598299015,0.3397917555480995,-2.5024957042818023,9.149645767933755
2459,24.580000000000002,0.0,0.0,0.0,0.0,1.6155545931905835,10.69030153002304,-8.650236534060996,-15.644258002149044,2.858863509486991,0.4474819246019387,-2.411381584885053,9.074746936832456
2460,24.59,0.0,0.0,0.0,0.0,1.5261214256935984,10.536780227250544,-9.201674165660007,-14.985987707611898,2.874576480115345,0.5536118442117414,-2.3209646359036036,9.010658801556946
2461,24.6,0.0,0.0,0.0,0.0,1.432135418686818,10.391884795488755,-9.568670359984845,-13.93628819422773,2.889370818365212,0.6582464188330952,-2.231124399532117,8.959749376801938
2462,24.61,0.0,0.0,0.0,0.0,1.3352140201225724,10.259042631612163,-9.795661137206562,-12.589539350016187,2.903209453434503,0.7614898305842039,-2.1417196228502995,8.92382861148959
2463,24.62,0.0,0.0,0.0,0.0,1.2365612066754241,10.140829558812968,-9.92073235268084,-11.02155256031584,2.9160693686863213,0.8634761229156892,-2.052593245770632,8.904268352137544
2464,24.63,0.0,0.0,0.0,0.0,1.1370341773662753,10.03915472469906,-9.975158624542141,-9.29012734255371,2.9279377965765474,0.9643616140192895,-1.963576182557258,8.902120547332785
2465,24.64,0.0,0.0,0.0,0.0,1.0372103103982777,9.955430276011061,-9.98372066516301,-7.43732576895426,2.938809088319069,1.0643190974113643,-1.8744899909077049,8.918219965612783
2466,24.650000000000002,0.0,0.0,0.0,0.0,0.9374490245735932,9.890714113575196,-9.96534581183748,-5.4924578247320905,2.9486822303329228,1.163533610583184,-1.785148619749739,8.953265089001603
2467,24.66,0.0,0.0,0.0,0.0,0.8379469037233012,9.84582161636041,-9.933776649582533,-3.4752463674783685,2.957558945850208,1.2621994775385417,-1.6953594683116666,9.00787471263711
2468,24.67,0.0,0.0,0.0,0.0,0.7387867894680802,9.821405708287521,-9.898085022907399,-1.3989848285901534,2.965442316319445,1.3605183102216436,-1.6049240060978018,9.082618918819442
2469,24.68,0.0,0.0,0.0,0.0,0.6399830135473469,9.818005264135419,-9.862913797851407,0.7262653738295626,2.9723358721641735,1.4586976526367585,-1.5136382195274152,9.178022250588072
2470,24.69,0.0,0.0,0.0,0.0,0.5415259508298254,9.836060531837909,-9.828356948244828,2.890230100600997,2.97824312945342,1.5569499461690206,-1.4212931832843996,9.294534581008083
2471,24.7,0.0,0.0,0.0,0.0,0.4434299321022427,9.875891557683337,-9.789393005773928,5.078405565025083,2.983167585178441,1.6554914689098552,-1.3276761162685862,9.432461625581094
2472,24.71,0.0,0.0,0.0,0.0,0.345789425308346,9.937631908075693,-9.734783093261768,7.267062347815297,2.9871132285369275,1.7545408438769818,-1.232572384659946,9.591842482767346
2473,24.72,0.0,0.0,0.0,0.0,0.24884925296051585,10.021105746074355,-9.645355581330094,9.416846168170645,2.990085679097256,1.8543166129206028,-1.1357690661766533,9.772256493113838
2474,24.73,0.0,0.0,0.0,0.0,0.153095133423873,10.125632589870364,-9.491665294933505,11.464692375449602,2.992094123541062,1.9550332338605798,-1.0370608896804825,9.97253745644649
2475,24.740000000000002,0.0,0.0,0.0,0.0,0.059370137648171596,10.249743324285214,-9.231207778971957,13.314269008152117,2.9931542836831366,2.05689469373898,-0.9362595899441571,10.190373186637043
2476,24.75,0.0,0.0,0.0,0.0,-0.03098105280964742,10.390798382790985,-8.805800075921526,14.826352750736195,2.993292689446737,2.1600847936026435,-0.8332078958440937,10.421779435600632
2477,24.76,0.0,0.0,0.0,0.0,-0.11594794643544587,10.54452344791531,-8.140534246162446,15.812832019826867,2.992552507228187,2.264753172467512,-0.7277993347606753,10.660471394350756
2478,24.77,0.0,0.0,0.0,0.0,-0.1926976210543879,10.704531633293485,-7.146875430454061,16.041532160475494,2.991001006905082,2.3709965304900398,-0.6200044764150422,10.897229254347872
2479,24.78,0.0,0.0,0.0,0.0,-0.25748482841893605,10.861991797066215,-5.733565547061833,15.262587043105217,2.988738326493682,2.4788356250259094,-0.5099027014677731,11.119476625485152
2480,24.79,0.0,0.0,0.0,0.0,-0.3057248069353442,11.005713601854474,-3.8286175530285877,13.2666430024221,2.9859064146698953,2.5881907682732512,-0.3977156463966445,11.311438408789819
2481,24.8,0.0,0.0,0.0,0.0,-0.33234098898686715,11.12297817031099,-1.4115340479106435,9.973837483376686,2.9826959558811557,2.698861647163153,-0.28383430871800286,11.455319159297858
2482,24.810000000000002,0.0,0.0,0.0,0.0,-0.3324491541517944,11.201312443002836,1.4542116426339724,5.526282694164077,2.9793481382267974,2.810520139457325,-0.16882799876947274,11.53376159715463
2483,24.82,0.0,0.0,0.0,0.0,-0.30228848567220734,11.230980160493269,4.607952325578207,0.32826354239993477,2.9761481846343014,2.9227248925926497,-0.05342329204165175,11.533268646165476
2484,24.830000000000002,0.0,0.0,0.0,0.0,-0.24010786750712157,11.20737792158644,7.815866467104597,-5.01852167095438,2.9734094867632277,3.0349612120558764,0.06155172529264874,11.447485789093562
2485,24.84,0.0,0.0,0.0,0.0,-0.14662238674452782,11.132245445878688,10.83015209520842,-9.879566448431286,2.971450732490132,-3.136485494878673,0.1752490798107811,11.278867832623217
2486,24.85,0.0,0.0,0.0,0.0,-0.024812045871275213,11.013044610693186,13.455302826415762,-13.771609130640869,2.9705716985174004,-3.025726631744513,0.28688697691767295,11.037856656564461
2487,24.86,0.0,0.0,0.0,0.0,0.12083107593325443,10.860821691332974,15.587623026774686,-16.46908627878936,2.9710340365596175,-2.9163348369949857,0.39581643362498303,10.73999061539972
2488,24.87,0.0,0.0,0.0,0.0,0.28525036663398884,10.68757844419674,17.214896510785707,-17.99698115853343,2.9730508930971102,-2.808580115183877,0.5015542988985988,10.402328077562752
2489,24.88,0.0,0.0,0.0,0.0,0.46361407379420805,10.504146133805655,18.38852219012658,-18.547550481259634,2.9767854429753755,-2.7026169122614756,0.6037829519427351,10.040532060011447
2490,24.89,0.0,0.0,0.0,0.0,0.6517779853250045,10.3190114631913,19.189298623092007,-18.382557042391753,2.9823557363003563,-2.598502504943794,0.7023270659354353,9.667233477866295
2491,24.900000000000002,0.0,0.0,0.0,0.0,0.8464383530844783,10.138012081438715,19.70112978769598,-17.760985884910195,2.989842557468441,-2.496222570993498,0.7971201787176464,9.291573728354237
2492,24.91,0.0,0.0,0.0,0.0,1.0450809081509238,9.964579149110506,19.996486566366954,-16.901474046194956,2.9992976960166726,-2.3957167801073274,0.8881708310555858,8.919498240959582
2493,24.92,0.0,0.0,0.0,0.0,1.2458345784799933,9.800213280256632,20.131251095744393,-15.971202522796128,3.0107511529774613,-2.296900571785025,0.9755335824170998,8.554378701776638
2494,24.93,0.0,0.0,0.0,0.0,1.4473041667978956,9.644989513383543,20.145046398811868,-15.08936665080468,3.0242167335003463,-2.1996819071002878,1.0592866665789522,8.197685346585647
2495,24.94,0.0,0.0,0.0,0.0,1.6484203356190992,9.497993768168316,20.063963050532706,-14.336263900836567,3.0396960328072624,-2.1039732664735946,1.1395160078987292,7.849573432549216
2496,24.95,0.0,0.0,0.0,0.0,1.8483208121959076,9.357662574136569,19.903868575437407,-13.763002821699512,3.057181073238239,-2.0096997613161056,1.2163044726252412,7.509341761940661
2497,24.96,0.0,0.0,0.0,0.0,2.0462637975205764,9.22203226719386,19.673456499475897,-13.399715229339431,3.0766559165360374,-1.9168043135101782,1.2897250771333706,7.175768469673284
2498,24.97,0.0,0.0,0.0,0.0,2.241569241662055,9.088916133946242,19.376752421002895,-13.261746485384661,3.0980975540779885,-1.825250720033647,1.3598370330679508,6.847346892284187
2499,24.98,0.0,0.0,0.0,0.0,2.4335823273994155,8.956029144773185,19.015057934009793,-13.354007041148158,3.121476325588166,-1.735025223520228,1.4266837580711922,6.522446817373769
2500,24.990000000000002,0.0,0.0,0.0,0.0,2.6216538871735406,8.821076673462544,18.588409007258342,-13.673897236522576,-3.1364292457805187,-1.6461370274475065,1.4902922183330123,6.199422786289004
2501,25.0,0.0,0.0,0.0,0.0,2.8051333673665324,8.68181931555609,18.0966418958723,-14.21322889237107,-3.1092912122894254,-1.5586180519955426,1.5506731602938828,5.876685948189558
2502,25.01,0.0,0.0,0.0,0.0,2.9833708284646536,8.536121989028938,17.54014594167782,-14.959499495030176,-3.0803440548218606,-1.4725221257059977,1.6078219291158629,5.552751160564284
2503,25.02,0.0,0.0,0.0,0.0,3.1557251620935,8.38199236771615,16.920362434930244,-15.896789620609386,-3.0496434110932475,-1.3879237426113344,1.661719668481913,5.22626720562265
2504,25.03,0.0,0.0,0.0,0.0,3.3215762090740304,8.217611397888948,16.24007196400073,-17.006474694968386,-3.017251236321511,-1.3049164761615617,1.7123347601599495,4.896035188814918
2505,25.04,0.0,0.0,0.0,0.0,3.480338829971989,8.041357087259232,15.503502425335602,-18.267874242675646,-2.9832355242810507,-1.2236111221455463,1.759624402135504,4.561018257287243
2506,25.05,0.0,0.0,0.0,0.0,3.6314772769938397,7.851821814704717,14.716285946365417,-19.658905531422512,-2.9476698848857743,-1.1441336360828003,1.803536248802974,4.2203445377108775
2507,25.060000000000002,0.0,0.0,0.0,0.0,3.7745184995475896,7.647822976110114,13.885293774457361,-21.156763024995367,-2.9106329823685413,-1.0666229306240045,1.8440100517445366,3.8733044765625246
2508,25.07,0.0,0.0,0.0,0.0,3.909063321771105,7.428406751578743,13.018381499609566,-22.738610023686604,-2.8722078502982042,-0.9912286007854416,1.8809792495127624,3.519343429807638
2509,25.080000000000002,0.0,0.0,0.0,0.0,4.034794772443124,7.192845045467408,12.124080525599192,-24.38224475224857,-2.8324811086117854,-0.9181086458607883,1.9143724627509968,3.1580502730242834
2510,25.09,0.0,0.0,0.0,0.0,4.151483218017582,6.940626100742515,11.211273514994376,-26.066690586603798,-2.7915421131986498,-0.847427254193604,1.9441148590050457,2.789142882724933
2511,25.1,0.0,0.0,0.0,0.0,4.258988323336636,6.671439806356508,10.288890259609735,-27.77265918571939,-2.749482070185978,-0.7793527093996064,1.9701293607863715,2.412451483019872
2512,25.11,0.0,0.0,0.0,0.0,4.357258207621036,6.3851591881257015,9.365655529765236,-29.482845038632338,-2.706393145074052,-0.7140554640023189,1.9923376810717333,2.0279009805046657
2513,25.12,0.0,0.0,0.0,0.0,4.44632644017142,6.081819903295904,8.449912223421316,-31.182028142841208,-2.662367591740245,-0.6517064097391052,2.01066118200114,1.635493463124484
2514,25.13,0.0,0.0,0.0,0.0,4.526307701872573,5.761599677370485,7.549532539074891,-32.856984997016816,-2.6174969188906365,-0.5924753548069925,2.0250215640836444,1.2352919754979128
2515,25.14,0.0,0.0,0.0,0.0,4.597393008082218,5.424799494490703,6.67191830336394,-34.49623313345023,-2.5718711028323034,-0.5365296993582879,2.035341403474016,0.8274064864084849
2516,25.150000000000002,0.0,0.0,0.0,0.0,4.659845343150921,5.071827982166567,5.824080446194191,-36.08965745807259,-2.525577846618329,-0.48403328410505203,2.041544562513277,0.4119826390156458
2517,25.16,0.0,0.0,0.0,0.0,4.713996407778676,4.703189853029599,5.012778197594874,-37.62808471332649,-2.4787018777809804,-0.43514537522254265,2.043556502558438,-0.010806554749076547
2518,25.17,0.0,0.0,0.0,0.0,4.760244949799773,4.319478542113374,4.244691808059501,-39.10288324767327,-2.4313242709536143,-0.3900197436460035,2.041304527307611,-0.4407664076863993
2519,25.18,0.0,0.0,0.0,0.0,4.799056866359191,3.9213723872632626,3.5265990286552222,-40.50566758463209,-2.383521778359371,-0.34880379940531675,2.0347179789540544,-0.8776844790959282
2520,25.19,0.0,0.0,0.0,0.0,4.830966964357794,3.50963293228407,2.8655254818421194,-41.828180321690226,-2.3353661507690293,-0.31163775206331884,2.0237283987057104,-1.321334032073724
2521,25.2,0.0,0.0,0.0,0.0,4.856581981369478,3.0851032812761354,2.2688424280617583,-43.06240751115978,-2.286923434114024,-0.2786537859206919,2.008269648193332,-1.771478700093343
2522,25.21,0.0,0.0,0.0,0.0,4.876584234993541,2.6487039905694956,1.7442920935594168,-44.20095837250214,-2.2382532321442095,-0.2499752617859143,1.9882779703582951,-2.2278802444240458
2523,25.22,0.0,0.0,0.0,0.0,4.891735115578419,2.2014238349761395,1.2999301985397793,-45.23770734478125,-2.1894079326854743,-0.225715983267706,1.9636919494177683,-2.690311280602279
2524,25.23,0.0,0.0,0.0,0.0,4.9028775895189805,1.744302991175409,0.9439867168445094,-46.16865871688111,-2.1404319032354766,-0.20597959146372832,1.9344523117717483,-3.1585745983435713
2525,25.240000000000002,0.0,0.0,0.0,0.0,4.910936950271333,1.2784067735351694,0.684657745141083,-46.99295533204692,-2.0913606697138305,-0.19085917385233084,1.9005014958614996,-3.6325301767361635
2526,25.25,0.0,0.0,0.0,0.0,4.916919236456306,0.8047890220549465,0.5298515727953356,-47.713918074273174,-2.042220098984689,-0.18043718730851974,1.861782911676169,-4.112130214401359
2527,25.26,0.0,0.0,0.0,0.0,4.92190700194241,0.32444551440712327,0.4869180272739467,-48.33997673652525,-1.9930256102988735,-0.17478579802496647,1.818239812273907,-4.597461487535287
2528,25.27,0.0,0.0,0.0,0.0,4.927052415285395,-0.16174074835735933,0.5623891118060531,-48.88533805306625,-1.9437814424826008,-0.17396773013442995,1.7698137123481708,-5.088793163642754
2529,25.28,0.0,0.0,0.0,0.0,4.9335679012940155,-0.653058958084867,0.7617481684070712,-49.37023122891987,-1.894480002658772,-0.17803768850558963,1.7164423141531824,-5.586626859378883
2530,25.29,0.0,0.0,0.0,0.0,4.942714606344715,-1.1490295776031476,1.0892218919641137,-49.82056639111223,-1.8451013196249764,-0.18704437890246292,1.6580569407225134,-6.091744183947863
2531,25.3,0.0,0.0,0.0,0.0,4.9557887383117905,-1.6494563089074281,1.5475520564766898,-50.26681940775321,-1.7956126230367793,-0.20103308982103257,1.5945795332157466,-6.605245047219219
2532,25.310000000000002,0.0,0.0,0.0,0.0,4.974105140167253,-2.1544620323525203,2.13764832580101,-50.741889848591455,-1.7459680720340347,-0.22004872241781775,1.525919349616217,-7.128567172519773
2533,25.32,0.0,0.0,0.0,0.0,4.9989760956644105,-2.664496605044269,2.8579439181516912,-51.277529170535665,-1.6961086694964194,-0.2441390510376648,1.4519696184587545,-7.663472700708679
2534,25.330000000000002,0.0,0.0,0.0,0.0,5.03168104768834,-3.1802991032644035,3.7031619884553186,-51.8986549783235,-1.6459624287709302,-0.27335785155602776,1.3726045772149025,-8.211980150952744
2535,25.34,0.0,0.0,0.0,0.0,5.073419225344224,-3.702788098775025,4.662038871003876,-52.61440184524649,-1.595444919983176,-0.3077673195015271,1.2876776004816488,-8.776207324119248
2536,25.35,0.0,0.0,0.0,0.0,5.125231593525769,-4.232838842395682,5.713332610288652,-53.404080438637735,-1.5444604291803308,-0.34743886789628986,1.197021561284041,-9.358070435921451
2537,25.36,0.0,0.0,0.0,0.0,5.187870584369306,-4.770883919103988,6.819199266132071,-54.195410051181824,-1.4929041371390848,-0.39245087865981665,1.1004532584792681,-9.958754503473294
2538,25.37,0.0,0.0,0.0,0.0,5.261586040744792,-5.316244540098229,7.914892714484319,-54.831908029475954,-1.4406659891659779,-0.4428812040817855,0.9977847850841924,-10.57783058084302
2539,25.38,0.0,0.0,0.0,0.0,5.345786800816854,-5.866072266675727,8.894193789041886,-55.02756877743942,-1.3876372916735238,-0.49879113925215135,0.8888461524213723,-11.21185906749258
2540,25.39,0.0,0.0,0.0,0.0,5.438539951262747,-6.413787730669285,9.59210116472994,-54.313338483435885,-1.3337214817561531,-0.5601963650013544,0.773525116754799,-11.852327681932032
2541,25.400000000000002,0.0,0.0,0.0,0.0,5.535909966599111,-6.947023740977563,9.772095257124292,-51.99754203115902,-1.2788507429406724,-0.6270196835377723,0.6518310594029,-12.482933707576674
2542,25.41,0.0,0.0,0.0,0.0,5.631264407800007,-7.4454599547299996,9.136438713234854,-47.19684921903932,-1.2230095888028774,-0.6990220548494057,0.5239875339534718,-13.076724362530006
2543,25.42,0.0,0.0,0.0,0.0,5.714923606314682,-7.8797082561238625,7.390346123568078,-39.03305396886082,-1.1662641186903637,-0.7757158514590983,0.39054826723126546,-13.594631862438543
2544,25.43,0.0,0.0,0.0,0.0,5.774833614371263,-8.213345310534299,4.3832925766019875,-27.068512504274885,-1.1087903028223098,-0.8562807155768434,0.25250958724546635,-13.988178924905561
2545,25.44,0.0,0.0,0.0,0.0,5.798917517736393,-8.410125852411257,0.288151960499439,-11.859892102182645,-1.0508874598508444,-0.9395246649476631,0.11136279490318125,-14.20904337014765
2546,25.45,0.0,0.0,0.0,0.0,5.778847118690701,-8.445591483380916,-4.323937023583302,4.809805761744292,-0.9929602487300672,-1.02394199529313,-0.03098174656306263,-14.224438602071617
2547,25.46,0.0,0.0,0.0,0.0,5.713387793609785,-8.317358387170906,-8.655562980080253,20.464162976887632,-0.9354630229612824,-1.1078870306213535,-0.17242400766007115,-14.03074618078069
2548,25.47,0.0,0.0,0.0,0.0,5.608964424459653,-8.046793690254699,-12.03142653392366,33.012632657995745,-0.8788231669819287,-1.1898122265584248,-0.3109890595764959,-13.655758114714352
2549,25.48,0.0,0.0,0.0,0.0,5.476984109813943,-7.670655945499923,-14.151909359329483,41.533415005077664,-0.8233757800056758,-1.2684703872806238,-0.4450946072749478,-13.147640055313865
2550,25.490000000000002,0.0,0.0,0.0,0.0,5.3298885918819705,-7.228841178064602,-15.08969699570797,46.25799487194012,-0.7693336193293852,-1.3430071833600183,-0.5736735640306332,-12.558729769946574
2551,25.5,0.0,0.0,0.0,0.0,5.178212514922705,-6.755291039256904,-15.121346924741376,48.04576164093538,-0.7167928624484996,-1.4129427021858352,-0.6961498397373358,-11.933503554179609
2552,25.51,0.0,0.0,0.0,0.0,5.02942996646397,-6.274460297294961,-14.560415664968609,47.86674306717172,-0.6657593338142909,-1.4780899387197333,-0.8123306049054424,-11.30389026375893
2553,25.52,0.0,0.0,0.0,0.0,4.888102038316584,-5.801806328674385,-13.667522783422434,46.52462188714621,-0.6161791219809731,-1.5384600665066013,-0.922280944525628,-10.689908366990968
2554,25.53,0.0,0.0,0.0,0.0,4.75656489789624,-5.345935276882852,-12.626830554849805,44.585562739056925,-0.5679644657361869,-1.5941825997528052,-1.0262181340166183,-10.102500174779092
2555,25.54,0.0,0.0,0.0,0.0,4.635662830530926,-4.910874042687118,-11.555370968919378,42.40807849878145,-0.521012260788646,-1.6454484884965441,-1.124436227707898,-9.546536873218043
2556,25.55,0.0,0.0,0.0,0.0,4.525329162271123,-4.497864707272596,-10.521406273613449,40.2002526163138,-0.4752159211300823,-1.6924737745173828,-1.2172578533873004,-9.023193869543718
2557,25.560000000000002,0.0,0.0,0.0,0.0,4.42498679430804,-4.106598464402275,-9.561204589957176,38.071751581353254,-0.4304723462035524,-1.735478346013417,-1.3050059998098646,-8.531585258710315
2558,25.57,0.0,0.0,0.0,0.0,4.333802657354131,-3.735996981565548,-8.691370140880888,36.0720151855436,-0.38668565013399764,-1.7746746537190137,-1.387989003585016,-8.06979963891968
2559,25.580000000000002,0.0,0.0,0.0,0.0,4.250840488935041,-3.3846785772895887,-7.9170057788368915,34.215600227897134,-0.34376888952455387,-1.8102625577055647,-1.4664936681810108,-7.63551906622463
2560,25.59,0.0,0.0,0.0,0.0,4.175148332783071,-3.0512211615612492,-7.236795802483198,32.49807065014925,-0.3016446155355203,-1.8424277409989993,-1.540783125463479,-7.22636949434432
2561,25.6,0.0,0.0,0.0,0.0,4.1058062041995935,-2.73429998720225,-6.646041032877251,30.905607198566667,-0.26024476720593753,-1.8713420743190397,-1.611097307113102,-6.840106191401844
2562,25.61,0.0,0.0,0.0,0.0,4.041950347966279,-2.432750663604745,-6.138409419558513,29.42066094767731,-0.21951021586388592,-1.8971649516758933,-1.6776547358120073,-6.474701011571024
2563,25.62,0.0,0.0,0.0,0.0,3.9827842032106724,-2.145588744421588,-5.706911098887492,28.025186250865573,-0.1793901398855619,-1.920045018803893,-1.7406548789183311,-6.12837294763226
2564,25.63,0.0,0.0,0.0,0.0,3.9275820949266973,-1.8720048981921473,-5.3444195278167035,26.702414774147655,-0.13984132995485815,-1.9401219632307014,-1.8002806332758432,-5.799586993118845
2565,25.64,0.0,0.0,0.0,0.0,3.875689124729146,-1.611347081698904,-5.04393557105234,25.437755218553384,-0.10082747855277625,-1.957528183782546,-1.8567007052297697,-5.48703620642805
2566,25.650000000000002,0.0,0.0,0.0,0.0,3.8265191913677197,-1.363096559435746,-4.79871225979994,24.21916865687368,-0.06231848105115341,-1.9723902466852983,-1.9100717656341448,-5.1896157508034655
2567,25.66,0.0,0.0,0.0,0.0,3.779552159300648,-1.1268418807068141,-4.602308910832277,23.0372281412225,-0.024289761448972276,-1.9848300890188049,-1.9605403275698325,-4.906394040007462
2568,25.67,0.0,0.0,0.0,0.0,3.734330669041598,-0.9022532918941979,-4.448613303095327,21.884988173504105,0.013278371520158806,-1.9949659625346652,-2.008244334054824,-4.636583960935796
2569,25.68,0.0,0.0,0.0,0.0,3.6904567945593842,-0.689059067644487,-4.331852427403571,20.757741616505665,0.050401335524207044,-2.0029131302540857,-2.0533144657782927,-4.3795158622038715
2570,25.69,0.0,0.0,0.0,0.0,3.647588606939152,-0.48702461927468993,-4.246601455767044,19.65271408894776,0.08709085185981152,-2.00878433974341,-2.0958751916032217,-4.134613226213842
2571,25.7,0.0,0.0,0.0,0.0,3.605436641543238,-0.29593482511040525,-4.187794273916526,18.568729916514183,0.12335548784648202,-2.012690103346752,-2.136045591193234,-3.9013714666536434
2572,25.71,0.0,0.0,0.0,0.0,3.563760251462494,-0.11557973901403855,-4.150735500697325,17.505873990193955,0.15920116333657625,-2.014738818579264,-2.17393998191584,-3.679339990476533
2573,25.72,0.0,0.0,0.0,0.0,3.5223638399686097,0.05425637575400001,-4.131112325487468,16.465167369133013,0.19463162015316599,-2.015036762347131,-2.209668382500297,-3.4681074642146097
2574,25.73,0.0,0.0,0.0,0.0,3.4810929843605947,0.21380289298198193,-4.12500404127222,15.448269524127598,0.22964885329046375,-2.0136879913268984,-2.243336844617362,-3.2672900913786127
2575,25.740000000000002,0.0,0.0,0.0,0.0,3.4398304841394256,0.3633078636409158,-4.128887368897728,14.457215971908981,0.2642535029391362,-2.0107941782069942,-2.2750476811461304,-3.0765226204985097
2576,25.75,0.0,0.0,0.0,0.0,3.398492382851237,0.5030406320120678,-4.1396362316749835,13.494196411035425,0.2984452068156274,-2.006454409985636,-2.304899616801263,-2.895451750839169
2577,25.76,0.0,0.0,0.0,0.0,3.357024022955971,0.6332924449535438,-4.154515323501373,12.56137529835185,0.3322229128233372,-2.0007649704955788,-2.332987883318916,-2.723731578002427
2578,25.77,0.0,0.0,0.0,0.0,3.3153961962996283,0.7543754771352993,-4.171167469364111,11.660754157054479,0.3655851526886687,-1.993819125104268,-2.3594042777929367,-2.561020719164329
2579,25.78,0.0,0.0,0.0,0.0,3.273601449961148,0.8666206771698736,-4.187595316690734,10.794072845908103,0.39853027783161693,-1.9857069213819272,-2.384237199213544,-2.4069807727912744
2580,25.79,0.0,0.0,0.0,0.0,3.231650599808424,0.9703748041010731,-4.202138279095692,9.962745568823797,0.43105665929362985,-1.9765150156461941,-2.407571674939824,-2.261275795707351
2581,25.8,0.0,0.0,0.0,0.0,3.189569493646628,1.0659969767185205,-4.213445874909961,9.167826539053857,0.46316285401912843,-1.9663265318249112,-2.4294893858440396,-2.1235725169281077
2582,25.810000000000002,0.0,0.0,0.0,0.0,3.1473960539307235,1.153855005168085,-4.220448678590502,8.409999863004684,0.49484774014627014,-1.9552209561162388,-2.450068696262509,-1.9935410487626386
2583,25.82,0.0,0.0,0.0,0.0,3.10517761794887,1.234321720017164,-4.222328063347329,7.689588276393971,0.5261106242022309,-1.9432740685025194,-2.4693846927047503,-1.8708558979317063
2584,25.830000000000002,0.0,0.0,0.0,0.0,3.0629685821529065,1.3077714619222733,-4.218485792120606,7.006575739825221,0.556951323219789,-1.9305579102860118,-2.4875092335058007,-1.7551971202306331
2585,25.84,0.0,0.0,0.0,0.0,3.0208283475627247,1.3745768478603517,-4.208514344013611,6.360639474209192,0.5873702248086042,-1.9171407854238853,-2.5045110102324895,-1.646251499702373
2586,25.85,0.0,0.0,0.0,0.0,2.9788195552476706,1.4351058890275972,-4.192168672184864,5.751187694370318,0.6173683281430109,-1.9030872924899902,-2.520455620633001,-1.5437136662200734
2587,25.86,0.0,0.0,0.0,0.0,2.9370065948906103,1.4897195016274047,-4.169339898320509,5.177400005880976,0.6469472686860153,-1.8884583835154856,-2.5354056522015007,-1.4472870932632056
2588,25.87,0.0,0.0,0.0,0.0,2.895454365285024,1.5387694248610235,-4.1400312728129975,4.6382681101326915,0.6761093292776335,-1.8733114456880702,-2.5494207749657036,-1.3566849404240005
2589,25.88,0.0,0.0,0.0,0.0,2.8542272631090055,1.5825965400308029,-4.104336577402688,4.13263507951723,0.7048574399897896,-1.8577004018539056,-2.562557841843695,-1.2716307230782027
2590,25.89,0.0,0.0,0.0,0.0,2.8133883751990947,1.6215295700276011,-4.062421022249752,3.6592319980600445,0.7331951689073973,-1.8416758259045483,-2.5748709948119455,-1.1918588051714936
2591,25.900000000000002,0.0,0.0,0.0,0.0,2.7729988495348086,1.6558841287149613,-4.014504592632332,3.2167112053225737,0.761126705745991,-1.8252850693912932,-2.586411775137284,-1.1171147208198473
2592,25.91,0.0,0.0,0.0,0.0,2.733117420965783,1.6859620839380245,-3.9608477298121367,2.8036757341523426,0.7886568399724826,-1.8085723960457663,-2.597229236018249,-1.0471553370277586
2593,25.92,0.0,0.0,0.0,0.0,2.6938000691249617,1.7120511952062345,-3.9017391828219603,2.4187048030808223,0.8157909348622058,-1.7915791212641774,-2.607370056126383,-0.9817488739187272
2594,25.93,0.0,0.0,0.0,0.0,2.655099787761747,1.7344249867523902,-3.837485839162656,2.0603754221707677,0.8425348987085788,-1.774343754005526,-2.616878652714105,-0.9206748010093566
2595,25.94,0.0,0.0,0.0,0.0,2.6170664467279807,1.753342817991615,-3.7684043287330784,1.727280308542225,0.8688951542043067,-1.7569021389413613,-2.625797293145668,-0.8637236287363657
2596,25.95,0.0,0.0,0.0,0.0,2.5797467299263404,1.7690501158440943,-3.694814193110311,1.4180423962849331,0.8948786068351303,-1.7392875970633468,-2.634166203898477,-0.810696614082246
2597,25.96,0.0,0.0,0.0,0.0,2.5431841345841115,1.7817787365119393,-3.6170324183480833,1.1313262757062643,0.9204926129712078,-1.721531063294632,-2.64202367626584,-0.7614053980721722
2598,25.97,0.0,0.0,0.0,0.0,2.507419019179961,1.7917474277773353,-3.5353691411075765,0.8658469183320884,0.9457449482041372,-1.7036612199583234,-2.6494061681624608,-0.7156715914026255
2599,25.98,0.0,0.0,0.0,0.0,2.472488689178945,1.799162366471167,-3.4501243530351347,0.620376044679989,0.9706437763607405,-1.6857046252273729,-2.6563484015881134,-0.6733263227077779
2600,25.990000000000002,0.0,0.0,0.0,0.0,2.4384275113990443,1.8042177492719542,-3.361585445217379,0.3937464780446695,0.9951976195242342,-1.6676858359164348,-2.662883455440669,-0.6342097621270901
2601,26.0,0.0,0.0,0.0,0.0,2.4052670493260178,1.8070964183180398,-3.2700254520528125,0.18485480443413518,1.01941532930972,-1.6496275241774838,-2.6690428534872037,-0.598170631007978
2602,26.01,0.0,0.0,0.0,0.0,2.373036213013712,1.8079705061777858,-3.1757018711233687,-0.007337369722044421,1.0433060595705475,-1.6315505878308332,-2.6748566474013806,-0.5650657068359262
2603,26.02,0.0,0.0,0.0,0.0,2.3417614183582334,1.8070020874846242,-3.078855952049319,-0.18380330153981012,1.066879240654384,-1.6134742542036764,-2.6803534948580605,-0.5347593308736092
2604,26.03,0.0,0.0,0.0,0.0,2.3114667515270484,1.8043438269912557,-2.979712362509493,-0.3454519083330961,1.0901445552810594,-1.5954161774624747,-2.685560732743534,-0.5071229245357927
2605,26.04,0.0,0.0,0.0,0.0,2.282174135172659,1.8001396159327532,-2.8784791534178,-0.49312927860358174,1.1131119160759924,-1.5773925295174123,-2.6905044455934046,-0.48203451923990603
2606,26.05,0.0,0.0,0.0,0.0,2.2539034937769444,1.7945251904258837,-2.7753479575879516,-0.6276207278462883,1.1357914447634827,-1.5594180846483865,-2.695209529411869,-0.4593783033510608
2607,26.060000000000002,0.0,0.0,0.0,0.0,2.226672916073988,1.7876287271927898,-2.6704943671089856,-0.7496532561123674,1.1581934530002038,-1.541506298057143,-2.699699751057347,-0.4390441888811982
2608,26.07,0.0,0.0,0.0,0.0,2.2004988129977807,1.779571413206212,-2.564078444151692,-0.8598982881221409,1.1803284248117465,-1.5236693785901347,-2.7039978034018812,-0.4209273997915688
2609,26.080000000000002,0.0,0.0,0.0,0.0,2.175396070012278,1.7704679869375055,-2.4562453281359438,-0.9589745978814728,1.2022070005813483,-1.5059183559053841,-2.7081253564867325,-0.40492808307477235
2610,26.09,0.0,0.0,0.0,0.0,2.151378193015874,1.7604272497743916,-2.3471259092227608,-1.0474513382908448,1.223839962530278,-1.4882631423752026,-2.7121031049054807,-0.3909509432414826
2611,26.1,0.0,0.0,0.0,0.0,2.128457447281673,1.7495525468881004,-2.2368375440759283,-1.1258511122920372,1.245238221622904,-1.4707125900270477,-2.715950811649952,-0.3789049003935727
2612,26.11,0.0,0.0,0.0,0.0,2.1066449891099905,1.7379422173936545,-2.1254847948928135,-1.1946530358618452,1.2664128058248019,-1.4532745428294045,-2.7196873486542064,-0.36870277171633603
2613,26.12,0.0,0.0,0.0,0.0,2.0859509900371584,1.725690014083614,-2.0131601769420873,-1.254295754860203,1.28737484964036,-1.4359558846284908,-2.723330734268851,-0.36026097595354445
2614,26.13,0.0,0.0,0.0,0.0,2.06638475357462,1.7128854933450723,-1.89994490338504,-1.3051803875888586,1.3081355848549863,-1.4187625830374162,-2.7268981678924025,-0.3534992602295475
2615,26.14,0.0,0.0,0.0,0.0,2.047954824548914,1.6996143761084834,-1.7859096190860715,-1.3476733731442587,1.3287063324077288,-1.4016997295717117,-2.7304060619794406,-0.34834044844043044
2616,26.150000000000002,0.0,0.0,0.0,0.0,2.0306690911840963,1.685958880841184,-1.6711151175347263,-1.3821092124567398,1.349098495320764,-1.3847715763161204,-2.7338700716368844,-0.34471021034291227
2617,26.16,0.0,0.0,0.0,0.0,2.014534880116303,1.671998029700427,-1.5556130369749412,-1.4087930944963805,1.3693235526142726,-1.3679815693965633,-2.737305122010836,-0.3425368504158761
2618,26.17,0.0,0.0,0.0,0.0,1.9995590445611517,1.6578079290125967,-1.4394465334433253,-1.4280034046642947,1.389393054137019,-1.3513323795199146,-2.7407254336569338,-0.3417511155485551
2619,26.18,0.0,0.0,0.0,0.0,1.9857480458709265,1.6434620252561747,-1.3226509297107598,-1.4399941160354557,1.4093186162452978,-1.334825929832515,-2.7441445460778127,-0.3422860206147518
2620,26.19,0.0,0.0,0.0,0.0,1.9731080287230192,1.629031337704149,-1.2052543401522673,-1.4449970670127992,1.4291119182655039,-1.3184634213364048,-2.7475753396019087,-0.3440766910188702
2621,26.2,0.0,0.0,0.0,0.0,1.9616448901768961,1.6145846688344594,-1.0872782723860428,-1.4432241312112102,1.4487846996776281,-1.30224535609129,-2.7510300557689185,-0.34706022134243675
2622,26.21,0.0,0.0,0.0,0.0,1.9513643428248473,1.6001887935495214,-0.9687382071532035,-1.4348692871202122,1.4683487579597156,-1.2861715584191,-2.754520316378816,-0.3511755492753259
2623,26.22,0.0,0.0,0.0,0.0,1.9422719722448136,1.5859086281639243,-0.8496441583955172,-1.4201105963833742,1.487815947035076,-1.2702411943183658,-2.758057141353442,-0.3563633440808893
2624,26.23,0.0,0.0,0.0,0.0,1.9343732889418663,1.5718073800257926,-0.7300012158455936,-1.3991121004580616,1.507198176266423,-1.254452789286137,-2.76165096555256,-0.36256590891607376
2625,26.240000000000002,0.0,0.0,0.0,0.0,1.9276737749406283,1.5579466785366285,-0.6098100727044381,-1.3720256460451437,1.5265074099424543,-1.2388042447373728,-2.7653116546798273,-0.3697270964039998
2626,26.25,0.0,0.0,0.0,0.0,1.9221789251640595,1.5443866882281845,-0.4890675411533551,-1.33899265005884,1.5457556672042618,-1.2232928532042986,-2.7690485204085604,-0.37779223693587505
2627,26.26,0.0,0.0,0.0,0.0,1.9178942837060913,1.5311862044463387,-0.3677670585549651,-1.3001458150881235,1.5649550223599147,-1.2079153124923727,-2.7728703348522874,-0.3867080792597526
2628,26.27,0.0,0.0,0.0,0.0,1.9148254750767262,1.518402732082206,-0.24589918724819343,-1.255610806320191,1.584117605536513,-1.1926677389645497,-2.7767853445010626,-0.3964227429945202
2629,26.28,0.0,0.0,0.0,0.0,1.91297823046907,1.5060925476813167,-0.12345211084539096,-1.2055079007841687,1.6032556036198753,-1.1775456801214983,-2.780801283741374,-0.40688568278775317
2630,26.29,0.0,0.0,0.0,0.0,1.9123584090688865,1.494310745154374,-0.000412129909674687,-1.1499536195570739,1.622381261431992,-1.1625441266429397,-2.7849253880749316,-0.41804766391451254
2631,26.3,0.0,0.0,0.0,0.0,1.912972014398716,1.4831112652078429,0.12323584017500541,-1.0890623532718247,1.6415068830968775,-1.1476575240532543,-2.789164407150132,-0.429860749190873
2632,26.310000000000002,0.0,0.0,0.0,0.0,1.9148252056609227,1.47254690851129,0.24750776641308395,-1.0229479909003185,1.6606448335447959,-1.1328797841741554,-2.793524617718951,-0.4422782971496326
2633,26.32,0.0,0.0,0.0,0.0,1.9179243040172753,1.4626693325204911,0.3724199878677681,-0.9517255613630459,1.6798075401047314,-1.1182042965272383,-2.7980118366319697,-0.4552549714967842
2634,26.330000000000002,0.0,0.0,0.0,0.0,1.9222757937170822,1.45352903178223,0.4979886952962183,-0.8755128970563281,1.6990074941339786,-1.103623939850722,-2.8026314339847005,-0.4687467619348522
2635,26.34,0.0,0.0,0.0,0.0,1.9278863179615977,1.4451753014582267,0.6242293983891898,-0.7944323278974202,1.7182572526327307,-1.0891310938968348,-2.8073883465295655,-0.482711016503371
2636,26.35,0.0,0.0,0.0,0.0,1.934762669369583,1.4376561837220587,0.7511563784019137,-0.7086124139749606,1.7375694397905463,-1.0747176516791985,-2.812287091469745,-0.49710648564752424
2637,26.36,0.0,0.0,0.0,0.0,1.942911774887441,1.431018396604857,0.8787821241128154,-0.6181897243703461,1.7569567484097228,-1.0603750323436993,-2.817331780753422,-0.5118933782825839
2638,26.37,0.0,0.0,0.0,0.0,1.9523406749676138,1.4253072447923456,1.0071167492057473,-0.5233106691877583,1.7764319411493674,-1.0460941948406197,-2.822526135989987,-0.5270334301752682
2639,26.38,0.0,0.0,0.0,0.0,1.9630564968205206,1.4205665118081947,1.1361673893261353,-0.42413339131299305,1.7960078515316948,-1.0318656525814496,-2.8278735041131444,-0.5424899850123259
2640,26.39,0.0,0.0,0.0,0.0,1.9750664215287819,1.4168383329558354,1.265937577219374,-0.32082972391763703,1.8156973846504383,-1.0176794892694434,-2.8333768739198817,-0.5582280885729465
2641,26.400000000000002,0.0,0.0,0.0,0.0,1.9883776447971067,1.4141630483332361,1.396426594507156,-0.21358721925455199,1.8355135175186743,-1.003525376099876,-2.83903889361855,-0.5742145964638705
2642,26.41,0.0,0.0,0.0,0.0,2.002997331097693,1.412579035181772,1.5276287988007096,-0.10261125385920576,1.8554692989913968,-0.9893925905327906,-2.8448618895241875,-0.590418295915921
2643,26.42,0.0,0.0,0.0,0.0,2.0189325609585067,1.4121225187811492,1.6595329249760222,0.011872785098791682,1.875577849195484,-0.9752700368488595,-2.8508478860443436,-0.6068100421773575
2644,26.43,0.0,0.0,0.0,0.0,2.0361902711305886,1.4128273610564268,1.7921213595457146,0.12961722786482285,1.8958523583970863,-0.961146268707059,-2.8569986271041454,-0.6233629100741618
2645,26.44,0.0,0.0,0.0,0.0,2.054777187360548,1.414724826019774,1.9253693871512587,0.25034976030197975,1.9163060852340554,-0.947009513931284,-2.8633155991653396,-0.640052361340774
2646,26.45,0.0,0.0,0.0,0.0,2.0746997494846386,1.4178433211276622,2.059244408255764,0.37377096808203736,1.936952354237834,-0.932847701762268,-2.869800056000102,-0.6568564283569764
2647,26.46,0.0,0.0,0.0,0.0,2.09596402855215,1.4222081135924016,2.1937051271465684,0.49955178264695543,1.957804552566794,-0.9186484928202491,-2.876453045387043,-0.6737559149597483
2648,26.47,0.0,0.0,0.0,0.0,2.1185756356765078,1.4278410206437733,2.328700709341315,0.627330824503064,1.9788761258695904,-0.9043993120340031,-2.8832754379035936,-0.6907346150327345
2649,26.48,0.0,0.0,0.0,0.0,2.1425396223036026,1.4347600726903404,2.46416990743765,0.7567116390086417,2.0001805731944793,-0.8900873848017803,-2.89026795799626,-0.7077795496132622
2650,26.490000000000002,0.0,0.0,0.0,0.0,2.1678603715763276,1.4429791482786571,2.6000401543390548,0.8872598191996549,2.0217314408569806,-0.8756997766607769,-2.8974312175177577,-0.7248812232976705
2651,26.5,0.0,0.0,0.0,0.0,2.1945414804633177,1.452507579690116,2.7362266226341654,1.0185000093569696,2.043542315175348,-0.861223436752778,-2.9047657519281262,-0.7420339007732017
2652,26.51,0.0,0.0,0.0,0.0,2.2225856323063735,1.4633497279469125,2.8726312486930996,1.1499127819263375,2.0656268139797196,-0.8466452453857295,-2.912272059365449,-0.759235904359461
2653,26.52,0.0,0.0,0.0,0.0,2.2519944594253585,1.4755045259181563,3.0091417197756565,1.2809313790537942,2.0879985767972653,-0.831952066003676,-2.9199506428009414,-0.7764899335072022
2654,26.53,0.0,0.0,0.0,0.0,2.2827683954010847,1.4889649881220972,3.145630422124546,1.4109383083917177,2.110671253612207,-0.8171308018908577,-2.927802055503065,-0.7938034072789875
2655,26.54,0.0,0.0,0.0,0.0,2.314906516634049,1.5037176857076704,3.2819533476406226,1.5392617809684888,2.1336584920952757,-0.8021684579506617,-2.9358269500459375,-0.8111888309263786
2656,26.55,0.0,0.0,0.0,0.0,2.34840637275145,1.5197421849664992,3.417948956323707,1.665171976830841,2.1569739231934872,-0.7870522079155784,-2.944026131109066,-0.8286641877849508
2657,26.560000000000002,0.0,0.0,0.0,0.0,2.3832638054038555,1.5370104475720785,3.553436991213629,1.7878771218961942,2.1806311449662084,-0.7717694673619078,-2.952400612328116,-0.846253357831777
2658,26.57,0.0,0.0,0.0,0.0,2.4194727549585875,1.5554861905656558,3.688217242111403,1.9065193570720298,2.2046437045491936,-0.7563079729215576,-2.960951677470751,-0.8639865643929316
2659,26.580000000000002,0.0,0.0,0.0,0.0,2.45702505455704,1.5751242039067042,3.8220682539148445,2.020170378301232,2.2290250781228242,-0.740655868104246,-2.9696809462270704,-0.8819008506503359
2660,26.59,0.0,0.0,0.0,0.0,2.4959102109594387,1.5958696231809073,3.9547459750077425,2.1278268239209557,2.2537886487552847,-0.7248017961663584,-2.978590444921643,-0.9000405877785314
2661,26.6,0.0,0.0,0.0,0.0,2.5361151715537895,1.6176571548125553,4.0859823408404425,2.2284053837635502,2.2789476819856653,-0.7087350004878039,-2.9876826824734692,-0.9184580167412342
2662,26.61,0.0,0.0,0.0,0.0,2.5776240768554874,1.6404102508645275,4.215483787686017,2.3207376030218665,2.304515299005058,-0.6924454329463408,-2.9969607319513987,-0.9372138259909599
2663,26.62,0.0,0.0,0.0,0.0,2.6204179977749096,1.6640402302362014,4.34292969163435,2.4035643533736106,2.3305044472872543,-0.6759238708090627,-3.006428318096317,-0.9563777675387082
2664,26.63,0.0,0.0,0.0,0.0,2.664474656881712,1.6884453427965667,4.46797072828184,2.4755299446079877,2.356927868512612,-0.6591620426943101,-3.0160899112069224,-0.9760293140851453
2665,26.64,0.0,0.0,0.0,0.0,2.7097681328538585,1.7135097727337658,4.59022714942261,2.535175852547432,2.383798063621335,-0.6421527641928839,-3.025950827814219,-0.9962583601200927
2666,26.650000000000002,0.0,0.0,0.0,0.0,2.756268547268182,1.739102577182314,4.709286974493821,2.580934044050772,2.4111272548235143,-0.6248900837760937,-3.036017338599608,-1.0171659700858677
2667,26.66,0.0,0.0,0.0,0.0,2.803941732878186,1.765076556035776,4.824704096786864,2.611119888143894,2.4389273443853274,-0.6073694396581089,-3.0462967840434363,-1.0388651768424102
2668,26.67,0.0,0.0,0.0,0.0,2.8527488825399687,1.7912670488014837,4.9359963077560804,2.623924654862245,2.467209870001924,-0.5895878283215157,-3.0567976983234395,-1.061481833738485
2669,26.68,0.0,0.0,0.0,0.0,2.902646178002695,1.8174906544549077,5.042643247473664,2.617407621470783,2.4959859565594287,-0.5715439854561324,-3.067529942015561,-1.0851555235477874
2670,26.69,0.0,0.0,0.0,0.0,2.9535843978920986,1.8435438705675395,5.14408429581355,2.5894878309113567,2.525266264081442,-0.5532385800999111,-3.078504844181353,-1.110040527324559
2671,26.7,0.0,0.0,0.0,0.0,3.00550850440255,1.8692016485927085,5.239716427829942,2.5379355815253257,2.555060931649065,-0.5346744228056308,-3.089735354454696,-1.1363068558098413
2672,26.71,0.0,0.0,0.0,0.0,3.058357208505724,1.8942158632020076,5.328892068713794,2.460363772646107,2.585379517080595,-0.5158566886831751,-3.1012362057637706,-1.1641413453037162
2673,26.72,0.0,0.0,0.0,0.0,3.112062513911941,1.9183136950958055,5.410916999509024,2.3542192903681114,2.6162309321564767,-0.49679315618151554,-3.1130240883379923,-1.1937488188161354
2674,26.73,0.0,0.0,0.0,0.0,3.1665492406323814,1.9411959289250165,5.48504838552603,2.216774695037754,2.647623373181022,-0.4774944624694366,-3.1251178356504585,-1.225353311707365
2675,26.740000000000002,0.0,0.0,0.0,0.0,3.2217345298378617,1.9625351710501235,5.550493026414817,2.045120570739305,2.6795642466842247,-0.45797437624349113,-3.137538622927716,-1.2591993587877381
2676,26.75,0.0,0.0,0.0,0.0,3.2775273328677628,1.9819739960667746,5.606405961771248,1.8361590218179589,2.7120600900900595,-0.4382500887240126,3.132875128365514,-1.2955533368009882
2677,26.76,0.0,0.0,0.0,0.0,3.3338278887953265,1.999123036628811,5.651889610868865,1.5865989574091135,2.7451164872131995,-0.4183425234843051,3.1197262964820816,-1.3347048521665155
2678,26.77,0.0,0.0,0.0,0.0,3.390527197014287,2.0135590384393525,5.685993681895201,1.2929539975233117,2.7787379784999637,-0.3982766655776966,3.106170663101926,-1.3769681585749347
2679,26.78,0.0,0.0,0.0,0.0,3.447506494010025,2.024822911752771,5.70771615747664,0.9515440690125669,2.8129279660072553,-0.37808191016278014,3.092175431009551,-1.422683582257254
2680,26.79,0.0,0.0,0.0,0.0,3.5046367469733903,2.0324178227820786,5.7160057520525065,0.5585020417156438,2.847688613220966,-0.35779243045626563,3.077704263502355,-1.4722189241913117
2681,26.8,0.0,0.0,0.0,0.0,3.5617781813988816,2.0358073835295367,5.709766345564902,0.10978708765685617,2.8830207399641545,-0.3374475643355903,3.0627170028798414,-1.5259707978693449
2682,26.810000000000002,0.0,0.0,0.0,0.0,3.618779865489804,2.0344140172628657,5.6878640293516955,-0.3987931703381077,2.918923712843283,-0.3170922182383981,3.047169376097905,-1.584365848226938
2683,26.82,0.0,0.0,0.0,0.0,3.675479381309693,2.0276175996351986,5.64913755548639,-0.9715492250884821,2.9553953319439814,-0.29677728612308607,3.0310126891125186,-1.6478617816744943
2684,26.830000000000002,0.0,0.0,0.0,0.0,3.7317026214063893,2.014754502688276,5.592413159602221,-1.612862010321596,2.992431714829229,-0.2765600801224947,3.0141935122278625,-1.7169481187181135
2685,26.84,0.0,0.0,0.0,0.0,3.787263760314053,1.995117200876574,5.516524925660006,-2.3271175639802966,3.0300271793318374,-0.2565047680948242,2.9966533597529246,-1.7921465594374788
2686,26.85,0.0,0.0,0.0,0.0,3.841965463065302,1.9679546346240218,5.420342070072699,-3.118620188080675,3.0681741271895064,-0.23668281150587364,2.978328368484206,-1.8740108284412804
2687,26.86,0.0,0.0,0.0,0.0,3.8955994076461136,1.932473566987828,5.3028047250649895,-3.9914799619435986,3.1068629312636564,-0.21717339492416118,2.9591489809917686,-1.9631258406582857
2688,26.87,0.0,0.0,0.0,0.0,3.9479472150089983,1.88784121103881,5.162969968852721,-4.949470394969238,-3.137103477244208,-0.19806383584472392,2.939039641399484,-2.060106003970188
2689,26.88,0.0,0.0,0.0,0.0,3.998781898270395,1.8331894465186094,5.0000699398550665,-5.995852323288127,-3.0973684738830936,-0.1794499605743271,2.9179185133087664,-2.1655924517517855
2690,26.89,0.0,0.0,0.0,0.0,4.047869960986608,1.7676209793018753,4.813583821517925,-7.133161072623048,-3.0571336602170294,-0.16143642854226797,2.8956972316747613,-2.280248981684733
2691,26.900000000000002,0.0,0.0,0.0,0.0,4.094974291121321,1.6902178188975077,4.603325209715708,-8.362955692770496,-3.0164176864609185,-0.14413698374269707,2.8722807027182213,-2.4047564722238137
2692,26.91,0.0,0.0,0.0,0.0,4.139858009742996,1.6000524474962012,4.369545771104313,-9.685532026019523,-2.9752415764366478,-0.1276746082456212,2.8475669681910265,-2.5398055622467948
2693,26.92,0.0,0.0,0.0,0.0,4.182289437735684,1.4962020155657478,4.113055048080264,-11.099605822536184,-2.933628701407135,-0.11218154913433893,2.821447152272796,-2.686087422169936
2694,26.93,0.0,0.0,0.0,0.0,4.222048334775315,1.3777658073529602,3.83535464467497,-12.60197832771323,-2.891604698001904,-0.09779918728338495,2.793805510718519,-2.844282527422355
2695,26.94,0.0,0.0,0.0,0.0,4.258933536342047,1.2438860565266572,3.53878274884254,-14.187204848136522,-2.849197316848579,-0.08467771470553616,2.764519602143043,-3.01504747981539
2696,26.95,0.0,0.0,0.0,0.0,4.292772059886001,1.093771939584827,3.2266619991470935,-15.847296549502575,-2.8064361875164994,-0.0729755875761557,2.7334605999403436,-3.199000120301174
2697,26.96,0.0,0.0,0.0,0.0,4.323429664263815,0.9267262189360209,2.903440219197002,-17.57149644170654,-2.763352485072477,-0.06285872545594047,2.7004937596165366,-3.396703445327794
2698,26.97,0.0,0.0,0.0,0.0,4.350822723369497,0.7421735456079956,2.574809868987093,-19.346180752587344,-2.719978484293891,-0.05449943473873149,2.6654790495551595,-3.6086491777615013
2699,26.98,0.0,0.0,0.0,0.0,4.374931116486404,0.5396888783603238,2.2477888251840294,-21.154944445992335,-2.6763469897391103,-0.04807504695424165,2.6282719427848686,-3.83524223812608
2700,26.990000000000002,0.0,0.0,0.0,0.0,4.395811653031313,0.3190238729921818,1.93074322391842,-22.97893149843001,-2.6324906337595766,-0.04376628098754716,2.5887243527720294,-4.076787780039131
2701,27.0,0.0,0.0,0.0,0.0,4.413611357212629,0.08012851667549539,1.633333718041169,-24.797463321618064,-2.588441040326273,-0.04175536269433117,2.5466856776319418,-4.333482840537133
2702,27.01,0.0,0.0,0.0,0.0,4.428579769468243,-0.17683516626529555,1.36637075344404,-26.588999433245412,-2.5442278601673762,-0.04222396504568722,2.502003895121689,-4.605414935733538
2703,27.02,0.0,0.0,0.0,0.0,4.441079317054192,-0.45149069933235886,1.141573121443231,-28.332431789654592,-2.4998776917398753,-0.04535106488781033,2.454526626852065,-4.892570016386551
2704,27.03,0.0,0.0,0.0,0.0,4.451592810333921,-0.7432591918198634,0.9712370186461254,-30.008669746695404,-2.4554129121209676,-0.051310845394693286,2.4041020667262742,-5.194852002153784
2705,27.04,0.0,0.0,0.0,0.0,4.46072727183414,-1.0513883104379718,0.8678387938596555,-31.60242203495434,-2.4108504507207207,-0.06027080192797158,2.350579648792749,-5.512115582272112
2706,27.05,0.0,0.0,0.0,0.0,4.469213618961118,-1.3749994856154997,0.8436106998732493,-33.10403493915566,-2.366200545211196,-0.07239022831976834,2.2938103168914274,-5.8442131045766175
2707,27.060000000000002,0.0,0.0,0.0,0.0,4.477902181418056,-1.7131530671866109,0.9101413839820796,-34.51121369205933,-2.321465521661935,-0.08781926594072459,2.23364625572121,-6.191055248604667
2708,27.07,0.0,0.0,0.0,0.0,4.487754582367645,-2.064929355532917,1.0780573397704583,-35.83044716559561,-2.2766386383577544,-0.10669868617666318,2.1699399521810907,-6.552683937900562
2709,27.080000000000002,0.0,0.0,0.0,0.0,4.4998330510275215,-2.429521724320628,1.3568347524721043,-37.07797861995809,-2.2317030247350846,-0.12916054745876823,2.102542477276316,-6.92935477534815
2710,27.09,0.0,0.0,0.0,0.0,4.515288641393573,-2.8063366977698694,1.754771546564442,-38.280212063367955,-2.1866307339976347,-0.15532982299709405,2.0313009110005407,-7.321625339163442
2711,27.1,0.0,0.0,0.0,0.0,4.535349979211166,-3.1950950134870677,2.279117321513985,-39.47349736234672,-2.1413819122199924,-0.18532703939035097,1.9560548728296416,-7.730444992698233
2712,27.11,0.0,0.0,0.0,0.0,4.561313927357181,-3.595927324313771,2.9363151958459826,-40.703268848592614,-2.0959040713235466,-0.21927190444326203,1.8766321668802848,-8.157241251670953
2713,27.12,0.0,0.0,0.0,0.0,4.594538830321709,-4.009457862771321,3.732253161313178,-42.022482734108074,-2.050131442584,-0.25728783765342683,1.792843604930573,-8.60399669309303
2714,27.13,0.0,0.0,0.0,0.0,4.636439613585435,-4.436868256871374,4.672345835451409,-43.489157342402486,-2.0039843870094383,-0.2995072455677419,1.7044771414416966,-9.073307870456809
2715,27.14,0.0,0.0,0.0,0.0,4.6884816864544305,-4.879930295155825,5.761151231673073,-45.16249588367042,-1.95736885683668,-0.3460772918438226,1.6112915649928576,-9.568411981610256
2716,27.150000000000002,0.0,0.0,0.0,0.0,4.752166762403817,-5.340988454470963,7.0010338324595045,-47.09645412421198,-1.9101759504710267,-0.39716576505152146,1.5130101854195053,-10.09315521687478
2717,27.16,0.0,0.0,0.0,0.0,4.828997309802332,-5.822856683460912,8.389052583781055,-49.32852954537626,-1.8622817012873047,-0.45296638282943164,1.409315318457873,-10.651853993263245
2718,27.17,0.0,0.0,0.0,0.0,4.9203955684110445,-6.328563395680422,9.910694409812525,-51.859744675757014,-1.8135474228190593,-0.5137023782771268,1.2998450445419325,-11.248958964091466
2719,27.18,0.0,0.0,0.0,0.0,5.027535254483024,-6.860825442800974,11.528219748365032,-54.6190530788506,-1.763821255451981,-0.5796263109556333,1.1841949444963475,-11.888360697283998
2720,27.19,0.0,0.0,0.0,0.0,5.151016563294334,-7.421047323590248,13.160356073299965,-57.402032650486696,-1.7129421074835685,-0.651012458039252,1.0619296494443164,-12.572063886884582
2721,27.2,0.0,0.0,0.0,0.0,5.290279435265941,-8.007529606371765,14.649746526982963,-59.7723368032094,-1.6607480527804988,-0.7281355539563221,0.9326124988241766,-13.297809041637706
2722,27.21,0.0,0.0,0.0,0.0,5.44262591309103,-8.612488248762304,15.718004518909563,-60.92424752694386,-1.6070924469777956,-0.8112259928678979,0.7958664541098975,-14.055114161853334
2723,27.22,0.0,0.0,0.0,0.0,5.601780811233858,-9.217649179510325,15.923020527141816,-59.54917752909961,-1.551872147268284,-0.9003880675081882,0.6514840797600956,-14.819429990744183
2724,27.23,0.0,0.0,0.0,0.0,5.756229857060873,-9.789110608445768,14.670182233571596,-53.862447625942735,-1.4950716876778685,-0.995469155750475,0.4996025319273934,-15.54534046550664
2725,27.240000000000002,0.0,0.0,0.0,0.0,5.8883515684740555,-10.274539415294377,11.37966135537758,-42.10460108453254,-1.4368214057179907,-1.0958852441635607,0.34093616155442974,-16.162890983768435
2726,27.25,0.0,0.0,0.0,0.0,5.976379799167098,-10.608939682700356,5.884764523279333,-23.75479491469269,-1.3774520221789426,-1.2004553460265934,0.1769966761523494,-16.585319481867455
2727,27.26,0.0,0.0,0.0,0.0,6.000887445137454,-10.73426110649174,-1.1294544401030084,-0.8797733650479357,-1.317507318570073,-1.3073616968360784,0.010145621733994825,-16.735148551629194
2728,27.27,0.0,0.0,0.0,0.0,5.953659623890841,-10.626422648744233,-8.182118273608591,22.026284646962022,-1.257675903431743,-1.414355698266117,-0.15667979483437364,-16.580082272635075
2729,27.28,0.0,0.0,0.0,0.0,5.8422220257900905,-10.309111178306695,-13.769328584732923,40.40398979727506,-1.198650013909869,-1.5191862643365677,-0.3205362504266984,-16.151333204096787
2730,27.29,0.0,0.0,0.0,0.0,5.685683343635203,-9.841017312524748,-17.16240447284566,52.06735104527898,-1.14098226675123,-1.6200339321877535,-0.4790516654365236,-15.526700656159951
2731,27.3,0.0,0.0,0.0,0.0,5.505862062758692,-9.288740021730264,-18.501727968225904,57.475968208385474,-1.085013415289271,-1.715727684355595,-0.6307142690663239,-14.794602084488957
2732,27.310000000000002,0.0,0.0,0.0,0.0,5.320565061012139,-8.706423992804869,-18.3653844604761,58.403817445689704,-1.0308824414384137,-1.8057111658754414,-0.7748287244370278,-14.026989053817008
2733,27.32,0.0,0.0,0.0,0.0,5.141440072668489,-8.129433167694797,-17.357582018882987,56.683038619300866,-0.978580833240058,-1.8898760607989415,-0.9112952275588834,-13.270873240363287
2734,27.330000000000002,0.0,0.0,0.0,0.0,4.974794308898964,-7.577021787171669,-15.929881195223045,53.66750548506812,-0.9280115735225453,-1.9683831677140584,-1.0403715941915128,-12.551816096070635
2735,27.34,0.0,0.0,0.0,0.0,4.823283340897594,-7.057566668399431,-14.365910646726359,50.1947749895422,-0.8790342296399937,-2.0415271416390506,-1.1624929119990568,-11.880850009297024
2736,27.35,0.0,0.0,0.0,0.0,4.68739367713463,-6.5731040706575925,-12.82420564139927,46.72131058750271,-0.8314937007114138,-2.1096515283234623,-1.278157827612048,-11.260497747792222
2737,27.36,0.0,0.0,0.0,0.0,4.566454870601689,-6.122403566690143,-11.384419120412593,43.4647621394393,-0.7852364627844126,-2.1731019129459557,-1.387865450161543,-10.688858437291831
2738,27.37,0.0,0.0,0.0,0.0,4.459248269042797,-5.702807287412598,-10.081005209250632,40.506497805361846,-0.7401188139490731,-2.232203303793552,-1.4920844898444787,-10.162055556455394
2739,27.38,0.0,0.0,0.0,0.0,4.364344536511733,-5.311246467217831,-8.924296210108972,37.855321149784245,-0.6960104931369119,-2.2872514715397005,-1.5912409784027888,-9.675591003729565
2740,27.39,0.0,0.0,0.0,0.0,4.280278221905019,-4.944765928855523,-7.912659772452238,35.48418479601342,-0.6527958128157632,-2.338511768628068,-1.6857159558123047,-9.225044150760542
2741,27.400000000000002,0.0,0.0,0.0,0.0,4.205630786938381,-4.600771107209553,-7.039126781813873,33.3504363620483,-0.6103735497882672,-2.3862216689495734,-1.7758481191613062,-8.806401894147935
2742,27.41,0.0,0.0,0.0,0.0,4.139064923133828,-4.2771241149933,-6.2948070228563475,31.40667647174226,-0.568656276034944,-2.430594944730683,-1.8619386686957387,-8.41618903812713
2743,27.42,0.0,0.0,0.0,0.0,4.0793345829193655,-3.9721595531173786,-5.670508399700475,29.606478285722584,-0.5275694827844848,-2.471826359987042,-1.9442568772025586,-8.051494136036744
2744,27.43,0.0,0.0,0.0,0.0,4.0252841956405785,-3.6846582582813716,-5.157382388779382,27.90737057550945,-0.4870506664596881,-2.51009628897178,-2.023045622512093,-7.7099424539219505
2745,27.44,0.0,0.0,0.0,0.0,3.975844244205351,-3.4137991655529265,-4.747064094495842,26.272384925386735,-0.447048444868164,-2.5455749507179024,-2.098526505849738,-7.3896434097582775
2746,27.45,0.0,0.0,0.0,0.0,3.930026802835463,-3.1590998979814513,-4.431572770885256,24.670839860620838,-0.4075217198147178,-2.5784260994896124,-2.170904379674894,-7.089126700816914
2747,27.46,0.0,0.0,0.0,0.0,3.886922602501393,-2.9203518756967277,-4.203124526739596,23.078688168010938,-0.36843887742737175,-2.6088100900927187,-2.240371212665348,-6.807274478198121
2748,27.47,0.0,0.0,0.0,0.0,3.8457000290847048,-2.6975534912379078,-4.053943643100553,21.478570681393244,-0.32977700817573186,-2.6368862821646135,-2.3071092739888814,-6.5432535203226125
2749,27.48,0.0,0.0,0.0,0.0,3.80560580627654,-2.4908439641685147,-3.976119767693683,19.859631863453554,-0.2915211281004432,-2.6628147776315045,-2.371293649531061,-6.296449770445054
2750,27.490000000000002,0.0,0.0,0.0,0.0,3.7659667773500622,-2.3004401333760676,-3.961532963668315,18.217119550575358,-0.2536633871532137,-2.686757509602635,-2.4330941224494214,-6.06640691072613
2751,27.5,0.0,0.0,0.0,0.0,3.7261920724983817,-2.1265782526122967,-4.001851140964461,16.551788559521572,-0.21620225718728817,-2.708878722569675,-2.4926764653823876,-5.852770325110678
2752,27.51,0.0,0.0,0.0,0.0,3.685774967963482,-1.9694626074329187,-4.088592205287747,14.869139218185628,-0.17914169927568466,-2.729344903292574,-2.550203204016888,-5.6552375753964
2753,27.52,0.0,0.0,0.0,0.0,3.6442938624831007,-1.8292223882890006,-4.213235422688661,13.178536235477994,-0.14249031644103624,-2.7483242381376214,-2.605833921696586,-5.473516250772102
2754,27.53,0.0,0.0,0.0,0.0,3.6014119739183847,-1.7058777434491,-4.367362677887136,11.492263641550185,-0.1062605027702854,-2.7659856845121182,-2.6597251817418335,-5.3072897173674844
2755,27.54,0.0,0.0,0.0,0.0,3.556875555978897,-1.5993153573288663,-4.542810087430193,9.824574309192688,-0.07046760287614683,-2.7824977504092376,-2.7120301475330915,-5.156190913307763
2756,27.55,0.0,0.0,0.0,0.0,3.5105106191001254,-1.509273334670408,-4.731813076948636,8.190787326912544,-0.035129096724526326,-2.7980270766637587,-2.762897979939232,-5.019783953770533
2757,27.560000000000002,0.0,0.0,0.0,0.0,3.462218287066851,-1.4353346918333958,-4.927132517006264,6.606474966735151,-0.00026382423228163914,-2.8127369118314394,-2.8124730875991584,-4.897552978900247
2758,27.57,0.0,0.0,0.0,0.0,3.41196901920279,-1.3769284120092373,-5.122154703760581,5.086766102159579,0.03410873781132942,-2.8267855607715293,-2.8608942985828594,-4.788897431212027
2759,27.580000000000002,0.0,0.0,0.0,0.0,3.3597959750399755,-1.3333368292821868,-5.310962857543404,3.6457777954715165,0.06796913652012052,-2.840324876494186,-2.9082940130143053,-4.693132804322162
2760,27.59,0.0,0.0,0.0,0.0,3.3057878012999544,-1.3037080562757986,-5.488381668496374,2.2961739128813785,0.1012985342198738,-2.853498852125678,-2.9547973863455517,-4.609495857575753
2761,27.6,0.0,0.0,0.0,0.0,3.2500810922226004,-1.2870722303632671,-5.649998873391641,1.0488405632589883,0.13407922580240086,-2.86644235721738,-3.0005215830197804,-4.537153322585867
2762,27.61,0.0,0.0,0.0,0.0,3.1928527282051897,-1.282360482994154,-5.792168867166195,-0.08733665435419345,0.16629507992434547,-2.879280050981769,-3.045575130906115,-4.4752132111993435
2763,27.62,0.0,0.0,0.0,0.0,3.134312247782676,-1.2884256946131516,-5.912003157344523,-1.1056095995307746,0.19793190364942537,-2.892125494865746,-3.0900573985151705,-4.422737942395828
2764,27.63,0.0,0.0,0.0,0.0,3.074694364561869,-1.304064250426483,-6.007351432020545,-2.001432920529479,0.22897773145663994,-2.9050804782750315,-3.134058209731671,-4.378758614988352
2765,27.64,0.0,0.0,0.0,0.0,3.0142517101132613,-1.32803813803331,-6.076775558064765,-2.7724685830426576,0.25942304048870235,-2.9182345640730936,3.1055277026177905,-4.342289848146571
2766,27.650000000000002,0.0,0.0,0.0,0.0,2.9532478681475816,-1.3590968175109612,-6.119517355524369,-3.418536736432068,0.2892608946336311,-2.9316648543663972,3.062259558179559,-4.312344685658543
2767,27.66,0.0,0.0,0.0,0.0,2.8919507630416357,-1.3959983501042028,-6.135459826009303,-3.9415170737245453,0.3184870206653135,-2.945435971696552,3.0192623148177202,-4.287949113145839
2768,27.67,0.0,0.0,0.0,0.0,2.830626472775617,-1.4375293037714296,-6.1250808533550405,-4.34520320806006,0.34709982032857867,-2.9596002457954262,2.9764852410555815,-4.268155776547046
2769,27.68,0.0,0.0,0.0,0.0,2.769533547005978,-1.4825229775588415,-6.0893983241830165,-4.635112552709346,0.37510032300769797,-2.974198091360671,2.9338868928112167,-4.25205652456482
2770,27.69,0.0,0.0,0.0,0.0,2.708917919547112,-1.529875517697285,-6.0299060929071855,-4.8182556161757475,0.402492084471523,-2.9892585578717887,2.8914346648362756,-4.2387934372443965
2771,27.7,0.0,0.0,0.0,0.0,2.649008506135722,-1.5785595490111888,-5.948501098553819,-4.902871058964811,0.4292810380960071,-3.0048000284287286,2.84910424065485,-4.227568055146911
2772,27.71,0.0,0.0,0.0,0.0,2.590013569939696,-1.6276350227082932,-5.847403022145771,-4.898135665201808,0.455475305841149,-3.0208310411952772,2.8068789601431594,-4.217648592647989
2773,27.72,0.0,0.0,0.0,0.0,2.5321179180148063,-1.6762570861538075,-5.729068924267799,-4.8138608775337985,0.4810849769958668,-3.0373512045417743,2.7647491256419454,-4.208375004168614
2774,27.73,0.0,0.0,0.0,0.0,2.4754809631730095,-1.723680905661089,-5.596106117004592,-4.660189144322529,0.5061218632000106,-3.054352175651917,2.7227112683276578,-4.199161868834098
2775,27.740000000000002,0.0,0.0,0.0,0.0,2.420235650662051,-1.7692635086287123,-5.45118695758559,-4.447303661133466,0.5305992384250777,-3.0718186723421286,2.68076739641238,-4.189499159290763
2776,27.75,0.0,0.0,0.0,0.0,2.366488211862977,-1.812462843090711,-5.296969240093253,-4.1851640481440935,0.5545315724036225,-3.0897294891729827,2.6389242456029813,-4.1789510549536875
2777,27.76,0.0,0.0,0.0,0.0,2.314318672290443,-1.8528343677614387,-5.136025428931688,-3.8832782464235867,0.5779342654408925,-3.108058491506531,2.5971925502321622,-4.167153040051882
2778,27.77,0.0,0.0,0.0,0.0,2.2637820123313204,-1.890025573413474,-4.970783215684559,-3.5505177942526536,0.6008233916644773,-3.126775564759004,2.5555863507561054,-4.1538075857447945
2779,27.78,0.0,0.0,0.0,0.0,2.214909859022861,-1.9237688905545829,-4.803478924250405,-3.1949801207306465,0.6232154566437595,3.1373378067726088,2.5141223501288494,-4.138678749577444
2780,27.79,0.0,0.0,0.0,0.0,2.167712576969313,-1.9538734572093728,-4.636124283514719,-2.8238980338119246,0.6451271740341238,3.117946502202209,2.4728193281680864,-4.121586034178685
2781,27.8,0.0,0.0,0.0,0.0,2.122181626041457,-1.980216206833525,-4.470486161422393,-2.4435935710437438,0.6665752645723855,3.098272884233199,2.4316976196608135,-4.102397832874982
2782,27.810000000000002,0.0,0.0,0.0,0.0,2.078292061495575,-2.002732695911448,-4.308078103014965,-2.0594710815196295,0.6875762794595642,3.0783549382906696,2.3907786588311066,-4.0810247574070235
2783,27.82,0.0,0.0,0.0,0.0,2.036005066550922,-2.0214080313901306,-4.150161988666189,-1.6760429300783748,0.7081464489915396,3.0582310390481084,2.3500845900565683,-4.057413097941053
2784,27.830000000000002,0.0,0.0,0.0,0.0,1.9952704259504606,-2.0362681880174427,-3.9977578374344187,-1.2969805433063708,0.728301556288271,3.037939498761777,2.3096379424735063,-4.0315386139679035
2785,27.84,0.0,0.0,0.0,0.0,1.9560288693341303,-2.0473719324484545,-3.851659702134241,-0.9251835398500358,0.7480568351583641,3.017518199548585,2.2694613643902213,-4.003400801782584
2786,27.85,0.0,0.0,0.0,0.0,1.9182142334468943,-2.0548035008014534,-3.712455695168363,-0.5628602390632275,0.7674268905260694,2.997004302750313,2.2295774122242435,-3.973017734248348
2787,27.86,0.0,0.0,0.0,0.0,1.8817554108308276,-2.0586661135604065,-3.5805503965208567,-0.21161373993803564,0.7864256394325092,2.9764340273820236,2.1900083879495154,-3.940421524391234
2788,27.87,0.0,0.0,0.0,0.0,1.8465780687634181,-2.0590763589300147,-3.4561881775309597,0.1274711630418124,0.805066270382792,2.9558424890960056,2.150776218713214,-3.905654427693433
2789,27.88,0.0,0.0,0.0,0.0,1.812606135330657,-2.056159433993765,-3.3394762831165563,0.45374384826344655,0.823361218716058,2.9352635910000306,2.111902372283972,-3.868765569324422
2790,27.89,0.0,0.0,0.0,0.0,1.7797630595652718,-2.0500452021408906,-3.230406818068622,0.7669090924371834,0.8413221556975464,2.9147299579378942,2.073407802240347,-3.8298082617061624
2791,27.900000000000002,0.0,0.0,0.0,0.0,1.747972859721494,-2.0408650042253322,-3.128877057716448,1.0669553056817598,0.8589599891386631,2.8942729063687094,2.0353129172300464,-3.788837863946826
2792,27.91,0.0,0.0,0.0,0.0,1.7171609783476791,-2.0287491483364386,-3.034707737134784,1.354090668240021,0.8762848735169977,2.8739224426756036,1.9976375691586061,-3.7459101266841177
2793,27.92,0.0,0.0,0.0,0.0,1.687254965297037,-2.0138249972464246,-2.94765916134045,1.6286874671941396,0.8933062277686006,2.853707283519985,1.9604010557513836,-3.701079962543462
2794,27.93,0.0,0.0,0.0,0.0,1.658185010639147,-1.9962155719218744,-2.8674451223391406,1.8912344951652726,0.9100327591415251,2.833654892673892,1.923622133532366,-3.6544005825610215
2795,27.94,0.0,0.0,0.0,0.0,1.6298843490305135,-1.9760385924653496,-2.7937447116659295,2.14229707422187,0.9264724917183341,2.8137915295664198,1.8873190378480857,-3.605922941495863
2796,27.95,0.0,0.0,0.0,0.0,1.6022895558494559,-1.9534058832316874,-2.7262121852777654,2.382484082957848,0.9426327984248052,2.7941423055415986,1.8515095071167935,-3.555695439081143
2797,27.96,0.0,0.0,0.0,0.0,1.5753407536094066,-1.9284230756300837,-2.66448507794744,2.612421268205563,0.9585204355368833,2.7747312445242085,1.8162108089873255,-3.5037638292394906
2798,27.97,0.0,0.0,0.0,0.0,1.5489817450844572,-1.9011895495084024,-2.6081907831083133,2.8327300921428376,0.9741415788724447,2.7555813454186304,1.7814397665461859,-3.4501712945928595
2799,27.98,0.0,0.0,0.0,0.0,1.5231600873947477,-1.871798561462725,-2.5569518171223717,3.0440113808163174,0.9895018610082424,2.7367146441191044,1.7472127831108613,-3.3949586488574726
2800,27.990000000000002,0.0,0.0,0.0,0.0,1.4978271191425139,-1.8403375155495778,-2.510389978997134,3.2468330850721046,1.0046064089936728,2.7181522734907166,1.7135458644970432,-3.3381646346920917
2801,28.0,0.0,0.0,0.0,0.0,1.4729379506496676,-1.8068883384675511,-2.4681296014876937,3.441721526906645,1.01945988214389,2.699914520091806,1.6804546379479164,-3.279826289117219
2802,28.01,0.0,0.0,0.0,0.0,1.4484514254827308,-1.7715279272003028,-2.4298000702251072,3.6291555738649652,1.0340665095856345,2.6820208767578433,1.6479543671722081,-3.2199793526830334
2803,28.02,0.0,0.0,0.0,0.0,1.4243300597902873,-1.7343286423327047,-2.3950377661597235,3.8095632546309717,1.0484301273025125,2.6644900904602378,1.6160599631577246,-3.1586587021229917
2804,28.03,0.0,0.0,0.0,0.0,1.4005399645344476,-1.695358824780914,-2.36348756471062,3.9833203959033407,1.0625542144845082,2.6473402050979726,1.5847859906134656,-3.0958987893153616
2805,28.04,0.0,0.0,0.0,0.0,1.3770507544722397,-1.6546833175677,-2.3348040035866773,4.15075092128998,1.0764419290307148,2.6305885990829734,1.5541466700522588,-3.0317340720399395
2806,28.05,0.0,0.0,0.0,0.0,1.3538354467253175,-1.6123639775948304,-2.3086522109331,4.312128505879626,1.0900961420879043,2.614252017746325,1.5241558756584195,-2.966199424320148
2807,28.060000000000002,0.0,0.0,0.0,0.0,1.3308703509557975,-1.5684601651980903,-2.2847086666451086,4.467679324885792,1.1035194715313603,2.5983466007288465,1.494827129197486,-2.8993305161538876
2808,28.07,0.0,0.0,0.0,0.0,1.3081349525241592,-1.523029201695461,-2.2626618525812665,4.617585671539508,1.116714314311505,2.582887904628831,1.4661735903173256,-2.8311641542196204
2809,28.080000000000002,0.0,0.0,0.0,0.0,1.2856117895261876,-1.4761267872345472,-2.242212832099384,4.761990248897812,1.1296828776009102,2.5678909212672,1.43820804366629,-2.7617385767607345
2810,28.09,0.0,0.0,0.0,0.0,1.263286324270626,-1.427807373078029,-2.2230757858569548,4.901000963409719,1.1424272086834677,2.553370091997871,1.410942883314402,-2.691093697348655
2811,28.1,0.0,0.0,0.0,0.0,1.2411468095493103,-1.378124484093145,-2.2049785191616285,5.034696066068705,1.1549492235321355,2.5393393185412636,1.384390095009128,-2.6192712936424556
2812,28.11,0.0,0.0,0.0,0.0,1.21918414994989,-1.3271309886810867,-2.187662946306923,5.163129500967715,1.1672507340243294,2.525811970854076,1.3585612368297473,-2.546315138630977
2813,28.12,0.0,0.0,0.0,0.0,1.1973917584482268,-1.2748793147252022,-2.1708855492551367,5.286336332249227,1.179333473746705,2.5128008925689334,1.3334674188222277,-2.472271073173429
2814,28.13,0.0,0.0,0.0,0.0,1.1757654085775202,-1.221421611379807,-2.154417801701551,5.404338129902522,1.1911991223433784,2.500318404545777,1.3091192822023996,-2.397187019957327
2815,28.14,0.0,0.0,0.0,0.0,1.1543030825849123,-1.1668098576718025,-2.1380465449254973,5.517148203598463,1.2028493283654527,2.4883763070724862,1.2855269787070331,-2.3211129402567146
2816,28.150000000000002,0.0,0.0,0.0,0.0,1.1330048161390223,-1.111095919952799,-2.121574298845839,5.624776582578778,1.2142857305842567,2.4769858812374292,1.2627001506531728,-2.2441007360918213
2817,28.16,0.0,0.0,0.0,0.0,1.1118725403256817,-1.05433156121123,-2.1048194902659167,5.727234649180055,1.2255099777374536,2.4661578899710155,1.240647912233563,-2.166204101536912
2818,28.17,0.0,0.0,0.0,0.0,1.0909099218506477,-0.9965684061262903,-2.087616580303792,5.824539344291617,1.2365237466852987,2.455902579219004,1.2193788325337054,-2.087478327976938
2819,28.18,0.0,0.0,0.0,0.0,1.07012220254258,-0.9378578665032382,-2.069816074312193,5.916716875149271,1.2473287589644129,2.4462296796675362,1.1989009207031232,-2.0079800690458183
2820,28.19,0.0,0.0,0.0,0.0,1.0495160394049756,-0.8782510323584805,-2.051284400020484,6.003805869369708,1.257926795738283,2.4371484093901405,1.1792216136518587,-1.927767071763456
2821,28.2,0.0,0.0,0.0,0.0,1.029099346592815,-0.8177985344122067,-2.0319036429704154,6.085859933860193,1.2683197111566609,2.4286674777318535,1.160347766575193,-1.8468978810050218
2822,28.21,0.0,0.0,0.0,0.0,1.0088811407788645,-0.7565503840810878,-2.0115711323357965,6.162949592877919,1.2785094441504878,2.4207950906860423,1.1422856465355555,-1.7654315248599524
2823,28.22,0.0,0.0,0.0,0.0,0.9888713914221425,-0.6945557972418386,-1.9901988746683978,6.235163595609206,1.2884980287036678,2.413538957957738,1.12504092925407,-1.6834271886639811
2824,28.23,0.0,0.0,0.0,0.0,0.9690808774520469,-0.6318630080509174,-1.9677128377468585,6.302609599676527,1.2982876026584096,2.4069063018442245,1.1086186991858153,-1.6009438855029643
2825,28.240000000000002,0.0,0.0,0.0,0.0,0.9495210518372914,-0.568519078965064,-1.9440520912832637,6.3654142524016635,1.3078804151255945,2.4009038680014716,1.0930234528758764,-1.5180401308023554
2826,28.25,0.0,0.0,0.0,0.0,0.9302039154190481,-0.5045697128153611,-1.9191678155403988,6.423722705922121,1.3172788325860785,2.395537938104795,1.078259105518717,-1.4347736282344092
2827,28.26,0.0,0.0,0.0,0.0,0.9111419012577914,-0.44005907236260206,-1.8930221927438942,6.477697614886147,1.3264853437819266,2.3908143443556797,1.0643290005737538,-1.3512009736203934
2828,28.27,0.0,0.0,0.0,0.0,0.892347770577869,-0.37502961221972353,-1.865587199385829,6.527517676042359,1.3355025635082411,2.386738485735049,1.0512359222268075,-1.2673773827975925
2829,28.28,0.0,0.0,0.0,0.0,0.8738345211995441,-0.3095219273897349,-1.8368433200042602,6.5733757773069845,1.344333235426267,2.383315345857469,1.0389821104312031,-1.183356448589279
2830,28.29,0.0,0.0,0.0,0.0,0.8556153091335982,-0.2435746219620426,-1.80677820472841,6.615476829667486,1.3529802340261112,2.3805495122418394,1.027569278215728,-1.0991899310956408
2831,28.3,0.0,0.0,0.0,0.0,0.8377033837850664,-0.17722420075668258,-1.7753852937865038,6.654035358532926,1.3614465658732302,2.378445196782373,1.0169986309091432,-1.014927584541749
2832,28.310000000000002,0.0,0.0,0.0,0.0,0.8201120369798091,-0.11050498593532908,-1.742662432313276,6.689272931946468,1.3697353702759385,2.3770062571796733,1.007270886903735,-0.9306170229151381
2833,28.32,0.0,0.0,0.0,0.0,0.8028545657961641,-0.04344905982797425,-1.7086104982273889,6.721415501622453,1.3778499195123495,2.376236219075342,0.9983862995629916,-0.8463036256241383
2834,28.330000000000002,0.0,0.0,0.0,0.0,0.7859442489618844,0.023913765518940065,-1.6732320647687426,6.750690729324817,1.3857936187537494,2.376138298624828,0.9903446798710793,-0.7620304834429443
2835,28.34,0.0,0.0,0.0,0.0,0.7693943363687172,0.09155595226800134,-1.6365301175993618,6.777325365992604,1.3935700058179503,2.3767154252417417,0.9831454194237925,-0.6778383841007158
2836,28.35,0.0,0.0,0.0,0.0,0.7532180510678325,0.1594522150287141,-1.59850684429739,6.801542744598152,1.4011827508808443,2.377970264252025,0.9767875133711804,-0.5937658360391184
2837,28.36,0.0,0.0,0.0,0.0,0.7374286029428762,0.2275794748189235,-1.5591625117333734,6.823560440359303,1.4086356562669826,2.379905239207724,0.971269582940741,-0.5098491281239527
2838,28.37,0.0,0.0,0.0,0.0,0.7220392131145591,0.29591679065919435,-1.5184944443215296,6.843588143968843,1.4159326564314327,2.382522553626779,0.966589897195345,-0.42612242245536475
2839,28.38,0.0,0.0,0.0,0.0,0.7070631480138646,0.3644452711235894,-1.4764961135915924,6.861825785269418,1.4230778182349024,2.3858242119464284,0.962746393711527,-0.34261787689027523
2840,28.39,0.0,0.0,0.0,0.0,0.6925137619687792,0.43314796850483545,-1.433156347010967,6.8784619365652535,1.4300753416032077,2.3898120395028934,0.9597366978996864,-0.2593657934639438
2841,28.400000000000002,0.0,0.0,0.0,0.0,0.6784045470826734,0.5020097585018909,-1.388458661574077,6.8936725167408754,1.43692956065006,2.394487701377788,0.9575581407277274,-0.1763947885807825
2842,28.41,0.0,0.0,0.0,0.0,0.6647491891384498,0.5710172085124302,-1.3423807254111486,6.907619809720179,1.4436449453298625,2.3998527199818342,0.9562077746519723,-0.09373198062601962
2843,28.42,0.0,0.0,0.0,0.0,0.6515616282408154,0.6401584377110779,-1.2948939485866136,6.920451803654847,1.4502261036743145,2.405908491277746,0.955682387603432,-0.011403190529737484
2844,28.43,0.0,0.0,0.0,0.0,0.6388561229069184,0.7094229721246966,-1.2459632023708747,6.932301850643379,1.4566777846537244,2.412656299576206,0.955978514922482,0.07056684921777823
2845,28.44,0.0,0.0,0.0,0.0,0.6266473163311992,0.7788015978843719,-1.195546664580163,6.94328864077206,1.4630048816911903,2.4200973308708815,0.9570924491796907,0.15215428155317268
2846,28.45,0.0,0.0,0.0,0.0,0.6149503035822618,0.8482862157425921,-1.1435957870810232,6.953516478823953,1.4692124368450667,2.4282326847097235,0.9590202478646579,0.23333591216033034
2847,28.46,0.0,0.0,0.0,0.0,0.6037806985350846,0.9178696998041492,-1.0900553802304187,6.963075847091413,1.4753056456630917,2.4370633846301684,0.9617577389670768,0.3140890012690646
2848,28.47,0.0,0.0,0.0,0.0,0.593154699400422,0.9875457632295573,-1.0348638078553236,6.97204423330343,1.4812898626997006,2.4465903872142616,0.9653005245145612,0.39439106382913536
2849,28.48,0.0,0.0,0.0,0.0,0.5830891517821967,1.0573088334412208,-0.977953285344772,6.980487198696616,1.4871706076771771,2.456814589846364,0.9696439821691869,0.4742196816590242
2850,28.490000000000002,0.0,0.0,0.0,0.0,0.5736016082728412,1.1271539390930703,-0.9192502725218644,6.98845965767382,1.4929535722608176,2.4677368372799298,0.9747832650191132,0.553552330820229
2851,28.5,0.0,0.0,0.0,0.0,0.5647103836837075,1.1970766107638342,-0.8586759521687474,6.996007337279164,1.4986446274089646,2.479357927141145,0.9807132997321806,0.6323662270801267
2852,28.51,0.0,0.0,0.0,0.0,0.556434605102584,1.267072797000946,-0.796146784394785,7.003168381858501,1.5042498312501096,2.4916786145150316,0.9874287832649212,0.7106381918983621
2853,28.52,0.0,0.0,0.0,0.0,0.5487942560713878,1.3371387969829756,-0.7315751264688402,7.009975065777632,1.5097754374316976,2.5046996157741366,0.9949241783424391,0.7883445409115878
2854,28.53,0.0,0.0,0.0,0.0,0.5418102142831165,1.4072712106871876,-0.6648699072924632,7.016455574961994,1.5152279038787901,2.5184216118208806,1.0031937079420907,0.8654609964040711
2855,28.54,0.0,0.0,0.0,0.0,0.5355042823071624,1.4774669070463113,-0.5959373453937586,7.022635816344657,1.5206139018951703,2.53284525092121,1.0122313490260386,0.9419626247391489
2856,28.55,0.0,0.0,0.0,0.0,0.5298992109639156,1.5477230101646642,-0.5246816991916347,7.0285412131222555,1.525940325535249,2.547971151310304,1.022030825775055,1.0178237992007486
2857,28.560000000000002,0.0,0.0,0.0,0.0,0.5250187150820763,1.6180369032375543,-0.45100603835107067,7.034198443085841,1.5312143011717743,2.563799903749381,1.032585602577607,1.0930181881554781
2858,28.57,0.0,0.0,0.0,0.0,0.5208874814824731,1.688406249391344,-0.37481302534606675,7.039637077282674,1.5364431971823544,2.580332074207157,1.0438888770248025,1.167518767908871
2859,28.580000000000002,0.0,0.0,0.0,0.0,0.5175311691385549,1.758829028236024,-0.2960056969017388,7.044891076937642,1.5416346336767,2.597568206829465,1.0559335731527644,1.241297859097469
2860,28.59,0.0,0.0,0.0,0.0,0.5149764015630632,1.8293035865078116,-0.21448823582165785,7.050000107965009,1.5467964921865003,2.615508827346315,1.0687123351598147,1.3143271849447484
2861,28.6,0.0,0.0,0.0,0.0,0.5132507515598801,1.89982870078364,-0.13016672483826508,7.055010634560022,1.5519369252408757,2.6341544470476568,1.0822175218067813,1.38657794922376
2862,28.61,0.0,0.0,0.0,0.0,0.5123827185567944,1.970403649876834,-0.04294987556414088,7.059976756273189,1.5570643657520098,2.65350556743675,1.096441201684741,1.4580209313200396
2863,28.62,0.0,0.0,0.0,0.0,0.5124016987956408,2.041028294186478,0.047250272639728086,7.064960756605181,1.5621875361381783,2.6735626856447507,1.1113751495065718,1.5286265953908373
2864,28.63,0.0,0.0,0.0,0.0,0.5133379486982453,2.1117031589726936,0.14051768703598452,7.070033335449129,1.5673154571142531,2.6943263006609617,1.1270108435467088,1.5983652102744483
2865,28.64,0.0,0.0,0.0,0.0,0.5152225417469691,2.182429518278709,0.23693171000386287,7.075273502548659,1.5724574560831803,2.715796920401996,1.143339464318816,1.6672069765317397
2866,28.650000000000002,0.0,0.0,0.0,0.0,0.5180873192151609,2.25320947601673,0.3365664600443329,7.080768114400654,1.5776231750652159,2.737975069608848,1.160351894543631,1.7351221568015691
2867,28.66,0.0,0.0,0.0,0.0,0.5219648350536574,2.32404604058778,0.43949026105076205,7.086611042554649,1.5828225781050291,2.760861298525637,1.178038720420608,1.8020812055341224
2868,28.67,0.0,0.0,0.0,0.0,0.5268882951834186,2.394943189312359,0.5457650928740722,7.092901966869709,1.5880659580995264,2.7844561922767395,1.1963902341772124,1.8680548941289405
2869,28.68,0.0,0.0,0.0,0.0,0.5328914913609727,2.4659059189121244,0.6554460534807597,7.099744792803888,1.5933639429913449,2.8087603808215147,1.2153964378301692,1.9330144275511518
2870,28.69,0.0,0.0,0.0,0.0,0.54000872967302,2.536940278300911,0.7685808203484013,7.1072456970538935,1.5987275012741862,2.8337745493286346,1.2350470480544478,1.9969315486278911
2871,28.7,0.0,0.0,0.0,0.0,0.5482747535802457,2.608053380009674,0.8852090962467123,7.115510810674122,1.604167946755939,2.859499448774376,1.2553315020184361,2.059778626429428
2872,28.71,0.0,0.0,0.0,0.0,0.5577246612705259,2.67925338668457,1.0053620223066555,7.124643553055789,1.6096969425240897,2.885935906533565,1.2762389640094765,2.121528725414044
2873,28.72,0.0,0.0,0.0,0.0,0.5683938169006768,2.7505494692481722,1.1290615393595256,7.134741633749818,1.615326504054509,2.913084836696451,1.297758332641941,2.1821556523474954
2874,28.73,0.0,0.0,0.0,0.0,0.5803177551079876,2.8219517335004256,1.2563196770224123,7.145893742034125,1.62106900139964,2.9409472498121407,1.319878248412501,2.241633978392438
2875,28.740000000000002,0.0,0.0,0.0,0.0,0.5935320779617845,2.8934711121451366,1.3871377489810617,7.158175946376821,1.62693716038475,2.9695242617274453,1.3425871013426947,2.2999390341833523
2876,28.75,0.0,0.0,0.0,0.0,0.6080723433071681,2.965119219459522,1.5215054324584314,7.171647827616203,1.6329440627316452,2.9988171011615177,1.3658730384298718,2.357046876152354
2877,28.76,0.0,0.0,0.0,0.0,0.6239739432330751,3.0369081660681077,1.659399710016487,7.1863483709136915,1.6391031450175941,3.0288271156297264,1.3897239706121316,2.4129342228350326
2878,28.77,0.0,0.0,0.0,0.0,0.6412719711819339,3.1088503315379867,1.8007836526947447,7.202291642551509,1.6454281963634385,3.0595557753060523,1.414127578942614,2.467578360356053
2879,28.78,0.0,0.0,0.0,0.0,0.6600010760158647,3.1809580927792465,1.9456050251132546,7.219462278717963,1.6519333547290975,3.091004674392201,1.4390713196631038,2.520957016763382
2880,28.79,0.0,0.0,0.0,0.0,0.6801953011719196,3.2532435065111747,2.0937946956317397,7.237810814881135,1.658633101676774,3.1231755295421952,1.4645424278654215,2.573048205339255
2881,28.8,0.0,0.0,0.0,0.0,0.7018879068863453,3.325717944352808,2.245264838058405,7.257248886579795,1.6655422554428247,-3.127115132303586,1.4905279194331755,2.6238300374664627
2882,28.810000000000002,0.0,0.0,0.0,0.0,0.7251111733536145,3.398391679418984,2.3999069158306083,7.277644335880354,1.6726759621383327,-3.0934947540773865,1.5170145909638681,2.6732805060653693
2883,28.82,0.0,0.0,0.0,0.0,0.7498961826224866,3.4712734236707488,2.5575894451735643,7.298816262815989,1.680049684876811,-3.0591466049186162,1.5439890173841602,2.721377241048262
2884,28.830000000000002,0.0,0.0,0.0,0.0,0.7762725770293637,3.5443698156952026,2.7181555406054962,7.320530068311286,1.6876791906053763,-3.0240685695867966,1.5714375469874136,2.768097238665839
2885,28.84,0.0,0.0,0.0,0.0,0.8042682920430723,3.617684859101461,2.8814202544517,7.342492544879957,1.6955805343939991,-2.988258479142098,1.5993462936434892,2.813416567058389
2886,28.85,0.0,0.0,0.0,0.0,0.8339092615601851,3.691219312344681,3.047167731915474,7.364347084228759,1.703770040917033,-2.9517141403059646,1.627701125956588,2.8573100507844957
2887,28.86,0.0,0.0,0.0,0.0,0.8652190939615819,3.7649700315585615,3.2151482148830812,7.38566908723151,1.7122642828427204,-2.914433371160356,1.6564876531765091,2.8997509375969797
2888,28.87,0.0,0.0,0.0,0.0,0.8982187176393631,3.838929268930569,3.385074941173906,7.405961681913546,1.7210800558315278,-2.876414043643309,1.6856912077047501,2.940710551291206
2889,28.88,0.0,0.0,0.0,0.0,0.9329259952456772,3.913083930326736,3.5566210014889754,7.424651879358296,1.7302343498336727,-2.8376541332683654,1.7152968240775484,2.980157935081059
2890,28.89,0.0,0.0,0.0,0.0,0.9693553066246421,3.987414797312507,3.7294162339354964,7.441087325910426,1.739744316372284,-2.7981517764505184,1.7452892143567849,3.0180594906878646
2891,28.900000000000002,0.0,0.0,0.0,0.0,1.0075171012832345,4.061895720457561,3.9030442556643474,7.45453384257306,1.7496272315023893,-2.757905335762309,1.775652739914888,3.0543786191743267
2892,28.91,0.0,0.0,0.0,0.0,1.047417422359311,4.13649279290101,4.077039752698318,7.4641739786544425,1.7599004541499756,-2.716913473363881,1.8063713796657308,3.0890753705416993
2893,28.92,0.0,0.0,0.0,0.0,1.0890574053695021,4.211163515615946,4.250886172082411,7.469106845679055,1.7705813795612813,-2.6751752327495573,1.8374286948687488,3.1221061102464445
2894,28.93,0.0,0.0,0.0,0.0,1.1324327565804138,4.2858559686740705,4.424013984458915,7.468349538005227,1.7816873876328911,-2.632690128825137,1.8688077907215583,3.1534232120936565
2895,28.94,0.0,0.0,0.0,0.0,1.1775332176484508,4.360508006077519,4.595799709142496,7.4608404865090465,1.7932357859505894,-2.5894582461706053,1.9004912750583913,3.1829747884290684
2896,28.95,0.0,0.0,0.0,0.0,1.224342025208596,4.435046495374548,4.765565916440698,7.4454451283692995,1.8052437474411527,-2.545480345150138,1.9324612145882942,3.210704470165952
2897,28.96,0.0,0.0,0.0,0.0,1.272835376342467,4.509386627264292,4.932582441606436,7.420964305802822,1.8177282426393957,-2.5007579752985025,1.9646990892416878,3.236551250921825
2898,28.97,0.0,0.0,0.0,0.0,1.3229819132761318,4.583431324626173,5.0960690591785545,7.386145824967399,1.8307059666938088,-2.45529359514087,1.997185745344908,3.2604494113500415
2899,28.98,0.0,0.0,0.0,0.0,1.3747422431865948,4.657070784746846,5.255199872843949,7.339699607584382,1.8441932613804923,-2.4090906972860227,2.029901348513072,3.2823285415602514
2900,28.990000000000002,0.0,0.0,0.0,0.0,1.4280685115327127,4.730182192752881,5.409109671111141,7.280316845612853,1.8582060325663339,-2.3621539372748623,2.062825337338389,3.3021136812201686
2901,29.0,0.0,0.0,0.0,0.0,1.4829040497458532,4.802629648125891,5.55690247943987,7.206693516282863,1.872759663759035,-2.3144892642653416,2.095936379155209,3.319725598380038
2902,29.01,0.0,0.0,0.0,0.0,1.5391831202472934,4.874264349327044,5.6976625012245306,7.117558523388315,1.8878689266007742,-2.266104051200237,2.1292123293785754,3.3350812290797505
2903,29.02,0.0,0.0,0.0,0.0,1.5968307834006985,4.944925083572496,5.830467579510746,7.011706593687264,1.9035478894006694,-2.2170072216427115,2.1626301961362064,3.3480943001717973
2904,29.03,0.0,0.0,0.0,0.0,1.6557629119201254,5.014439069192059,5.9544052253987445,6.888035868524936,1.9198098250527285,-2.167209369990059,2.196166112136798,3.3586761572719332
2905,29.04,0.0,0.0,0.0,0.0,1.7158863781688982,5.082623196229832,6.068591145723894,6.745589886807063,1.936667119941424,-2.116722871309514,2.2297953159286483,3.366736818060934
2906,29.05,0.0,0.0,0.0,0.0,1.7770994384293195,5.149285706458201,6.172190061583593,6.583603356538775,1.9541311856861159,-2.065561976602259,2.2634921448912118,3.372186268028882
2907,29.060000000000002,0.0,0.0,0.0,0.0,1.8392923353250543,5.214228346244109,6.26443844290731,6.4015507642036,1.9722123758028733,-2.01374288892695,2.2972300424497623,3.374936010919055
2908,29.07,0.0,0.0,0.0,0.0,1.9023481349137654,5.277249014303395,6.3446685981577025,6.199196487302516,1.990919909552644,-1.961283815532466,2.3309815820944775,3.37490087938963
2909,29.080000000000002,0.0,0.0,0.0,0.0,1.966143808379357,5.338144911039567,6.412333361875867,5.976644676857944,2.010261805378361,-1.9082049910032715,2.3647185107979536,3.37200110266021
2910,29.09,0.0,0.0,0.0,0.0,2.0305515597057266,5.396716176890067,6.467030429785795,5.73438679404058,2.0302448263917485,-1.854528666447004,2.398411814340833,3.36616461718434
2911,29.1,0.0,0.0,0.0,0.0,2.0954403903259333,5.452769984242143,6.508525219121907,5.473344357170887,2.050874440334125,-1.8002790599905576,2.4320318068549036,3.3573295939162096
2912,29.11,0.0,0.0,0.0,0.0,2.1606778798198203,5.506125021798987,6.536771001345164,5.194904227434306,2.072154796286549,-1.7454822643329044,2.465548246560133,3.345447141979167
2913,29.12,0.0,0.0,0.0,0.0,2.226132148809259,5.556616283017648,6.551924987421625,4.900943681408247,2.0940887201317686,-1.6901661078485097,2.498930479199308,3.3304841342083895
2914,29.13,0.0,0.0,0.0,0.0,2.2916739570088955,5.604100043102812,6.554359063137664,4.593842630382714,2.116677730365347,-1.634359966756818,2.532147610057422,3.3124260860939163
2915,29.14,0.0,0.0,0.0,0.0,2.357178876867828,5.648458884132964,6.544663990016361,4.276480684424995,2.139922075319819,-1.578094527154581,2.565168704705187,3.291280007265136
2916,29.150000000000002,0.0,0.0,0.0,0.0,2.4225294724377657,5.689606607570893,6.523646115057824,3.952217338969369,2.163820792213693,-1.5214014972196863,2.5979630177462067,3.267077135133127
2917,29.16,0.0,0.0,0.0,0.0,2.4876174051271667,5.727492860067911,6.4923159676956725,3.624854373851166,2.1883717876912385,-1.4643132715750382,2.6305002479133095,3.2398754549407442
2918,29.17,0.0,0.0,0.0,0.0,2.552345383854839,5.7621072942583424,6.451868549975463,3.2985805596319966,2.213571938711035,-1.406862551572034,2.662750816896516,3.2097619104035036
2919,29.18,0.0,0.0,0.0,0.0,2.6166288775959767,5.793483092760922,6.403655617433809,2.977899893430289,2.239417211814672,-1.3490819270130383,2.694686168351876,3.176854215164945
2920,29.19,0.0,0.0,0.0,0.0,2.680397513863351,5.821699701615644,6.34915076301298,2.667545739463925,2.2659027980106936,-1.2910034264689165,2.726279082699975,3.1413021877522933
2921,29.2,0.0,0.0,0.0,0.0,2.743596097279582,5.846884648583812,6.289908606143281,2.3723843145695316,2.293023259792796,-1.2326580447494113,2.7575040026373796,3.10328855130423
2922,29.21,0.0,0.0,0.0,0.0,2.8061851975735426,5.86921436066347,6.227519803323717,2.097311819948063,2.32077268622585,-1.1740752571411561,2.788337363812581,3.0630291630899276
2923,29.22,0.0,0.0,0.0,0.0,2.8681412750780098,5.888913941249846,6.163563889468671,1.8471500753234908,2.349144851617335,-1.1152825306601026,2.818757924902148,3.020772666171836
2924,29.23,0.0,0.0,0.0,0.0,2.929456332727835,5.9062559171525315,6.0995620970347755,1.6265456887167584,2.3781333730766128,-1.0563048427121653,2.8487470913908077,2.9767995844246964
2925,29.240000000000002,0.0,0.0,0.0,0.0,2.9901371050006738,5.921558015200428,6.036932265706151,1.4398775647106485,2.407731862261339,-0.9971642172054777,2.8782892277127705,2.931420910199754
2926,29.25,0.0,0.0,0.0,0.0,3.0502038144900667,5.935180073403107,5.976947752344224,1.2911769350281925,2.437934066818238,-0.9378792873279002,2.9073719530334476,2.88497625891304
2927,29.26,0.0,0.0,0.0,0.0,3.109688544258592,5.947520228991865,5.920701901681352,1.1840631519926206,2.4687339974221834,-0.8784648929598168,2.935986416797587,2.837831684733273
2928,29.27,0.0,0.0,0.0,0.0,3.168633287510188,5.9590105523725105,5.869079181481376,1.1216973184828212,2.5001260368697755,-0.8189317191257531,2.9641275511840566,2.7903772648623226
2929,29.28,0.0,0.0,0.0,0.0,3.227087744607723,5.970112310443216,5.822733570172281,1.1067545583944234,2.5321050283461117,-0.7592859801146113,2.991794298718864,2.7430245658354933
2930,29.29,0.0,0.0,0.0,0.0,3.2851069407094746,5.981311044460904,5.782074261576906,1.1414144829512591,2.564666340703668,-0.6995291520459346,3.018989814429983,2.6962041037514295
2931,29.3,0.0,0.0,0.0,0.0,3.342748735475395,5.993111637452878,5.747258267325282,1.2273682896376878,2.5978059093206083,-0.6396577548480251,3.0457216430109537,2.650362901977483
2932,29.310000000000002,0.0,0.0,0.0,0.0,3.400071289984796,6.006033525802184,5.718189089954508,1.3658400237571415,2.6315202517914416,-0.5796631829594213,3.0720018724287237,2.6059622358173886
2933,29.32,0.0,0.0,0.0,0.0,3.457130546112215,6.020606181470246,5.694520332456621,1.5576188847888524,2.6658064583081216,-0.5195315826531668,3.0978472662182974,2.563475635358031
2934,29.330000000000002,0.0,0.0,0.0,0.0,3.513977761187075,6.037364958033698,5.675662912882562,1.8030990824208,2.7006621570812768,-0.45924377278271633,3.1232793773155927,2.523387196846623
2935,29.34,0.0,0.0,0.0,0.0,3.570657126913296,6.056847357935947,5.6607944625349145,2.102323621022718,2.7360854555110086,-0.39877520499437535,-3.134860660505385,2.486190231022651
2936,29.35,0.0,0.0,0.0,0.0,3.6272034872606955,6.079589742404032,5.648869490474445,2.455028474292392,2.772074858035532,-0.33809595905685036,-3.1101708170923827,2.4523862551433364
2937,29.36,0.0,0.0,0.0,0.0,3.683640156210166,6.106124471180101,5.638628976715675,2.860683848984297,2.8086291616625543,-0.277170768918665,-3.0857999305812203,2.4224843149699344
2938,29.37,0.0,0.0,0.0,0.0,3.7399768234938144,6.136977427817211,5.628608190690542,3.318529570235154,2.8457473301330625,-0.21595907539112555,-3.061706405524187,2.3970006043233965
2939,29.38,0.0,0.0,0.0,0.0,3.796207525259907,6.172665858484648,5.617141700773949,3.8276019986775354,2.883428347490332,-0.15441510194057478,-3.037843449430907,2.376458333224741
2940,29.39,0.0,0.0,0.0,0.0,3.852308647184062,6.21369642824648,5.602364729375622,4.386750270712324,2.9216710515484734,-0.09248795091589863,-3.0141590024643725,2.3613877810624175
2941,29.400000000000002,0.0,0.0,0.0,0.0,3.9082369200786857,6.260563378512763,5.5822102066315855,4.99464001310808,2.9604739473902226,-0.030121718603341074,-2.990595665993563,2.352326458434077
2942,29.41,0.0,0.0,0.0,0.0,3.963927362605106,6.313746652554365,5.554401081224884,5.64974301460362,2.999835000595989,0.032744371250777386,-2.967090629345211,2.3498192899492594
2943,29.42,0.0,0.0,0.0,0.0,4.01929112234842,6.373709842377261,5.5164376636721855,6.350311652065626,3.0397514094332303,0.09617581440634075,-2.9435755950268887,2.354418720028841
2944,29.43,0.0,0.0,0.0,0.0,4.074213165440645,6.4408977998416335,5.465580016940638,7.094337197316556,3.0802193547404366,0.16024265101980945,-2.919976703720628,2.366684634400989
2945,29.44,0.0,0.0,0.0,0.0,4.128549766425307,6.515733748049769,5.398825689494414,7.879491521385214,3.1212337257475604,0.22501926428582716,-2.896214461461733,2.387183981624462
2946,29.45,0.0,0.0,0.0,0.0,4.182125754664898,6.598615726646415,5.312883430488053,8.703052231174398,-3.1203974875685536,0.2905841469999886,-2.8722036726110445,2.416489971981517
2947,29.46,0.0,0.0,0.0,0.0,4.234731482086252,6.689912208450408,5.204143963711598,9.561812000545412,-3.0783122951353383,0.35701962856332387,-2.8478533834809237,2.455180726364156
2948,29.47,0.0,0.0,0.0,0.0,4.286119490504236,6.789956737307265,5.068649455748344,10.451973886918456,-3.035706911045598,0.4244115533756063,-2.8230668427583825,2.5038372468030294
2949,29.48,0.0,0.0,0.0,0.0,4.336000876527409,6.8990414617429066,4.9020640221883225,11.369035855222313,-2.992594920870078,0.49284890017644817,-2.7977414861330607,2.5630405852154974
2950,29.490000000000002,0.0,0.0,0.0,0.0,4.384041379727566,7.017409480400037,4.699648492934284,12.307669657737582,-2.948993022638403,0.5624233308284309,-2.7717689537127526,2.633368100672471
2951,29.5,0.0,0.0,0.0,0.0,4.429857257069355,7.145245978703528,4.45624370544921,13.261601712238246,-2.9049215008984652,0.6332286564941884,-2.7450351497869323,2.7153887216341728
2952,29.51,0.0,0.0,0.0,0.0,4.47301105513821,7.282668227551087,4.166267784810943,14.223506701905164,-2.860404742659223,0.7053602093840882,-2.717420355136276,2.8096571724128765
2953,29.52,0.0,0.0,0.0,0.0,4.513007452570007,7.429714639684127,3.823734126567962,15.184928219644105,-2.815471795433054,0.7789141095533664,-2.688799402193165,2.9167071871141195
2954,29.53,0.0,0.0,0.0,0.0,4.549289418304592,7.586333242047041,3.4222979819647183,16.136244690248475,-2.7701569655129825,0.8539864189657167,-2.659041922700886,3.037043823742449
2955,29.54,0.0,0.0,0.0,0.0,4.581235015074015,7.752370124199306,2.9553404306832456,17.0667026300672,-2.7245004517531775,0.930672179598933,-2.6280126758274753,3.1711351091252906
2956,29.55,0.0,0.0,0.0,0.0,4.6081552674004564,7.927558659923186,2.4160987940992453,17.964542414504166,-2.6785490063788977,1.0090643391299534,-2.595571961670735,3.3194033925227293
2957,29.560000000000002,0.0,0.0,0.0,0.0,4.629293601153685,8.111510560190561,1.7978517820291997,18.81724323535572,-2.6323566097150684,1.0892525769990358,-2.561576120465481,3.482216959036877
2958,29.57,0.0,0.0,0.0,0.0,4.6438274348160595,8.303710079295696,1.0941654109315655,19.611912745705588,-2.5859851402669376,1.1713220555640853,-2.5258781113485624,3.6598826444796364
2959,29.580000000000002,0.0,0.0,0.0,0.0,4.650872543769203,8.503512929328043,0.29920153290494206,20.335841826259006,-2.5395050155444823,1.2553521354824047,-2.4883281561527,3.85264038555884
2960,29.59,0.0,0.0,0.0,0.0,4.64949080700813,8.710151617058255,-0.5919156319487034,20.977234935113497,-2.4929957728148455,1.3414151108865213,-2.4487744234782194,4.060660810050125
2961,29.6,0.0,0.0,0.0,0.0,4.638701857937274,8.922748949476691,-1.582688250836933,21.526111105745052,-2.44654655323884,1.4295750373516865,-2.4070637165890587,4.284047091539417
2962,29.61,0.0,0.0,0.0,0.0,4.617498977035541,9.14034130652898,-2.6748126138178563,21.97535025383963,-2.4002564484645577,1.5198867425448737,-2.363042116170156,4.522842329493439
2963,29.62,0.0,0.0,0.0,0.0,4.584869272338283,9.361912909444007,-3.867760477649383,22.32183577795227,-2.3542346667403606,1.6123951237788288,-2.3165555166603973,4.777043637105724
2964,29.63,0.0,0.0,0.0,0.0,4.539817797438118,9.586441702586034,-5.1584182214041965,22.56762070854731,-2.3086004770526642,1.7071348461218432,-2.2674499840050792,5.046623905147916
2965,29.64,0.0,0.0,0.0,0.0,4.481394781587848,9.812956636911933,-6.540833777057718,22.721025322760344,-2.2634828956236013,1.8041305569067174,-2.2155718546492675,5.331561855324085
2966,29.650000000000002,0.0,0.0,0.0,0.0,4.408724643877602,10.040605162275714,-8.006120613304827,22.797564067619167,-2.21902008987786,1.9033977255404637,-2.1607674917612627,5.631880518398112
2967,29.66,0.0,0.0,0.0,0.0,4.321035009483625,10.268728717740414,-9.542558708641804,22.82060274847622,-2.175358490615245,2.0049442004737856,-2.102882616090555,5.947693708256789
2968,29.67,0.0,0.0,0.0,0.0,4.217683634128795,10.49694309493343,-11.135913291038642,22.821664520965527,-2.132651622665163,2.1087725483624866,-2.041761136151937,6.279259460804635
2969,29.68,0.0,0.0,0.0,0.0,4.09818107102462,10.725219873099844,-12.769963463724979,22.840332259599037,-2.09105868583591,2.214883205579494,-1.9772434157641814,6.627038802075224
2970,29.69,0.0,0.0,0.0,0.0,3.9622071701012995,10.953964762839224,-14.427196378661689,22.923726872722852,-2.050742938654267,2.3232784321494138,-1.9091639363759059,6.991757592737924
2971,29.7,0.0,0.0,0.0,0.0,3.809620149008407,11.18408861057966,-16.08958058878247,23.1255615374157,-2.0118699535950686,2.4339670159512736,-1.8373483376332442,7.3744684615712535
2972,29.71,0.0,0.0,0.0,0.0,3.640458067705065,11.417066792308876,-17.73928566901413,23.504759615503712,-1.974605820030132,2.546969632542704,-1.7616098546067513,7.776608724603811
2973,29.72,0.0,0.0,0.0,0.0,3.454934127119639,11.65498230021094,-19.359161598053028,24.12355035245442,-1.9391153653112003,2.6623247217313684,-1.681745220137018,8.2000481730913
2974,29.73,0.0,0.0,0.0,0.0,3.2534294067238867,11.90054619477074,-20.932721611779346,25.044780782003905,-1.9055604398047106,2.7800946883666673,-1.5975301790082088,8.647116788046853
2975,29.740000000000002,0.0,0.0,0.0,0.0,3.03648970272288,12.15708495648633,-22.443267412701744,26.32784415809079,-1.8740982611870232,2.9003721536720275,-1.5087148923205358,9.12059525376345
2976,29.75,0.0,0.0,0.0,0.0,2.804837522782041,12.428475572836843,-23.871624766328026,28.022032734586876,-1.8448797261429917,3.0232858402245992,-1.4150197408119956,9.623638050054803
2977,29.76,0.0,0.0,0.0,0.0,2.5594168957770367,12.718992770815907,-25.191679501645513,30.155145304607256,-1.818047456355733,-3.1341798991202956,-1.3161324427645629,10.15957587503887
2978,29.77,0.0,0.0,0.0,0.0,2.3014987250282024,13.033004085893229,-26.36248605898538,32.71368014598068,-1.7937331222241972,-3.005441234805557,-1.2117081125813596,10.731505360865025
2979,29.78,0.0,0.0,0.0,0.0,2.0328892365438005,13.374402087057993,-27.31521028931897,35.60895304914223,-1.7720532406035685,-2.873428332224559,-1.1013750916209906,11.341512850514192
2980,29.79,0.0,0.0,0.0,0.0,1.7563032615308243,13.745597042139767,-27.93290893954258,38.62179581196583,-1.7531021235836357,-2.7378534486878574,-0.9847513251042217,11.989293780608943
2981,29.8,0.0,0.0,0.0,0.0,1.4759802787307297,14.145823451647484,-28.022320766058137,41.32027748012878,-1.736939947248216,-2.598418845553901,-0.8614788983056845,12.669843172916755
2982,29.810000000000002,0.0,0.0,0.0,0.0,1.1986069347905155,14.568512205074686,-27.282467918807637,42.95886693382359,-1.7235731542948534,-2.4548608451759466,-0.7312876908810935,13.369905270284171
2983,29.82,0.0,0.0,0.0,0.0,0.9344949475744141,14.997746871368427,-25.290399738940035,42.410526799202174,-1.7129242117727594,-2.3070250202465026,-0.5941008084737429,14.063251923794013
2984,29.830000000000002,0.0,0.0,0.0,0.0,0.6986257731304468,15.404731296926874,-21.55299608117692,38.26823472321381,-1.7047897053193706,-2.1549781759859243,-0.4501884706665533,14.706105523796428
2985,29.84,0.0,0.0,0.0,0.0,0.5105510227610373,15.746997697075694,-15.694773582363267,29.32570151981488,-1.6987925741667511,-1.999145113522061,-0.3003525393553106,15.236446674314656
2986,29.85,0.0,0.0,0.0,0.0,0.39163479730556056,15.974720083038187,-7.789648288721626,15.489531055144337,-1.694347433737744,-1.8404213757203818,-0.14607394198263776,15.583085285732627
2987,29.86,0.0,0.0,0.0,0.0,0.3589984256870822,16.04633476909624,1.3673740302566757,-1.428371162600188,-1.690670468350296,-1.680175313486968,0.010495154863328329,15.687336343409159
2988,29.87,0.0,0.0,0.0,0.0,0.4186043810579689,15.947059571138386,10.412908354494697,-18.07921269551684,-1.686857718889207,-1.5200697836960317,0.16678793519317583,15.528455190080416
2989,29.88,0.0,0.0,0.0,0.0,0.5624490555667604,15.696493505842081,18.038140127220156,-31.26589827028982,-1.682015893086749,-1.3617422875078036,0.32027360557894574,15.13404445027532
2990,29.89,0.0,0.0,0.0,0.0,0.7722869849923764,15.33847929096182,23.562338665157224,-39.49099501267005,-1.6753881697706043,-1.2064989825333468,0.46888918723725787,14.566192305969443
2991,29.900000000000002,0.0,0.0,0.0,0.0,1.02670900521074,14.922182726760008,27.002129788762904,-43.090855204360565,-1.6664218003008033,-1.0551657305838078,0.6112560697169951,13.895473721549267
2992,29.91,0.0,0.0,0.0,0.0,1.306743287812028,14.487773031193377,28.767245893360297,-43.35707449667794,-1.6547692118582942,-0.9081137636836114,0.746655448174683,13.18102974338135
2993,29.92,0.0,0.0,0.0,0.0,1.5981073504808985,14.061497823283858,29.34486539055249,-41.67440060560145,-1.640249748835279,-0.7653814474088276,0.8748683014264512,12.46339047280296
2994,29.93,0.0,0.0,0.0,0.0,1.891036421801385,13.657178227887648,29.13700508677273,-39.111146946270296,-1.622802283663075,-0.6268094348891393,0.995992848773936,11.766141806086264
2995,29.94,0.0,0.0,0.0,0.0,2.179173848027752,13.279878989902551,28.42372297707585,-36.35715819402516,-1.6024452806835994,-0.4921471009299336,1.1102981797536657,11.1007051418748
2996,29.95,0.0,0.0,0.0,0.0,2.458425430040263,12.92934742232082,27.382591520853715,-33.803291415957155,-1.57924860518072,-0.36112225036541434,1.218126354815306,10.470921992280557
2997,29.96,0.0,0.0,0.0,0.0,2.72609355223289,12.602494998117077,26.120510187336933,-31.641179763310827,-1.553315493079102,-0.2334810536655627,1.3198344394135388,9.876401445884188
2998,29.97,0.0,0.0,0.0,0.0,2.980312640279906,12.294976210860055,24.70083228983786,-29.941254772930066,-1.5247716337491095,-0.10900786104880898,1.4157637727003005,9.314663570580148
2999,29.98,0.0,0.0,0.0,0.0,3.2197153027196053,12.002123048087746,23.16236999292826,-28.704248117460153,-1.4937586771656195,0.012467329183163645,1.506226006348783,8.782407745368142
3000,29.990000000000002,0.0,0.0,0.0,0.0,3.443252207674837,11.719471647145255,21.53146499874871,-27.89254533997345,-1.4604302532080207,0.13106854007948712,1.5914987932875075,8.276219439470418
3001,30.0,0.0,0.0,0.0,0.0,3.6501064070557523,11.44304546715337,19.82912648420045,-27.448597811634126,-1.4249492788663813,0.24687742677264016,1.6718267056390215,7.792939060097618
3002,30.01,0.0,0.0,0.0,0.0,3.839661523360343,11.169495969510079,18.074899939521323,-27.30572018865846,-1.3874858256664198,0.35993894302481905,1.7474247686912385,7.329834446149736
3003,30.02,0.0,0.0,0.0,0.0,4.011497324694093,10.89615868140575,16.288633919437775,-27.39464046939556,-1.3482151507821165,0.4702679561043184,1.8184831068864347,6.884661356711656
3004,30.03,0.0,0.0,0.0,0.0,4.1653958358723635,10.621056477132244,14.490926193761343,-27.647738666620647,-1.3073157087233078,0.5778561391300187,1.8851718478533261,6.455660641259881
3005,30.04,0.0,0.0,0.0,0.0,4.3013475924776605,10.342867511814056,12.702779261703228,-28.0019925766418,-1.2649670946165137,0.6826787087213744,1.9476458033378885,6.0415199193363955
3006,30.05,0.0,0.0,0.0,0.0,4.419552101541992,10.060868030058353,10.9448387577283,-28.401105392360122,-1.2213479504403995,0.7847007095490873,2.006048659989487,5.641315928516361
3007,30.060000000000002,0.0,0.0,0.0,0.0,4.520409765220702,9.774857162711124,9.23648599927823,-28.796995388435583,-1.176633908126285,0.883882631603541,2.060516539729826,5.254447397490422
3008,30.07,0.0,0.0,0.0,0.0,4.604504841280399,9.48506979796496,7.594979647294938,-29.150693771040288,-1.1309956586474272,0.9801852108792082,2.1111808695266356,4.880564956684561
3009,30.080000000000002,0.0,0.0,0.0,0.0,4.6725806323592005,9.1920833907362,6.0347763552999725,-29.432661406564105,-1.0845972318506831,1.073573323626981,2.158170555477664,4.519502758376999
3010,30.09,0.0,0.0,0.0,0.0,4.725509095862899,8.896724402304011,4.567101540647477,-29.62255411156212,-1.037594554376214,1.1640189422630691,2.2016134966392826,4.171215306441113
3011,30.1,0.0,0.0,0.0,0.0,4.764257513505511,8.59997956939939,3.199790053992367,-29.708506776778876,-0.9901343284284297,1.2515031758176178,2.2416375042460475,3.8357220558938785
3012,30.11,0.0,0.0,0.0,0.0,4.789854843143802,8.302916294570704,1.9373757264529297,-29.686045887290625,-0.942353247514291,1.3360174655864612,2.2783707131007525,3.5130614514269016
3013,30.12,0.0,0.0,0.0,0.0,4.803360015629004,8.00661521634752,0.7813811484772745,-29.556764377411533,-0.8943775406070017,1.4175640436064605,2.3119415842134625,3.203255200718515
3014,30.13,0.0,0.0,0.0,0.0,4.805833872619545,7.712116639693444,-0.26925480106009547,-29.32689710683618,-0.8463228162854816,1.4961557853046232,2.342478601590105,2.9062827670738987
3015,30.14,0.0,0.0,0.0,0.0,4.798315799303585,7.420381181525975,-1.2176757895158206,-29.005921117423174,-0.7982941646356574,1.5718155977323855,2.3701097623680427,2.62206538222239
3016,30.150000000000002,0.0,0.0,0.0,0.0,4.781805495889944,7.13226387154713,-2.068589938769599,-28.605277858476317,-0.7503864672731744,1.6445754825455536,2.394961949818728,2.350458375657186
3017,30.16,0.0,0.0,0.0,0.0,4.757249825135178,6.8485001386924615,-2.8277788499780128,-28.1372817849747,-0.7026848640459333,1.714475400972039,2.417160265017972,2.0912503135572837
3018,30.17,0.0,0.0,0.0,0.0,4.725534304735977,6.569701633408055,-3.5016633456922808,-27.61424747162914,-0.6552653275652397,1.7815620496425597,2.4368273772077993,1.8441673286720786
3019,30.18,0.0,0.0,0.0,0.0,4.687478586860643,6.2963596564346975,-4.096941947710072,-27.04784008775838,-0.6081953022719753,1.845887634536606,2.454082936808581,1.6088810695740543
3020,30.19,0.0,0.0,0.0,0.0,4.643835165030092,6.028854023199039,-4.620306971298358,-26.448633984569,-0.5615343719240241,1.9075087081282656,2.4690430800522893,1.385018858168947
3021,30.2,0.0,0.0,0.0,0.0,4.595290542677016,5.767465414139756,-5.078235055897402,-25.825851611678743,-0.5153349270866374,1.9664851141077426,2.48182004119438,1.1721748714627402
3022,30.21,0.0,0.0,0.0,0.0,4.542468157115129,5.512389573547755,-5.476843901315179,-25.187249082045295,-0.4696428116082077,2.0228790660711384,2.492521877679346,0.9699214164326255
3023,30.22,0.0,0.0,0.0,0.0,4.485932449416017,5.263752063929191,-5.8218044570803915,-24.539113884948165,-0.42449793366490096,2.0767543719106465,2.5012523055755476,0.7778196145131737
3024,30.23,0.0,0.0,0.0,0.0,4.426193582690071,5.0216226172046925,-6.11829717571209,-23.886342815832087,-0.37993483249692056,2.1281758044015975,2.508110636898518,0.5954290345146216
3025,30.240000000000002,0.0,0.0,0.0,0.0,4.363712422917767,4.786028422114244,-6.37100154753229,-23.23257265084595,-0.3359831963719648,2.1772086104220163,2.513191806793981,0.4223159991964769
3026,30.25,0.0,0.0,0.0,0.0,4.298905498146375,4.55696593618367,-6.5841094442749615,-22.580341284877772,-0.2926683306498347,2.22391814592331,2.5165864765731447,0.25806043803729484
3027,30.26,0.0,0.0,0.0,0.0,4.23214973867685,4.33441100747025,-6.761354405255903,-21.93126218493034,-0.25001157721714473,2.2683696206806347,2.5183811978977797,0.10226126879340036
3028,30.27,0.0,0.0,0.0,0.0,4.163786871312902,4.11832723918353,-6.906050630360483,-21.286199618990036,-0.20803068816900558,2.3106279354815102,2.5186586236505155,-0.045459632129372096
3029,30.28,0.0,0.0,0.0,0.0,4.094127395479004,3.9086726356880233,-7.021136936800291,-20.64543598533796,-0.16674015759719057,2.350757594302035,2.5174977518992256,-0.18545475979098036
3030,30.29,0.0,0.0,0.0,0.0,4.023454109868714,3.7054046391379183,-7.109222212669976,-20.00882563962502,-0.12615151585216805,2.3888226747835546,2.514974190635723,-0.3180494707307959
3031,30.3,0.0,0.0,0.0,0.0,3.9520251875706407,3.5084837097703843,-7.172629937074374,-19.37593195084549,-0.08627359080375369,2.424886841654441,2.511160432458195,-0.44354147780025643
3032,30.310000000000002,0.0,0.0,0.0,0.0,3.8800768177002514,3.3178756265940783,-7.213440145259607,-18.74614601879883,-0.047112740539446835,2.4590133894037383,2.506126129943185,-0.5622011911061731
3033,30.32,0.0,0.0,0.0,0.0,3.807825444580601,3.133552694543084,-7.233527826804667,-18.118786678487574,-0.00867306168825865,2.4912653023381846,2.499938364026443,-0.6742727500375172
3034,30.330000000000002,0.0,0.0,0.0,0.0,3.7354696432829133,2.9554940436150443,-7.23459719126283,-17.493182221450084,0.029043422794641553,2.5217053220182915,2.49266189922365,-0.779975599667869
3035,30.34,0.0,0.0,0.0,0.0,3.6631916743081483,2.783685198407773,-7.218211554388391,-16.86873478549252,0.06603659295777009,2.5503960138932222,2.4843594209354523,-0.8795064759003752
3036,30.35,0.0,0.0,0.0,0.0,3.591158761475388,2.6181170851979423,-7.1858188211360075,-16.24496868817975,0.10230807530953685,2.5773998266850775,2.475091751375541,-0.9730416762774459
3037,30.36,0.0,0.0,0.0,0.0,3.519524136505324,2.4587846299095304,-7.138772695394735,-15.621564170992063,0.13786109785099224,2.602779139676645,2.4649180418256527,-1.0607395065957936
3038,30.37,0.0,0.0,0.0,0.0,3.448427891927113,2.305685085061462,-7.0783498514793175,-14.998378126848571,0.17270035456258262,2.6265962945153944,2.4538959399528117,-1.1427428068656513
3039,30.38,0.0,0.0,0.0,0.0,3.3779976812080768,2.158816207769017,-7.005763373840183,-14.375453434817834,0.20683187762478564,2.6489136094471157,2.4420817318223302,-1.2191814734390598
3040,30.39,0.0,0.0,0.0,0.0,3.3083493016823287,2.0181743945312696,-6.922172819669851,-13.753018540976765,0.24026291602609384,2.669793375032349,2.429530459006255,-1.290174907151059
3041,30.400000000000002,0.0,0.0,0.0,0.0,3.2395871921391657,1.8837528621862054,-6.828691290734441,-13.131478913386001,0.2730018195484741,2.689297831373684,2.41629601182521,-1.3558343299529603
3042,30.41,0.0,0.0,0.0,0.0,3.171804872963059,1.755539948281094,-6.726389919712735,-12.511401965813523,0.30505792742004445,2.707489127695342,2.4024312002752977,-1.416264924681965
3043,30.42,0.0,0.0,0.0,0.0,3.105085352615472,1.633517588418583,-6.616300184575012,-11.893496989684204,0.3364414611827557,2.724429265769738,2.3879878045869822,-1.4715677641968887
3044,30.43,0.0,0.0,0.0,0.0,3.039501520113273,1.5176600131138982,-6.4994144629581045,-11.278591555910548,0.36716342154009296,2.7401800291855847,2.373016607645492,-1.5218415069993747
3045,30.44,0.0,0.0,0.0,0.0,2.9751165390854197,1.407932692566553,-6.376685227489389,-10.66760574716516,0.39723548912629586,2.7548029008061605,2.357567411679865,-1.5671838465188668
3046,30.45,0.0,0.0,0.0,0.0,2.911984255074305,1.3042915447473153,-6.24902326296122,-10.061525457408694,0.42666992927403913,2.768358970984014,2.3416890417099756,-1.6076927103269898
3047,30.46,0.0,0.0,0.0,0.0,2.850149624073347,1.2066824105356533,-6.117295257796611,-9.461375851314452,0.4554795009562668,2.7809088391932137,2.3254293382369475,-1.6434672135376935
3048,30.47,0.0,0.0,0.0,0.0,2.789649166942892,1.1150407895101424,-5.982321086448265,-8.868195915692205,0.4836773701400483,2.7925125117252656,2.3088351415852175,-1.6746083774327494
3049,30.48,0.0,0.0,0.0,0.0,2.730511451382773,1.0292918215218108,-5.844871057715619,-8.283014863514735,0.511277027822258,2.8032292979873668,2.291952270165109,-1.701219629860962
3050,30.490000000000002,0.0,0.0,0.0,0.0,2.6727576006172176,0.9493504924556035,-5.705663358299232,-7.706830975164272,0.538292213020017,2.8131177077575837,2.2748254947375663,-1.723407108161614
3051,30.5,0.0,0.0,0.0,0.0,2.6164018258908284,0.8751220376105227,-5.565361873270715,-7.140593287753353,0.5647368409702804,2.8222353515095184,2.2574985105392376,-1.7412797882803057
3052,30.51,0.0,0.0,0.0,0.0,2.561451978296916,0.8065025128564677,-5.4245745176080105,-6.585186378378475,0.5906249367553033,2.830638845635439,2.240013908880136,-1.7549494654404483
3053,30.52,0.0,0.0,0.0,0.0,2.507910114347777,0.743379502034011,-5.283852167468665,-6.04141833660017,0.6159705745200033,2.838383724088743,2.22241314956874,-1.7645306123137658
3054,30.53,0.0,0.0,0.0,0.0,2.455773069021588,0.6856329287850492,-5.143688238118077,-5.510011889799275,0.6407878223879384,2.8455243576488933,2.204736535260955,-1.7701401402365389
3055,30.54,0.0,0.0,0.0,0.0,2.405033029740783,0.6331359419346012,-5.004518918696402,-4.991598535406842,0.6650906931177382,2.8521138816974276,2.1870231885796896,-1.771897087806182
3056,30.55,0.0,0.0,0.0,0.0,2.3556781047931628,0.5857558454532688,-4.866724043153244,-4.486715447836628,0.6888931004769777,2.8582041330938526,2.169311032616875,-1.769922259339894
3057,30.560000000000002,0.0,0.0,0.0,0.0,2.3076928800428753,0.5433550466850035,-4.7306285521472216,-3.9958048654122824,0.7122088212465052,2.863845596463121,2.151636775216616,-1.7643378333578719
3058,30.57,0.0,0.0,0.0,0.0,2.261058958325562,0.5057919996892175,-4.596504482514403,-3.519215622484754,0.7350514627097845,2.869087359958856,2.1340358972490714,-1.7552669586363443
3059,30.580000000000002,0.0,0.0,0.0,0.0,2.2157554766221828,0.4729221240095972,-4.464573408753382,-3.0572064721969867,0.7574344354288469,2.8739770803520486,2.116542644923202,-1.7428333526125854
3060,30.59,0.0,0.0,0.0,0.0,2.1717595968992875,0.44459868275164804,-4.335009254272777,-2.609950843145843,0.7793709310633152,2.87856095711592,2.0991900260526046,-1.7271609141476394
3061,30.6,0.0,0.0,0.0,0.0,2.1290469673390495,0.42067360736797743,-4.207941388145228,-2.177542685331887,0.800873904952279,2.882883715034198,2.082009810081919,-1.708373359971072
3062,30.61,0.0,0.0,0.0,0.0,2.087592151519434,0.4009982598888929,-4.083457924965469,-1.7600030839952383,0.8219560631497878,2.8869885947508465,2.0650325316010587,-1.6865938916305407
3063,30.62,0.0,0.0,0.0,0.0,2.047369023905888,0.38542412639928203,-3.961609150233492,-1.3572873509810963,0.8426298535848732,2.890917350602334,2.0482874970174603,-1.661944897506606
3064,30.63,0.0,0.0,0.0,0.0,2.008351130759355,0.37380343828989054,-3.842411000647107,-0.9692923392780686,0.8629074610039071,2.8947102550253807,2.0318027940214733,-1.6345476924694646
3065,30.64,0.0,0.0,0.0,0.0,1.9705120162298164,0.3659897201633706,-3.725848537014875,-0.5958637647454728,0.8828008053480243,2.898406108810574,2.015605303462549,-1.6045222960664458
3066,30.650000000000002,0.0,0.0,0.0,0.0,1.9338255139835303,0.3618382652417754,-3.61187935654072,-0.23680335772992955,0.902321543218535,2.902042256471109,1.9997207132525745,-1.5719872487417548
3067,30.66,0.0,0.0,0.0,0.0,1.8982660051977542,0.36120654070660896,-3.500436900431902,0.10812429541452113,0.9214810720896478,2.905654606012702,1.9841735339230546,-1.5370594644911453
3068,30.67,0.0,0.0,0.0,0.0,1.8638086441526323,0.36395452662622707,-3.391433621728448,0.4391853261228065,0.9402905369379586,2.9092776524213746,1.9689871154834162,-1.499854117526405
3069,30.68,0.0,0.0,0.0,0.0,1.830429552958455,0.36994499301750744,-3.284763986630867,0.7566706465652768,0.9587608389720811,2.912944504227097,1.9541836652550162,-1.4604845599409477
3070,30.69,0.0,0.0,0.0,0.0,1.798105987184568,0.37904372018606564,-3.180307290208242,1.0608905480403992,0.9769026461626114,2.9166869125499963,1.9397842663873848,-1.4190622669985022
3071,30.7,0.0,0.0,0.0,0.0,1.7668164743137096,0.39111966783127716,-3.0779302740870267,1.3521698575998728,0.994726405290753,2.9205353020891183,1.9258088967983655,-1.3756968064824324
3072,30.71,0.0,0.0,0.0,0.0,1.7365409270391394,0.4060450985296219,-2.9774895394965664,1.6308436562089637,1.0122423552540991,2.924518803569473,1.9122764483153747,-1.3304958285095174
3073,30.72,0.0,0.0,0.0,0.0,1.707260733463882,0.423695661161289,-2.8788337538972,1.8972535460732227,1.0294605413880717,2.928665287219033,1.8992047458309618,-1.283565072302593
3074,30.73,0.0,0.0,0.0,0.0,1.678958826257929,0.4439504396580944,-2.7818056533781874,2.1517444426351213,1.0463908305825438,2.933001396902251,1.886610566319707,-1.2350083865998345
3075,30.740000000000002,0.0,0.0,0.0,0.0,1.651619732791626,0.4666919721581467,-2.6862438461685207,2.3946618577682433,1.063042926993164,2.9375525845889796,1.874509657595816,-1.1849277606334794
3076,30.75,0.0,0.0,0.0,0.0,1.6252296081967421,0.491806245285156,-2.5919844250338286,2.6263496344997463,1.07942638816712,2.94234314488681,1.86291675671969,-1.1334233629115862
3077,30.76,0.0,0.0,0.0,0.0,1.5997762532198307,0.5191826678523721,-2.498862398140108,2.8471480897461907,1.095550641421964,2.947396249409929,1.851845607987965,-1.0805935853674586
3078,30.77,0.0,0.0,0.0,0.0,1.5752491186298891,0.5487140278450685,-2.4067129492408386,3.0573925196718887,1.1114250003342587,2.9527339807983686,1.8413089804641098,-1.0265350907848205
3079,30.78,0.0,0.0,0.0,0.0,1.5516392978289293,0.5802964360793448,-2.31537253887913,3.2574120219999454,1.1270586812120795,2.958377366237847,1.8313186850257674,-0.9713428617495845
3080,30.79,0.0,0.0,0.0,0.0,1.528939509194994,0.6138292594817196,-2.224679858777694,3.4475285905767876,1.1424608194409687,2.9643464103620056,1.8218855909210367,-0.9151102497132744
3081,30.8,0.0,0.0,0.0,0.0,1.5071440695636942,0.64921504649663,-2.134476651783082,3.628056439426023,1.1576404856079803,2.9706601274461946,1.8130196418382145,-0.8579290230670642
3082,30.810000000000002,0.0,0.0,0.0,0.0,1.4862488601311672,0.6863594467132365,-2.0446084097074784,3.799301516144936,1.1726067013215495,2.9773365728248296,1.8047298715032805,-0.7998894134179307
3083,30.82,0.0,0.0,0.0,0.0,1.4662512859383172,0.7251711264172666,-1.9549249612160142,3.9615611675900304,1.1873684546574341,2.9843928734833867,1.7970244188259523,-0.7410801595210507
3084,30.830000000000002,0.0,0.0,0.0,0.0,1.4471502299765087,0.7655616814193529,-1.8652809615895989,4.115123924162581,1.201934715171789,2.9918452577913155,1.7899105426195263,-0.6815885485571558
3085,30.84,0.0,0.0,0.0,0.0,1.4289460028385534,0.8074455481917977,-1.7755362957827625,4.2602693724951255,1.2163144484322492,2.999709084354013,1.7833946359217638,-0.6215004546467557
3086,30.85,0.0,0.0,0.0,0.0,1.4116402887267367,0.8507399140617008,-1.6855564057193484,4.397268089829694,1.2305166300267516,3.0079988699709745,1.777482239944223,-0.560900374665036
3087,30.86,0.0,0.0,0.0,0.0,1.3952360885231407,0.8953646269575435,-1.5952125522504146,4.526381616764679,1.2445502590171258,3.016728316693279,1.7721780576761532,-0.49987146156559725
3088,30.87,0.0,0.0,0.0,0.0,1.3797376605256109,0.9412421049902866,-1.5043820216466328,4.647862448268518,1.2584243708113327,3.025910337977604,1.7674859671662715,-0.43849555553532427
3089,30.88,0.0,0.0,0.0,0.0,1.3651504593572066,0.9882972459632174,-1.4129482859306974,4.76195402585081,1.2721480494334658,3.035557083935642,1.7634090345021767,-0.37685321339398914
3090,30.89,0.0,0.0,0.0,0.0,1.3514810734664464,1.0364573367486272,-1.3208011257735819,4.868890716525605,1.2857304391755686,3.045679965678106,1.7599495265025376,-0.31502373671781925
3091,30.900000000000002,0.0,0.0,0.0,0.0,1.338737161551686,1.0856519623373038,-1.227836724095827,4.968897766668831,1.2991807556187573,3.0562896787510305,1.7571089231322736,-0.25308519921438233
3092,30.91,0.0,0.0,0.0,0.0,1.3269273881641876,1.135812914259977,-1.133957737927634,5.062191221070272,1.3125082960143482,3.067396225659744,1.7548879296453956,-0.19111447390421055
3093,30.92,0.0,0.0,0.0,0.0,1.3160613586720091,1.1868740979921477,-1.039073355499135,5.148977799409454,1.325722449017696,3.0790089374723353,1.7532864884546397,-0.12918726067986142
3094,30.93,0.0,0.0,0.0,0.0,1.3061495537000067,1.2387714388846065,-0.943099344953206,5.229454724067233,1.3388327037689352,3.0911364944901627,1.7523037907212278,-0.06737811481540024
3095,30.94,0.0,0.0,0.0,0.0,1.2972032631000574,1.2914427861091797,-0.8459581004988962,5.303809494644328,1.3518486583158211,3.103786945968244,1.751938287652423,-0.005760476990877672
3096,30.95,0.0,0.0,0.0,0.0,1.2892345194504764,1.3448278140683956,-0.7475786912596973,5.372219605820794,1.364780027373868,3.116967728862835,1.7521877014889669,0.055593294617919176
3097,30.96,0.0,0.0,0.0,0.0,1.2822560310336364,1.3988679206909052,-0.6478969175106954,5.434852206296314,1.3776366494190062,3.1306856855780882,1.753049036159082,0.11661188965726876
3098,30.970000000000002,0.0,0.0,0.0,0.0,1.2762811141968127,1.453506122015703,-0.5468553784506527,5.491863697528353,1.3904284931069604,-3.1382382265020365,1.7545185875705898,0.1772250078188904
3099,30.98,0.0,0.0,0.0,0.0,1.271323624962375,1.5086869424609244,-0.44440355510995694,5.543399271877139,1.4031656630126539,-3.1234276906591196,1.7565919535078127,0.23736331749854944
3100,30.990000000000002,0.0,0.0,0.0,0.0,1.267397889720234,1.5643563001726442,-0.3404979114588551,5.589592390603067,1.415858404681278,-3.1080628594028963,1.7592640430954118,0.2969584104524101
3101,31.0,0.0,0.0,0.0,0.0,1.2645186348074577,1.620461386857646,-0.2351020162453718,5.630564202981791,1.4285171089808502,-3.0921391124116657,1.7625290857870708,0.3559427520501883
3102,31.01,0.0,0.0,0.0,0.0,1.2627009147573123,1.6769505415216177,-0.12818668755501225,5.666422908635991,1.44115231574417,-3.0756523516022214,1.7663806398331954,0.41424962676430543
3103,31.02,0.0,0.0,0.0,0.0,1.2619600389828365,1.7337731175584419,-0.019730161544449117,5.697263066058235,1.45377471668557,-3.0585989903156987,1.770811600178318,0.4718130785756054
3104,31.03,0.0,0.0,0.0,0.0,1.2623114966482283,1.79087934267191,0.09028171375476558,5.723164851244823,1.4663951575757215,-3.0409759438678603,1.775814205736005,0.5285678460236818
3105,31.04,0.0,0.0,0.0,0.0,1.2637708794752474,1.8482201711541901,0.20185525923680428,5.744193271393927,1.4790246396549687,-3.0227806215380992,1.7813800459865183,0.5844492916789428
3106,31.05,0.0,0.0,0.0,0.0,1.2663538022315386,1.9057471281018097,0.31498872040282533,5.760397339762512,1.4916743202634173,-3.004010920075551,1.7875000668406182,0.6393933258702711
3107,31.060000000000002,0.0,0.0,0.0,0.0,1.2700758206536773,1.9634121452157773,0.4296719988315521,5.7718092190345045,1.5043555126632153,-2.9846652188049547,1.7941645757114169,0.6933363245621
3108,31.07,0.0,0.0,0.0,0.0,1.2749523465701962,2.021167387913938,0.5458863610285515,5.778443341936216,1.5170796850262969,-2.964742376417701,1.8013632457355888,0.7462150413437418
3109,31.080000000000002,0.0,0.0,0.0,0.0,1.2809985600093456,2.0789650735777414,0.6636041269727645,5.780295519342914,1.5298584585584494,-2.9442417295359755,1.8090851190851611,0.7979665135683958
3110,31.09,0.0,0.0,0.0,0.0,1.2882293181033915,2.136757280866088,0.7827883414687151,5.777342047748742,1.5427036047285392,-2.9231630931391654,1.8173186093118814,0.8485279627626965
3111,31.1,0.0,0.0,0.0,0.0,1.2966590606366393,2.194495750156952,0.9033924322692577,5.76953882970784,1.555627041570177,-2.9015067629414912,1.8260515026679178,0.8978366895203127
3112,31.11,0.0,0.0,0.0,0.0,1.306301712128455,2.2521316753214613,1.0253598598547753,5.756820522678103,1.5686408290215348,-2.8792735198089123,1.8352709583491393,0.9458299631930063
3113,31.12,0.0,0.0,0.0,0.0,1.317170580396475,2.309615487200109,1.14862376474912,5.739099733582281,1.5817571632684884,-2.8564646363000423,1.8449635076110555,0.9924449068036341
3114,31.13,0.0,0.0,0.0,0.0,1.32927825160904,2.3668966293321274,1.2731066193056975,5.7162662783066125,1.5949883700557266,-2.8330818854117013,1.8551150517121588,1.0376183777230874
3115,31.14,0.0,0.0,0.0,0.0,1.3426364819109509,2.4239233266920084,1.398719892010098,5.6881865272358185,1.6083468969312213,-2.809127551602729,1.8657108586456366,1.0812868447810575
3116,31.150000000000002,0.0,0.0,0.0,0.0,1.3572560857925895,2.4806423484059192,1.5253637334915993,5.654702859715438,1.6218453043904215,-2.784604444161563,1.8767355586276022,1.1233862626133297
3117,31.16,0.0,0.0,0.0,0.0,1.3731468214704134,2.5369987656591304,1.6529266946017749,5.615633251962687,1.6354962558889738,-2.759515912971727,1.8881731383188856,1.163851944188717
3118,31.17,0.0,0.0,0.0,0.0,1.390317273656042,2.592935706257223,1.7812854880631768,5.570771024327202,1.6493125066958303,-2.7338658667163025,1.900006933767454,1.202618432601181
3119,31.18,0.0,0.0,0.0,0.0,1.40877473421165,2.6483941075683295,1.910304806278543,5.519884774827638,1.6633068915629596,-2.707658793546525,1.9122196220701018,1.2396193733566796
3120,31.19,0.0,0.0,0.0,0.0,1.4285250813205155,2.703312469846806,2.039837208869861,5.462718526436293,1.6774923111936824,-2.6808997842206943,1.9247932117652093,1.2747873885262904
3121,31.2,0.0,0.0,0.0,0.0,1.4495726579411103,2.7576266122125683,2.1697230943189187,5.398992115514967,1.6918817174983483,-2.6535945576987325,1.9377090319825057,1.308053954271458
3122,31.21,0.0,0.0,0.0,0.0,1.4719201504602815,2.811269433832109,2.299790770643929,5.328401847963407,1.7064880976348051,-2.625749489153012,1.950947720391769,1.3393492833718277
3123,31.220000000000002,0.0,0.0,0.0,0.0,1.4955684686114623,2.864170683103538,2.4298566402770008,5.250621447862237,1.7213244568406971,-2.597371640329944,1.964489210008945,1.3686022144920755
3124,31.23,0.0,0.0,0.0,0.0,1.5205166278753661,2.916256737883426,2.5597255141253528,5.1653033204927885,1.7364038000763313,-2.5684687921670184,1.9783127149362365,1.39574011000806
3125,31.240000000000002,0.0,0.0,0.0,0.0,1.5467616357271716,2.96745039999153,2.689191069099184,5.072080147418374,1.7517391125095905,-2.539049479538967,1.9923967151310287,1.4206887642643584
3126,31.25,0.0,0.0,0.0,0.0,1.5742983832310011,3.0176707073792604,2.8180364620778287,4.9705668256354345,1.7673433388886952,-2.5091230279735126,2.006718940317379,1.4433723241482592
3127,31.26,0.0,0.0,0.0,0.0,1.6031195436030683,3.066832767433322,2.9460351112664247,4.860362755484309,1.7832293618644421,-2.478699592142523,2.021256353172621,1.4637132238302537
3128,31.27,0.0,0.0,0.0,0.0,1.6332154794604639,3.1148476148879016,3.0729516530733414,4.741054472919588,1.7994099793399494,-2.4477901959001134,2.0359851319395226,1.4816321354274378
3129,31.28,0.0,0.0,0.0,0.0,1.6645741605367663,3.161622097722698,3.198543078950394,4.612218610781712,1.8158978809438162,-2.416406773604275,2.050880652631495,1.4970479371859315
3130,31.29,0.0,0.0,0.0,0.0,1.6971810936671465,3.207058794206727,3.322560052022921,4.4734251608703985,1.832705623740195,-2.384562212426466,2.0659174710129253,1.5098777005395805
3131,31.3,0.0,0.0,0.0,0.0,1.7310192668176263,3.2510559638950585,3.4447483977910913,4.324240993945462,1.8498456073075789,-2.35227039532298,2.081069304549027,1.5200366970774322
3132,31.310000000000002,0.0,0.0,0.0,0.0,1.7660691088437086,3.293507534875444,3.564850756723875,4.164233578449636,1.8673300483350899,-2.319546244316916,2.0963090145275807,1.5274384260317353
3133,31.32,0.0,0.0,0.0,0.0,1.8023084665066749,3.334303128883148,3.6826083792862443,3.992974821044459,1.885170954901516,-2.2864057637192436,2.111608588558827,1.531994662376473
3134,31.330000000000002,0.0,0.0,0.0,0.0,1.8397126000415194,3.3733281250400324,3.7977630359748873,3.810044933424921,1.903380100616312,-2.2528660829058156,2.1269391236574586,1.533615524998513
3135,31.34,0.0,0.0,0.0,0.0,1.878254198254358,3.4104637619238676,3.9100590065108562,3.6150362109279164,1.921968998813202,-2.218945498264719,2.1422708101016656,1.5322095636695097
3136,31.35,0.0,0.0,0.0,0.0,1.9179034137261193,3.445587276436207,4.019245103742839,3.4075565899433626,1.9409488769950978,-2.184663513936921,2.1575729162475676,1.5276838627100877
3137,31.36,0.0,0.0,0.0,0.0,1.9586279182117994,3.4785720765193155,4.125076679418263,3.1872328340211467,1.9603306517320758,-2.150040880996085,2.1728137744514253,1.5199441583075162
3138,31.37,0.0,0.0,0.0,0.0,2.000392977757516,3.50928794319661,4.227317551234468,2.9537131839162876,1.9801249042127,-2.1150996347499404,2.1879607682169455,1.5088949654390942
3139,31.38,0.0,0.0,0.0,0.0,2.0431615464166706,3.5376012557043053,4.325741783986898,2.7066692958604492,2.0003418566406173,-2.079863129900054,2.2029803206389147,1.4944397092876347
3140,31.39,0.0,0.0,0.0,0.0,2.086894376749532,3.5633752316909924,4.420135252749659,2.4457972863638635,2.020991349654159,-2.0443560733673016,2.2178378841581257,1.4764808549414603
3141,31.400000000000002,0.0,0.0,0.0,0.0,2.1315501445538465,3.5864701726400243,4.510296913422774,2.170817702174235,2.0420828209244255,-2.008604554680464,2.232497931574697,1.4549200280861778
3142,31.41,0.0,0.0,0.0,0.0,2.1770855845269277,3.606743702889035,4.596039706238702,1.8814742418947208,2.0636252850584653,-1.9726360739320787,2.2469239481890426,1.429658118362107
3143,31.42,0.0,0.0,0.0,0.0,2.2234556328302597,3.6240509889607813,4.677191021457399,1.577531072345781,2.085627314897236,-1.9364795674308373,2.261078424851514,1.4005953561305216
3144,31.43,0.0,0.0,0.0,0.0,2.270613571853897,3.6382449244731148,4.753592663948068,1.2587686089586976,2.10809702425431,-1.9001654313201004,2.274922851605176,1.3676313526192176
3145,31.44,0.0,0.0,0.0,0.0,2.318511171900111,3.649176264762492,4.825100264989535,0.9249776659376825,2.1310420520915425,-1.863725543584975,2.288417711503069,1.330665092862381
3146,31.45,0.0,0.0,0.0,0.0,2.367098824064375,3.6566936946385744,4.8915821056036535,0.5759519289015882,2.1544695480723406,-1.8271932850337238,2.301522474073522,1.2895948705741995
3147,31.46,0.0,0.0,0.0,0.0,2.4163256583341455,3.660643812493093,4.952917336090763,0.21147876004577387,2.1783861593749894,-1.7906035600057608,2.314195587798836,1.2443181541589476
3148,31.470000000000002,0.0,0.0,0.0,0.0,2.4661396408909235,3.660871014414141,5.008993600993307,-0.16867158700235707,2.202798018587816,-1.7539928177254722,2.3263944708662976,1.1947313735232177
3149,31.48,0.0,0.0,0.0,0.0,2.516487644833385,3.657217263101739,5.059704107139893,-0.5647581895499234,2.227710732449202,-1.7173990753787833,2.338075499351601,1.1407296182683537
3150,31.490000000000002,0.0,0.0,0.0,0.0,2.567315489071703,3.6495217283224166,5.104944204216569,-0.9770828789998055,2.253129371139744,-1.68086194413287,2.349193991906972,1.0822062392507137
3151,31.5,0.0,0.0,0.0,0.0,2.6185679410083718,3.6376202884463478,5.144607581861404,-1.4060045392860705,2.2790584577854034,-1.6444226594387488,2.3597041899554343,1.019052347437976
3152,31.51,0.0,0.0,0.0,0.0,2.670188679843088,3.6213448863281132,5.178582223893785,-1.8519538620911018,2.3055019577927327,-1.6081241170427774,2.369559232344076,0.9511562064850252
3153,31.52,0.0,0.0,0.0,0.0,2.722120218933363,3.600522737450962,5.206746298262823,-2.3154480454592634,2.3324632676128276,-1.5720109161787117,2.378711123388047,0.878402518517599
3154,31.53,0.0,0.0,0.0,0.0,2.7743037876225447,3.574975393862852,5.228964199962656,-2.7971048276480897,2.3599452025250915,-1.5361294114046946,2.3871106932498,0.8006716062403072
3155,31.54,0.0,0.0,0.0,0.0,2.8266791753121496,3.544517673980452,5.2450830029167115,-3.2976551553844335,2.3879499830469415,-1.5005277744831325,2.394707549649512,0.7178384986683022
3156,31.55,0.0,0.0,0.0,0.0,2.8791845433088543,3.508956475791854,5.254929615178203,-3.817953697242015,2.416479219617407,-1.4652560675632942,2.401450019998885,0.6297719324829996
3157,31.560000000000002,0.0,0.0,0.0,0.0,2.9317562131071844,3.468089499298381,5.25830896929249,-4.358986330903501,2.4455338952725985,-1.4303663287110977,2.40728508319589,0.5363332861911965
3158,31.57,0.0,0.0,0.0,0.0,2.9843284432707957,3.42170391311972,5.255003615886316,-4.921873660513315,2.4751143461354035,-1.3959126705266234,2.412158290517559,0.4373754698489245
3159,31.580000000000002,0.0,0.0,0.0,0.0,3.0368332109289455,3.369575009934558,5.244775122921542,-5.50786956099217,2.505220239682025,-1.3619513921928486,2.416013675304713,0.3327417990056123
3160,31.59,0.0,0.0,0.0,0.0,3.089200018090085,3.3114649056817465,5.227367714685487,-6.118353705589274,2.5358505509287985,-1.3285411048014424,2.418793651449345,0.22226488759166152
3161,31.6,0.0,0.0,0.0,0.0,3.1413557474572866,3.247121347979635,5.2025146120036245,-6.754817019003045,2.567003536907301,-1.2957428691992412,2.420438901073044,0.10576560052234818
3162,31.61,0.0,0.0,0.0,0.0,3.1932245971548516,3.176276709716703,5.1699475559594745,-7.41883902228634,2.598676710065466,-1.2636203448924488,2.4208882522216713,-0.01694788743814879
3163,31.62,0.0,0.0,0.0,0.0,3.2447281286625143,3.098647253769453,5.129410007921872,-8.112056112912652,2.6308668115515412,-1.2322399477346624,2.4200785478933824,-0.1460808748930611
3164,31.63,0.0,0.0,0.0,0.0,3.295785467170804,3.0139327636885236,5.080674513602714,-8.836119974150511,2.663569785704608,-1.2016710132203385,2.4179445082546396,-0.2818527034822802
3165,31.64,0.0,0.0,0.0,0.0,3.346313698332473,2.9218166420947713,5.023564690938049,-9.592645558127609,2.6967807574922853,-1.171985961219576,2.4144185884677247,-0.42449705623770173
3166,31.650000000000002,0.0,0.0,0.0,0.0,3.3962285097122287,2.821966582304467,4.95798224143608,-10.383148467605036,2.7304940150973978,-1.1432604569513247,2.4094308351308635,-0.5742619274077616
3167,31.66,0.0,0.0,0.0,0.0,3.4454451287572914,2.714035917873778,4.883939280909277,-11.208972107485806,2.7647030003575277,-1.1155735619359115,2.402908744886147,-0.7314092108835135
3168,31.67,0.0,0.0,0.0,0.0,3.4938796113219377,2.597665747489295,4.801596125438736,-12.071205724323095,2.799400310291581,-1.0890078676513466,2.394777129236658,-0.8962138638326427
3169,31.68,0.0,0.0,0.0,0.0,3.5414505350536962,2.4724879167520357,4.7113044390608625,-12.97059543250024,2.834577713491101,-1.0636496037148118,2.384957989973673,-1.0689626183016605
3170,31.69,0.0,0.0,0.0,0.0,3.588081149536546,2.3381289114601227,4.613655340009469,-13.907451559468534,2.8702261856880877,-1.0395887117193454,2.3733704097721526,-1.2499522380764234
3171,31.7,0.0,0.0,0.0,0.0,3.6337020291467623,2.194214676450444,4.509531666490205,-14.88155712707225,2.9063359693029485,-1.0169188755005707,2.3599304623760666,-1.4394873526963181
3172,31.71,0.0,0.0,0.0,0.0,3.678254264259039,2.0403763175489598,4.40016312436744,-15.892083983350027,2.942896662188947,-0.9957374987355311,2.3445511462551085,-1.6378779467100792
3173,31.720000000000002,0.0,0.0,0.0,0.0,3.7216932109882026,1.876256569984434,4.287182495790896,-16.937524919911606,2.9798973410723613,-0.9761456215565525,2.3271423445506723,-1.8454366410037686
3174,31.73,0.0,0.0,0.0,0.0,3.7639927985923345,1.7015168242094267,4.172680517538834,-18.015651899598787,3.0173267252895823,-0.9582477694761659,2.307610812413838,-2.0624759743829078
3175,31.740000000000002,0.0,0.0,0.0,0.0,3.8051503670132947,1.515844390848248,4.059256502857857,-19.123512048516492,3.0551733862844115,-0.942151730543358,2.2858601903518165,-2.2893059761650467
3176,31.75,0.0,0.0,0.0,0.0,3.845191975563861,1.318959564505843,3.9500613687763457,-20.25747403334995,3.0934260078996587,-0.9279682604360544,2.2617910388438727,-2.526232411058018
3177,31.76,0.0,0.0,0.0,0.0,3.884178089253708,1.1106219188028266,3.848829552224749,-21.413337491738112,3.132073701736604,-0.9158107202336542,2.2353008852093277,-2.773556170450881
3178,31.77,0.0,0.0,0.0,0.0,3.9222095146093636,0.8906351433297033,3.759896473147218,-22.5865169383131,-3.1120789264341675,-0.9057946579088507,2.206284268525317,-3.0315743712796603
3179,31.78,0.0,0.0,0.0,0.0,3.959433426191019,0.6588496318285751,3.6881988403176234,-23.772308709593883,-3.0726701144091253,-0.8980373520014711,2.1746327624076542,-3.300583794362444
3180,31.79,0.0,0.0,0.0,0.0,3.996049303348036,0.4151619670744714,3.639256262188838,-24.966244845868907,-3.032892293112095,-0.8926573442023452,2.1402349489097494,-3.5808873362735647
3181,31.8,0.0,0.0,0.0,0.0,4.032314589386694,0.15951043978072618,3.619134304998699,-26.16453135800259,-2.99275030622428,-0.8897739962147456,2.1029763100095344,-3.8728041496059675
3182,31.810000000000002,0.0,0.0,0.0,0.0,4.068549896798654,-0.1081341969167665,3.6343911938017466,-27.36456037222051,-2.95224611125418,-0.8895071146330312,2.0627389966211487,-4.17668409371542
3183,31.82,0.0,0.0,0.0,0.0,4.105143614900353,-0.38778338662360845,3.6920124787296613,-28.565476701080517,-2.911378124263214,-0.8919766948908803,2.0194014293723335,-4.492927001523961
3184,31.830000000000002,0.0,0.0,0.0,0.0,4.142555828620788,-0.67945125063547,3.7993397020191373,-29.76877005418265,-2.8701405219093163,-0.8973028406961715,1.972837681213145,-4.822007079256258
3185,31.84,0.0,0.0,0.0,0.0,4.181321521847806,-0.9831809641847594,3.963999712792347,-30.978854749335618,-2.828522507885532,-0.9056059178556607,1.9229165900298713,-5.164502486032566
3186,31.85,0.0,0.0,0.0,0.0,4.2220531003289725,-1.2990766721979272,4.193839875122659,-32.20358904254269,-2.786507550776467,-0.917007000062415,1.8695005507140519,-5.5211297725268995
3187,31.86,0.0,0.0,0.0,0.0,4.265442301791416,-1.627340053208919,4.496869803070524,-33.45467420383309,-2.744072599804541,-0.9316286580829961,1.8124439417215454,-5.892782355000335
3188,31.87,0.0,0.0,0.0,0.0,4.312261524814864,-1.96830995650096,4.881200778606238,-34.747854846467426,-2.7011872843621427,-0.9495961316051746,1.7515911527569685,-6.280571481315824
3189,31.88,0.0,0.0,0.0,0.0,4.363364442879738,-2.322502601978084,5.354957174863547,-36.10280841981048,-2.6578131035967307,-0.9710389028594042,1.6867742007373272,-6.685867044857822
3190,31.89,0.0,0.0,0.0,0.0,4.41968538390207,-2.6906484289006687,5.926105987119942,-37.54254874464417,-2.6139026153462326,-0.9960926595308114,1.617809955815421,-7.11033381280274
3191,31.900000000000002,0.0,0.0,0.0,0.0,4.4822362037497525,-3.0737194045834397,6.602104219474138,-39.092052201118655,-2.569398642292815,-1.024901584932866,1.5444970573599497,-7.555955608333193
3192,31.91,0.0,0.0,0.0,0.0,4.552098032004952,-3.472936749917145,7.389188206733619,-40.77560782816711,-2.524233532038031,-1.0576208339816162,1.4666126980564151,-8.025034781922098
3193,31.92,0.0,0.0,0.0,0.0,4.630402944612909,-3.889742425468102,8.291006392627887,-42.612036714300736,-2.478328544617154,-1.0944189229774395,1.383909621639715,-8.52014537008101
3194,31.93,0.0,0.0,0.0,0.0,4.718296734209988,-4.325706485474835,9.306103033480348,-44.60634264775233,-2.4315935082263214,-1.1354795433177813,1.29611396490854,-9.044003219684823
3195,31.94,0.0,0.0,0.0,0.0,4.816867657032456,-4.7823238434283635,10.423469345483111,-46.73546263730699,-2.3839270012623337,-1.1810019449639344,1.2029250562983995,-9.599191500460819
3196,31.95,0.0,0.0,0.0,0.0,4.927016333934325,-5.260624869415975,11.614993822946454,-48.92458454988542,-2.3352175152864874,-1.2311984353140657,1.104019079972421,-10.1876412033503
3197,31.96,0.0,0.0,0.0,0.0,5.049228387841857,-5.760482811339937,12.823289752250465,-51.009360603439326,-2.2853463667747,-1.2862865856820271,0.9990597810926723,-10.809711199181795
3198,31.970000000000002,0.0,0.0,0.0,0.0,5.18319620361047,-6.2794539358379895,13.94354503272713,-52.67975854748638,-2.2341935870671907,-1.346472328567561,0.8877212584996299,-11.46265013944846
3199,31.98,0.0,0.0,0.0,0.0,5.327230376361513,-6.810966751455773,14.800081252826644,-53.40742224967315,-2.1816486021904042,-1.4119183390776515,0.7697302631127532,-12.138197127817286
3200,31.990000000000002,0.0,0.0,0.0,0.0,5.477436471279479,-7.341781434987532,15.125043682682294,-52.37902059532023,-2.127627989431822,-1.4826906094485872,0.6449373799832351,-12.819217906267012
3201,32.0,0.0,0.0,0.0,0.0,5.626773718246713,-7.849071517558157,14.561515919045256,-48.504053813856416,-2.0721022603268446,-1.558677108096458,0.5134251522303865,-13.475845235804869
3202,32.01,0.0,0.0,0.0,0.0,5.764436547634874,-8.298480834931066,12.733269368532481,-40.62792059721199,-2.0151309980576686,-1.639480420714858,0.37565057734281054,-14.06291738256594
3203,32.02,0.0,0.0,0.0,0.0,5.876448974687946,-8.645908059100327,9.420733806643097,-28.074578042123907,-1.956899000254402,-1.724306853691478,0.23259214656292418,-14.522357033788273
3204,32.03,0.0,0.0,0.0,0.0,5.948438764050714,-8.846033915294504,4.8018683341507655,-11.393617656890202,-1.897736117769455,-1.8119054007769588,0.08583071699249636,-14.794472679345217
3205,32.04,0.0,0.0,0.0,0.0,5.970391519119395,-8.867011350324061,-0.435331725103165,7.286581961561097,-1.8380983793501653,-1.9006260888518243,-0.06252770950165917,-14.837402869443455
3206,32.05,0.0,0.0,0.0,0.0,5.94094204309116,-8.703771885755469,-5.315608783588843,24.944447506790222,-1.778501098074057,-1.9886269500058535,-0.21012585193179656,-14.644713928846627
3207,32.06,0.0,0.0,0.0,0.0,5.868004138861393,-8.380021546552637,-9.035016197248613,39.08370134547437,-1.7194254162798386,-2.074163581066229,-0.35473816478638986,-14.24802568541403
3208,32.07,0.0,0.0,0.0,0.0,5.765226478053732,-7.937323928587974,-11.273459747367617,48.699749926826364,-1.6612406395129897,-2.155830330593231,-0.49458969108024126,-13.702550406641706
3209,32.08,0.0,0.0,0.0,0.0,5.6470618271821325,-7.419908028328944,-12.160125590910612,54.17070203373071,-1.6041718283971502,-2.232662010401778,-0.6284901820046274,-13.066969855511076
3210,32.09,0.0,0.0,0.0,0.0,5.525362147859298,-6.864211285666905,-12.045151957492259,56.550632182896486,-1.5483106795891228,-2.3041023934779874,-0.7557917138888647,-12.389573433526202
3211,32.1,0.0,0.0,0.0,0.0,5.408254973938924,-6.295469330849121,-11.298426694975502,56.94945042783306,-1.493648826111117,-2.3699040883823113,-0.8762552622711942,-11.703724304788045
3212,32.11,0.0,0.0,0.0,0.0,5.300508431541028,-5.728882703619724,-10.214113492705321,56.240469716951395,-1.4401140522787383,-2.4300199178080755,-0.989905865529337,-11.02939113516075
3213,32.12,0.0,0.0,0.0,0.0,5.2044180109145906,-5.172373282564987,-8.993752352039246,55.009931876318326,-1.3875995954620806,-2.484515926977245,-1.0969163315151644,-10.376791293479577
3214,32.13,0.0,0.0,0.0,0.0,5.120662267611559,-4.62923314360957,-7.763066388564342,53.609569401560826,-1.3359844543276183,-2.5335122778108388,-1.19752782348322,-9.749895411221129
3215,32.14,0.0,0.0,0.0,0.0,5.048943712560118,-4.100106648191052,-6.595235947575106,52.22861258835841,-1.2851461599597551,-2.57714746073023,-1.2920013007704756,-9.14905036075117
3216,32.15,0.0,0.0,0.0,0.0,4.988412901828614,-3.5843017920284526,-5.530183586051545,50.953536513896644,-1.234968255201528,-2.61555887190843,-1.3805906167069018,-8.572714693857066
3217,32.160000000000004,0.0,0.0,0.0,0.0,4.9379295668859395,-3.08059460535792,-4.587916637876209,49.80984544969379,-1.1853443973776212,-2.6488738197350865,-1.4635294223574655,-8.01852417224386
3218,32.17,0.0,0.0,0.0,0.0,4.896216303415812,-2.5876935984823155,-3.7769235135326946,48.78904957373685,-1.1361804281338685,-2.67720675215844,-1.541026324024571,-7.483909901898128
3219,32.18,0.0,0.0,0.0,0.0,4.861946670057566,-2.1044891605867,-3.099135902422297,47.865415720012166,-1.0873952629562018,-2.700659968044762,-1.6132647050885607,-6.966435830644267
3220,32.19,0.0,0.0,0.0,0.0,4.8337954390046995,-1.630170648593692,-2.552713493263036,47.00619078856669,-1.038921107089074,-2.719326106585933,-1.6804049994968595,-6.463966087598392
3221,32.2,0.0,0.0,0.0,0.0,4.810468077678035,-1.1642630444628879,-2.133531000851937,46.17779002887618,-0.9907032836055941,-2.7332913718154686,-1.742588088209874,-5.9747311221409225
3222,32.21,0.0,0.0,0.0,0.0,4.790719365425468,-0.7066151939906498,-1.835938698732106,45.3494863479024,-0.9426998270387339,-2.7426388607835217,-1.7999390337447883,-5.497334559416117
3223,32.22,0.0,0.0,0.0,0.0,4.773366488517032,-0.25735970314973783,-1.6531516188914481,44.49550127049611,-0.8948809215466876,-2.747451619090876,-1.8525706975441874,-5.03072619166677
3224,32.230000000000004,0.0,0.0,0.0,0.0,4.757299172125181,0.18314235473971327,-1.5774791839033726,43.596016733316645,-0.8472282242721417,-2.747815210449309,-1.900586986177167,-4.574156817385468
3225,32.24,0.0,0.0,0.0,0.0,4.741487794183778,0.6143628012990439,-1.6005128183339223,42.637417874432536,-0.7997340978215935,-2.7438196965593113,-1.9440855987377181,-4.127124992884734
3226,32.25,0.0,0.0,0.0,0.0,4.724989582283282,1.035667187053397,-1.7133270717401987,41.61197425111975,-0.7524007710774125,-2.735561001327548,-1.9831602302501348,-3.689322395229885
3227,32.26,0.0,0.0,0.0,0.0,4.706952655499362,1.4463703198923181,-1.9067096172343345,40.517122846303,-0.70523944857571,-2.723141689954281,-2.0179022413785717,-3.260582335607044
3228,32.27,0.0,0.0,0.0,0.0,4.686617652427049,1.8457832445083298,-2.171411171420986,39.354498652862404,-0.6582693913686043,-2.7066712333782013,-2.048401842009596,-2.8408344079187193
3229,32.28,0.0,0.0,0.0,0.0,4.663316846267274,2.233249832426176,-2.498394126913792,38.1288476562435,-0.6115169941818659,-2.6862658538944553,-2.0747488597125883,-2.4300670138410982
3230,32.29,0.0,0.0,0.0,0.0,4.636470882106033,2.6081724223538303,-2.879055530501096,36.846942345083434,-0.5650148835243017,-2.662048059642307,-2.097033176118005,-2.0282984597522025
3231,32.3,0.0,0.0,0.0,0.0,4.605583503467583,2.9700270492776077,-3.305403216062364,35.5165982001498,-0.5188010588688077,-2.6341459755878742,-2.115344916719067,-1.6355564541899756
3232,32.31,0.0,0.0,0.0,0.0,4.570234814767757,3.3183696517243404,-3.7701707869601293,34.14586220922671,-0.47291809439786836,-2.6026925687593154,-2.1297744743614473,-1.251865163043417
3233,32.32,0.0,0.0,0.0,0.0,4.530073728190153,3.6528352089292007,-4.266865444926917,32.74241477171954,-0.4274124127622703,-2.567824848539025,-2.140412435776754,-0.8772385192609526
3234,32.33,0.0,0.0,0.0,0.0,4.484810262834911,3.9731320295838155,-4.789750636447776,31.313198138353318,-0.3823336356525593,-2.52968310171456,-2.147349466062,-0.5116782332510952
3235,32.34,0.0,0.0,0.0,0.0,4.434208310056045,4.279033421442258,-5.333772037213847,29.864260660145003,-0.33773400952051547,-2.4884101995370544,-2.15067619001654,-0.1551748886137867
3236,32.35,0.0,0.0,0.0,0.0,4.378079368865855,4.57036876876223,-5.894440027282003,28.400788155724783,-0.29366789915942554,-2.4441509926042855,-2.1504830934448598,0.19228939989637528
3237,32.36,0.0,0.0,0.0,0.0,4.316277608831487,4.847015693904599,-6.467684481183957,26.927281970262758,-0.2501913375231893,-2.397051790771085,-2.146860453247896,0.5307380850731125
3238,32.37,0.0,0.0,0.0,0.0,4.24869645368077,5.108894540567192,-7.049698624990747,25.4478372617268,-0.2073616174042459,-2.3472599106713794,-2.1398982932671338,0.8601980868864221
3239,32.38,0.0,0.0,0.0,0.0,4.17526671278477,5.355965941560013,-7.636788204734461,23.966473770733174,-0.1652369094915083,-2.2949232634225307,-2.1296863539310222,1.1806992287752438
3240,32.39,0.0,0.0,0.0,0.0,4.095956132653447,5.588231766248454,-8.225240558887595,22.48747381180026,-0.1238758918476324,-2.2401899498140914,-2.116314057966459,1.4922756335950078
3241,32.4,0.0,0.0,0.0,0.0,4.010770106792664,5.8057393149709355,-8.811225623920626,21.015687603726963,-0.08333737781305507,-2.1832078295147936,-2.0998704517017384,1.794969208178271
3242,32.410000000000004,0.0,0.0,0.0,0.0,3.919753177902539,6.008588265257413,-9.390737611131424,19.556773643737102,-0.04367993251106064,-2.124124034035492,-2.080444101524431,2.088835087354874
3243,32.42,0.0,0.0,0.0,0.0,3.822990897830156,6.196939596636635,-9.959582255004534,18.11735103354038,-0.004961472162319925,-2.0630843996033987,-2.0581229274410795,2.373948698806479
3244,32.43,0.0,0.0,0.0,0.0,3.7206115823440147,6.371025540429141,-10.513410369386857,16.70505088671438,0.03276115506032327,-2.000232804822127,-2.0329939598824502,2.6504139580851263
3245,32.44,0.0,0.0,0.0,0.0,3.6127875115472823,6.531159524984256,-11.047794247348087,15.328464490102307,0.06943260330969879,-1.9357104079968181,-2.0051430113065165,2.9183720134369735
3246,32.45,0.0,0.0,0.0,0.0,3.49973518122555,6.677745114572091,-11.558339557004704,13.996995940650251,0.10499947089685044,-1.8696547892425204,-1.9746542601393704,3.1780099333465412
3247,32.46,0.0,0.0,0.0,0.0,3.3817143005798855,6.811283062223255,-12.040822196681926,12.720635650687875,0.13941073857674866,-1.802199011974909,-1.9416097505516576,3.42956876164337
3248,32.47,0.0,0.0,0.0,0.0,3.2590253489150216,6.932375795207785,-12.491337417603157,11.509677578637525,0.17261819070853576,-1.7334706262400512,-1.906088816948587,3.6733504462927637
3249,32.480000000000004,0.0,0.0,0.0,0.0,3.1320056363401374,7.041728901084323,-12.906447630687953,10.374406665913542,0.20457680449149127,-1.6635906419386248,-1.8681674464301152,3.9097232647441853
3250,32.49,0.0,0.0,0.0,0.0,3.0010239482717096,7.140149452082726,-13.2833157510091,9.324783433822665,0.23524509260651238,-1.5926725029741566,-1.8279175955806681,4.139125503811016
3251,32.5,0.0,0.0,0.0,0.0,2.866473977690363,7.228541264538666,-13.619812574422411,8.370150091470173,0.26458538602524917,-1.5208210936607085,-1.7854064796859583,4.362067286848303
3252,32.51,0.0,0.0,0.0,0.0,2.7287668520255988,7.307897409343878,-13.914589226216075,7.518977266122947,0.29256404632372646,-1.4481318066197957,-1.7406958529435224,4.57913055731828
3253,32.52,0.0,0.0,0.0,0.0,2.5883231362202,7.379290445901052,-14.167108746163464,6.77866329369694,0.3191516003054262,-1.3746896973925848,-1.6938412976980108,4.790967309680852
3254,32.53,0.0,0.0,0.0,0.0,2.445564737564652,7.443860930565352,-14.377633898353888,6.15538971071999,0.3443227937990645,-1.300568745808381,-1.644891539607446,4.9982961930007
3255,32.54,0.0,0.0,0.0,0.0,2.300907153630035,7.502804743673069,-14.547170857682215,5.654027921949292,0.36805656585281965,-1.2258312386013763,-1.593887804454196,5.201897590043034
3256,32.55,0.0,0.0,0.0,0.0,2.1547524986659434,7.5573596862443155,-14.677370148433974,5.2780835279211695,0.39033594894389506,-1.1505272827228588,-1.5408632316667539,5.402607187578372
3257,32.56,0.0,0.0,0.0,0.0,2.0074837259691667,7.608791621619721,-14.770386832409063,5.029656739212081,0.41114790509252835,-1.074694455095335,-1.4858423601878632,5.601307895650555
3258,32.57,0.0,0.0,0.0,0.0,1.8594604457601653,7.658380182939908,-14.828701334119984,4.909389624486868,0.43048311184916493,-0.9983575930116542,-1.4288407048608194,5.798919737179743
3259,32.58,0.0,0.0,0.0,0.0,1.7110167324408356,7.707403736939534,-14.854900449247843,4.916363337708814,0.4483357160756813,-0.9215287307604546,-1.3698644468361356,5.996387004498698
3260,32.59,0.0,0.0,0.0,0.0,1.562461333515681,7.757122886834414,-14.851415146016187,5.047900562515656,0.46470307744730893,-0.844207193128952,-1.3089102705762605,6.194661553318733
3261,32.6,0.0,0.0,0.0,0.0,1.414080744497879,7.808761307866051,-14.820208049150601,5.299220025041473,0.4795855279543513,-0.7663798659809402,-1.2459653939352913,6.394680563368173
3262,32.61,0.0,0.0,0.0,0.0,1.266145704948268,7.863482135361946,-14.762399593608839,5.662881602607395,0.4929861787475447,-0.6880216789713036,-1.1810078577188476,6.597336430413678
3263,32.62,0.0,0.0,0.0,0.0,1.1189217971659797,7.922357476378658,-14.677818881134849,6.12795440867099,0.5049108118292807,-0.6090963564539613,-1.114007168283242,6.8034356792126784
3264,32.63,0.0,0.0,0.0,0.0,0.9726849720636409,7.986327936077062,-14.56446535563392,6.678841349843383,0.5153679016242332,-0.5295575203363786,-1.0449254219606119,7.013642964013421
3265,32.64,0.0,0.0,0.0,0.0,0.8277429392158888,8.056148457116668,-14.417874238057042,7.293712205610554,0.5243688203270682,-0.4493502628427229,-0.9737190831697907,7.22840551790078
3266,32.65,0.0,0.0,0.0,0.0,0.6844633441847278,8.132316521275792,-14.230398373568576,7.942551285327336,0.5319282903898724,-0.36841334585876173,-0.900341636248634,7.447853177091064
3267,32.660000000000004,0.0,0.0,0.0,0.0,0.5433093437459375,8.214979343686974,-13.990460937338213,8.584943349303044,0.5380651555286355,-0.28668222111608993,-0.8247473766447252,7.671669999941036
3268,32.67,0.0,0.0,0.0,0.0,0.4048823011203127,8.303818918100772,-13.681908819472987,9.16793973880742,0.542803543920338,-0.20409308984705848,-0.7468966337673962,7.89893661698046
3269,32.68,0.0,0.0,0.0,0.0,0.2699694713443877,8.39791883240063,-13.283714682257505,9.624698790874943,0.5461744862085671,-0.12058820958902504,-0.6667626957975921,8.127949361056244
3270,32.69,0.0,0.0,0.0,0.0,0.13959131098396363,8.495626028166779,-12.770431059141691,9.875073461557664,0.5482180147527236,-0.03612257434482714,-0.5843405890975509,8.356034717182816
3271,32.7,0.0,0.0,0.0,0.0,0.015038231938745178,8.59443492382053,-12.113947825550177,9.829803587107325,0.5489856940595013,0.04932810462404134,-0.49965758943546024,8.579396691881787
3272,32.71,0.0,0.0,0.0,0.0,-0.1021191946954016,8.690939158346053,-11.287129937579193,9.400126092766719,0.5485434016765207,0.13575855217924673,-0.41278484949727434,8.793058353041454
3273,32.72,0.0,0.0,0.0,0.0,-0.2100672482283102,8.78091159823138,-10.269620797617861,8.51385626322033,0.5469739931079916,0.22312518751296795,-0.32384880559502327,8.99097884645969
3274,32.730000000000004,0.0,0.0,0.0,0.0,-0.30685324931738434,8.859573742036801,-9.055291916373868,7.13669654245691,0.5443792744437103,0.3113390858664383,-0.23304018857727168,9.166426991354186
3275,32.74,0.0,0.0,0.0,0.0,-0.3905655474400714,8.922085107118239,-7.659534348733056,5.293729527828116,0.5408805527623535,0.40026273271416996,-0.14061782004818354,9.31265065455831
3276,32.75,0.0,0.0,0.0,0.0,-0.45957338538139947,8.9642130351855,-6.1233831184510645,3.082364007212934,0.5366170608604868,0.48971264518699203,-0.046904415673494994,9.423786420566898
3277,32.76,0.0,0.0,0.0,0.0,-0.5127789740081762,8.983050056906844,-4.511424690114493,0.6676573715372182,0.5317418704659918,0.5794690762175522,0.04772720575156011,9.49582903091502
3278,32.77,0.0,0.0,0.0,0.0,-0.5498117285615158,8.977578073522446,-2.9024078550902743,-1.7434458759268494,0.5264155131111019,0.6692923020415192,0.1428767889304175,9.527389802083961
3279,32.78,0.0,0.0,0.0,0.0,-0.5711004302861357,8.948892540288327,-1.3748952881705023,-3.9424091177390426,0.5207982277329586,0.7589429725143059,0.2381447447813472,9.519992970574462
3280,32.79,0.0,0.0,0.0,0.0,-0.5777976112536859,8.900010220092877,0.007008039640733631,-5.759378748182633,0.5150422262165184,0.8482026208818065,0.33316039466528863,9.477807831346563
3281,32.8,0.0,0.0,0.0,0.0,-0.5715831259501926,8.835336738598679,1.2028922577318384,-7.0890553259247975,0.5092853611021116,0.936890430109757,0.42760506900764583,9.406919864548872
3282,32.81,0.0,0.0,0.0,0.0,-0.5544111265346244,8.759977940921472,2.1980609526841035,-7.895900109288067,0.5036471006832819,1.024873721678775,0.5212266209954931,9.314389067456096
3283,32.82,0.0,0.0,0.0,0.0,-0.5282692244221298,8.67909108441406,2.999487247294349,-8.202180810287485,0.498227023908061,1.1120716141984612,0.6138445902904002,9.20736030883619
3284,32.83,0.0,0.0,0.0,0.0,-0.4949961146465092,8.597405301223224,3.628708692676279,-8.067653273372859,0.49310545685011387,1.1984529706052671,0.705347513755153,9.092401415869734
3285,32.84,0.0,0.0,0.0,0.0,-0.4561730567199094,8.518950970389543,4.114561638122198,-7.569238597785397,0.4883455649976057,1.2840305944588974,0.795685029461292,8.975124027109452
3286,32.85,0.0,0.0,0.0,0.0,-0.41308107306516373,8.44697058125315,4.487477969998895,-6.78551997434203,0.4839961891356974,1.3688536675431784,0.8848574784074811,8.860051654318315
3287,32.86,0.0,0.0,0.0,0.0,-0.36670489622692015,8.38395420366421,4.775840936189493,-5.787300229156403,0.480094858347887,1.4529999696224447,0.9729051112745576,8.75065909989113
3288,32.87,0.0,0.0,0.0,0.0,-0.31776398965332564,8.331742419280761,5.004134574334633,-4.633301519152578,0.47667061323251914,1.5365688330534344,1.059898219820915,8.649506408934087
3289,32.88,0.0,0.0,0.0,0.0,-0.2667553522121194,8.291653375669954,5.192342293522216,-3.3693600043407357,0.47374644958273815,1.6196752764540105,1.1459288268712726,8.558408727882073
3290,32.89,0.0,0.0,0.0,0.0,-0.213998333003472,8.264606930280715,5.356068202553079,-2.0295922069970005,0.4713413179460513,1.7024454107979943,1.2311040928519434,8.478605263284187
3291,32.9,0.0,0.0,0.0,0.0,-0.15967631783003722,8.251231998703272,5.506988600599512,-0.6384458464612429,0.4694716879256215,1.7850130103458242,1.3155413224202024,8.410908316533309
3292,32.910000000000004,0.0,0.0,0.0,0.0,-0.10387334294646622,8.251951825173034,5.653383780000399,0.787011741357635,0.4681527203111828,1.8675170486497492,1.3993643283385666,8.3558251681195
3293,32.92,0.0,0.0,0.0,0.0,-0.046605608643401124,8.267046603335006,5.800609877005245,2.2348837813065443,0.46739909907313554,1.9500999733604096,1.4827008742872743,8.313652211978408
3294,32.93,0.0,0.0,0.0,0.0,0.012151114736902866,8.296694889976706,5.9514409830555834,3.696417619899225,0.46722556984015523,2.0329064996776287,1.5656809298374734,8.284543775239804
3295,32.94,0.0,0.0,0.0,0.0,0.07243671653520577,8.340995640195297,6.106251204420926,5.164146451316409,0.4676472188295342,2.116082719642986,1.6484355008134524,8.268558923660091
3296,32.95,0.0,0.0,0.0,0.0,0.1342829452008353,8.399972199757585,6.263025605251425,6.630123519258917,0.4686795103496715,2.1997753407991114,1.73109583044944,8.265689254556749
3297,32.96,0.0,0.0,0.0,0.0,0.19768884814587395,8.473558688352613,6.417197304523485,8.084148695238577,0.47033808394809967,2.284130876789827,1.813792792841728,8.275869840206738
3298,32.97,0.0,0.0,0.0,0.0,0.2625937196865388,8.561568184485838,6.561312791207714,9.511886340590936,0.47263829493059867,2.3692946117075593,1.8966563167769606,8.298974464799299
3299,32.980000000000004,0.0,0.0,0.0,0.0,0.32884587840176316,8.663641192901288,6.684535115953171,10.892793378598432,0.4755944648586857,2.455409149283831,1.9798146844251454,8.334795314499525
3300,32.99,0.0,0.0,0.0,0.0,0.3961657657815269,8.779172276693417,6.772011568950773,12.197824684796618,0.4792187925576703,2.5426123394341893,2.0633935468765188,8.38300651091189
3301,33.0,0.0,0.0,0.0,0.0,0.46410227661031545,8.907212824889916,6.804166531889032,13.386975677940265,0.48351986289517757,2.6310343531607163,2.1475144902655385,8.4431105482796
3302,33.01,0.0,0.0,0.0,0.0,0.5319821140796823,9.046349265215165,6.756040472592711,14.406883857197222,0.48850068360475857,2.7207936618671926,2.232292978262434,8.514367151135483
3303,33.02,0.0,0.0,0.0,0.0,0.5988536152353595,9.194559448750331,6.596890867974862,15.188968828155089,0.4941561858317687,2.811991685177665,2.3178354993458967,8.595705833514971
3304,33.03,0.0,0.0,0.0,0.0,0.6634292768407805,9.349056473555597,6.290401447404369,15.648956613647327,0.5004701513677234,2.9047059282632133,2.40423577689549,8.685627196714817
3305,33.04,0.0,0.0,0.0,0.0,0.7240354151055358,9.506139836452695,5.795993434885008,15.689070822097907,0.5074115916280169,2.9989815718230055,2.4915699801949884,8.782104421347158
3306,33.05,0.0,0.0,0.0,0.0,0.7785829244984878,9.661088592584855,5.071836152277365,15.204532601006443,0.5149307145548077,3.0948217477099784,2.5798910331551705,8.882505668086367
3307,33.06,0.0,0.0,0.0,0.0,0.8245789723280215,9.80814794042438,4.080092791409159,14.095971426503173,0.5229547851477692,-3.091008143169307,2.66922237886251,8.983568968096359
3308,33.07,0.0,0.0,0.0,0.0,0.8592031731372479,9.940672984752261,2.794534870663859,12.28841831519125,0.5313844055826028,-2.9922489801893986,2.7595519214075845,9.081469811615014
3309,33.08,0.0,0.0,0.0,0.0,0.87946910385148,10.051489997844936,1.2097696831146938,9.75528089887201,0.5400909703192551,-2.8922670605460903,2.8508272763142406,9.172020893993455
3310,33.09,0.0,0.0,0.0,0.0,0.8824781679780761,10.133502694623308,-0.6499754535429423,6.54220097329977,0.5489162017977438,-2.7913153263375774,2.942953779044265,9.251024526645232
3311,33.1,0.0,0.0,0.0,0.0,0.8657458614536134,10.1805020622027,-2.7257578544762064,2.782305434928265,0.5576746175476844,-2.689713975267374,3.0357967143645275,9.314756200749088
3312,33.11,0.0,0.0,0.0,0.0,0.8275460916738964,10.188046488081167,-4.925883304508358,-1.30632632715686,0.5661594090929511,-2.5878371661349933,3.1291887319516416,9.36050039640727
3313,33.12,0.0,0.0,0.0,0.0,0.7671926049270534,10.15420437661549,-7.13653864911113,-5.445783984016178,0.5741515218709832,-2.486091422334449,-3.060242944205432,9.387011771688437
3314,33.13,0.0,0.0,0.0,0.0,0.6851765684372,10.0799455059315,-9.23932034963063,-9.341934108336789,0.5814308876791372,-2.3848882114512144,-2.966319099130352,9.3947689374943
3315,33.14,0.0,0.0,0.0,0.0,0.5831144978480904,9.96905534012468,-11.130617314799476,-12.733564629970353,0.5877881000967944,-2.2846149504276285,-2.872403050524423,9.38594084227659
3316,33.15,0.0,0.0,0.0,0.0,0.46351868200630936,9.82759727558628,-12.736804610925214,-15.431214750789554,0.5930346467173535,-2.1856092139317695,-2.7786438606491233,9.36407859357997
3317,33.160000000000004,0.0,0.0,0.0,0.0,0.3294548947309029,9.66308650429727,-14.021206125977484,-17.33499480660286,0.5970102134372339,-2.088139937267411,-2.6851501507046454,9.333631609566368
3318,33.17,0.0,0.0,0.0,0.0,0.18417487096526386,9.48359944954532,-14.98240997583983,-18.430255061362022,0.599586367610575,-1.9923973873590886,-2.5919837549696636,9.299424578580057
3319,33.18,0.0,0.0,0.0,0.0,0.03079883317761112,9.297011046606764,-15.646530792472076,-18.76788331737852,0.6006667657765792,-1.8984915282254786,-2.499158294002058,9.266212213429153
3320,33.19,0.0,0.0,0.0,0.0,-0.12790972760965982,9.110465877150736,-16.057094843808677,-18.43878258709794,0.6001846281239149,-1.806456892868429,-2.406641520992344,9.238375604760396
3321,33.2,0.0,0.0,0.0,0.0,-0.28966938188112645,8.93009989649691,-16.26557148160475,-17.550272024327796,0.5980984656069964,-1.716261474826869,-2.3143599404338655,9.219769278378037
3322,33.21,0.0,0.0,0.0,0.0,-0.4527220200967738,8.760970120503206,-16.324180823531204,-16.20846012454087,0.5943869930978564,-1.627817312894477,-2.2222043059923333,9.21369214059998
3323,33.22,0.0,0.0,0.0,0.0,-0.6158155082177804,8.607126416443796,-16.281347135144802,-14.507380036052758,0.5890439450227019,-1.5409910120984078,-2.1300349571211097,9.222941924661576
3324,33.230000000000004,0.0,0.0,0.0,0.0,-0.7781526729099822,8.471762256768786,-16.17941151127645,-12.523796430826344,0.5820732516267427,-1.4556131046924732,-2.037686356319216,9.249914929678768
3325,33.24,0.0,0.0,0.0,0.0,-0.9393259619538353,8.35739614278107,-16.053938524861085,-10.315976522329926,0.573484810296027,-1.371485717228522,-1.944970527524549,9.296722104734906
3326,33.25,0.0,0.0,0.0,0.0,-1.0992503814132255,8.266052181019932,-15.933966041930871,-7.924861194141698,0.5632909267513913,-1.2883884076267063,-1.8516793343780975,9.365302562433158
3327,33.26,0.0,0.0,0.0,0.0,-1.2581014282961807,8.199421796800712,-15.842681029977179,-5.3765232003206815,0.5515034054427602,-1.206082280072625,-1.7575856855153855,9.457523225096892
3328,33.27,0.0,0.0,0.0,0.0,-1.4162603019503301,8.158997198942794,-15.798147284241535,-2.6852945986141465,0.5381312246551271,-1.1243126184479026,-1.6624438431030297,9.575257500893125
3329,33.28,0.0,0.0,0.0,0.0,-1.5742654881374198,8.146171128754732,-15.813812185835484,0.14261371932932446,0.5231787257953796,-1.0428103495940633,-1.5659890753894432,9.720436616892151
3330,33.29,0.0,0.0,0.0,0.0,-1.7327673436398872,8.16229723626601,-15.898561927232258,3.104791387437018,0.5066442680727145,-0.9612927001093052,-1.4679369681820198,9.895064579905897
3331,33.3,0.0,0.0,0.0,0.0,-1.892479960828486,8.208701473045181,-16.056076149500996,6.197022439605083,0.4885193450949348,-0.8794634835894747,-1.3679828286844096,10.101181433873666
3332,33.31,0.0,0.0,0.0,0.0,-2.0541217707674,8.286627027464572,-16.283158296538794,9.405396120150872,0.46878823058988206,-0.7970135872016961,-1.2658018177915782,10.340748798231973
3333,33.32,0.0,0.0,0.0,0.0,-2.218332555376824,8.397083069257926,-16.56660393648825,12.694676151266194,0.4474283238642342,-0.7136224586738582,-1.1610507825380925,10.61541562463475
3334,33.33,0.0,0.0,0.0,0.0,-2.385549615708903,8.54055085945304,-16.878071335325263,15.991078486827442,0.4244115127049557,-0.6289617724006099,-1.0533732851055655,10.926100475161943
3335,33.34,0.0,0.0,0.0,0.0,-2.5558206111244792,8.71648212097301,-17.166495067437005,19.157725757286666,0.39970707075450357,-0.542703012092882,-0.9424100828473855,11.27230273209749
3336,33.35,0.0,0.0,0.0,0.0,-2.7285284395788514,8.922513939869047,-17.34821430738647,21.962807886027626,0.37328684722163685,-0.45453142625094434,-0.8278182734725811,11.651042379447897
3337,33.36,0.0,0.0,0.0,0.0,-2.902013376284149,9.15334861630781,-17.296910721781575,24.046158856249345,0.34513371988845853,-0.3641694966632339,-0.7093032165516925,12.055361992591958
3338,33.37,0.0,0.0,0.0,0.0,-3.0731173756284633,9.399360613787493,-16.839643943612213,24.902687315669485,0.31525426674123547,-0.27141311344938696,-0.5866673801906225,12.472477989415957
3339,33.38,0.0,0.0,0.0,0.0,-3.2367695236209575,9.645273737016462,-15.771734174585598,23.921211101567124,0.28369594600312875,-0.17618179150528615,-0.45987773750841493,12.882043260637419
3340,33.39,0.0,0.0,0.0,0.0,-3.3858861553760327,9.86972517547801,-13.907481472989417,20.53145585265363,0.2505671471835613,-0.07857858271421872,-0.32914572989778,13.255611330854043
3341,33.4,0.0,0.0,0.0,0.0,-3.5119944700026844,10.046964882673294,-11.172822274844286,14.480730079683322,0.2160549729974057,0.021055248520209992,-0.1949997244771957,13.558959352675977
3342,33.410000000000004,0.0,0.0,0.0,0.0,-3.606876889680566,10.151634410043917,-7.706709203181727,6.142882577173268,0.18043175342058212,0.12211767406843752,-0.05831407935214461,13.758511299724482
3343,33.42,0.0,0.0,0.0,0.0,-3.664945911081111,10.165809090868882,-3.8904336615350084,-3.385004296068816,0.14404086210085043,0.22378422769987494,0.07974336559902451,13.830755001949992
3344,33.43,0.0,0.0,0.0,0.0,-3.6852458695604913,10.0850043443067,-0.24000377934205191,-12.598407510755635,0.10725950895034475,0.32511500823597367,0.21785549928562897,13.770250213867191
3345,33.44,0.0,0.0,0.0,0.0,-3.6718320498921817,9.919364676220605,2.791947234654289,-20.176336539573054,0.07044887683120281,0.4251999451662367,0.35475106833503395,13.591196726112786
3346,33.45,0.0,0.0,0.0,0.0,-3.6322895541552525,9.689298550371587,4.966702273911877,-25.430261883289354,0.033910165466570524,0.5232869982737689,0.48937683280719835,13.321588104526839
3347,33.46,0.0,0.0,0.0,0.0,-3.575397947590564,9.418583420225607,6.276046081132559,-28.35019575979635,-0.002139167737943449,0.6188507058194996,0.6209898735574431,12.993981367816172
3348,33.47,0.0,0.0,0.0,0.0,-3.5091908129178635,9.128686289890185,6.860035568259921,-29.356151869927096,-0.03756696590486033,0.7115954097613535,0.7491623756662138,12.637877102808048
3349,33.480000000000004,0.0,0.0,0.0,0.0,-3.439977136939342,8.835968404706216,6.909368147849763,-29.007455016509866,-0.07231320706408109,0.8014157549373757,0.8737289620014569,12.275945541645559
3350,33.49,0.0,0.0,0.0,0.0,-3.3721896084418113,8.55133238874808,6.601451798147405,-27.81597563176362,-0.10637146713617199,0.8883423112041001,0.9947137783402721,11.92352199718989
3351,33.5,0.0,0.0,0.0,0.0,-3.3086735337666147,8.281137993800858,6.074517868296516,-26.173685919638544,-0.13977138570655637,0.9724909617892236,1.11226234749578,11.589811527567473
3352,33.51,0.0,0.0,0.0,0.0,-3.2511030352381725,8.028454125649883,5.425348099982339,-24.34958141841011,-0.17256485415243386,1.054023708627209,1.226588562779643,11.279557160888055
3353,33.52,0.0,0.0,0.0,0.0,-3.2003619701146206,7.794176829830585,4.716778763963296,-22.51411839921762,-0.20481627089451163,1.1331215572999054,1.3379378281944172,10.994538799945206
3354,33.53,0.0,0.0,0.0,0.0,-3.156836152866731,7.577869626731129,3.987086180534856,-20.767841791777332,-0.23659617806829328,1.2099672286461476,1.446563406714441,10.73470577959786
3355,33.54,0.0,0.0,0.0,0.0,-3.1206169531977883,7.378338467605112,3.2580594974270234,-19.165108009319926,-0.26797736636574165,1.2847349059964912,1.5527122723622329,10.4989554208029
3356,33.55,0.0,0.0,0.0,0.0,-3.091634355230685,7.19400329572937,2.5410261798963094,-17.731058150227177,-0.29903264609909846,1.3575846587468143,1.6566173048459127,10.285637650960055
3357,33.56,0.0,0.0,0.0,0.0,-3.0697392046909875,7.023130380541746,1.84106118531045,-16.47272716393542,-0.3298336796564103,1.4286598365314442,1.7584935161878548,10.092869585232734
3358,33.57,0.0,0.0,0.0,0.0,-3.054750482196123,6.863976659043279,1.1598528815420492,-15.38577917801301,-0.36045045036294115,1.4980863103160773,1.8585367606790184,9.918727141239401
3359,33.58,0.0,0.0,0.0,0.0,-3.0464787659456753,6.714882928841672,0.4976637197386658,-14.45819592060322,-0.39095107747838864,1.5659728757669702,1.9569239532453588,9.761361694787347
3360,33.59,0.0,0.0,0.0,0.0,-3.044733203419356,6.574341100092154,-0.14528775053301357,-13.671917046169494,-0.4214017785444695,1.6324124417737085,2.053814220318178,9.61907430351151
3361,33.6,0.0,0.0,0.0,0.0,-3.049316631139763,6.441052178577233,-0.7678121891545849,-13.003157268743298,-0.4518668391303378,1.6974838341178209,2.1493506732481586,9.490368809716996
3362,33.61,0.0,0.0,0.0,0.0,-3.060011886710525,6.313985312198225,-1.366991887153214,-12.42196272277423,-0.48240848759646515,1.7612541779472168,2.243662665543682,9.37399719890875
3363,33.62,0.0,0.0,0.0,0.0,-3.0765617008043225,6.192442964497198,-1.9376570450969433,-11.891513818995053,-0.5130865989314163,1.823781899235104,2.3368684981665204,9.269004665301521
3364,33.63,0.0,0.0,0.0,0.0,-3.098644704843234,6.076132145867535,-2.4721463524442284,-11.367702890854291,-0.5439581757191221,1.8851204105514403,2.4290785862705624,9.174776850710769
3365,33.64,0.0,0.0,0.0,0.0,-3.1258508878886926,5.9652361215976315,-2.9604567578586978,-10.799558680117501,-0.575076583185558,1.9453225185893765,2.5203991017749345,9.091087009486325
3366,33.65,0.0,0.0,0.0,0.0,-3.157661021144912,5.8604752666292335,-3.3909069819219058,-10.131078808438843,-0.6064905543694323,2.0044455062472433,2.610936060616676,9.018136287774146
3367,33.660000000000004,0.0,0.0,0.0,0.0,-3.193435686219984,5.7631407520064855,-3.7514026013525,-9.304874371183754,-0.6382430325390793,2.0625567025327793,2.7007997350718584,8.95657643822647
3368,33.67,0.0,0.0,0.0,0.0,-3.2324199376066596,5.675082382735736,-4.031281228078626,-8.267656553624617,-0.6703699772226976,2.1197391754615977,2.7901091526842956,8.907502320342395
3369,33.68,0.0,0.0,0.0,0.0,-3.273768583602929,5.598634390472077,-4.223541651444378,-6.977010549599766,-0.702899316749589,2.176097003860629,2.8789963206102183,8.872402974075005
3370,33.69,0.0,0.0,0.0,0.0,-3.316594124746499,5.536471854473755,-4.327066881006024,-5.4082443088909224,-0.735850266934752,2.231759460879683,2.967609727814435,8.853065979220254
3371,33.7,0.0,0.0,0.0,0.0,-3.360034740968632,5.491405175289578,-4.348319834496625,-3.5596316901329144,-0.7692332337875717,2.286883438595058,3.05611667238263,8.85143991625821
3372,33.71,0.0,0.0,0.0,0.0,-3.4033344421837453,5.46613727610003,-4.302007844278074,-1.4543788583981503,-0.8030504655104301,2.341653603656237,-3.1384812380129192,8.869471718283775
3373,33.72,0.0,0.0,0.0,0.0,-3.445923330077485,5.463022285168116,-4.21041643891271,0.8617297008015566,-0.8372975176621483,2.396280096303483,-3.0496076932139546,8.908945615245601
3374,33.730000000000004,0.0,0.0,0.0,0.0,-3.487484569351593,5.4838696171622745,-4.101456632773942,3.3269423335188213,-0.8719654652210709,2.4509940076777634,-2.9602258342807515,8.971354186513867
3375,33.74,0.0,0.0,0.0,0.0,-3.527996956592322,5.529830666102213,-4.005829756484899,5.87315837339595,-0.9070436697115467,2.506041285908745,-2.8701003515592944,9.057827622694536
3376,33.75,0.0,0.0,0.0,0.0,-3.567747345036156,5.6013883425723305,-3.95394944535074,8.436505461979948,-0.9425228233229925,2.5616760153543594,-2.778986468502234,9.169135687608486
3377,33.76,0.0,0.0,0.0,0.0,-3.6073138980470945,5.69844803162655,-3.973287095119137,10.966715346492485,-0.9783979678833588,2.618154108350406,-2.686633230945821,9.305761929673645
3378,33.77,0.0,0.0,0.0,0.0,-3.6475270801803585,5.820509251336085,-4.086633954675805,13.433693204745786,-1.0146712274045975,2.675728333468802,-2.5927857463061867,9.468036331516444
3379,33.78,0.0,0.0,0.0,0.0,-3.689418842639966,5.96688577961345,-4.311486986128838,15.830614933503822,-1.0513540821339094,2.734645331674995,-2.4971858933706814,9.656304622253415
3380,33.79,0.0,0.0,0.0,0.0,-3.734171057412131,6.136940211380558,-4.660479397306253,18.173827393259753,-1.0884691219892915,2.7951449325738884,-2.399571252616406,9.871111268792689
3381,33.8,0.0,0.0,0.0,0.0,-3.7830723659757326,6.3303051949593065,-5.142575809376243,20.500468064045524,-1.126051320033315,2.8574617686366106,-2.2996722185096603,10.113377560935039
3382,33.81,0.0,0.0,0.0,0.0,-3.837489288166812,6.547074209368466,-5.764666810303571,22.864939031375865,-1.164148942406236,2.9218289590363713,-2.197207405736979,10.384563497535279
3383,33.82,0.0,0.0,0.0,0.0,-3.8988537672480605,6.787955539246682,-6.533205869832925,25.335204225647196,-1.2028242511761882,2.9884835187010395,-2.0918775373023584,10.686809306494743
3384,33.83,0.0,0.0,0.0,0.0,-3.9686659855334403,7.05439079580256,-7.455578250377473,27.98944443620872,-1.2421541612258473,3.057673126841523,-1.983358019112216,11.023056781335999
3385,33.84,0.0,0.0,0.0,0.0,-4.048508321992121,7.348641754878175,-8.540908929116798,30.9129937277992,-1.2822309856760479,3.1296639199035403,-1.871290401599998,11.397150076870297
3386,33.85,0.0,0.0,0.0,0.0,-4.140063083977124,7.673844707455497,-9.799930664781073,34.194676542835,-1.3231633475792723,-3.078436311754134,-1.7552729641748617,11.813907791432621
3387,33.86,0.0,0.0,0.0,0.0,-4.245121657140709,8.034017212619581,-11.24325085464175,37.92047228888734,-1.3650772393490282,-2.999928063534448,-1.6348508241854198,12.27913886976029
3388,33.87,0.0,0.0,0.0,0.0,-4.365563351696942,8.433972231749307,-12.876732221993135,42.16040464759975,-1.408117046196032,-2.91762346723049,-1.5095064210344582,12.799535583446248
3389,33.88,0.0,0.0,0.0,0.0,-4.503263985736671,8.879037096889782,-14.691504163128084,46.94089668891583,-1.4524460514218476,-2.8310982832978238,-1.3786522318759762,13.382301082626453
3390,33.89,0.0,0.0,0.0,0.0,-4.659859878552827,9.374368085463788,-16.644044959665244,52.18847704868706,-1.4982453872999317,-2.7398750226493047,-1.241629635349373,14.034227964016615
3391,33.9,0.0,0.0,0.0,0.0,-4.83623287726884,9.923464987917955,-18.61877519646172,57.621258357322546,-1.5457093767850554,-2.6434311803722452,-1.0977218035871898,14.759697865186794
3392,33.910000000000004,0.0,0.0,0.0,0.0,-5.03149287463068,10.52520830183704,-20.363376378719177,62.55671264799168,-1.595033440333893,-2.541229012999438,-0.9461955726655449,15.556701176467719
3393,33.92,0.0,0.0,0.0,0.0,-5.241155654567828,11.168474238488274,-21.393714311935753,65.62203129893892,-1.646388058185081,-2.4327862425585303,-0.7863981843734492,16.409629893056103
3394,33.93,0.0,0.0,0.0,0.0,-5.454336976679225,11.823697290272984,-20.904709301784088,64.46990119231724,-1.6998695432138764,-2.3178159176936544,-0.617946374479778,17.278034266952208
3395,33.94,0.0,0.0,0.0,0.0,-5.650626138558889,12.433229680988658,-17.83282119537791,55.93546599252609,-1.7554198876856424,-2.196460344620411,-0.44104045693476857,18.083855819547548
3396,33.95,0.0,0.0,0.0,0.0,-5.799485379167522,12.908973649543483,-11.347075528865991,37.484758382449556,-1.812724399411538,-2.0695958304499187,-0.25687143103838067,18.708459028711005
3397,33.96,0.0,0.0,0.0,0.0,-5.867218437906025,13.152663413149613,-1.8195419082756181,10.144334764031715,-1.8711371852020593,-1.9390601803283052,-0.06792299512624593,19.019881851055636
3398,33.97,0.0,0.0,0.0,0.0,-5.832710015724393,13.102847964324265,8.633477468196336,-19.82635252694116,-1.9297237780401704,-1.8075333188330966,0.1221904592070737,18.935557980048657
3399,33.980000000000004,0.0,0.0,0.0,0.0,-5.700800812640596,12.775090528265379,17.256491554335213,-44.24789507636367,-1.987463045306143,-1.6779405103859788,0.3095225349201642,18.475891340905974
3400,33.99,0.0,0.0,0.0,0.0,-5.498995372801421,12.251957671967658,22.513926111719627,-58.625169836626725,-2.043505733921986,-1.5526857237595793,0.490820010162407,17.750953044769076
3401,34.0,0.0,0.0,0.0,0.0,-5.2612440861259655,11.634226018058769,24.57921307188742,-63.58154372637277,-2.097324072522401,-1.4332136672346274,0.6641104052877738,16.895470104184735
3402,34.01,0.0,0.0,0.0,0.0,-5.014647622834906,11.001376092514455,24.46981037446549,-62.20991821153812,-2.1487025706669836,-1.320047201114312,0.8286553695526712,16.016023715349363
3403,34.02,0.0,0.0,0.0,0.0,-4.775693840515447,10.40099539731301,23.194828662000038,-57.51179317327417,-2.1976436174943332,-1.2130745814173207,0.9845690360770126,15.176689237828455
3404,34.03,0.0,0.0,0.0,0.0,-4.552304042746782,9.855434438882044,21.444029851966345,-51.49567910236173,-2.2442689909945397,-1.1118426335134939,1.132426357481046,14.407738481628826
3405,34.04,0.0,0.0,0.0,0.0,-4.347081281556096,9.371744199900974,19.606591285238444,-45.262527259832645,-2.288750587236655,-1.0157587344097405,1.2729918528269148,13.71882548145707
3406,34.05,0.0,0.0,0.0,0.0,-4.159813204833433,8.949157088351889,17.873442936270187,-39.32759046194589,-2.3312706040403466,-0.92420372450507,1.4070668795352768,13.108970293185322
3407,34.06,0.0,0.0,0.0,0.0,-3.9889951979184395,8.583537295031192,16.323742730805595,-33.88439847540723,-2.3720017232660604,-0.836585641933134,1.5354160813329265,12.572532492949632
3408,34.07,0.0,0.0,0.0,0.0,-3.83265185723694,8.269706865026548,14.979184961676678,-28.967802635543716,-2.41109874818097,-0.7523604154283016,1.6587383327526692,12.102358722263487
3409,34.08,0.0,0.0,0.0,0.0,-3.6887458024454807,8.002539012774267,13.833989420101819,-24.543169072411583,-2.4486961895136123,-0.6710360758693228,1.7776601136442893,11.691284815219749
3410,34.09,0.0,0.0,0.0,0.0,-3.555366907236206,7.777397970015102,12.870208792205453,-20.552159382348293,-2.4849087193328554,-0.5921696639170625,1.8927390554157932,11.332764877251307
3411,34.1,0.0,0.0,0.0,0.0,-3.430813013869103,7.590249399725101,12.064964281141052,-16.935375430536062,-2.5198329073842882,-0.5153615791792353,2.0044713282050526,11.021062413594205
3412,34.11,0.0,0.0,0.0,0.0,-3.3136217488919275,7.437609523427352,11.393456845638584,-13.643329258634735,-2.5535494848860014,-0.4402497289455991,2.113299755940403,10.75123127231928
3413,34.12,0.0,0.0,0.0,0.0,-3.202584044024708,7.316416615590188,10.829870305583231,-10.641669638218826,-2.58612581745297,-0.3665046216475952,2.219621195805375,10.519000659614896
3414,34.13,0.0,0.0,0.0,0.0,-3.096754010279801,7.2238664724737855,10.347345137456667,-7.913445461898172,-2.6176184872640067,-0.29382595016721297,2.3237925370967947,10.320620482753586
3415,34.14,0.0,0.0,0.0,0.0,-2.995460605130445,7.1572353557838015,9.91774409527903,-5.459413858088488,-2.648075981209852,-0.2219408993592596,2.426135081850592,10.152695960914247
3416,34.15,0.0,0.0,0.0,0.0,-2.8983204825528537,7.113709328396635,9.511725991336773,-3.296399778888318,-2.677541504204846,-0.15060420840816893,2.5269372957966776,10.012029810949489
3417,34.160000000000004,0.0,0.0,0.0,0.0,-2.805246827070838,7.0902416527327174,9.099533748735755,-1.4532287992716393,-2.7060559068819394,-0.0795998197467776,2.626456087135162,9.895488479803555
3418,34.17,0.0,0.0,0.0,0.0,-2.716445538856335,7.0834650815010125,8.652763603905717,0.03623110966892753,-2.733660646572628,-0.008743703642763159,2.7249169429298656,9.799910620357348
3419,34.18,0.0,0.0,0.0,0.0,-2.6323886461989923,7.089688065683278,8.14712140194217,1.1427933894989184,-2.7604006045135647,0.06211283663734109,2.8225134411509063,9.72207671188227
3420,34.19,0.0,0.0,0.0,0.0,-2.5537566962043745,7.104997350671054,7.565764458304136,1.8531835490600692,-2.786326486956249,0.1330803411143555,2.919406828070604,9.658754046875428
3421,34.2,0.0,0.0,0.0,0.0,-2.4813482016840798,7.12547015475287,6.902373671890538,2.1802021157413183,-2.8114964832136837,0.20422995216972722,3.0157264353834115,9.60681835643695
3422,34.21,0.0,0.0,0.0,0.0,-2.4159643681638157,7.1474687846463825,6.162838134702195,2.1684954118370174,-2.83597688299818,0.2755947442389863,3.1115716272371663,9.563433152810198
3423,34.22,0.0,0.0,0.0,0.0,-2.3582879917795667,7.167959039361464,5.364628048243033,1.8932329681470885,-2.8598414925975715,0.3471741777779207,-3.0761696368040945,9.52624703114103
3424,34.230000000000004,0.0,0.0,0.0,0.0,-2.3087814419464805,7.1847765962460315,4.53365058247416,1.451183498267374,-2.8831699144613347,0.41894154057046995,-2.9810738521477806,9.493558038192512
3425,34.24,0.0,0.0,0.0,0.0,-2.267625896973675,7.1967749471770635,3.6993422615502403,0.9465618568677788,-2.9060449981788636,0.49085350423112706,-2.8862868047695955,9.464400844150738
3426,34.25,0.0,0.0,0.0,0.0,-2.2347126247171887,7.20382350531959,2.889430381613779,0.4760092734548044,-2.9285499412909157,0.5628604181170859,-2.7917749477715845,9.438536130036779
3427,34.26,0.0,0.0,0.0,0.0,-2.2096820912782427,7.206669781660345,2.125811276616705,0.11703302458310512,-2.9507655513703432,0.6349158757849795,-2.697503880024263,9.416351872938588
3428,34.27,0.0,0.0,0.0,0.0,-2.1919948335746544,7.206714503541938,1.4223914893037704,-0.07764743921596409,-2.9727680743803324,0.7069844186669818,-2.603432814132273,9.398709337116593
3429,34.28,0.0,0.0,0.0,0.0,-2.1810136603402337,7.205760566655744,0.7849255278315002,-0.0798651461039225,-2.9946278050462576,0.7790468110025546,-2.509510691130775,9.386774226995978
3430,34.29,0.0,0.0,0.0,0.0,-2.176079687183334,7.205786794994077,0.21228913702460117,0.11834255822991764,-3.016408500372689,0.8511028940515816,-2.4156739127553153,9.381866482177411
3431,34.300000000000004,0.0,0.0,0.0,0.0,-2.1765716308035965,7.208776042813236,-0.3015686489696531,0.5108830683237287,-3.038167475461629,0.9231724346128368,-2.3218453971051205,9.385347673616833
3432,34.31,0.0,0.0,0.0,0.0,-2.1819449219961196,7.216605592049289,-0.7656262007986533,1.0836668225349695,-3.059956191757429,0.9952945668035593,-2.2279345486185975,9.398550514045409
3433,34.32,0.0,0.0,0.0,0.0,-2.1917522470575577,7.230992792536252,-1.19011365251553,1.8194827212367122,-3.0818211408631346,1.0675264238937898,-2.133837742422662,9.42274503959381
3434,34.33,0.0,0.0,0.0,0.0,-2.2056495580195503,7.253481767294183,-1.5852869125662097,2.701320881405426,-3.1038048573646577,1.1399414448140592,-2.0394390050008693,9.459131325313733
3435,34.34,0.0,0.0,0.0,0.0,-2.223391962816481,7.2854558093703226,-1.9606147103480283,3.7142242303836968,-3.125946937712767,1.2126276884389207,-1.9446106810278985,9.508847772186805
3436,34.35,0.0,0.0,0.0,0.0,-2.244823083860253,7.328162022096538,-2.324262706382244,4.845933982287635,3.1349003243079334,1.2856863431094925,-1.849213981198441,9.572985105956791
3437,34.36,0.0,0.0,0.0,0.0,-2.2698601619921126,7.382737519223548,-2.682734930496099,6.086594123431686,3.112329895211235,1.3592304982009626,-1.753099397010271,9.65259768121566
3438,34.37,0.0,0.0,0.0,0.0,-2.298475784232557,7.450228716888311,-3.0405347695241196,7.427682320393167,3.0894911972424093,1.4333841495961823,-1.6561070476462274,9.748704501120868
3439,34.38,0.0,0.0,0.0,0.0,-2.330675770719304,7.531596248859708,-3.3997142205449955,8.860196010342076,3.066348433010927,1.5082813324014324,-1.5580671006094957,9.862272019579013
3440,34.39,0.0,0.0,0.0,0.0,-2.366471451129422,7.627697573920688,-3.7591801725631475,10.371971834104345,3.042865693179542,1.5840651984961442,-1.4588004946833988,9.99416902505011
3441,34.4,0.0,0.0,0.0,0.0,-2.4058432125678646,7.739237381917605,-4.113618230093376,11.943869749218981,3.019007074664431,1.6608867686109945,-1.3581203060534368,10.14508059448547
3442,34.410000000000004,0.0,0.0,0.0,0.0,-2.4486907577024506,7.866672582218737,-4.4518862932991725,13.544433943471905,2.9947372253854208,1.738902974072633,-1.255834251312788,10.315363339921188
3443,34.42,0.0,0.0,0.0,0.0,-2.4947640773427553,8.010054516073952,-4.754746096371537,15.122613887632557,2.970022477343005,1.8182734507219247,-1.1517490266210797,10.504818593416708
3444,34.43,0.0,0.0,0.0,0.0,-2.543568194481016,8.168787626777979,-4.991894724966199,16.598339949880188,2.944832795273838,1.8991553551316467,-1.045677440142191,10.712355821258996
3445,34.44,0.0,0.0,0.0,0.0,-2.594235516119424,8.341284895477006,-5.118531557300559,17.8514991655105,2.919144835948359,1.9816952646968171,-0.9374495712515417,10.93552041159643
3446,34.45,0.0,0.0,0.0,0.0,-2.6453646875425174,8.524513612000243,-5.072309037061236,18.711638720560217,2.8929464546282486,2.0660170777047475,-0.8269293769235007,11.169878299542761
3447,34.46,0.0,0.0,0.0,0.0,-2.6948384570633,8.713463619938057,-4.772633798923931,18.954074509746956,2.866242947512093,2.1522049301049395,-0.714038017407154,11.408302077001357
3448,34.47,0.0,0.0,0.0,0.0,-2.7396603233162344,8.900650215758526,-4.125842739641223,18.312879528993346,2.8390650705925857,2.240280827294448,-0.5987842432981378,11.640310539074761
3449,34.480000000000004,0.0,0.0,0.0,0.0,-2.7758917489746735,9.07589036994058,-3.0409212864717654,16.52498004824944,2.8114782771017293,2.3301784121855986,-0.4812998649161303,11.851782118915255
3450,34.49,0.0,0.0,0.0,0.0,-2.7988141185419217,9.226722733784552,-1.4588490142760864,13.415320114043361,2.7835915727070772,2.4217173721176084,-0.36187420058946934,12.025536852326473
3451,34.5,0.0,0.0,0.0,0.0,-2.803439071324906,9.33984921426229,0.6087873273414096,9.011029058769818,2.7555630864532423,2.5145869121544626,-0.2409761742987802,12.143288285587197
3452,34.51,0.0,0.0,0.0,0.0,-2.7853845578563874,9.403666206260862,3.049256093825735,3.633243859690706,2.72759864228248,2.6083492791293774,-0.11924936315310268,12.18905076411725
3453,34.52,0.0,0.0,0.0,0.0,-2.7419077902550706,9.411277364990767,5.651928095888942,-2.1107977154335624,2.699940503794378,2.7024718371175847,0.0025313333232061625,12.153185155245836
3454,34.53,0.0,0.0,0.0,0.0,-2.6726694749790485,9.362723311783691,8.158562360272018,-7.475951721304743,2.672846741260681,2.796386523656284,0.123539782395603,12.03539278676274
3455,34.54,0.0,0.0,0.0,0.0,-2.5798276972859226,9.265229573325525,10.340943111035587,-11.80884735894543,2.6465660805972857,2.889562371885098,0.2429962912878127,11.845057270611449
3456,34.550000000000004,0.0,0.0,0.0,0.0,-2.467397687688082,9.131288440506015,12.06276266950219,-14.729486233448146,2.621315615557099,2.981569280792692,0.36025366523559255,11.598686128194098
3457,34.56,0.0,0.0,0.0,0.0,-2.3402110897109076,8.975582217611384,13.295623664766103,-16.174924348197088,2.5972673067569723,3.0721156629592126,0.4748483562022403,11.315793307322291
3458,34.57,0.0,0.0,0.0,0.0,-2.2029386228366796,8.81213483445804,14.093708637869538,-16.320262639523534,2.5745449151136266,-3.12212986192748,0.586510530138479,11.01507345729472
3459,34.58,0.0,0.0,0.0,0.0,-2.0594673123385134,8.652545282999633,14.552806937196388,-15.455217543632592,2.5532290661287447,-3.034813682664599,0.6951425583862423,10.712012595338146
3460,34.59,0.0,0.0,0.0,0.0,-1.9126678987002466,8.505384422356121,14.7758029179177,-13.882387592675801,2.5333665372851955,-2.9490371525239305,0.8007816173704606,10.418052321056368
3461,34.6,0.0,0.0,0.0,0.0,-1.764435800848933,8.376387479543215,14.85275592208482,-11.860468854805092,2.514980382095567,-2.8646451527255867,0.9035597723584322,10.140823280392148
3462,34.61,0.0,0.0,0.0,0.0,-1.6158643303622182,8.26901250224974,14.853594105892952,-9.585372061871423,2.498078878170671,-2.7814371212400144,1.0036693077689018,9.884876832611958
3463,34.62,0.0,0.0,0.0,0.0,-1.4674493027153963,8.185065041575626,14.82828700841672,-7.1932443993796324,2.482662523818813,-2.6991866761014056,1.101336107259367,9.652514344291022
3464,34.63,0.0,0.0,0.0,0.0,-1.3192732711193287,8.125239900223102,14.810177826608264,-4.772334263252925,2.468729064068984,-2.6176553327882752,1.1968009103223267,9.44451317134243
3465,34.64,0.0,0.0,0.0,0.0,-1.1711519007543236,8.089533201023357,14.81993623052444,-2.3762390814158043,2.456276858474041,-2.5366014409531457,1.2903070077523995,9.260685101777682
3466,34.65,0.0,0.0,0.0,0.0,-1.0227428700731909,8.077529560381944,14.86899408610296,-0.03535793728206718,2.4453069768448206,-2.455785639892039,1.3820926904427266,9.100272430455135
3467,34.660000000000004,0.0,0.0,0.0,0.0,-0.8736246145821351,8.088587627361445,14.96212501757385,2.234249824410891,2.4358243638963817,-2.3749739720731964,1.472386971210008,8.96221224194358
3468,34.67,0.0,0.0,0.0,0.0,-0.7233535387938603,8.121949214505793,15.099189956121679,4.424360366441345,2.427838331068722,-2.2939395429438294,1.5614074331670351,8.845302753299654
3469,34.68,0.0,0.0,0.0,0.0,-0.5715073597837692,8.176792861102557,15.276192323259787,6.529877210391288,2.421362551325193,-2.212463382239851,1.6493593736145438,8.748300220886327
3470,34.69,0.0,0.0,0.0,0.0,-0.4177206853654489,8.252246925070745,15.485800905403366,8.545359331971511,2.416414663779644,-2.130334982326816,1.7364356610731266,8.669967610436194
3471,34.7,0.0,0.0,0.0,0.0,-0.26171744517151596,8.347372204991311,15.71747691718105,10.462335054369465,2.413015541576547,-2.047352864521721,1.8228169010813189,8.609089650162828
3472,34.71,0.0,0.0,0.0,0.0,-0.1033435546336958,8.46112025534958,15.957317547616102,12.267085239376343,2.4111882366591075,-1.9633254446407065,1.9086716258797725,8.564463809983277
3473,34.72,0.0,0.0,0.0,0.0,0.05739785567319039,8.592271061735719,16.18771582928237,13.938712594719393,2.4109565866020684,-1.8780724209783741,1.9941562995991435,8.534873206062528
3474,34.730000000000004,0.0,0.0,0.0,0.0,0.22030732253928445,8.739352580799439,16.386942250547136,15.447449135868835,2.4123434503634003,-1.7914268781957403,2.0794149786204463,8.519045258260155
3475,34.74,0.0,0.0,0.0,0.0,0.3849458906363183,8.900544901377298,16.528780105010227,16.75330371228578,2.4153685322044893,-1.7032382755351285,2.1645784994399686,8.51559901074098
3476,34.75,0.0,0.0,0.0,0.0,0.5505892996012374,9.073573660087147,16.58239442382533,17.805328109849427,2.420045758803156,-1.6133764523032503,2.2497630960731807,8.52298436048591
3477,34.76,0.0,0.0,0.0,0.0,0.7161830159331599,9.255601130306585,16.51267839313203,18.541983653082628,2.426380198483583,-1.5217367199996878,2.3350683886963153,8.539418114373426
3478,34.77,0.0,0.0,0.0,0.0,0.8803043784680292,9.4431292571752,16.281385251754934,18.89329233069989,2.434364559787414,-1.4282459986927456,2.4205747486994253,8.56282487870717
3479,34.78,0.0,0.0,0.0,0.0,1.0411414021258345,9.631936483017784,15.849382905064168,18.78557987766232,2.443975385432628,-1.3328697756908532,2.506340146056105,8.590795080891949
3480,34.79,0.0,0.0,0.0,0.0,1.196500943890975,9.817078052633649,15.180304248096512,18.149520200361838,2.455169169484371,-1.2356194060713193,2.5923967316238956,8.620577108742674
3481,34.800000000000004,0.0,0.0,0.0,0.0,1.3438606740854988,9.992984446503225,14.245633981141516,16.931677988147687,2.467878763231632,-1.1365589486733831,2.678747595274572,8.649123772417727
3482,34.81,0.0,0.0,0.0,0.0,1.4804776212634,10.153689644475422,13.030817969859092,15.10866347575838,2.4820105751119623,-1.0358103903834965,2.7653643416841276,8.673212023212022
3483,34.82,0.0,0.0,0.0,0.0,1.6035588155548226,10.293204417932445,11.541340472188185,12.701426250750961,2.497443166836548,-0.9335558638092755,2.852186276533762,8.689645602377622
3484,34.83,0.0,0.0,0.0,0.0,1.710485754577731,10.40601684038269,9.807095063979006,9.785629800477999,2.5140278392812103,-0.8300354632854805,2.9391220046128956,8.69553108580496
3485,34.84,0.0,0.0,0.0,0.0,1.799066077745337,10.487657305707442,7.883159881978631,6.493444071175667,2.5315916290565106,-0.7255396617159108,3.026054016407165,8.688591227962105
3486,34.85,0.0,0.0,0.0,0.0,1.867769062805805,10.53522375070321,5.845664965815752,3.0034902710917497,2.5499427818555094,-0.6203961774699251,3.1128463478541515,8.667454687897404
3487,34.86,0.0,0.0,0.0,0.0,1.915894996120804,10.547746520570927,3.7828691745836904,-0.48074424533180304,2.5688782900801783,-0.5149522947432501,-3.083830584823428,8.631851524450123
3488,34.87,0.0,0.0,0.0,0.0,1.94363855125158,10.526297942369984,1.7833301772740486,-3.759255281188253,2.5881926184486215,-0.4095547553491777,-2.997747373797799,8.582659391118405
3489,34.88,0.0,0.0,0.0,0.0,1.9520319382026903,10.473816249452781,-0.07576356622136785,-6.662936050892025,2.6076864608866197,-0.30452999081142523,-2.9122164516980438,8.52178431125009
3490,34.89,0.0,0.0,0.0,0.0,1.9427849666952017,10.394691598185142,-1.7371277263570875,-9.072744079310944,2.627174387354611,-0.20016737348421007,-2.8273417608388205,8.45190663148994
3491,34.9,0.0,0.0,0.0,0.0,1.918063063091154,10.294219534153584,-3.1671285317736815,-10.926789384794596,2.64649054115022,-0.09670737092046341,-2.7431979120706846,8.37615647106243
3492,34.910000000000004,0.0,0.0,0.0,0.0,1.8802520195953152,10.178042886076133,-4.354839719930247,-12.216004869131051,2.6654920109455786,0.005664681403206349,-2.6598273295423707,8.297790866480817
3493,34.92,0.0,0.0,0.0,0.0,1.831750083950043,10.051678675892159,-5.307815996831858,-12.972263937772063,2.6840599596486525,0.10681958843544165,-2.577240371213212,8.219928591942116
3494,34.93,0.0,0.0,0.0,0.0,1.7748110152296976,9.920181591842592,-6.0464255827537965,-13.253704620634691,2.702098916984879,0.20668123253475837,-2.4954176844501217,8.145370576612894
3495,34.94,0.0,0.0,0.0,0.0,1.7114443416116274,9.78795169653432,-6.598285910138259,-13.131053592300038,2.7195347895120583,0.30522087469513365,-2.414313914816923,8.076507354922692
3496,34.95,0.0,0.0,0.0,0.0,1.643366654462801,9.658664520016556,-6.993718560289742,-12.677027861665708,2.736312136896305,0.4024501704314602,-2.3338619664648457,8.015297865553755
3497,34.96,0.0,0.0,0.0,0.0,1.5719917374440102,9.53528901168924,-7.262539508913937,-11.959350860902834,2.7523911664387617,0.4984139560158909,-2.253977210422872,7.96329727424523
3498,34.97,0.0,0.0,0.0,0.0,1.4984463598702724,9.420158789015352,-7.432100544656678,-11.03695829537341,2.7677447676463225,0.5931835073035955,-2.1745612603427285,7.921712429145079
3499,34.980000000000004,0.0,0.0,0.0,0.0,1.4236004989522983,9.315068737712664,-7.5263102487587865,-9.958576012810797,2.782355785045979,0.6868506575707862,-2.095505127475193,7.891468238760366
3500,34.99,0.0,0.0,0.0,0.0,1.348103750962357,9.221377500638235,-7.565325731567902,-8.762835975664803,2.796214629756653,0.7795229236150788,-2.0166917061415726,7.873273749675878
3501,35.0,0.0,0.0,0.0,0.0,1.272422613867818,9.140103999131066,-7.565647314427741,-7.479259288713551,2.8093172628876126,0.8713196341313312,-1.9379976287562826,7.867681385263248
3502,35.01,0.0,0.0,0.0,0.0,1.1968756744188056,9.072011802942892,-7.540415122645967,-6.12964290974945,2.821663542967046,0.9623689659051164,-1.859294577061928,7.875136128524087
3503,35.02,0.0,0.0,0.0,0.0,1.121665414580046,9.01767883982696,-7.499770390192171,-4.72957181670823,2.833255908876511,1.0528057514477736,-1.7804501574287357,7.896013425246914
3504,35.03,0.0,0.0,0.0,0.0,1.0469064632893348,8.977551975617631,-7.451193707948476,-3.289919208272108,2.8440983628832215,1.1427699079781943,-1.7013284549050283,7.930645512328296
3505,35.04,0.0,0.0,0.0,0.0,0.9726508183195051,8.951986847214334,-7.399765644881734,-1.8182955002908603,2.8541957203929202,1.2324053380428195,-1.6217903823500996,7.979336028894829
3506,35.050000000000004,0.0,0.0,0.0,0.0,0.898911002058844,8.94127337135216,-7.34831447426458,-0.3204728854886265,2.8635531006496033,1.3218591566394862,-1.5416939440101174,8.042362369293317
3507,35.06,0.0,0.0,0.0,0.0,0.8256824158554528,8.945646845754329,-7.297424683870297,1.1981427263815947,2.872175643825429,1.4112811017853302,-1.4608945420400985,8.119964429898875
3508,35.07,0.0,0.0,0.0,0.0,0.7529664056736559,8.9652836707215,-7.245282141762267,2.730888125322387,2.880068453849266,1.500822980462476,-1.3792454733867892,8.212317265047844
3509,35.08,0.0,0.0,0.0,0.0,0.6807957965499838,9.000279551982361,-7.187330927277498,4.267939920439471,2.8872367826660637,1.5906379865127809,-1.2965987961532839,8.319483755432378
3510,35.09,0.0,0.0,0.0,0.0,0.6092649033930457,9.050606699993464,-7.115717554858167,5.79399370093741,2.8936864904504915,1.6808796990269306,-1.2128067914235607,8.441341796600419
3511,35.1,0.0,0.0,0.0,0.0,0.5385662326118318,9.11604519883681,-7.018507719386481,7.285401738082876,2.8994248374864666,1.771700528086746,-1.1277243093997213,8.577478966224978
3512,35.11,0.0,0.0,0.0,0.0,0.4690361122522673,9.196082774538171,-6.878690509229881,8.706717028056339,2.9044616859335273,1.8632493211420664,-1.0412123647914597,8.727046662285904
3513,35.12,0.0,0.0,0.0,0.0,0.4012110368839896,9.28977745316802,-6.67305390892729,10.006772037063826,2.9088112103943793,1.9556677853972593,-0.9531434249971198,8.88856641628403
3514,35.13,0.0,0.0,0.0,0.0,0.3358950721863757,9.39558053141921,-6.371149260961368,11.11478925395561,2.912494227969657,2.049085338076604,-0.8634088898930521,9.059685459232835
3515,35.14,0.0,0.0,0.0,0.0,0.27423544595276056,9.511125215357916,-5.934787389326853,11.93766486005281,2.9155412477201206,2.143612004958345,-0.7719292427617761,9.236889769405156
3516,35.15,0.0,0.0,0.0,0.0,0.21779749942708707,9.633002201514454,-5.318826762591887,12.360511945491139,2.917996283608314,2.239329112841019,-0.6786671707672952,9.415204702087367
3517,35.160000000000004,0.0,0.0,0.0,0.0,0.16862085793706758,9.756569662877846,-4.474344378558191,12.253592677344187,2.9199213429098734,2.3362778565957063,-0.5836434863141668,9.587948804940778
3518,35.17,0.0,0.0,0.0,0.0,0.1292269375624776,9.875879588711019,-3.3553757160217996,11.489214524192818,2.9214012627598396,2.4344464648092865,-0.48695479795055335,9.74665265114854
3519,35.18,0.0,0.0,0.0,0.0,0.10253822854660417,9.983832975225393,-1.92981012334035,9.970659634715574,2.922548215280631,2.533757672821678,-0.38879054245895334,9.881294746678789
3520,35.19,0.0,0.0,0.0,0.0,0.09167176538510033,10.072675462887918,-0.1932391733227164,7.6702368504076075,2.923504801071946,2.6340593739435603,-0.2894454271283856,9.981003697502818
3521,35.2,0.0,0.0,0.0,0.0,0.0995950730999082,10.134876105606894,1.818324039254933,4.665227811116455,2.9244443803358515,2.7351221603634306,-0.18932221997242213,10.035281032506987
3522,35.21,0.0,0.0,0.0,0.0,0.12868736740581732,10.16427908191822,4.023383319392864,1.1531700074136402,2.925567425878555,2.8366471887190974,-0.08892023715945714,10.035591714512403
3523,35.22,0.0,0.0,0.0,0.0,0.18031404160736772,10.157230746153962,6.303313736622509,-2.5702371973604334,2.927093442758459,2.938285750852958,0.011192308094499712,9.976916704546595
3524,35.230000000000004,0.0,0.0,0.0,0.0,0.25455577613150415,10.113286003111195,8.524292912277243,-6.171388177626567,2.9292492928701273,3.039668329402814,0.11041903653268574,9.858730226979691
3525,35.24,0.0,0.0,0.0,0.0,0.3501959181265699,10.035203378537421,10.565225393653536,-9.35563826117036,2.9322560521498144,3.1404372987642253,0.20818124661441145,9.685007460410851
3526,35.25,0.0,0.0,0.0,0.0,0.4649690923118668,9.92822521845083,12.340229809163345,-11.928195712021058,2.936317093073823,-3.042909437881872,0.303958776223893,9.463256126138964
3527,35.26,0.0,0.0,0.0,0.0,0.5959713944686148,9.79893047173345,13.807756819190056,-13.816786731456885,2.941609572504156,-2.944257928979277,0.39731780569615366,9.202959077264836
3528,35.27,0.0,0.0,0.0,0.0,0.7400909185536444,9.654060269218249,14.966127523660923,-15.056252626827119,2.9482802361872316,-2.84698265191635,0.48792241907600625,8.913969350664605
3529,35.28,0.0,0.0,0.0,0.0,0.8943480610049589,9.499621339691961,15.841120499986932,-15.751798961733511,2.9564451436159507,-2.7512084513842874,0.5755317121793475,8.605273278687003
3530,35.29,0.0,0.0,0.0,0.0,1.0561002286828276,9.340382192945922,16.472228137733033,-16.039909189365005,2.9661921290517195,-2.657006035189519,0.6599871429383476,8.284281964263094
3531,35.300000000000004,0.0,0.0,0.0,0.0,1.223121402975109,9.179719359718034,16.901812215325045,-16.05857832319746,2.977584659780152,-2.5644053732311685,0.7411952741682655,7.956597956742924
3532,35.31,0.0,0.0,0.0,0.0,1.3935941345966318,9.019699107720143,17.16845238928074,-15.929930897440668,2.9906660172470643,-2.4734093535733317,0.8191099363591895,7.626104973123511
3533,35.32,0.0,0.0,0.0,0.0,1.5660540598657628,8.86127885173306,17.303923420672483,-15.753083661472576,3.00546313052275,-2.384005937536135,0.8937162391207024,7.295224791867296
3534,35.33,0.0,0.0,0.0,0.0,1.7393173661166716,8.704544233355666,17.332601452958933,-15.603529588593721,3.021989749435502,-2.296178067988447,0.9650174897556375,6.965226867238994
3535,35.34,0.0,0.0,0.0,0.0,1.9124097119551775,8.548933753376081,17.27218955207282,-15.535788323602976,3.0402488886392014,-2.2099112418470392,1.0330251766933456,6.636524041420904
3536,35.35,0.0,0.0,0.0,0.0,2.0845056315194554,8.393430015787077,17.134989733037056,-15.587165302837573,3.0602346087485177,-2.125198993945607,1.09775170448546,6.3089243842676215
3537,35.36,0.0,0.0,0.0,0.0,2.254881414767435,8.236713031058798,16.929273906853656,-15.781452502115542,3.0819332580722714,-2.0420466586478385,1.1592053904594755,5.9818316162913625
3538,35.37,0.0,0.0,0.0,0.0,2.422881214078203,8.077279069640207,16.66053567421482,-16.13207413276731,3.1053243102740695,-1.960473775300291,1.2173872216052244,5.654397855562005
3539,35.38,0.0,0.0,0.0,0.0,2.5878946921940864,7.913531425337113,16.332540396576285,-16.644558967462096,3.1303809224869354,-1.8805154512112603,1.2722889334813905,5.3256367331430265
3540,35.39,0.0,0.0,0.0,0.0,2.7493440894899948,7.743849606425483,15.948160105003737,-17.318400633562764,-3.1261149883825308,-1.8022229299578116,1.3238920584247174,4.994505516935488
3541,35.4,0.0,0.0,0.0,0.0,2.906678626620659,7.56664246695837,15.510009596853653,-18.14843205287907,-3.0978312244454798,-1.725663552129249,1.3721676723162295,4.659963840337711
3542,35.410000000000004,0.0,0.0,0.0,0.0,3.0593743808128515,7.380389464119979,15.0209095926366,-19.125846816548876,-3.0679968845823455,-1.6509202470704532,1.4170766375118928,4.3210150833071275
3543,35.42,0.0,0.0,0.0,0.0,3.2069380403736067,7.183672981410611,14.484203498738525,-20.23898148170062,-3.036660851024718,-1.5780906587153618,1.458570192309355,3.9767349410370043
3544,35.43,0.0,0.0,0.0,0.0,3.348913197499538,6.9752036504692185,13.903952162474958,-21.473945700775978,-3.0038767605818255,-1.5072859844636328,1.4965907761181922,3.6262904529696804
3545,35.44,0.0,0.0,0.0,0.0,3.4848880714425996,6.753839872844928,13.28502871721222,-22.81515996328881,-2.9697025977754192,-1.4386295906104438,1.5310730071649763,3.2689518014023284
3546,35.45,0.0,0.0,0.0,0.0,3.614503766558805,6.518602266701366,12.633134043625239,-24.24583720590632,-2.934200207407172,-1.3722554584020417,1.5619447490051312,2.9040985001425614
3547,35.46,0.0,0.0,0.0,0.0,3.737462369917221,6.268683497459874,11.954752419601167,-25.748426151524914,-2.8974347248497567,-1.3083065090244022,1.5891282158253537,2.5312211275426533
3548,35.47,0.0,0.0,0.0,0.0,3.853534384861667,6.00345384122913,11.257066101047362,-27.305021504111554,-2.85947392833981,-1.24693285189774,1.6125410764420698,2.149919456367463
3549,35.480000000000004,0.0,0.0,0.0,0.0,3.9625651785881875,5.722462818634843,10.547846312785522,-28.8977390364305,-2.8203875216690535,-1.1882899972780416,1.6320975243910132,1.7598976400466553
3550,35.49,0.0,0.0,0.0,0.0,4.064480286859559,5.425437269853481,9.835336017734068,-30.509051694737614,-2.7802463580456367,-1.1325370706391817,1.6477092874064558,1.3609569829939225
3551,35.5,0.0,0.0,0.0,0.0,4.159289557883433,5.11227627177484,9.128136710206624,-32.1220851782113,-2.73912161674594,-1.0798350624312834,1.659286554314657,0.9529867138914065
3552,35.51,0.0,0.0,0.0,0.0,4.247090220398344,4.783043289362707,8.435107467910848,-33.72087664891234,-2.6970839438091074,-1.030345142803772,1.6667388010053363,0.5359530689643632
3553,35.52,0.0,0.0,0.0,0.0,4.328069020962749,4.437955885273761,7.765279974670179,-35.290606545052704,-2.6542025668377,-0.9842270672468922,1.6699754995908078,0.10988686431101158
3554,35.53,0.0,0.0,0.0,0.0,4.40250358985133,4.077373183063255,7.12778874087792,-36.817818974977534,-2.610544392409297,-0.9416376964637979,1.668906695945501,-0.3251304067880749
3555,35.54,0.0,0.0,0.0,0.0,4.4707631672284,3.7017811074894693,6.531811901570148,-38.29064898426072,-2.5661730931156,-0.902729652666669,1.6634434404489324,-0.7689820597389305
3556,35.550000000000004,0.0,0.0,0.0,0.0,4.533308760469582,3.311775245647844,5.986515278763633,-39.69907354628808,-2.5211481902115103,-0.8676501351674172,1.6534980550440919,-1.221533514821738
3557,35.56,0.0,0.0,0.0,0.0,4.590692722906274,2.908041033161842,5.5009911522720945,-41.0351963896598,-2.475524137539711,-0.8365399204488044,1.6389842170909068,-1.6826516897444321
3558,35.57,0.0,0.0,0.0,0.0,4.643557658497472,2.4913309258918876,5.0841833512447225,-42.29356435726066,-2.4293494129237727,-0.809532575182172,1.6198168377416016,-2.1522267326055844
3559,35.58,0.0,0.0,0.0,0.0,4.692634478134923,2.062438325713925,4.744791387321431,-43.4714951203864,-2.3826656245818807,-0.7867539136624133,1.5959117109194656,-2.630196152420998
3560,35.59,0.0,0.0,0.0,0.0,4.738739366497651,1.6221683405801317,4.491147440238101,-44.56937332708883,-2.335506642198151,-0.7683217320757346,1.5671849101224167,-3.1165710259175192
3561,35.6,0.0,0.0,0.0,0.0,4.7827693564460265,1.1713060206824268,4.3310595998233,-45.590845028877894,-2.2878977650065173,-0.7543458486331548,1.5335519163733613,-3.6114633357635997
3562,35.61,0.0,0.0,0.0,0.0,4.825696126322465,0.71058357106778,4.271610855486072,-46.5428078163652,-2.2398549426468835,-0.7449284681614695,1.4949264744854132,-4.115112555254685
3563,35.62,0.0,0.0,0.0,0.0,4.868557486807102,0.24064926056914174,4.318893342219149,-47.435053568041454,-2.1913840690612485,-0.7401648689805046,1.4512192000807422,-4.6279082262379605
3564,35.63,0.0,0.0,0.0,0.0,4.912445732104474,-0.23795756235322416,4.477638113680577,-48.279365531085006,-2.142480376328933,-0.7401443747024824,1.402336001626451,-5.150403294457698
3565,35.64,0.0,0.0,0.0,0.0,4.958491483676224,-0.7248185750990301,4.7506682925569725,-49.087790204910306,-2.0931279660559516,-0.7449515183546903,1.3481764477012623,-5.683310058775254
3566,35.65,0.0,0.0,0.0,0.0,5.007840698847496,-1.2196255647049288,5.13805317766831,-49.86968057055392,-2.0432995340111137,-0.7546672226848737,1.2886323113262383,-6.227466263552425
3567,35.660000000000004,0.0,0.0,0.0,0.0,5.061620948645874,-1.7221314417831945,5.635768045603566,-50.62692126723997,-1.9929563742123177,-0.7693696961019232,1.2235866781103928,-6.783752390429068
3568,35.67,0.0,0.0,0.0,0.0,5.120890649757318,-2.2320410042567627,6.233567200093318,-51.34648655662338,-1.942048798909702,-0.7891345597255119,1.1529142391841907,-7.352931654014081
3569,35.68,0.0,0.0,0.0,0.0,5.186561455956719,-2.7488092472948282,6.9116666105041356,-51.98917358631648,-1.8905171905346212,-0.8140334516664689,1.0764837388681512,-7.935370703251547
3570,35.69,0.0,0.0,0.0,0.0,5.259279517638471,-3.2713021522545427,7.635752879903446,-52.47313194096435,-1.8382940214517796,-0.844129970148182,0.9941640513035983,-8.530581669893014
3571,35.7,0.0,0.0,0.0,0.0,5.33924667592599,-3.79726174934568,8.349919061444314,-52.651079578018916,-1.7853073441743572,-0.8794712984691069,0.9058360457052492,-9.13650842527167
3572,35.71,0.0,0.0,0.0,0.0,5.425960852929993,-4.322512912092967,8.967683848422665,-52.28181077514823,-1.7314864576984157,-0.9200732367639306,0.8114132209344859,-9.748473765022961
3573,35.72,0.0,0.0,0.0,0.0,5.517863342247988,-4.839876623646463,9.362868166605859,-51.00159634556749,-1.6767706342668458,-0.9658958348759734,0.7108747993908715,-10.357739965894451
3574,35.730000000000004,0.0,0.0,0.0,0.0,5.6119139550203485,-5.33785847298461,9.365571437884098,-48.311818692144456,-1.621121776484052,-1.0168068986183743,0.6043148778656786,-10.949772428004959
3575,35.74,0.0,0.0,0.0,0.0,5.70319346100372,-5.799425492150503,8.773930580174254,-43.61608848235316,-1.56454131805861,-1.0725324102466098,0.4920089078119993,-11.502618953154222
3576,35.75,0.0,0.0,0.0,0.0,5.784764854704458,-6.2015956035441,7.396626502673643,-36.35343778753389,-1.507090062210618,-1.1325979799482733,0.3744920822623456,-11.986360458248559
3577,35.76,0.0,0.0,0.0,0.0,5.8481562243775365,-6.516972625620122,5.134412571481831,-26.2533319709211,-1.4489066242763642,-1.1962749057600854,0.2526317185162795,-12.365128849997658
3578,35.77,0.0,0.0,0.0,0.0,5.884781768684303,-6.718214181544658,2.0787237008163424,-13.643784503015715,-1.390216496429238,-1.2625558084289397,0.12766068800029653,-12.602995950228962
3579,35.78,0.0,0.0,0.0,0.0,5.888170432355962,-6.78501985299677,-1.4393454959980982,0.3963711563176878,-1.3313224498538816,-1.330188847397232,0.0011336024566503268,-12.673190285352732
3580,35.79,0.0,0.0,0.0,0.0,5.856117881869638,-6.710865451691188,-4.920919604254552,14.264241899492532,-1.2725720277807497,-1.3977837032530198,-0.12521167547226925,-12.566983333560826
3581,35.800000000000004,0.0,0.0,0.0,0.0,5.79151606409487,-6.505577365515026,-7.879501773255264,26.399015596737375,-1.2143092313509254,-1.463966921328148,-0.24965768997722368,-12.297093429609896
3582,35.81,0.0,0.0,0.0,0.0,5.701303682471069,-6.19200503198889,-10.0131768448897,35.82259027389981,-1.15682737270184,-1.5275332731522484,-0.3707059004504075,-11.893308714459959
3583,35.82,0.0,0.0,0.0,0.0,5.594225942615558,-5.798956654826509,-11.260392330183317,42.31447641644332,-1.1003393447464582,-1.587542119546442,-0.4872027747999831,-11.393182597442067
3584,35.83,0.0,0.0,0.0,0.0,5.478662487184607,-5.354350491752725,-11.739791374393848,46.22287880304539,-1.0449709162543235,-1.643341185885995,-0.5983702696316734,-10.833012978937333
3585,35.84,0.0,0.0,0.0,0.0,5.361327479641501,-4.881103088507148,-11.64972034170216,48.14941637601785,-0.990771722729595,-1.694534482819166,-0.7037627600895717,-10.242430568148649
3586,35.85,0.0,0.0,0.0,0.0,5.246894814298528,-4.3959198764447525,-11.190281392562746,48.704540033256954,-0.9377344440317154,-1.740924206699881,-0.8031897626681654,-9.64281469074328
3587,35.86,0.0,0.0,0.0,0.0,5.13820236867931,-3.9099038196875853,-10.525168824818074,48.387542090360284,-0.8858145039189662,-1.7824506717774016,-0.8966361678584361,-9.048106188366894
3588,35.87,0.0,0.0,0.0,0.0,5.036677642317253,-3.429862217104234,-9.772914964007082,47.55865916152458,-0.8349463752450028,-1.8191425862611768,-0.9841962110161729,-8.466539859421488
3589,35.88,0.0,0.0,0.0,0.0,4.942768249165769,-2.959633159651688,-9.012463025571549,46.456137024938776,-0.7850554850369823,-1.8510808694899703,-1.066025384452989,-7.9024014088174575
3590,35.89,0.0,0.0,0.0,0.0,4.856289908254254,-2.5011565917555787,-8.292906718452423,45.22653649191149,-0.7360661923373314,-1.8783745673240455,-1.1423083749867124,-7.357446500009833
3591,35.9,0.0,0.0,0.0,0.0,4.776677761091616,-2.055243477635045,-7.642633355587774,43.95338914778927,-0.6879067744149582,-1.9011459551247585,-1.2132391807097995,-6.831921238726661
3592,35.910000000000004,0.0,0.0,0.0,0.0,4.703156275518604,-1.6220888464633223,-7.076380186972177,42.67949394429448,-0.6405123242326678,-1.919521998900401,-1.2790096746677342,-6.325245121981927
3593,35.92,0.0,0.0,0.0,0.0,4.6348494219930965,-1.2015952436436192,-6.600178765724034,41.42269778070142,-0.5938262651034115,-1.9336299446788248,-1.3398036795754116,-5.836444665636716
3594,35.93,0.0,0.0,0.0,0.0,4.57085016519827,-0.7935656725687187,-6.214632949803025,40.18647069663537,-0.5478009808901094,-1.943595446485113,-1.3957944655950036,-5.364415837766989
3595,35.94,0.0,0.0,0.0,0.0,4.510263434131344,-0.39781063165046093,-5.917020922459348,38.96673801675305,-0.5023978936965456,-1.9495421630282417,-1.4471442693316952,-4.908074065781805
3596,35.95,0.0,0.0,0.0,0.0,4.452232249928836,-0.014200444675156186,-5.702618054542483,37.75615938680857,-0.4575872025614383,-1.9515921299520302,-1.494004927390592,-4.466432694603992
3597,35.96,0.0,0.0,0.0,0.0,4.395953296192247,0.35731613781248345,-5.565524145532495,36.54671354793575,-0.41334741779215833,-1.9498664726277406,-1.5365190548355805,-4.038637158379764
3598,35.97,0.0,0.0,0.0,0.0,4.340685874397252,0.7167132491039102,-5.499184201084417,35.331175117666696,-0.36966477522330826,-1.944486196168616,-1.574821420945306,-3.6239726252933417
3599,35.980000000000004,0.0,0.0,0.0,0.0,4.285756659645527,1.0639001362396192,-5.496723170828325,34.1038741637187,-0.3265325834700967,-1.9355729017661831,-1.6090403182960855,-3.221856523405908
3600,35.99,0.0,0.0,0.0,0.0,4.2305617173059185,1.3987385218736907,-5.551168371480579,32.86099795567552,-0.2839505382556775,-1.9232493512534008,-1.6392988129977233,-2.8318231954322277
3601,36.0,0.0,0.0,0.0,0.0,4.174566666682828,1.7210614444717924,-5.655603040735422,31.600608403302235,-0.241924026410578,-1.9076398482889738,-1.665715821878394,-2.453505222211035
3602,36.01,0.0,0.0,0.0,0.0,4.11730554527248,2.0306913585725295,-5.803275653557168,30.32249264830014,-0.2004634351014867,-1.8888704334497577,-1.688406998348271,-2.08661418669995
3603,36.02,0.0,0.0,0.0,0.0,4.0583787415349395,2.3274562526230307,-5.987678526820528,29.02792690120872,-0.1595834773306664,-1.8670689075103057,-1.7074854301796385,-1.7309224889119088
3604,36.03,0.0,0.0,0.0,0.0,3.9974502626008053,2.611203205843409,-6.202603144942075,27.71940769931221,-0.11930254162717471,-1.8423647060781088,-1.723062164450934,-1.3862470567573961
3605,36.04,0.0,0.0,0.0,0.0,3.934244545852364,2.881809248767459,-6.4421766646303,26.4003859918005,-0.07964207149821448,-1.8148886521657,-1.7352465806674864,-1.0524352970849047
3606,36.050000000000004,0.0,0.0,0.0,0.0,3.868542985661783,3.1391896727083832,-6.700882887784665,25.075025425687944,-0.040625978318587636,-1.7847726131149786,-1.744146634796391,-0.7293533129533998
3607,36.06,0.0,0.0,0.0,0.0,3.8001803154330216,3.383304091753221,-6.973570736064639,23.74799563838223,-0.0022800897803876515,-1.7521490859563729,-1.7498689961759843,-0.4168762236798007
3608,36.07,0.0,0.0,0.0,0.0,3.7290409544706367,3.614160627960026,-7.2554533387589535,22.424303593908707,0.03536836522390782,-1.717150731849146,-1.7525190970730555,-0.11488032651061086
3609,36.08,0.0,0.0,0.0,0.0,3.655055397653744,3.8318185920889936,-7.542100910199605,21.10916063097208,0.07229123534905456,-1.6799098764901474,-1.752201111839203,0.17676319443524946
3610,36.09,0.0,0.0,0.0,0.0,3.5781966945559462,4.036389990840688,-7.829430468531995,19.807879601924405,0.10845988986250685,-1.6405579898335079,-1.749017879696013,0.45819329628474215
3611,36.1,0.0,0.0,0.0,0.0,3.4984770357722974,4.228040126355836,-8.113695079921646,18.52579494344695,0.14384562703304368,-1.5992251554680488,-1.7430707825010934,0.7295630905835386
3612,36.11,0.0,0.0,0.0,0.0,3.4159444401430665,4.4069874804008595,-8.391474726762757,17.268198371285443,0.17842004890097637,-1.55603953770627,-1.7344595866072445,0.991043040257793
3613,36.12,0.0,0.0,0.0,0.0,3.330679519154648,4.573503006200133,-8.659670166495111,16.04028375104669,0.21215540333118071,-1.5111268528700572,-1.723282256201238,1.2428234870454853
3614,36.13,0.0,0.0,0.0,0.0,3.2427922850604305,4.727908893478685,-8.915500360069851,14.84709618746111,0.24502489395866853,-1.464609850327002,-1.7096347442856696,1.4851166084182545
3615,36.14,0.0,0.0,0.0,0.0,3.1524189673024274,4.870576831470819,-9.156503296583029,13.693482149992292,0.2770029582850648,-1.4166078083953133,-1.69361076668038,1.7181578641683917
3616,36.15,0.0,0.0,0.0,0.0,3.0597188068697374,5.001925771785255,-9.380539400217991,12.58403922117237,0.3080655138507599,-1.3672360501158183,-1.6753015639665783,1.9422069649155178
3617,36.160000000000004,0.0,0.0,0.0,0.0,2.9648708088917632,5.12241918683351,-9.585796232584599,11.523065592116472,0.3381901721524334,-1.3166054839156631,-1.6547956560680965,2.157548377941747
3618,36.17,0.0,0.0,0.0,0.0,2.8680704481818835,5.232561826929021,-9.770792927364488,10.514510588612653,0.3673564198490593,-1.2648221742028953,-1.6321785940519546,2.3644913787471373
3619,36.18,0.0,0.0,0.0,0.0,2.7695263386184825,5.332895995913989,-9.934382718565898,9.561928216072836,0.3955457668268634,-1.2119869468221518,-1.6075327136490152,2.5633696572955067
3620,36.19,0.0,0.0,0.0,0.0,2.6694568932482565,5.423997386634741,-10.075752029475085,8.668435953290187,0.4227418608828424,-1.1581950339988838,-1.5809368948817244,2.7545404933864845
3621,36.2,0.0,0.0,0.0,0.0,2.56808701617392,5.506470539319674,-10.194414839594465,7.836680847063806,0.4489305691290342,-1.1035357628748068,-1.5524663320038392,2.9383835231457534
3622,36.21,0.0,0.0,0.0,0.0,2.46564487844415,5.5809440040912675,-10.290201393187308,7.068814443127692,0.4741000266884174,-1.0480922910127193,-1.5221923177011376,3.1152991256471174
3623,36.22,0.0,0.0,0.0,0.0,2.3623588375906888,5.648065300580065,-10.363240702877945,6.366477334011794,0.4982406538164408,-0.9919413913703439,-1.4901820451867855,3.285706462989376
3624,36.230000000000004,0.0,0.0,0.0,0.0,2.2584545639863176,5.708495771040113,-10.413936684542165,5.730793216097513,0.5213451431987906,-0.9351532882900715,-1.4564984314888612,3.450041207053795
3625,36.24,0.0,0.0,0.0,0.0,2.154152437112828,5.762905417652551,-10.442938092354426,5.16237142138791,0.5434084198106344,-0.8777915451071765,-1.4211999649178118,3.6087529805397227
3626,36.25,0.0,0.0,0.0,0.0,2.049665271808778,5.811967799859223,-10.45110267327733,4.661316001231579,0.5644275763404233,-0.8199130031390718,-1.384340579479496,3.762302528050445
3627,36.26,0.0,0.0,0.0,0.0,1.9451964295414794,5.856355044266419,-10.439456109431466,4.2272386432681035,0.5844017877576889,-0.7615677711706975,-1.3459695589283853,3.9111586147249393
3628,36.27,0.0,0.0,0.0,0.0,1.8409383637615475,5.896732988999946,-10.409146358993736,3.8592720304285653,0.6033322091257156,-0.7027992641720654,-1.3061314732977827,4.0557946252383985
3629,36.28,0.0,0.0,0.0,0.0,1.7370716425051433,5.933756447686604,-10.361393948601977,3.5560797154625514,0.6212218612201653,-0.6436442899453471,-1.2648661511655142,4.1966848051814605
3630,36.29,0.0,0.0,0.0,0.0,1.63376448651405,5.968064536883968,-10.297438631507177,3.3158581906483673,0.6380755089211536,-0.5841331827494766,-1.222208691670631,4.334300050369919
3631,36.300000000000004,0.0,0.0,0.0,0.0,1.5311728579259283,6.00027596622334,-10.218482635881465,3.136326588144902,0.6538995377108207,-0.5242899837341969,-1.1781895214450173,4.4691031082974115
3632,36.31,0.0,0.0,0.0,0.0,1.4294411333501629,6.030984144383073,-10.125630528416616,3.0146993793550445,0.6687018339515205,-0.4641326692518933,-1.1328345032034128,4.60154301103291
3633,36.32,0.0,0.0,0.0,0.0,1.328703395724911,6.060751908331856,-10.019825565242119,2.9476376185142863,0.6824916749594816,-0.4036734298141776,-1.08616510477366,4.732048512606944
3634,36.33,0.0,0.0,0.0,0.0,1.2290853809348323,6.090105641098343,-9.901782369084433,2.9311748260677373,0.6952796352400873,-0.34291900460250097,-1.038198639842588,4.86102026016351
3635,36.34,0.0,0.0,0.0,0.0,1.1307071160826137,6.119528509380878,-9.771915956545028,2.960614750258869,0.7070775156172224,-0.2818710789672504,-0.9889485945844717,4.988821393298264
3636,36.35,0.0,0.0,0.0,0.0,1.0336862837634198,6.149452534098857,-9.630267671147202,3.0304003154901324,0.7178983023494785,-0.2205267551461861,-0.9384250574956645,5.115766250335437
3637,36.36,0.0,0.0,0.0,0.0,0.9381423364264176,6.180249216006899,-9.476429619373402,3.133956531201786,0.727756163627111,-0.15887910928457416,-0.8866352729116833,5.242106879580482
3638,36.37,0.0,0.0,0.0,0.0,0.8442013608917496,6.2122184915601,-9.309470949753413,3.2635155859436957,0.7366664909786234,-0.09691785039985587,-0.83358434137848,5.368017130668351
3639,36.38,0.0,0.0,0.0,0.0,0.7520016473174433,6.245575914417428,-9.127871952676239,3.4099404305997107,0.744645992909957,-0.034630098646602915,-0.7792760915565616,5.4935742670999845
3640,36.39,0.0,0.0,0.0,0.0,0.6616998396910478,6.280438174361378,-8.929475622407468,3.5625743724849475,0.7517128472864376,0.027998699703629355,-0.7237141475828083,5.61873833467033
3641,36.4,0.0,0.0,0.0,0.0,0.5734774260305816,6.31680741006719,-8.71147095857634,3.709158569333972,0.7578869171827475,0.09098370587542606,-0.6669032113073221,5.743329984036608
3642,36.410000000000004,0.0,0.0,0.0,0.0,0.4875471579833824,6.354555272320324,-8.470427451470549,3.8358757299780537,0.7631900317084284,0.1543394630302676,-0.6088505686781618,5.867008114336942
3643,36.42,0.0,0.0,0.0,0.0,0.40415877091278374,6.393408357196777,-8.202404794436228,3.9275937376523413,0.7676463281588413,0.2180785165229321,-0.549567811635911,5.989249586283993
3644,36.43,0.0,0.0,0.0,0.0,0.3236031218484721,6.432937417401721,-7.903163864166547,3.9683913947719542,0.7712826443004309,0.282209905029421,-0.48907273927100975,6.109334295553249
3645,36.44,0.0,0.0,0.0,0.0,0.24621361438427866,6.47255356182107,-7.568501341291893,3.9424408590216227,0.7741289395007811,0.34673757575589453,-0.4273913637448857,6.2263399474367915
3646,36.45,0.0,0.0,0.0,0.0,0.17236361169350303,6.511515251108045,-7.194717319967918,3.835286216264102,0.7762187111567352,0.411658812321959,-0.3645598988347779,6.339151639414542
3647,36.46,0.0,0.0,0.0,0.0,0.10245856130107878,6.548949963131034,-6.77919986893376,3.635485239460555,0.7775893597861793,0.4769628029221441,-0.3006265568640359,6.446491401829955
3648,36.47,0.0,0.0,0.0,0.0,0.036921895149179464,6.5838935477508445,-6.321072833859194,3.3364707654736554,0.7782824447709432,0.54262951175924,-0.23565293301170417,6.546971652601665
3649,36.480000000000004,0.0,0.0,0.0,0.0,-0.023825475753508414,6.615348200049094,-5.82180933000867,2.93835630214829,0.7783437667869436,0.6086290375831557,-0.1697147292037869,6.639173675802602
3650,36.49,0.0,0.0,0.0,0.0,-0.07939108270051097,6.64235662689146,-5.28567728593688,2.4492982525857485,0.7778232167004766,0.6749216366252807,-0.10290158007519497,6.721747709591971
3651,36.5,0.0,0.0,0.0,0.0,-0.12943983585856286,6.664085845135747,-4.719874630830554,1.8859932317767099,0.7767743475877766,0.7414585425662875,-0.035315805021490856,6.79352568099431
3652,36.51,0.0,0.0,0.0,0.0,-0.17372228866798253,6.679910198448624,-4.134247534588087,1.2729864638263606,0.7752536572746986,0.8081836304869323,0.03292997321223295,6.853632487116607
3653,36.52,0.0,0.0,0.0,0.0,-0.2120978590394976,6.689481035422656,-3.5405686228348836,0.6407078265905768,0.7733196097816453,0.875035854895997,0.10171624511435268,6.901578894462153
3654,36.53,0.0,0.0,0.0,0.0,-0.24454895404121577,6.692771262074922,-2.951463600344462,0.022479048415220023,0.7710314671098348,0.941952267482743,0.1709208003729074,6.937320216116138
3655,36.54,0.0,0.0,0.0,0.0,-0.27118335850435926,6.690086983014113,-2.379174983555097,-0.5489673398447266,0.7684480371046136,1.0088713199046415,0.24042328280002961,6.961270341518472
3656,36.550000000000004,0.0,0.0,0.0,0.0,-0.292224431005924,6.682044738854748,-1.8343994501591414,-1.0447727791953532,0.7656264590100788,1.0757361093306155,0.3101096503205369,6.974269169860673
3657,36.56,0.0,0.0,0.0,0.0,-0.307990950593091,6.669519515052486,-1.325410090125747,-1.4424282364763776,0.7626211411846169,1.142497243472152,0.3798761022875354,6.977510465645577
3658,36.57,0.0,0.0,0.0,0.0,-0.31887017730161715,6.653573679319103,-0.8575886501449895,-1.7270794249073311,0.759482937696612,1.2091150805945137,0.4496321428979037,6.97244385662072
3659,36.58,0.0,0.0,0.0,0.0,-0.3252883918212805,6.635379010603692,-0.433382823764733,-1.8916224340078942,0.7562586104608734,1.2755612142809578,0.5193026038200862,6.960667402424972
3660,36.59,0.0,0.0,0.0,0.0,-0.3276828375168165,6.616142939786797,-0.05261076527526491,-1.9358207037052926,0.7529905818597703,1.3418191913909883,0.588828609531219,6.943825777303613
3661,36.6,0.0,0.0,0.0,0.0,-0.32647791793036035,6.597046974406679,0.2870153828313822,-1.8648183574367325,0.7497169484916889,1.4078845483151443,0.6581675998234566,6.923524892337039
3662,36.61,0.0,0.0,0.0,0.0,-0.3220671617329621,6.579201377246893,0.5892802011487,-1.687435578626716,0.7464717048218572,1.4737643109300744,0.7272926061082174,6.9012685389798545
3663,36.62,0.0,0.0,0.0,0.0,-0.3148012497801729,6.5636166663005255,0.8588764139033652,-1.414550128552825,0.743285116700634,1.5394761261631469,0.7961910094625139,6.878417916080698
3664,36.63,0.0,0.0,0.0,0.0,-0.30498153017154866,6.551190044144284,1.1009035609070605,-1.057751019738844,0.7401841864441516,1.6050471854715933,0.8648629990274435,6.856171574315833
3665,36.64,0.0,0.0,0.0,0.0,-0.292857978025406,6.542703575872426,1.3204824193322688,-0.628339966351455,0.7371931595762058,1.6705130742559422,0.9333199146797347,6.835561553897832
3666,36.65,0.0,0.0,0.0,0.0,-0.27863042239133823,6.538830607591578,1.522485476017281,-0.13667631699425573,0.7343340346695368,1.7359166471185137,1.0015826124489768,6.817461029982916
3667,36.660000000000004,0.0,0.0,0.0,0.0,-0.2624519520645357,6.5401472136786385,1.7113671173845661,0.40818401805524146,0.7316270491924406,1.8013069949004172,1.0696799457079775,6.802599165743175
3668,36.67,0.0,0.0,0.0,0.0,-0.24443361724298202,6.54714605985461,1.891070176586788,0.998622006871138,0.7290911241816322,1.8667385401673637,1.1376474159857315,6.791579677097592
3669,36.68,0.0,0.0,0.0,0.0,-0.224649784767401,6.560250736008852,2.0649848309141405,1.6284260451130141,0.7267442581943075,1.9322702750329792,1.2055260168386708,6.784900520776253
3670,36.69,0.0,0.0,0.0,0.0,-0.2031437328603287,6.579829208940155,2.2359385742425535,2.292653128477256,0.7246038662513301,1.997965138821036,1.2733612725697077,6.782972941800484
3671,36.7,0.0,0.0,0.0,0.0,-0.1799332646996569,6.606205508374782,2.4061999227230553,2.9874195913218693,0.7226870626243974,2.0638895220087212,1.3412024593843226,6.786138773074439
3672,36.71,0.0,0.0,0.0,0.0,-0.1550162739962638,6.639669076405904,2.577482342006426,3.7096460559855173,0.72101088772561,2.130112875728453,1.4091019880028446,6.794685350402168
3673,36.72,0.0,0.0,0.0,0.0,-0.12837631462996094,6.68048139306833,2.7509379828200187,4.456768840083826,0.7195924794059037,2.196707401424681,1.4771149220187771,6.808857707698291
3674,36.730000000000004,0.0,0.0,0.0,0.0,-0.09998831886761872,6.7288795608978305,2.9271329908935373,5.226419981879807,0.7184491879677901,2.26374779182236,1.545298603854568,6.828867879765449
3675,36.74,0.0,0.0,0.0,0.0,-0.06982468375669638,6.785076511485458,3.1059974829456074,6.016070080851936,0.717598632366174,2.3313109911607617,1.6137123587945856,6.854901195242154
3676,36.75,0.0,0.0,0.0,0.0,-0.037862010550564276,6.849257406739667,3.2867439587712726,6.822621968533444,0.7170586925431379,2.3994759388764586,1.6824172463333218,6.887119417290232
3677,36.76,0.0,0.0,0.0,0.0,-0.004088842523243941,6.921571663385313,3.46774825159604,7.641938619777108,0.7168474296887718,2.468323255962555,1.751475826273782,6.925660505908557
3678,36.77,0.0,0.0,0.0,0.0,0.03148519619944229,7.002119847357131,3.6463875118297313,8.468285850846282,0.7169829224769166,2.5379348266327346,1.8209519041558186,6.970634651157688
3679,36.78,0.0,0.0,0.0,0.0,0.06881840740953124,7.090934485786202,3.8188307420587444,9.29366998671207,0.7174830030361423,2.60839321939219,1.8909102163560467,7.022116078376671
3680,36.79,0.0,0.0,0.0,0.0,0.10782368372109312,7.187953660512522,3.979779876951891,10.107054442298026,0.7183648716914426,2.6797808811456703,1.9614160094542286,7.080129976791429
3681,36.800000000000004,0.0,0.0,0.0,0.0,0.14835234686732474,7.292986132726847,4.122164523587659,10.893449877424958,0.7196445646084138,2.7521790259496433,2.0325344613412275,7.144633785859522
3682,36.81,0.0,0.0,0.0,0.0,0.19017474854802802,7.405666793385651,4.236802910197952,11.632894610675034,0.7213362439151918,2.8256661275546078,2.104329883639415,7.215492044837623
3683,36.82,0.0,0.0,0.0,0.0,0.23295742152465132,7.525401580335381,4.312057476500929,12.299381333447494,0.7234512766293227,2.90031591423365,2.1768646376043277,7.29244415881073
3684,36.83,0.0,0.0,0.0,0.0,0.2762369681952973,7.651301859285178,4.333538231621101,12.859850006300503,0.7259970683855579,2.9761947595501885,2.2501976911646286,7.375064891089881
3685,36.84,0.0,0.0,0.0,0.0,0.3193915722253455,7.782109910173736,4.283942231742681,13.27346138547113,0.7289756230309548,3.053358370125003,2.324382747094048,7.46271833794839
3686,36.85,0.0,0.0,0.0,0.0,0.36161212066204595,7.916119910436536,4.143162520707294,13.491491363193994,0.7323818131434743,3.1318477005783327,2.3994658874348564,7.55450778977449
3687,36.86,0.0,0.0,0.0,0.0,0.4018765007169913,8.051102919030633,3.888848053747618,13.458328736666752,0.7362013738865103,-3.0715012180657526,2.4754827152273213,7.649226418313642
3688,36.87,0.0,0.0,0.0,0.0,0.438932644472458,8.18424982231853,3.4976304351353087,13.114175261815884,0.740408678012473,-2.990321588614802,2.552455040552309,7.745317177846071
3689,36.88,0.0,0.0,0.0,0.0,0.4712980517733844,8.312152357569161,2.9472219535532362,12.400052024773345,0.7449644164403695,-2.907833629113985,2.6303872616252297,7.8408543057957765
3690,36.89,0.0,0.0,0.0,0.0,0.4972851505138991,8.430847462701237,2.2194868748557712,11.26548294825938,0.7498133951340848,-2.8241091779037513,2.7092627341417517,7.933562312187338
3691,36.9,0.0,0.0,0.0,0.0,0.5150618076429575,8.535951237202084,1.3043497012971264,9.678621546183827,0.754882754357366,-2.7392619633857445,2.789040589436474,8.020889429559126
3692,36.910000000000004,0.0,0.0,0.0,0.0,0.5227531370817371,8.622901684144246,0.20402261270618977,7.637569761850187,0.7600809968605213,-2.653450693029879,2.8696536172891873,8.100148547062508
3693,36.92,0.0,0.0,0.0,0.0,0.5185833414880126,8.687310741777074,-1.06340918174961,5.180406227195971,0.765298239668193,-2.566879157753843,2.951007909757549,8.168727400289061
3694,36.93,0.0,0.0,0.0,0.0,0.501044965569393,8.725396175894456,-2.4623090722150605,2.390534610062432,0.7704080372424176,-2.4797923776729442,3.0329848922642233,8.224351210325063
3695,36.94,0.0,0.0,0.0,0.0,0.4690703824451044,8.734429683857456,-3.9408743946039717,-0.6058620957892913,0.7752709338876016,-2.3924682820747174,3.115446091217268,8.265359301412351
3696,36.95,0.0,0.0,0.0,0.0,0.42217174085208525,8.713112916948061,-5.436049194768208,-3.651702992917538,0.779739602729509,-2.3052051909615807,-3.0849447936910908,8.290941176095975
3697,36.96,0.0,0.0,0.0,0.0,0.36051646406696647,8.66179331953643,-6.881284948577859,-6.578617074737189,0.7836650856612434,-2.2183062729095275,-3.0019713585707715,8.301276855469464
3698,36.97,0.0,0.0,0.0,0.0,0.2849179907303927,8.58246358034204,-8.215368773794973,-9.22965906828068,0.7869033733780655,-2.132062900589657,-2.9189662739677233,8.297545589611648
3699,36.980000000000004,0.0,0.0,0.0,0.0,0.1967422949154029,8.478543254158769,-9.39007536976364,-11.479188679750527,0.7893214619036353,-2.046739124574676,-2.836060586478312,8.281800959243366
3700,36.99,0.0,0.0,0.0,0.0,0.09775163228051172,8.354496809834266,-10.374852027374672,-13.245119879249179,0.7908021357131696,-1.9625592123790458,-2.7533613480922137,8.256745177553755
3701,37.0,0.0,0.0,0.0,0.0,-0.010080373696448422,8.215376418316623,-11.157858231883468,-14.491698992882284,0.7912470146347458,-1.8796994622353485,-2.6709464768700935,8.225456792013071
3702,37.01,0.0,0.0,0.0,0.0,-0.12474748454279928,8.066379987570892,-11.743855716759088,-15.224103832418438,0.7905777561701935,-1.79828458090421,-2.5888623370744037,8.191127472113692
3703,37.02,0.0,0.0,0.0,0.0,-0.24435769293436088,7.912491083619248,-12.150167491245375,-15.47807374821937,0.7887356137304607,-1.7183881131082661,-2.5071237268387288,8.156848776553609
3704,37.03,0.0,0.0,0.0,0.0,-0.36723565287846555,7.758232579818334,-12.402040512070762,-15.308068251202457,0.7856797435218553,-1.6400359153775466,-2.4257156588994,8.1254682326968
3705,37.04,0.0,0.0,0.0,0.0,-0.49198017540149475,7.607534614754926,-12.528426335945227,-14.776580188013453,0.7813847152884763,-1.5632115122404369,-2.3445962275289114,8.099514790156421
3706,37.050000000000004,0.0,0.0,0.0,0.0,-0.6174840663318742,7.4636974527632365,-12.558720747907964,-13.945968606535674,0.775837644381095,-1.4878622773285397,-2.2636999217096347,8.08118151909511
3707,37.06,0.0,0.0,0.0,0.0,-0.7429268332296117,7.329421856688448,-12.520593288967094,-12.873103999415171,0.7690352701870145,-1.4139056248800383,-2.182940895067053,8.07234868991806
3708,37.07,0.0,0.0,0.0,0.0,-0.8677506772638035,7.206880289075689,-12.438780605774193,-11.606465063887883,0.7609811990992277,-1.3412346729436575,-2.1022158720428843,8.074630966339493
3709,37.08,0.0,0.0,0.0,0.0,-0.9916282689335211,7.097807451392879,-12.334607322405622,-10.185064637281474,0.751683434711256,-1.2697230826375343,-2.021406517348791,8.0894357203264
3710,37.09,0.0,0.0,0.0,0.0,-1.1144283273397209,7.003595061130677,-12.225986920872412,-8.638580213727625,0.741152245237491,-1.1992289607875588,-1.940381206025049,8.118023388470398
3711,37.1,0.0,0.0,0.0,0.0,-1.2361827136306278,6.925381452266446,-12.127693028686114,-6.988188509635579,0.7293983698234514,-1.1295978348109597,-1.8589962046344093,8.161564165897074
3712,37.11,0.0,0.0,0.0,0.0,-1.357056910162858,6.864130794509541,-12.05174311654906,-5.247763601280874,0.7164315379295619,-1.0606647804712153,-1.777096318400777,8.2211877046724
3713,37.12,0.0,0.0,0.0,0.0,-1.4773244154039764,6.8206993616868985,-12.00778237971603,-3.4252486097850676,0.7022592643460317,-0.9922558207494572,-1.6945150850954898,8.298023777090876
3714,37.13,0.0,0.0,0.0,0.0,-1.597344634139042,6.795887525709163,-12.00338730117077,-1.524137742727997,0.6868858821126789,-0.9241887324847202,-1.6110746145974,8.393232159848205
3715,37.14,0.0,0.0,0.0,0.0,-1.717543129013794,6.790476237602008,-12.044224003051701,0.45488762465108307,0.6703117835198771,-0.8562734093563631,-1.526585192876241,8.508019366615802
3716,37.15,0.0,0.0,0.0,0.0,-1.8383924626609656,6.805245826718232,-12.133996380359035,2.5120267202978575,0.6525328538891795,-0.7883119459973368,-1.4408447998865173,8.643638289379197
3717,37.160000000000004,0.0,0.0,0.0,0.0,-1.9603911473452489,6.840973021083826,-12.274104216445885,4.645885646194081,0.6335401039782373,-0.7200986384976259,-1.3536387424758631,8.801364168429075
3718,37.17,0.0,0.0,0.0,0.0,-2.084037291756339,6.898399062579455,-12.462903679815664,6.8500987645706735,0.6133195360896824,-0.6514201516886166,-1.2647396877782997,8.982436354335794
3719,37.18,0.0,0.0,0.0,0.0,-2.20979228081119,6.978157505036236,-12.694426333681443,9.108550469015714,0.5918523190335419,-0.5820561951950379,-1.1739085142285797,9.187949785847426
3720,37.19,0.0,0.0,0.0,0.0,-2.338028214535239,7.0806447252103295,-12.956381289300074,11.388588477451014,0.569115401520542,-0.5117811912003288,-1.0808965927208698,9.41867293974557
3721,37.2,0.0,0.0,0.0,0.0,-2.4689510593715034,7.205809921732103,-13.22727239179676,13.631618960253927,0.5450827652259702,-0.44036761783671835,-0.9854503830626884,9.674760981103606
3722,37.21,0.0,0.0,0.0,0.0,-2.602490250097146,7.3528365492309895,-13.472584136032651,15.740813339644621,0.5197276063213561,-0.3675919713312522,-0.887319577652609,9.955326799328136
3723,37.22,0.0,0.0,0.0,0.0,-2.738146624853945,7.519689148830516,-13.640371166597813,17.566781943767445,0.49302582434484576,-0.29324456987839065,-0.7862703942232381,10.257835773684462
3724,37.230000000000004,0.0,0.0,0.0,0.0,-2.8747977269554927,7.7025195518562395,-13.657447153401103,18.894674695804696,0.464961249880212,-0.21714460424382886,-0.68210585412404,10.577317278811732
3725,37.24,0.0,0.0,0.0,0.0,-3.01047855255722,7.8949827992661294,-13.428902531058757,19.440893798389574,0.4355329697419747,-0.13916165790592436,-0.5746946276478982,10.90546135182335
3726,37.25,0.0,0.0,0.0,0.0,-3.1421929740998227,8.087625842918316,-12.845657159120151,18.87382623953732,0.40476475830394304,-0.05924390437876904,-0.46400866268271296,11.229818817018138
3727,37.26,0.0,0.0,0.0,0.0,-3.2658648408701034,8.267678440173016,-11.805702092580086,16.876286151299624,0.3727158103469888,0.02254924572046113,-0.3501665646265276,11.53354328104312
3728,37.27,0.0,0.0,0.0,0.0,-3.376582554475117,8.419719096439012,-10.251254852487744,13.25735344737198,0.3394906281521075,0.10601637021795318,-0.23347425793415613,11.79630165091413
3729,37.28,0.0,0.0,0.0,0.0,-3.4692642087725396,8.527617516250693,-8.21291397491855,8.08742388702796,0.30524441817878656,0.19079611006453823,-0.1144483081142492,11.996881725023233
3730,37.29,0.0,0.0,0.0,0.0,-3.53970317051783,8.577652333882115,-5.836547555682363,1.782777993310964,0.2701797899311546,0.27637496654861116,0.006195176617455631,12.117355504399946
3731,37.300000000000004,0.0,0.0,0.0,0.0,-3.5856747925849386,8.561848682913508,-3.3650627001294025,-4.946131356340277,0.23453231726920332,0.3621285107481379,0.12759619347893553,12.147523475498447
3732,37.31,0.0,0.0,0.0,0.0,-3.6076019214312143,8.480009875478943,-1.071001712080104,-11.296392210653472,0.19854682933975254,0.44739068750880284,0.2488438581690521,12.087611796910158
3733,37.32,0.0,0.0,0.0,0.0,-3.6084291544568723,8.339370770781523,0.8262765231821785,-16.622143048409306,0.16245087485805487,0.5315319410951838,0.3690810662371281,11.947799925238396
3734,37.33,0.0,0.0,0.0,0.0,-3.592791804917744,8.152126276946344,2.212371799017577,-20.590332795919004,0.12643322893372644,0.6140224693023187,0.4875892403685914,11.744918081864089
3735,37.34,0.0,0.0,0.0,0.0,-3.565920841980555,7.932170467761629,3.078963767283792,-23.18319111708254,0.09063245190842538,0.6944655401608759,0.6038330882524495,11.498091309742183
3736,37.35,0.0,0.0,0.0,0.0,-3.5327338217601767,7.692404890715793,3.4900385593061927,-24.5958173861626,0.05513575924667589,0.7726001728822626,0.7174644136355885,11.225138712475971
3737,37.36,0.0,0.0,0.0,0.0,-3.497320200702057,7.4432365992776255,3.5409912534410135,-25.11337963854021,0.019985069619518046,0.8482826803513591,0.8282976107318402,10.940556799979682
3738,37.37,0.0,0.0,0.0,0.0,-3.462790603919017,7.1921633743378965,3.3284181793906265,-25.021463480556353,-0.014813708810507607,0.9214589034897913,0.936272612300299,10.654953978256913
3739,37.38,0.0,0.0,0.0,0.0,-3.4313541658754025,6.9440306059941275,2.9344894991335853,-24.560601535310962,-0.049281146537206305,0.9921360239378019,1.0414171704750066,10.37538477186953
3740,37.39,0.0,0.0,0.0,0.0,-3.4044932081182484,6.701566700460486,2.422249751337538,-23.913375088699453,-0.08345611199398231,1.0603586095483792,1.1438147215423615,10.106059908578734
3741,37.4,0.0,0.0,0.0,0.0,-3.383151493913583,6.465949796934588,1.836846468391987,-23.208756396508623,-0.11738945491359168,1.126190314225545,1.2435797691391375,9.849101290848171
3742,37.410000000000004,0.0,0.0,0.0,0.0,-3.36789648216244,6.237292929495962,1.2090444544391228,-22.532712740100976,-0.1511394612927266,1.1897008893930079,1.3408403506857336,9.605189411658403
3743,37.42,0.0,0.0,0.0,0.0,-3.3590438074396096,6.015017911007487,0.5590526520507118,-21.9392355813409,-0.1847687446387545,1.2509574942641124,1.435726238902865,9.374061718447097
3744,37.43,0.0,0.0,0.0,0.0,-3.356745664463575,5.798127545802908,-0.10015471922951238,-21.459449974890674,-0.2183421973266413,1.3100192206069523,1.5283614179335945,9.154873210266484
3745,37.44,0.0,0.0,0.0,0.0,-3.3610495092164636,5.585398946120616,-0.7602269372636403,-21.108285188392927,-0.2519256714671177,1.3669339248316335,1.6188595962987502,8.94644845533708
3746,37.45,0.0,0.0,0.0,0.0,-3.3719340095286237,5.375521460110233,-1.4154781819864695,-20.88895230896526,-0.2855851275940149,1.4217366980222352,1.7073218256162501,8.747455469638856
3747,37.46,0.0,0.0,0.0,0.0,-3.3893281185300728,5.167198837322756,-2.0614471762562494,-20.79570223483791,-0.3193860541524176,1.4744495221030847,1.7938355762555023,8.556526955852828
3748,37.47,0.0,0.0,0.0,0.0,-3.413117781258974,4.959230395605855,-2.693844794051037,-20.815342808964264,-0.3533930126541549,1.525081832324537,1.8784748449786928,8.37234817686483
3749,37.480000000000004,0.0,0.0,0.0,0.0,-3.4431436353273157,4.750581451107957,-3.307792245082229,-20.92793314682298,-0.3876692024481703,1.5736318308744317,1.961301033322601,8.193725086435272
3750,37.49,0.0,0.0,0.0,0.0,-3.479192284232978,4.5404494145018335,-3.8972905660697648,-21.107011063200417,-0.4222759684335877,1.6200884792283774,2.0423644476619662,8.019641698734812
3751,37.5,0.0,0.0,0.0,0.0,-3.5209833034267257,4.328328638925215,-4.454895801674645,-21.319664141780862,-0.457272198456215,1.664434143917069,2.121706342373286,7.849311942351941
3752,37.51,0.0,0.0,0.0,0.0,-3.568154016053881,4.114074167599928,-4.971599148668988,-21.526722619445568,-0.49271357790614917,1.706647886285444,2.1993614641915924,7.682228183653809
3753,37.52,0.0,0.0,0.0,0.0,-3.6202441457751573,3.897961905013686,-5.436924782901299,-21.683319247227875,-0.5286516896444715,1.7467093749043259,2.275361064548796,7.518206050788843
3754,37.53,0.0,0.0,0.0,0.0,-3.6766825927373707,3.6807405133868296,-5.839257994682899,-21.740011274573316,-0.5651329691543945,1.784603363005799,2.3497363321601936,7.3574231061242
3755,37.54,0.0,0.0,0.0,0.0,-3.736778644304379,3.4636687566352693,-6.166401755073052,-21.64457961068513,-0.6021975477221314,1.8203246177671617,2.4225221654892932,7.200447400939648
3756,37.550000000000004,0.0,0.0,0.0,0.0,-3.7997197865509005,3.2485314063264163,-6.406332706351789,-21.344506451353258,-0.6398780390659315,1.8538831215031721,2.493761160569103,7.048251192877316
3757,37.56,0.0,0.0,0.0,0.0,-3.8645778243320867,3.0376274838011676,-6.54809347570371,-20.789996111574926,-0.678198344485651,1.8853092981323614,2.5635076426180126,6.902205308133254
3758,37.57,0.0,0.0,0.0,0.0,-3.930324222008337,2.8337266478355403,-6.58272661419854,-19.937270709658666,-0.7171725649680901,1.9146589650914039,2.6318315300594923,6.764050869843878
3759,37.58,0.0,0.0,0.0,0.0,-3.9958545243035997,2.639992738720619,-6.504137492081315,-18.751778312549437,-0.7568041126903212,1.9420176841872263,2.6988217968775485,6.6358472630242185
3760,37.59,0.0,0.0,0.0,0.0,-4.060020591592392,2.4598772961682513,-6.309777981984708,-17.21092847675719,-0.797085107295855,1.9675041938282747,2.764589301124132,6.519897887760643
3761,37.6,0.0,0.0,0.0,0.0,-4.121668429449805,2.296989475143886,-6.001072090557843,-15.306032946591777,-0.8379961246443318,1.9912726518051387,2.82926877644947,6.418657904593691
3762,37.61,0.0,0.0,0.0,0.0,-4.179678832512078,2.154951378990043,-5.58355254271503,-13.043264050679133,-0.8795063403373017,2.0135134961301433,2.8930198364674444,6.334630211502121
3763,37.62,0.0,0.0,0.0,0.0,-4.2330080195602084,2.037248872633848,-5.06673017502773,-10.443610821612058,-0.9215740818661652,2.0344528282507413,2.9560269101169068,6.270256892194056
3764,37.63,0.0,0.0,0.0,0.0,-4.280725880536677,1.947087356471497,-4.463760018159681,-7.541962043961013,-0.9641477768672859,2.0543503219125783,3.0184980987798644,6.227813237008174
3765,37.64,0.0,0.0,0.0,0.0,-4.32205021253001,1.8872601872641275,-3.7909869871931,-4.3855330800704175,-1.007167264798265,2.073495747513866,3.080663012312132,6.209310399794138
3766,37.65,0.0,0.0,0.0,0.0,-4.356376132403804,1.8600351634129044,-3.0674460067689093,-1.0318597958071507,-1.0505654272407903,2.0922042673674413,-3.1404156125713536,6.216411295816709
3767,37.660000000000004,0.0,0.0,0.0,0.0,-4.383300464481901,1.8670625360531345,-2.314360977637763,2.453482296511576,-1.0942700872178952,2.110810701139107,-3.0781045188225855,6.250363000535035
3768,37.67,0.0,0.0,0.0,0.0,-4.4026411427986165,1.9093069303512147,-1.5546457753346428,5.999379185991391,-1.138206127446961,2.12966298909854,-3.0153161906340857,6.311948073149831
3769,37.68,0.0,0.0,0.0,0.0,-4.414451502364127,1.987005526713103,-0.8123728903501076,9.531942434064417,-1.182297777332429,2.1491151036819205,-2.9517724261652356,6.40145702907723
3770,37.69,0.0,0.0,0.0,0.0,-4.419028868494202,2.099655572859054,-0.11215480664609567,12.977626571010216,-1.2264710150893994,2.1695196865715602,-2.8871946055186273,6.518684441353256
3771,37.7,0.0,0.0,0.0,0.0,-4.416916308850616,2.246035122247729,0.5216110408651482,16.266760089868416,-1.270656022710716,2.1912207235829713,-2.821308560885897,6.662951431098344
3772,37.71,0.0,0.0,0.0,0.0,-4.408896070247985,2.4242609968932776,1.0656485695189457,19.33743763893337,-1.3147896181365637,2.214546610056536,-2.7538490789864847,6.833157067141262
3773,37.72,0.0,0.0,0.0,0.0,-4.395973342865325,2.6318866270346892,1.4988189859836138,22.139550735135238,-1.358817574339468,2.239803994122673,-2.6845637387174444,7.027859969900014
3774,37.730000000000004,0.0,0.0,0.0,0.0,-4.37934972958947,2.8660392952259865,1.8031415148525083,24.638559441890237,-1.4026967246119517,2.2672727975642304,-2.6132157850034057,7.245389024815457
3775,37.74,0.0,0.0,0.0,0.0,-4.360387110844549,3.1235917003012936,1.9646655675915192,26.818496473654793,-1.4463967532820086,2.2972027871367033,-2.539585766760873,7.4839788111458425
3776,37.75,0.0,0.0,0.0,0.0,-4.340564230149597,3.4013576149035387,1.974028019496324,28.683707985048134,-1.4899015860523488,2.329811992541741,-2.463471728585497,7.7419218450531355
3777,37.76,0.0,0.0,0.0,0.0,-4.321429859071449,3.696297132650851,1.826563242490867,30.258994875843552,-1.5332103253621086,2.3652871422639934,-2.384687839553483,8.0177269917223
3778,37.77,0.0,0.0,0.0,0.0,-4.304557370621361,4.005714943396043,1.5219099730582377,31.58809283349366,-1.5763377202466116,2.4037861308664064,-2.3030614560665668,8.310272314017404
3779,37.78,0.0,0.0,0.0,0.0,-4.29150562348891,4.32743600942522,1.063157706856772,32.73073686968878,-1.6193142096485726,2.445442367832625,-2.218428729698389,8.61894163291413
3780,37.79,0.0,0.0,0.0,0.0,-4.283790151574796,4.659946765015052,0.45566836395044835,33.75879508858372,-1.662185623393911,2.4903707185332054,-2.130628965252471,8.943736916589849
3781,37.800000000000004,0.0,0.0,0.0,0.0,-4.282866941355716,5.002495397770948,-0.29422591404392523,34.752044293527305,-1.7050126569708992,2.538674655566267,-2.0394979946424185,9.285362339126664
3782,37.81,0.0,0.0,0.0,0.0,-4.29012888993934,5.3551501527817065,-1.180416855807688,35.79405931987037,-1.7478702483876847,2.5904542020628285,-1.9448608567290733,9.645279042721047
3783,37.82,0.0,0.0,0.0,0.0,-4.306912653527769,5.718818041781486,-2.197862389062954,36.96840341805531,-1.790846974492757,2.645814257535504,-1.8465240751513232,10.025730695309255
3784,37.83,0.0,0.0,0.0,0.0,-4.3345110620581035,6.095226088987985,-3.342808229624166,38.35485448363625,-1.8340445487801091,2.7048729231881397,-1.7442678352113365,10.429737151046089
3785,37.84,0.0,0.0,0.0,0.0,-4.374183226841107,6.486861577229577,-4.612032995900646,40.024762340273824,-1.8775774399373664,2.767769441910018,-1.637838425332203,10.861044804070684
3786,37.85,0.0,0.0,0.0,0.0,-4.4271499934967045,6.896854387728937,-6.00055116723329,42.033706245880985,-1.9215725310390133,2.834671273677037,-1.5269415024635375,11.324004381225642
3787,37.86,0.0,0.0,0.0,0.0,-4.4945548858736695,7.328759646088002,-7.49679761036165,44.40820226319414,-1.966168581699158,2.9057795454413538,-1.4112371800390744,11.823314531961671
3788,37.87,0.0,0.0,0.0,0.0,-4.577357723996412,7.786156175376221,-9.073625369828395,47.12101835434656,-2.0115149979093934,2.9813315014227926,-1.2903388078473992,12.363513899372634
3789,37.88,0.0,0.0,0.0,0.0,-4.676106726270842,8.271907158955148,-10.672476111938645,50.046603078975984,-2.057768987364005,3.06159741467703,-1.1638189051385492,12.94801388522599
3790,37.89,0.0,0.0,0.0,0.0,-4.790503763414052,8.786829012898671,-12.177237341521291,52.885309465989465,-2.1050894875237773,-3.1363179007928337,-1.0312284132690563,13.577332776312723
3791,37.9,0.0,0.0,0.0,0.0,-4.918644767908115,9.327405324413336,-13.37533180987522,55.047632541512364,-2.1536252284642714,-3.045764794679948,-0.8921395662156767,14.24605009232145
3792,37.910000000000004,0.0,0.0,0.0,0.0,-5.055823402152912,9.882183365780064,-13.911562286705776,55.51294769155178,-2.2034930766208882,-2.9497207919548685,-0.7462277153339811,14.938006767932976
3793,37.92,0.0,0.0,0.0,0.0,-5.1929469196928055,10.426952267265404,-13.265172259026613,52.752367940544765,-2.2547422827641475,-2.8481521938171652,-0.5934099110530168,15.619899186958211
3794,37.93,0.0,0.0,0.0,0.0,-5.315142333360197,10.920386787395621,-10.828426395825257,44.95270020148532,-2.307302993546436,-2.7413506156441243,-0.434047622097688,16.235529120755817
3795,37.94,0.0,0.0,0.0,0.0,-5.402116536868053,11.304856905713303,-6.193358661466895,30.871690156266247,-2.360927858579295,-2.630107213343416,-0.26917935476412097,16.706973442581354
3796,37.95,0.0,0.0,0.0,0.0,-5.432430271708025,11.5190169675062,0.3836603600149782,11.245222679436413,-2.415155328324019,-2.51582450580201,-0.10066917747799077,16.951447239214225
3797,37.96,0.0,0.0,0.0,0.0,-5.391795407059643,11.522658595972247,7.738911843350717,-10.463472889722295,-2.469337662987667,-2.400435479848626,0.06890218313904006,16.914454003031892
3798,37.97,0.0,0.0,0.0,0.0,-5.2804593421655746,11.318917130185056,14.268885920156874,-29.47257902790612,-2.52275326807215,-2.286069433662499,0.23668383440965235,16.59937647235063
3799,37.980000000000004,0.0,0.0,0.0,0.0,-5.11306455393637,10.953714580943485,18.83676769248536,-42.425630178019176,-2.5747588863946205,-2.174598511582276,0.4001603748123431,16.066779134879855
3800,37.99,0.0,0.0,0.0,0.0,-4.911054371220459,10.492710324732608,21.22637951898252,-48.74874335669486,-2.6248993472888764,-2.0673138117386443,0.5575855355502336,15.403764695953067
3801,38.0,0.0,0.0,0.0,0.0,-4.694333463732982,9.99623575403534,21.881331394875723,-49.8347168556318,-2.672931710631612,-1.9648601117486506,0.7080715988829585,14.69056921776832
3802,38.01,0.0,0.0,0.0,0.0,-4.477099594651912,9.507046719806368,21.430291713267618,-47.59726383268208,-2.718785091864971,-1.8673624052650566,0.8514226865999165,13.984146314458279
3803,38.02,0.0,0.0,0.0,0.0,-4.267637024599255,9.050045949389867,20.40036496378778,-43.614561520618395,-2.762500172817075,-1.7746101790710767,0.9878899937460006,13.317682973989122
3804,38.03,0.0,0.0,0.0,0.0,-4.069832985313471,8.637071925928312,19.14343962396619,-38.92250205447509,-2.8041770338383025,-1.6862137284204493,1.117963305417851,12.706904911241782
3805,38.04,0.0,0.0,0.0,0.0,-3.8848335804605743,8.271967368760683,17.863810183238606,-34.10982566694918,-2.8439396923003586,-1.6017086677650894,1.2422310245352706,12.156800949221257
3806,38.050000000000004,0.0,0.0,0.0,0.0,-3.7122744078164303,7.95427556942086,16.667086373643112,-29.47186575038205,-2.8819152517953706,-1.520616126445654,1.3612991253497158,11.66654997723729
3807,38.06,0.0,0.0,0.0,0.0,-3.551055846943549,7.681521746988943,15.600179405379599,-25.133645827148122,-2.918223006755595,-1.4424733104014336,1.4757496963541628,11.232577593932492
3808,38.07,0.0,0.0,0.0,0.0,-3.3997882979252707,7.450483741881027,14.677518947872233,-21.129785875392002,-2.952969534971049,-1.3668466634307364,1.5861228715403102,10.850272039806297
3809,38.08,0.0,0.0,0.0,0.0,-3.257032526484317,7.25783897467529,13.896488094716416,-17.45152539079042,-2.9862471281444103,-1.293335714281008,1.692911413863405,10.514871501159607
3810,38.09,0.0,0.0,0.0,0.0,-3.1214233544166836,7.100453861401065,13.245888763277042,-14.072990804440753,-3.0181339845238853,-1.2215724148895446,1.7965615696343407,10.221877215817749
3811,38.1,0.0,0.0,0.0,0.0,-2.9917312682652253,6.97547622855926,12.710269715405332,-10.965481984009793,-3.0486952935471536,-1.1512186693374544,1.8974766242097005,9.967207496824486
3812,38.11,0.0,0.0,0.0,0.0,-2.8668936193190895,6.880321083625803,12.27190787959523,-8.105188846567799,-3.0779847649743606,-1.0819635266260277,1.9960212383483324,9.747214702944891
3813,38.12,0.0,0.0,0.0,0.0,-2.7460330871095953,6.81259857936722,11.91150828536788,-5.477402022912123,-3.1060463956638835,-1.0135208339879127,2.0925255616759686,9.558631666476815
3814,38.13,0.0,0.0,0.0,0.0,-2.6284727859769728,6.770010311754052,11.608257491111218,-3.0788129112801528,-3.1329163988148907,-0.9456277847987251,2.187288614016167,9.398483097731024
3815,38.14,0.0,0.0,0.0,0.0,-2.5137523119699066,6.750229009859774,11.339638849454403,-0.9185950307518861,3.1245600201837176,-0.878044596697444,2.2805806902984274,9.26398132182968
3816,38.15,0.0,0.0,0.0,0.0,-2.4016455259812113,6.750772840097938,11.081317138948798,0.9816174114580462,3.099985182274722,-0.8105554289209295,2.372644695983935,9.15241836607915
3817,38.160000000000004,0.0,0.0,0.0,0.0,-2.292177997561872,6.7688864098519534,10.807366198557418,2.5891141180024357,3.0765183460530703,-0.7429705344596101,2.4636964266669055,9.061064407413825
3818,38.17,0.0,0.0,0.0,0.0,-2.1856393781110808,6.801444338259637,10.4910955541353,3.863321833254615,3.054131893208708,-0.6751295045851025,2.553923909385779,8.987083716370718
3819,38.18,0.0,0.0,0.0,0.0,-2.0825836279082477,6.844898045347642,10.106678359520167,4.761292423352689,3.032793980181796,-0.6069052805470335,2.6434860464507595,8.92748167325589
3820,38.19,0.0,0.0,0.0,0.0,-1.9838086156731187,6.895289482684414,9.631640959384908,5.245572441462862,3.0124659763180834,-0.53820838253028,2.7325109483312233,8.879098098357533
3821,38.2,0.0,0.0,0.0,0.0,-1.8903072166402048,6.94835329305207,9.050011992326947,5.293837694619623,2.9931002430343225,-0.4689905738769455,2.821094490268321,8.838660509692275
3822,38.21,0.0,0.0,0.0,0.0,-1.803185790964321,6.9997178095555865,8.355573395121956,4.908667691077021,2.97463856425175,-0.3992470106757737,2.9092997322520646,8.802903600519908
3823,38.22,0.0,0.0,0.0,0.0,-1.7235532341033521,7.0451941249487104,7.554329251903646,4.124908465013979,2.957011545710388,-0.3290159208902154,2.9971578405789843,8.768747359052062
3824,38.230000000000004,0.0,0.0,0.0,0.0,-1.6523933858137239,7.0811148851154435,6.665214384614643,3.0118261993258146,2.9401392216686206,-0.2583751007287433,3.08467098478222,8.733508270929168
3825,38.24,0.0,0.0,0.0,0.0,-1.5904421581202919,7.104660148682336,5.718382139053807,1.6682079177973772,2.9239329341054274,-0.18743502894332098,-3.111367963048751,8.695102306802628
3826,38.25,0.0,0.0,0.0,0.0,-1.5380940010065696,7.114099066469027,4.75113219854276,0.2106830305168522,2.908298313628854,-0.11632908692535585,-3.0246274005542104,8.652193067475597
3827,38.26,0.0,0.0,0.0,0.0,-1.4953574224365542,7.108891335830331,3.802383186273649,-1.2420175569162157,2.8931389625814834,-0.04520202928898844,-2.93834099187047,8.604248758266886
3828,38.27,0.0,0.0,0.0,0.0,-1.4618671302121922,7.089628341951853,2.9071305147397064,-2.5846426381460916,2.8783602999506295,0.025801757169388345,-2.85255854278124,8.551495472164046
3829,38.28,0.0,0.0,0.0,0.0,-1.436945742394403,7.057836366698935,2.0922666360822255,-3.7368820628154737,2.863873025653135,0.0965486819061837,-2.767324343746951,8.494782109093338
3830,38.29,0.0,0.0,0.0,0.0,-1.4196969131458175,7.015695720765118,1.3745411690182028,-4.648558077702968,2.849595792798309,0.1669239385063278,-2.6826718542919834,8.435392633910935
3831,38.300000000000004,0.0,0.0,0.0,0.0,-1.4091078789687523,6.965739570776206,0.7606568139289721,-5.298689922090886,2.835456883788209,0.23683653129343293,-2.598620352494778,8.374847449744959
3832,38.31,0.0,0.0,0.0,0.0,-1.4041426735657556,6.910585604943811,0.2489119935627944,-5.690245175000081,2.821394894722158,0.3062214184603945,-2.5151734762617663,8.314728278509566
3833,38.32,0.0,0.0,0.0,0.0,-1.4038145268062685,6.852731832085584,-0.16841069415692897,-5.842947309053009,2.8073585855179344,0.37503927632815104,-2.4323193091897806,8.256546358891853
3834,38.33,0.0,0.0,0.0,0.0,-1.4072336390539293,6.794425386418854,-0.5026039954530407,-5.786139442828835,2.793306128734959,0.44327458709478973,-2.350031541640172,8.201659025472782
3835,38.34,0.0,0.0,0.0,0.0,-1.41363221711696,6.737597022842266,-0.7664778083914624,-5.552914789483941,2.779203997533993,0.5109327536449356,-2.2682712438890547,8.151229239959227
3836,38.35,0.0,0.0,0.0,0.0,-1.4223716547639158,6.683845859241175,-0.9728570834561565,-5.175958541003193,2.7650256971907674,0.5780368248125626,-2.1869888723782025,8.10621751400509
3837,38.36,0.0,0.0,0.0,0.0,-1.4329374848928678,6.634457322352024,-1.1336263059442586,-4.6850236921906,2.750750490502597,0.6446242477044835,-2.1061262427981133,8.067394807244892
3838,38.37,0.0,0.0,0.0,0.0,-1.4449270975037638,6.590439499624335,-1.2592170927315398,-4.105709299231569,2.736362213538106,0.7107439023678297,-2.025618311170278,8.035366597128098
3839,38.38,0.0,0.0,0.0,0.0,-1.45803400588117,6.552566829744661,-1.358408714301524,-3.459151517554246,2.721848234074405,0.7764535442774573,-1.94539468979695,8.010600835625832
3840,38.39,0.0,0.0,0.0,0.0,-1.4720311768976682,6.521423774524459,-1.4383225449203199,-2.762286294765086,2.707198573668123,0.8418176883993226,-1.8653808852688,7.993454951422128
3841,38.4,0.0,0.0,0.0,0.0,-1.4867548765639989,6.497444100305245,-1.5045175568101408,-2.028430204908939,2.6924051946890146,0.9069059106718013,-1.7854992840172144,7.984198976869243
3842,38.410000000000004,0.0,0.0,0.0,0.0,-1.502089692570765,6.480943483099021,-1.5611213883958455,-1.2680138669028054,2.677461443309413,0.9717915101904054,-1.705669933119006,7.983033175669786
3843,38.42,0.0,0.0,0.0,0.0,-1.517954859053344,6.4721444320247175,-1.610954127063561,-0.4893741702992495,2.6623616356961715,1.036550459524952,-1.62581117617122,7.990099291078062
3844,38.43,0.0,0.0,0.0,0.0,-1.5342916668467061,6.471193187226751,-1.655618239965617,0.30043644775867406,2.6471007752450366,1.1012605642855517,-1.5458402109594842,8.005484854073456
3845,38.44,0.0,0.0,0.0,0.0,-1.5510515345164364,6.478168480803302,-1.6955388202880979,1.0948310302694866,2.631674391994407,1.1660007510628587,-1.4656736409315498,8.029220015319739
3846,38.45,0.0,0.0,0.0,0.0,-1.568184193746265,6.493082011146144,-1.729945146975039,1.8868465554909706,2.616078500267643,1.230850401732843,-1.3852280985347973,8.061266204892409
3847,38.46,0.0,0.0,0.0,0.0,-1.5856253777853146,6.515870300521583,-1.7567894277094072,2.6682584354313676,2.600309676422552,1.2958886497872781,-1.3044210266352763,8.101495678306899
3848,38.47,0.0,0.0,0.0,0.0,-1.603283384396795,6.546377396515253,-1.7726036152715796,3.428632628166919,2.5843652648274573,1.3611935499798717,-1.2231717148475822,8.149660780912049
3849,38.480000000000004,0.0,0.0,0.0,0.0,-1.6210239282205559,6.584327764872106,-1.772302744792081,4.154313877310179,2.5682437263148357,1.4268410264761384,-1.1414026998386944,8.205351693092663
3850,38.49,0.0,0.0,0.0,0.0,-1.6386528407616652,6.629288869503055,-1.7489561573081258,4.827385088534706,2.5519451486052187,1.4929034986086036,-1.0590416499966167,8.26794171026472
3851,38.5,0.0,0.0,0.0,0.0,-1.6558964887204815,6.6806235794359665,-1.6935694347768087,5.4246969841414865,2.535471941228275,1.5594480809822058,-0.9760238602460674,8.336520068156448
3852,38.51,0.0,0.0,0.0,0.0,-1.6723803634020198,6.737434001133004,-1.5949526679659223,5.917167083167688,2.518829736124442,1.6265342625316548,-0.8922954735927903,8.409814364535023
3853,38.52,0.0,0.0,0.0,0.0,-1.6876072638517168,6.798500983847443,-1.4397951205580684,6.269684461285486,2.502028506103685,1.6942109972191075,-0.8078175088845768,8.48610824769916
3854,38.53,0.0,0.0,0.0,0.0,-1.7009379465673298,6.862227695625233,-1.2131160260357357,6.442113929676141,2.48508389227502,1.7625132009751694,-0.7225706912998519,8.563165642192562
3855,38.54,0.0,0.0,0.0,0.0,-1.7115790134230189,6.926601271842094,-0.8992965521959577,6.392012902386592,2.4680186936320863,1.8314577604877214,-0.6365609331443679,8.638180285265113
3856,38.550000000000004,0.0,0.0,0.0,0.0,-1.718584835764025,6.989192691342962,-0.4838799461724356,6.079639440774217,2.4508644139823224,1.9010393305161613,-0.549825083466162,8.707777527106987
3857,38.56,0.0,0.0,0.0,0.0,-1.7208816616651996,7.047219364571193,0.043800529992222594,5.475469094292584,2.433662685619912,1.9712264226162388,-0.46243626300367574,8.768101026236392
3858,38.57,0.0,0.0,0.0,0.0,-1.7173213636503406,7.0976933230600245,0.687391529003556,4.569597691633091,2.416466308742527,2.0419585320368565,-0.3745077767056714,8.815014686710365
3859,38.58,0.0,0.0,0.0,0.0,-1.7067679748978677,7.137665525860891,1.4403395068745102,3.3811269898304785,2.399339589030239,2.113145227245481,-0.28619436178476015,8.84443350075876
3860,38.59,0.0,0.0,0.0,0.0,-1.6882114494682103,7.16455109851517,2.2838277508925575,1.9643625797357842,2.3823576644273476,2.184668113758333,-0.19768955066901275,8.85276254798338
3861,38.6,0.0,0.0,0.0,0.0,-1.6608914741042633,7.17648563347057,3.1870054115261928,0.40829542742941477,2.365604624958188,2.2563862616474832,-0.10921836331070416,8.837377107574833
3862,38.61,0.0,0.0,0.0,0.0,-1.6244042856677545,7.172632869680565,4.110196318339151,-1.1727270400765804,2.349170454563691,2.328145026365524,-0.021025428198166246,8.79703715534832
3863,38.62,0.0,0.0,0.0,0.0,-1.5787635655096202,7.153358078108968,5.010705620863355,-2.6560279356951946,2.333147112736188,2.3997873390257904,0.06664022628960563,8.732121643618589
3864,38.63,0.0,0.0,0.0,0.0,-1.5243963533245402,7.120210817445029,5.84967691924455,-3.930705423686698,2.317624323367897,2.4711658030132337,0.15354147964533946,8.64460717076957
3865,38.64,0.0,0.0,0.0,0.0,-1.4620738775071236,7.075717390777099,6.597911682298146,-4.914572598157248,2.302685738530636,2.5421536402820646,0.2394679017514306,8.537791268284222
3866,38.65,0.0,0.0,0.0,0.0,-1.3927965681682046,7.023041097756495,7.239029068418351,-5.563117206244944,2.2884060451986725,2.612652834716462,0.32424678951779234,8.4158376659247
3867,38.660000000000004,0.0,0.0,0.0,0.0,-1.317663194036949,6.965599725875482,7.769513600854961,-5.869206385851157,2.274849327149573,2.682598587107867,0.4077492599582925,8.283262919912431
3868,38.67,0.0,0.0,0.0,0.0,-1.2377525431759133,6.906724283628064,8.196343415485149,-5.855699935660731,2.2620686929342395,2.7519600921695666,0.4898913992353243,8.144476826803977
3869,38.68,0.0,0.0,0.0,0.0,-1.1540357394125782,6.849411303483641,8.533453452332802,-5.56478209396644,2.250106943570166,2.820738343379288,0.5706313998091218,8.00344704289622
3870,38.69,0.0,0.0,0.0,0.0,-1.067324737008207,6.79618321076863,8.7981987123458,-5.047496665689728,2.2389979361817756,2.888962002860117,0.6499640666783421,7.863507947776837
3871,38.7,0.0,0.0,0.0,0.0,-0.9782529868661443,6.749042956791026,9.008532949284588,-4.355576312441018,2.2287682958771295,2.956682365377935,0.7279140695008038,7.72729594365717
3872,38.71,0.0,0.0,0.0,0.0,-0.8872795836317888,6.709495720452498,9.181140543836392,-3.5362080663197264,2.2194391956160024,3.0239682284766243,0.8045290328606198,7.596775304084287
3873,38.72,0.0,0.0,0.0,0.0,-0.7947075966365952,6.678609343906712,9.330436974482357,-2.6294196854437817,2.2110280164488967,3.090901195142264,0.8798731786933642,7.473316940543307
3874,38.730000000000004,0.0,0.0,0.0,0.0,-0.7007089736792902,6.657090736983084,9.468212111972157,-1.667369901852134,2.2035497862245728,-3.1256136306422224,0.9540218903127935,7.357799710662373
3875,38.74,0.0,0.0,0.0,0.0,-0.6053508129297359,6.6453629844024995,9.603676127553554,-0.674804861555612,2.197018359063053,-3.0591096351640505,1.0270573129524845,7.250713797332235
3876,38.75,0.0,0.0,0.0,0.0,-0.5086199954184725,6.6436345619360475,9.74371432768077,0.3299005430574681,2.191447338564978,-2.9926730215493738,1.0990649470652356,7.15225455735452
3877,38.76,0.0,0.0,0.0,0.0,-0.4104448000445423,6.651956903918986,9.893218657334472,1.3335036723457563,2.18685076914442,-2.926203428969865,1.1701311090653006,7.062401703963529
3878,38.77,0.0,0.0,0.0,0.0,-0.3107131669314316,6.67026957648342,10.055417083725223,2.3266802274195406,2.183243627987574,-2.8596005742521218,1.2403411049398925,6.980982743414852
3879,38.78,0.0,0.0,0.0,0.0,-0.20928785755938067,6.698433918608208,10.232160561325273,3.3029423856836098,2.1806421502477,-2.792765193337006,1.309777963594881,6.907721776167588
3880,38.79,0.0,0.0,0.0,0.0,-0.10601903074117448,6.736256693013971,10.42415166588683,4.257724493405142,2.179064016045802,-2.725599697675735,1.378521593458052,6.8422757237551455
3881,38.800000000000004,0.0,0.0,0.0,0.0,-0.0007548362552832373,6.783505427787452,10.631112827348911,5.187632983162318,2.178528422126831,-2.6580086370328235,1.4466482480199316,6.784260264042735
3882,38.81,0.0,0.0,0.0,0.0,0.10664939057216172,6.839916994110924,10.851899058704014,6.089839437883914,2.179056055037484,-2.589899043885703,1.5142302082563985,6.733267603538762
3883,38.82,0.0,0.0,0.0,0.0,0.2163228162188785,6.905200720376928,11.084563040871362,6.961590362876204,2.1806689771649985,-2.52118072033762,1.581335609676968,6.6888779041580495
3884,38.83,0.0,0.0,0.0,0.0,0.3283712454316638,6.979037081246301,11.326381345047578,7.799808527659109,2.1833904322189692,-2.451766516778557,1.6480283581820585,6.650665835814637
3885,38.84,0.0,0.0,0.0,0.0,0.442869362676264,7.061072769922737,11.573850687147806,8.600765316301619,2.1872445728525336,-2.3815726423311663,1.7143680919958852,6.618203407246473
3886,38.85,0.0,0.0,0.0,0.0,0.5598528234150695,7.150912785813162,11.822663143167551,9.359809583198015,2.1922561101225604,-2.3105190399683924,1.7804101570886373,6.591059962398092
3887,38.86,0.0,0.0,0.0,0.0,0.6793100307781994,7.248110057945288,12.067669617695486,10.071145233684488,2.1984498823875582,-2.238529853481319,1.8462055713107104,6.5688000271670886
3888,38.87,0.0,0.0,0.0,0.0,0.8011735301149592,7.352153081966395,12.302841756909746,10.727656858815054,2.205850340074703,-2.1655340085459205,1.9118009585589617,6.5509795518514355
3889,38.88,0.0,0.0,0.0,0.0,0.9253110628396215,7.462452078839696,12.52124399914021,11.320790211395197,2.2144809426044927,-2.091465925268013,1.9772384393070779,6.537141016000075
3890,38.89,0.0,0.0,0.0,0.0,1.0515164477508778,7.5783242898864405,12.715029502184626,11.840502086892789,2.224363464792346,-2.016266374038013,2.042555468349226,6.526807842135563
3891,38.9,0.0,0.0,0.0,0.0,1.1795006071684913,7.698979207945596,12.87547606992958,12.275302052055542,2.2355172124543747,-1.9398834795192474,2.107784615205963,6.519478600777105
3892,38.910000000000004,0.0,0.0,0.0,0.0,1.3088832283085226,7.823504806548463,12.99308051291576,12.61241584227691,2.2479581509638904,-1.862273868348483,2.1729532878672146,6.514621578239941
3893,38.92,0.0,0.0,0.0,0.0,1.439185743472669,7.950856157713698,13.057731440658705,12.838105925572211,2.261697956362292,-1.7834039439107148,2.238083406906581,6.5116704142410295
3894,38.93,0.0,0.0,0.0,0.0,1.5698265136249456,8.079848198036242,13.058980293361635,12.938186724243952,2.2767430064703347,-1.703251255815404,2.303191044893849,6.510021684411296
3895,38.94,0.0,0.0,0.0,0.0,1.700119284818164,8.209154761846797,12.986427143751587,12.898767460708859,2.2930933392429287,-1.6218059122730624,2.368286055663594,6.5090354770286325
3896,38.95,0.0,0.0,0.0,0.0,1.8292761172290373,8.337316267126152,12.830229896680065,12.70724107105579,2.310741617022824,-1.539071960925989,2.4333717292307693,6.5080401498971145
3897,38.96,0.0,0.0,0.0,0.0,1.9564160086192663,8.462758496942216,12.581731574147438,12.353509684145093,2.3296721475722455,-1.4550686393136674,2.4984445202936723,6.50634248832295
3898,38.97,0.0,0.0,0.0,0.0,2.08058028322193,8.583824620387702,12.234179731712711,11.8313938296031,2.349860024397902,-1.369831372856945,2.563493909924743,6.503244337165772
3899,38.980000000000004,0.0,0.0,0.0,0.0,2.200755429379286,8.698821792484223,11.783485672345192,11.140115424092224,2.3712704578758537,-1.2834123803544362,2.628502468949298,6.498066363104937
3900,38.99,0.0,0.0,0.0,0.0,2.315903402552598,8.806082256491647,11.228942539240837,10.285681261652044,2.3938583724210916,-1.1958807401406106,2.6934461946178825,6.4901788539390495
3901,39.0,0.0,0.0,0.0,0.0,2.4249984731121303,8.90403685131866,10.573797208831506,9.281939246903502,2.417568340628471,-1.107321780470139,2.758295186080977,6.479038378206529
3902,39.01,0.0,0.0,0.0,0.0,2.5270685791037244,8.991296392882989,9.825560306656616,8.15105537057717,2.442334910597856,-1.0178356906345432,2.8230147059471857,6.464227813779264
3903,39.02,0.0,0.0,0.0,0.0,2.621238026593056,9.0667339684937,8.995950974433404,6.9231878440508705,2.468083356568646,-0.9275353070114833,2.8875666435994543,6.445495941900644
3904,39.03,0.0,0.0,0.0,0.0,2.7067675262206934,9.129559364936902,8.100413814197031,5.635229645731196,2.494730846804817,-0.836543107739489,2.9519113526352765,6.4227918387162095
3905,39.04,0.0,0.0,0.0,0.0,2.783087244885934,9.179376299528037,7.157212217282429,4.328646257237977,2.5221879804533,-0.7449875415550284,3.0160097851712546,6.396289054642104
3906,39.050000000000004,0.0,0.0,0.0,0.0,2.849818989932895,9.216214311172799,6.186182152642223,3.046620431691813,2.5503606034134627,-0.6529989052417252,3.0798257985243946,6.366395321239903
3907,39.06,0.0,0.0,0.0,0.0,2.906784859562362,9.240530145213555,5.207302298183689,1.830879082314315,2.5791517799124586,-0.5607050520468934,-3.139856831959351,6.333745285651192
3908,39.07,0.0,0.0,0.0,0.0,2.9540014923672784,9.25317773629848,4.23927783233488,0.7186649269532526,2.608463778468455,-0.4682272444611558,-3.0766910229296105,6.2991762439312025
3909,39.08,0.0,0.0,0.0,0.0,2.9916610457866764,9.255350508965375,3.298332059146999,-0.25970572621755184,2.6381999322623773,-0.37567645046326875,-3.013876382725643,6.263689463178698
3910,39.09,0.0,0.0,0.0,0.0,3.0201017714119778,9.248503574648884,2.397352875246898,-1.0823836590420173,2.6682662543210722,-0.28315032478883667,-2.951416579109912,6.228401803236906
3911,39.1,0.0,0.0,0.0,0.0,3.0397721605449806,9.234265636409525,1.5454652276082121,-1.73650074132357,2.6985727227532657,-0.19073102824789773,-2.88930375100116,6.194493475864544
3912,39.11,0.0,0.0,0.0,0.0,3.0511929332133807,9.214350666221053,0.7480194793199613,-2.217727610962745,2.729034193190709,-0.09848393710407949,-2.827518130294786,6.163157733007672
3913,39.12,0.0,0.0,0.0,0.0,3.0549206976399157,9.190477919551347,0.0069206301114060325,-2.529093524197969,2.7595709366291064,-0.006457200146970204,-2.7660281367760735,6.135557221911431
3914,39.13,0.0,0.0,0.0,0.0,3.0515161494775285,9.164306236900455,-0.6788128639017489,-2.6793595708583067,2.7901088346478207,0.08531797209173504,-2.7047908625560826,6.112790087422926
3915,39.14,0.0,0.0,0.0,0.0,3.0415185136787484,9.137385623968687,-1.3123781184217291,-2.6812345777975595,2.8205792868994797,0.1768264462175804,-2.6437528406819,6.095867110289938
3916,39.15,0.0,0.0,0.0,0.0,3.025426825589445,9.111126451471884,-1.8985055819481653,-2.5496680302331027,2.850918897120468,0.2680679093945796,-2.5828509877258856,6.085699625882439
3917,39.160000000000004,0.0,0.0,0.0,0.0,3.003687776264971,9.086784660545463,-2.4428378685137098,-2.300374945925041,2.8810690052824572,0.35905538672534304,-2.5220136185571125,6.083096884280492
3918,39.17,0.0,0.0,0.0,0.0,2.9766892784899355,9.065460213704085,-2.9514113412510103,-1.948668632818955,2.910975127657421,0.44981367947979406,-2.461161448177629,6.08877093521415
3919,39.18,0.0,0.0,0.0,0.0,2.944758629621507,9.048105605191557,-3.4302559330127753,-1.508613990933476,2.9405863565131276,0.5403778408033714,-2.4002085157097586,6.10334697557005
3920,39.19,0.0,0.0,0.0,0.0,2.9081640930532555,9.035541345365841,-3.8851098943285742,-0.9924721625859185,2.969854759488303,0.6307917738272818,-2.339062985661025,6.127377252312586
3921,39.2,0.0,0.0,0.0,0.0,2.8671188153143636,9.028475749204661,-4.321234903065172,-0.41038567174341406,2.998734807297602,0.7211070081485415,-2.2776277991490606,6.161356933890298
3922,39.21,0.0,0.0,0.0,0.0,2.821786171450665,9.027526909011982,-4.74331183739766,0.22975296606647896,3.0271828484214254,0.8113816866451041,-2.215801161776321,6.205740737561317
3923,39.22,0.0,0.0,0.0,0.0,2.7722858357470934,9.033245288370816,-5.155396562594997,0.9223022898442933,3.0551566413768323,0.9016797762113722,-2.1534768651654606,6.260959452623723
3924,39.230000000000004,0.0,0.0,0.0,0.0,2.7187000756109727,9.046135862087809,-5.560916489668247,1.663786424337731,3.0826149491512096,0.9920705028836617,-2.090544446267545,6.327435786476836
3925,39.24,0.0,0.0,0.0,0.0,2.661079947445623,9.066679108672826,-5.962691006603483,2.452755457692502,3.109517196283763,1.082628003078879,-2.026889193204882,6.405599161227203
3926,39.25,0.0,0.0,0.0,0.0,2.599451230528965,9.095350426260955,-6.362961173654584,3.289612203214629,3.135823186673207,1.1734311771557184,-1.9623920095174885,6.49589919573199
3927,39.26,0.0,0.0,0.0,0.0,2.5338200722224338,9.132637690323532,-6.763415674555434,4.176414346869626,-3.121692427930026,1.2645637280482003,-1.8969291512013573,6.598817618101099
3928,39.27,0.0,0.0,0.0,0.0,2.4641784443994674,9.17905670432792,-7.165200505017168,5.116649491149763,-3.09669908816077,1.356114365166972,-1.8303718538518456,6.714878259928453
3929,39.28,0.0,0.0,0.0,0.0,2.3905096395975773,9.235164209049717,-7.568898926684483,6.114968240276952,-3.072422284556822,1.4481771509493466,-1.7625858716734173,6.84465456945214
3930,39.29,0.0,0.0,0.0,0.0,2.312794182191858,9.301567896740186,-7.974465466241249,7.176845730422349,-3.048902386626709,1.540851963123222,-1.6934309574296567,6.988773714548328
3931,39.300000000000004,0.0,0.0,0.0,0.0,2.2310167149891376,9.378932489115035,-8.381092739012596,8.308122803024892,-3.0261799443861883,1.6342450384336313,-1.6227603243597686,7.147915774125898
3932,39.31,0.0,0.0,0.0,0.0,2.1451746704613823,9.467980325417205,-8.78698201905997,9.514351618214214,-3.004295605727709,1.728469551328521,-1.5504201501233525,7.322805654955823
3933,39.32,0.0,0.0,0.0,0.0,2.0552898805131115,9.569483980343472,-9.188977039948005,10.79983355550486,-2.9832899335239143,1.8236461612384343,-1.4762492124172384,7.514194099830361
3934,39.33,0.0,0.0,0.0,0.0,1.9614247584490074,9.684247067798442,-9.582004851173487,12.166186152331626,-2.963203085379825,1.9199034308874854,-1.4000787909122767,7.722822309349434
3935,39.34,0.0,0.0,0.0,0.0,1.8637053447117606,9.813067429412827,-9.958247702845881,13.610208099602257,-2.9440742994870592,2.017377970414058,-1.3217330372784717,7.949362084701066
3936,39.35,0.0,0.0,0.0,0.0,1.7623543780491537,9.956674195010923,-10.30594799771544,15.120729202712933,-2.925941102950604,2.11621409119258,-1.2410301130364036,8.19431981696177
3937,39.36,0.0,0.0,0.0,0.0,1.6577386267431782,10.115626652674957,-10.6077316029953,16.67405116160194,-2.9088381221165296,2.2165626510491716,-1.1577845340138868,8.457888025931778
3938,39.37,0.0,0.0,0.0,0.0,1.5504358590439549,10.29015868372713,-10.838341748406716,18.227551180752762,-2.8927953263031925,2.318578631307913,-1.0718113495684793,8.739722824683176
3939,39.38,0.0,0.0,0.0,0.0,1.4413276334314815,10.479948650013354,-10.961746707333155,19.711142931592672,-2.8778354779481443,2.4224168032992335,-0.9829330259322065,9.038621016581873
3940,39.39,0.0,0.0,0.0,0.0,1.3317235584219453,10.683793619468634,-10.927796744950939,21.016789225326445,-2.8639705012629366,2.5282246316604695,-0.890990174256183,9.352070061046689
3941,39.4,0.0,0.0,0.0,0.0,1.223518808097491,10.899174205156138,-10.669084722382484,21.987515475251037,-2.851196440317063,2.6361313771090575,-0.7958574897534676,9.675655397058646
3942,39.410000000000004,0.0,0.0,0.0,0.0,1.119376063799001,11.121722033328501,-10.099558335981312,22.409866686045092,-2.8394867052412107,2.746232332038103,-0.6974662699002696,10.0023459695295
3943,39.42,0.0,0.0,0.0,0.0,1.022901179476734,11.344659924383551,-9.117769778585892,22.017691989743213,-2.8287834917481938,2.858567499943403,-0.5958343154879859,10.321758744906816
3944,39.43,0.0,0.0,0.0,0.0,0.9387459721734269,11.558385799306288,-7.6189670067179005,20.519375881630264,-2.818987734688056,2.9730951999057975,-0.49110237258573086,10.619639827132861
3945,39.44,0.0,0.0,0.0,0.0,0.8725283842122545,11.750499891510382,-5.5199935641454205,17.660863835416116,-2.8099488401082273,3.0896634284829556,-0.3835730385884037,10.877971507298128
3946,39.45,0.0,0.0,0.0,0.0,0.8304382738501014,11.906653339174888,-2.796485265114324,13.32511802649986,-2.801456685145875,-3.0752000098175944,-0.27374332467172197,11.076215065324787
3947,39.46,0.0,0.0,0.0,0.0,0.8184495792393446,12.012470638918469,0.4785001000420534,7.639556709768206,-2.7932395163848645,-2.9555570469230776,-0.16231753053821224,11.194021059679125
3948,39.47,0.0,0.0,0.0,0.0,0.8412295131499721,12.05633586244524,4.116832351805414,1.029176278166844,-2.7849714164272896,-2.8351579710673978,-0.050186554640108065,11.215106349295267
3949,39.480000000000004,0.0,0.0,0.0,0.0,0.9010733183016276,12.032161155648545,7.840511894559693,-5.847275544393328,-2.7762909076833244,-2.71465822747375,0.061632680209575304,11.131087837346918
3950,39.49,0.0,0.0,0.0,0.0,0.9973167965361062,11.940893207203173,11.349149788109475,-12.277984168059087,-2.766828171441054,-2.594739408104532,0.1720887633365234,10.943576410667067
3951,39.5,0.0,0.0,0.0,0.0,1.1265133752014862,11.789967937365104,14.39834329185851,-17.707920259159625,-2.7562344092009456,-2.476039886557915,0.2801945226430274,10.663454562163617
3952,39.51,0.0,0.0,0.0,0.0,1.2832766533278395,11.591004541118448,16.848876653680435,-21.865806104595276,-2.7442058629632253,-2.359100399113986,0.38510546384924116,10.307727887790609
3953,39.52,0.0,0.0,0.0,0.0,1.461383972812142,11.35687477892827,18.6697018479367,-24.762549252688466,-2.7304977204102348,-2.2443368782632636,0.4861608421469708,9.895490806116129
3954,39.53,0.0,0.0,0.0,0.0,1.654724306117321,11.0992899315014,19.90769298094933,-26.600566234018846,-2.714927486381441,-2.1320407465388005,0.5828867398426408,9.444565625384078
3955,39.54,0.0,0.0,0.0,0.0,1.8578805497890756,10.82744503374241,20.64861414801191,-27.66375530083253,-2.697370630255155,-2.022398215895686,0.6749724143594716,8.969564483953334
3956,39.550000000000004,0.0,0.0,0.0,0.0,2.0663540526449506,10.547650244788397,20.986374188034947,-28.234707923752026,-2.6777522680956887,-1.915517982749586,0.7622342853461017,8.481296192143446
3957,39.56,0.0,0.0,0.0,0.0,2.276548033691916,10.263594057337194,21.005566092123075,-28.550773499477373,-2.6560379156126834,-1.8114591267915063,0.8445787888211793,7.987046023645278
3958,39.57,0.0,0.0,0.0,0.0,2.4856342123495847,9.976884233372044,20.774869015149932,-28.790241049810493,-2.632225081324081,-1.7102547382508764,0.9219703430732036,7.491250021022459
3959,39.58,0.0,0.0,0.0,0.0,2.691389330492296,9.687632238058374,20.346915359799887,-29.07539930553194,-2.606336397812649,-1.6119297776526642,0.9944066201599835,6.996242907566078
3960,39.59,0.0,0.0,0.0,0.0,2.8920471504023473,9.39496673089917,19.76104348037707,-29.48236798664627,-2.57841433442962,-1.5165133894796432,1.061900944949974,6.502919580496823
3961,39.6,0.0,0.0,0.0,0.0,3.086182904880868,9.097440156653228,19.046784909070926,-30.052018661559185,-2.5485172338835937,-1.4240466063107127,1.1244706275728813,6.01125725177236
3962,39.61,0.0,0.0,0.0,0.0,3.2726316511509954,8.793331806366387,18.22705398767059,-30.799541587993136,-2.516716332332929,-1.3345865159630907,1.1821298163698355,5.520700155215392
3963,39.62,0.0,0.0,0.0,0.0,3.4504353181115817,8.480865138029651,17.320670549368735,-31.7220078270969,-2.4830934469172914,-1.2482078434240353,1.2348856034932592,5.030429819918069
3964,39.63,0.0,0.0,0.0,0.0,3.6188113897905487,8.158359072283659,16.344172532564095,-32.80406761496886,-2.4477390787203963,-1.1650027052282628,1.282736373492133,4.53954768249311
3965,39.64,0.0,0.0,0.0,0.0,3.7771365138689488,7.824330027043994,15.313008451584572,-34.02217376735463,-2.4107507491069926,-1.0850791094747212,1.325671639632274,4.047193513175046
3966,39.65,0.0,0.0,0.0,0.0,3.9249394665927158,7.477557430813626,14.242238217851247,-35.347722276884234,-2.3722314490970255,-1.0085586271266411,1.363672821970388,3.55261796422091
3967,39.660000000000004,0.0,0.0,0.0,0.0,4.0618992022580125,7.117121907959287,13.146869307184474,-36.749421255589695,-2.332288130630766,-0.935573551249961,1.396714579380804,3.055222705701275
3968,39.67,0.0,0.0,0.0,0.0,4.187844912256725,6.742422684411234,12.041939436124839,-38.19510751770335,-2.2910302051801663,-0.8662637828998233,1.4247664222803404,2.5545777721545084
3969,39.68,0.0,0.0,0.0,0.0,4.302756033037556,6.353178961919895,10.942437248693718,-39.65315540103301,-2.24856804067604,-0.8007736265043751,1.4477944141716659,2.0504229288823383
3970,39.69,0.0,0.0,0.0,0.0,4.406760957557474,5.94941883789321,9.863132654269897,-41.093571317307365,-2.2050114640863114,-0.7392486363963704,1.4657628276899413,1.5426578803357351
3971,39.7,0.0,0.0,0.0,0.0,4.500133825541027,5.531458579867827,8.818369530302624,-42.48883710848936,-2.1604682861724003,-0.681832624464578,1.4786356617078251,1.0313247543268007
3972,39.71,0.0,0.0,0.0,0.0,4.583289206439347,5.099874522127445,7.821856095472231,-43.81454925721357,-2.115042868860537,-0.6286649136491056,1.4863779552114291,0.516585315688098
3973,39.72,0.0,0.0,0.0,0.0,4.656774763754503,4.655469427582111,6.886473025345539,-45.049892499197014,-2.068834756024243,-0.5798779015214511,1.4889568545027938,-0.0013053361723915913
3974,39.730000000000004,0.0,0.0,0.0,0.0,4.721262125663044,4.199234806277431,6.024107023269516,-46.17797950011229,-2.021937386804356,-0.5355949815767167,1.4863424052276368,-0.5220273193856126
3975,39.74,0.0,0.0,0.0,0.0,4.777536216079631,3.7323104091927637,5.245508550544717,-47.18607880148853,-1.9744369081216961,-0.4959288563930235,1.4785080517286726,-1.0452258068868674
3976,39.75,0.0,0.0,0.0,0.0,4.826483256352853,3.2559419606335975,4.5601667428090265,-48.06573902983055,-1.926411100668503,-0.46098026552212645,1.4654308351463765,-1.5705412957192557
3977,39.76,0.0,0.0,0.0,0.0,4.869077561209862,2.771438205135006,3.9761915226626017,-48.81279805117269,-1.8779284309715767,-0.4308371404409305,1.4470912905306488,-2.0976393560748554
3978,39.77,0.0,0.0,0.0,0.0,4.906367143851926,2.280128572624598,3.500191237358661,-49.42724222230671,-1.8290472414123207,-0.4055741871903626,1.4234730542219562,-2.6262385712273284
3979,39.78,0.0,0.0,0.0,0.0,4.939458018749806,1.7833232447372995,3.1371319661194854,-49.91285433133508,-1.7798150905544443,-0.3852528821168823,1.394562208437561,-3.1561347740125067
3980,39.79,0.0,0.0,0.0,0.0,4.969496931180736,1.2822781626278685,2.8901598307470717,-50.2765596684069,-1.730268258001127,-0.3699218447581336,1.3603464132429917,-3.687218768552868
3981,39.800000000000004,0.0,0.0,0.0,0.0,4.997652012812331,0.7781685829650439,2.7603580644455183,-50.527346660506325,-1.6804314317831814,-0.359617521454526,1.320813910328658,-4.219483429847287
3982,39.81,0.0,0.0,0.0,0.0,5.025090505278609,0.27207621771517365,2.746394374523419,-50.674598260623476,-1.630317602937459,-0.3543650703917527,1.2759525325457073,-4.753014287563435
3983,39.82,0.0,0.0,0.0,0.0,5.052952135456742,-0.23500311918135827,2.843990061788153,-50.725617994264596,-1.5799282031059214,-0.3541792794213185,1.2257489236846038,-5.2879552546381
3984,39.83,0.0,0.0,0.0,0.0,5.082315887964394,-0.7421219485457682,3.0451106757706206,-50.682066872449994,-1.5292535390767343,-0.35906526690589596,1.1701882721708383,-5.824437836510162
3985,39.84,0.0,0.0,0.0,0.0,5.114156740067996,-1.248301010743941,3.336742292558797,-50.53494943732021,-1.4782736063366368,-0.36901860625975247,1.1092550000768835,-6.362457750811936
3986,39.85,0.0,0.0,0.0,0.0,5.149287408981058,-1.7523900105732577,3.699089121825126,-50.257727771441864,-1.4269594053926717,-0.3840243692321314,1.0429350361605412,-6.901677419554316
3987,39.86,0.0,0.0,0.0,0.0,5.188278505257755,-2.2528484867162404,4.103035085383399,-49.79718300414744,-1.3752749424600375,-0.40405439602375476,0.9712205464362835,-7.441126991973995
3988,39.87,0.0,0.0,0.0,0.0,5.231349308785777,-2.7474235395833215,4.506814794281725,-49.06196936361945,-1.3231801689200602,-0.42906187760286424,0.8941182913171968,-7.978772848369099
3989,39.88,0.0,0.0,0.0,0.0,5.278222162854446,-3.2327046901651726,4.852152408851493,-47.90977067739453,-1.2706351905005182,-0.45897211257706005,0.8116630779234608,-8.510926853019619
3990,39.89,0.0,0.0,0.0,0.0,5.327939163775286,-3.7035547727890537,5.060828257666251,-46.136128296084415,-1.2176061246121217,-0.4936681788612935,0.7239379457508246,-9.03149393656434
3991,39.9,0.0,0.0,0.0,0.0,5.378655255108126,-4.152464440431002,5.033902654912068,-43.47192563259135,-1.1640729309197468,-0.53297046016308,0.6311024707566643,-9.531119695539129
3992,39.910000000000004,0.0,0.0,0.0,0.0,5.427452690254697,-4.56897415016397,4.657578565533959,-39.60192580620438,-1.1100392594585353,-0.5766098794761609,0.5334293799823709,-9.996426840418668
3993,39.92,0.0,0.0,0.0,0.0,5.470269166806605,-4.939454623369261,3.8209502787885716,-34.220643686069444,-1.0555436847903386,-0.6241968338068224,0.4313468509835144,-10.409723790175866
3994,39.93,0.0,0.0,0.0,0.0,5.502079513922731,-5.247683917307632,2.4490970347815892,-27.136167429184177,-1.000670518821746,-0.6751915174042386,0.3254790014175111,-10.749763431230363
3995,39.94,0.0,0.0,0.0,0.0,5.517470418710891,-5.476655552605064,0.5466951592140571,-18.40654239748668,-0.945556928982014,-0.7288859004674981,0.2166710285145169,-10.994125971315956
3996,39.95,0.0,0.0,0.0,0.0,5.511629907002041,-5.611680364944814,-1.7670763441708446,-8.448197890275226,-0.8903921625595085,-0.7844104915540504,0.10598167100545737,-11.123310271946854
3997,39.96,0.0,0.0,0.0,0.0,5.481522130256141,-5.644055267578278,-4.260967672769346,1.9734807469941118,-0.8354056386379131,-0.8407759347198526,-0.00537029608193678,-11.12557739783442
3998,39.97,0.0,0.0,0.0,0.0,5.426774350752382,-5.573808380907276,-6.646699842522029,11.91909802628475,-0.7808442934686907,-0.8969480527785854,-0.11610375930989565,-11.000582731659659
3999,39.980000000000004,0.0,0.0,0.0,0.0,5.349821557438788,-5.41009289912301,-8.665714914832554,20.54944985804144,-0.7269445044524663,-0.9519394096559727,-0.22499490520350376,-10.759914456561798
4000,39.99,0.0,0.0,0.0,0.0,5.2552218313644365,-5.168963543822326,-10.16009228731507,27.34902433897785,-0.6739068461653644,-1.0048913018971835,-0.33098445573181756,-10.424185375186763
4001,40.0,0.0,0.0,0.0,0.0,5.148500804116648,-4.869672188336714,-11.093071900616243,32.19008026308482,-0.6218804663046946,-1.0551247852862407,-0.43324431898154536,-10.018172992453362
4002,40.01,0.0,0.0,0.0,0.0,5.035043215867194,-4.531119548525764,-11.522616823931706,35.248457183938164,-0.5709591720953073,-1.1021542053608844,-0.5311950332655773,-9.566162764392958
4003,40.02,0.0,0.0,0.0,0.0,4.9193698224332145,-4.169530286924376,-11.555921099787215,36.859305929269766,-0.5211868330846061,-1.1456708616208804,-0.6244840285362745,-9.08890010935759
4004,40.03,0.0,0.0,0.0,0.0,4.804853793741952,-3.7975219172261725,-11.309994393200247,37.39202668583324,-0.4725677671185989,-1.1855105506816717,-0.712942783563074,-8.602375710968124
4005,40.04,0.0,0.0,0.0,0.0,4.6937533592082294,-3.4241784536672717,-10.888270940836776,37.175779802639745,-0.4250782478713566,-1.2216172425317158,-0.7965389946603609,-8.1179318128755
4006,40.050000000000004,0.0,0.0,0.0,0.0,4.587402371389192,-3.0556290168824365,-10.371605448153678,36.47043221476917,-0.378676776560875,-1.254010396202938,-0.875333619642065,-7.643031388271629
4007,40.06,0.0,0.0,0.0,0.0,4.486442115286607,-2.6957625799145686,-9.81807188092951,35.46537528633141,-0.3333121684444216,-1.282758974399572,-0.9494468059551495,-7.182204695201175
4008,40.07,0.0,0.0,0.0,0.0,4.391032352143091,-2.346882015193936,-9.266657699043098,34.29076795738467,-0.2889293925514569,-1.3079624057252153,-1.0190330131737557,-6.7379143673370265
4009,40.08,0.0,0.0,0.0,0.0,4.301019097670793,-2.0102250563815964,-8.741881072497568,33.03183072218121,-0.24547350958459482,-1.3297374474729813,-1.084263937888389,-6.31124415405239
4010,40.09,0.0,0.0,0.0,0.0,4.216057830311565,-1.6863467698370465,-8.257956043179156,31.74182914519439,-0.2028921586368562,-1.3482095547249902,-1.1453173960881333,-5.902404600148611
4011,40.1,0.0,0.0,0.0,0.0,4.135699364927846,-1.375385378025857,-7.8220703512758245,30.452338203559002,-0.16113700588514956,-1.3635074683004564,-1.2023704624153042,-5.511084742953702
4012,40.11,0.0,0.0,0.0,0.0,4.0594474615433755,-1.0772394281603768,-7.436780372663043,29.18076567016426,-0.12016448322527597,-1.3757599948391448,-1.2555955116138708,-5.1366868897037525
4013,40.12,0.0,0.0,0.0,0.0,3.986796252439715,-0.7916815177887931,-7.1016837558415356,27.935611674929714,-0.07993605774618052,-1.3850942224980205,-1.305158164751839,-4.778477770228508
4014,40.13,0.0,0.0,0.0,0.0,3.9172537794251934,-0.5184283892490223,-6.814554059160965,26.720025097600363,-0.04041820086537953,-1.3916346415582925,-1.3512164406929106,-4.435682168674216
4015,40.14,0.0,0.0,0.0,0.0,3.8503562002536595,-0.25718190239017075,-6.572095537071862,25.534143485776337,-0.001582171911671782,-1.3955028102325093,-1.3939206383208376,-4.10753810264383
4016,40.15,0.0,0.0,0.0,0.0,3.7856758293965322,-0.007651082890740826,-6.370438475564323,24.37659129008162,0.03659630736615658,-1.396817328563616,-1.4334136359297762,-3.7933269122872733
4017,40.160000000000004,0.0,0.0,0.0,0.0,3.722825152095293,0.23043777243129085,-6.205461037945017,23.245408000691377,0.07413743711864361,-1.3956939683418261,-1.4698314054604695,-3.4923873796640024
4018,40.17,0.0,0.0,0.0,0.0,3.661458232318934,0.45733824188595523,-6.072996634583332,22.138596462266637,0.11105774987099323,-1.3922458646519706,-1.5033036145229646,-3.2041199904329787
4019,40.18,0.0,0.0,0.0,0.0,3.6012704484784646,0.673285074012509,-5.968966290931817,21.0544221662929,0.14737052609197462,-1.3865837131391405,-1.533954239231116,-2.9279853744659556
4020,40.19,0.0,0.0,0.0,0.0,3.5419971680550453,0.8784976148350302,-5.889461943780604,19.99155247377221,0.18308620140532805,-1.3788159423289503,-1.561902143734281,-2.663499553220015
4021,40.2,0.0,0.0,0.0,0.0,3.4834117616457756,1.0731840867937654,-5.8307974857784775,18.949095866936453,0.21821275697594067,-1.3690488465840307,-1.587261603559975,-2.41022767485201
4022,40.21,0.0,0.0,0.0,0.0,3.4253232208186697,1.257545934959005,-5.789538388472675,17.926581601464836,0.25275608787687154,-1.357386675438386,-1.6101427633152612,-2.167777285859665
4023,40.22,0.0,0.0,0.0,0.0,3.3675735566213034,1.4317817882313197,-5.762516869895976,16.923906657515563,0.28672034641799793,-1.3439316811223225,-1.6306520275403231,-1.9357917683899837
4024,40.230000000000004,0.0,0.0,0.0,0.0,3.31003509912757,1.596090803168763,-5.746837121497193,15.94126765594389,0.32010825888188665,-1.3287841294371265,-1.648892388319014,-1.7139442959588072
4025,40.24,0.0,0.0,0.0,0.0,3.2526077815253176,1.7506753010147371,-5.739873576806304,14.979089051532894,0.35292141511987457,-1.3120422806946284,-1.664963695814501,-1.5019324805105805
4026,40.25,0.0,0.0,0.0,0.0,3.1952164675454915,1.8957426983401866,-5.7392642557700375,14.037954529974565,0.3851605311649277,-1.293802347845089,-1.6789628790100168,-1.2994737692053049
4027,40.26,0.0,0.0,0.0,0.0,3.1378083638607808,2.031506784942874,-5.742900631817805,13.118545517812418,0.4168256855144336,-1.2741584386218552,-1.690984124136287,-1.1063015789179067
4028,40.27,0.0,0.0,0.0,0.0,3.080350546594372,2.1581884308070207,-5.74891509904242,12.221588662350888,0.44791653008769283,-1.253202487836477,-1.7011190179241724,-0.9221621157873514
4029,40.28,0.0,0.0,0.0,0.0,3.0228276216022505,2.2760158152032455,-5.75566687327532,11.34781277765095,0.47843247710419123,-1.231024185072508,-1.7094566621767002,-0.746811806399005
4030,40.29,0.0,0.0,0.0,0.0,2.965239530760792,2.385224271311743,-5.761726987930249,10.497914890771636,0.5083728632874089,-1.2077109020864558,-1.7160837653738612,-0.5800152594490493
4031,40.300000000000004,0.0,0.0,0.0,0.0,2.9075995105779917,2.486055833326539,-5.765862911406596,9.672534520061147,0.5377370928897871,-1.1833476233188183,-1.7210847162086027,-0.4215436772514529
4032,40.31,0.0,0.0,0.0,0.0,2.8499322047525286,2.578758562908121,-5.767023200635249,8.872235070367434,0.5665247610738555,-1.1580168820966836,-1.7245416431705411,-0.2711736418444075
4033,40.32,0.0,0.0,0.0,0.0,2.792271928660128,2.6635857202275486,-5.764322507116656,8.097491159331192,0.5947357591817235,-1.131798704398138,-1.7265344635798614,-0.12868620843257927
4034,40.33,0.0,0.0,0.0,0.0,2.734661081028639,2.7407948331338066,-5.75702716471782,7.348680733689429,0.6223703633900264,-1.104770561455675,-1.7271409248457006,0.006133752105167645
4035,40.34,0.0,0.0,0.0,0.0,2.677148696159685,2.81064670709612,-5.74454151222894,6.626080948498682,0.6494293081906013,-1.0770073319953557,-1.7264366401859605,0.1334980109364352
4036,40.35,0.0,0.0,0.0,0.0,2.619789128860065,2.873404409027233,-5.726395038793086,5.929866931080393,0.6759138460636798,-1.0485812745312675,-1.7244951205949464,0.2536152801671676
4037,40.36,0.0,0.0,0.0,0.0,2.5626408636386753,2.9293322501082684,-5.70223038736277,5.260112710592874,0.7018257946290631,-1.0195620098445861,-1.721387804473652,0.3666913864695931
4038,40.37,0.0,0.0,0.0,0.0,2.5057654395892146,2.978694786317084,-5.671792210404605,4.6167937468405995,0.7271675724746129,-0.9900165135594198,-1.7171840860340328,0.47292934672786924
4039,40.38,0.0,0.0,0.0,0.0,2.4492264825915218,3.021755850396446,-5.634916842673399,3.999790627876029,0.7519422247770825,-0.9600091185657664,-1.7119513433428482,0.5725293678049241
4040,40.39,0.0,0.0,0.0,0.0,2.3930888369200254,3.0587776252818752,-5.591522736969058,3.408893619884331,0.7761534397482527,-0.9296015269227188,-1.705754966670975,0.6656887883618499
4041,40.4,0.0,0.0,0.0,0.0,2.3374177889437697,3.0900197663155486,-5.541601598909773,2.8438078430336,0.7998055568636073,-0.8988528307884655,-1.6986583876520756,0.7526019773717789
4042,40.410000000000004,0.0,0.0,0.0,0.0,2.282278376261702,3.1157385776636346,-5.485210154194881,2.30415891439629,0.8229035677603053,-0.8678195418612109,-1.6907231096215172,0.8334602014019326
4043,40.42,0.0,0.0,0.0,0.0,2.2277347762700948,3.136186247017631,-5.422462484789901,1.78949894618268,0.8454531106284057,-0.8365556287674867,-1.6820087393958916,0.9084514707475364
4044,40.43,0.0,0.0,0.0,0.0,2.173849768763443,3.15161014170649,-5.35352287720658,1.2993128178434987,0.8674604588623499,-0.8051125617984471,-1.6725730206608007,0.9777603729430471
4045,40.44,0.0,0.0,0.0,0.0,2.1206842676960274,3.162252168627008,-5.278599134998811,0.8330246578405566,0.8889325046879654,-0.7735393643679224,-1.6624718690558866,1.0415679009309806
4046,40.45,0.0,0.0,0.0,0.0,2.0682969176599295,3.168348199803876,-5.19793631741016,0.39000447866242666,0.9098767384343077,-0.741882670544188,-1.6517594089784937,1.1000512821439465
4047,40.46,0.0,0.0,0.0,0.0,2.0167437509683457,3.1701275648382654,-5.111810875734402,-0.030425089690645463,0.9303012240765375,-0.7101867879926352,-1.6404880120691716,1.1533838138699197
4048,40.47,0.0,0.0,0.0,0.0,1.9660779014720544,3.167812610949205,-5.0205251676054,-0.4289820243129904,0.9502145716365901,-0.6784937656560877,-1.6287083372926803,1.2017347094771507
4049,40.480000000000004,0.0,0.0,0.0,0.0,1.9163493713987274,3.161618330731502,-4.92440233661781,-0.8064181516569701,0.9696259069900371,-0.6468434654962201,-1.6164693724862589,1.2452689593327746
4050,40.49,0.0,0.0,0.0,0.0,1.8676048476009879,3.151752057144167,-4.823781550123749,-1.1635124697250088,0.9885448395913722,-0.61527363762057,-1.6038184772119395,1.284147209543179
4051,40.5,0.0,0.0,0.0,0.0,1.8198875636510106,3.1384132246122722,-4.719013591693178,-1.5010646138033314,1.0069814285940868,-0.5838199981276679,-1.5908014267217554,1.3185256609612617
4052,40.51,0.0,0.0,0.0,0.0,1.773237204244527,3.1217931944903965,-4.610456806659821,-1.8198885287716473,1.024946147806045,-0.5525163090178983,-1.5774624568239461,1.3485559902458695
4053,40.52,0.0,0.0,0.0,0.0,1.727689848388396,3.102075142516887,-4.498473399595593,-2.120806408351854,1.0424498498858301,-0.521394459537371,-1.5638443094231975,1.3743852941284909
4054,40.53,0.0,0.0,0.0,0.0,1.6832779478615854,3.0794340053066955,-4.38342608174496,-2.4046429569489667,1.0595037301501704,-0.49048454834952276,-1.5499882784996915,1.3961560574451102
4055,40.54,0.0,0.0,0.0,0.0,1.6400303374662686,3.05403648240458,-4.265675064702204,-2.6722200232967035,1.0761192903279393,-0.4598149659606696,-1.5359342562886071,1.4140061449383112
4056,40.550000000000004,0.0,0.0,0.0,0.0,1.5979722736354893,3.0260410899669044,-4.145575394246661,-2.9243516473126534,1.092308302561168,-0.4294124768636556,-1.5217207794248198,1.428068816331415
4057,40.56,0.0,0.0,0.0,0.0,1.5571254980371487,2.99559826176887,-4.023474615542295,-3.1618395528539334,1.108082773919881,-0.3993023009042906,-1.5073850748241726,1.4384727637317212
4058,40.57,0.0,0.0,0.0,0.0,1.5175083229160242,2.9628504929527124,-3.8997107581207926,-3.3854691098705887,1.1234549116644348,-0.36950819341996977,-1.492963105084408,1.4453421700366882
4059,40.58,0.0,0.0,0.0,0.0,1.4791357350456145,2.9279325217444923,-3.774610626412799,-3.596005780182044,1.1384370894567473,-0.3400525237471135,-1.478489613203857,1.4487967866988778
4060,40.59,0.0,0.0,0.0,0.0,1.4420195153150472,2.8909715442694215,-3.6484883792251637,-3.7941920521174235,1.1530418146917047,-0.3109563517417675,-1.4639981664334714,1.4489520289543742
4061,40.6,0.0,0.0,0.0,0.0,1.406168371153265,2.8520874575866193,-3.5216443796094103,-3.9807448608201,1.1672816970908122,-0.2822395020070039,-1.4495211990978178,1.4459190864333542
4062,40.61,0.0,0.0,0.0,0.0,1.3715880791852975,2.8113931261345315,-3.3943642950883595,-4.156353483352797,1.181169418673433,-0.2539206355687915,-1.4350900542422256,1.439805046949234
4063,40.62,0.0,0.0,0.0,0.0,1.3382816357219511,2.7689946669224828,-3.2669184272451988,-4.321677890966772,1.194717705195568,-0.22601731879004403,-1.4207350239856085,1.4307130312005316
4064,40.63,0.0,0.0,0.0,0.0,1.3062494128959838,2.724991749008946,-3.13956124921843,-4.477347535125048,1.2079392991235607,-0.19854608935762938,-1.4064853884811883,1.4187423361129623
4065,40.64,0.0,0.0,0.0,0.0,1.275489318473366,2.6794779030666964,-3.0125311296701676,-4.62396053909758,1.2208469341890296,-0.17152251922083844,-1.3923694534098647,1.4039885845933304
4066,40.65,0.0,0.0,0.0,0.0,1.2459969575799819,2.6325408371356187,-2.886050222245444,-4.762083263185549,1.2334533115529687,-0.14496127440001969,-1.3784145859529902,1.3865438795556368
4067,40.660000000000004,0.0,0.0,0.0,0.0,1.2177657947909042,2.584262754999293,-2.7603245003647108,-4.892250208819331,1.2457710775900543,-0.11887617162185846,-1.3646472492119146,1.366496960208389
4068,40.67,0.0,0.0,0.0,0.0,1.1907873152249242,2.534720673978421,-2.6355439183108476,-5.014964224869737,1.2578128032899216,-0.09328023177134012,-1.3510930350612629,1.343933358753497
4069,40.68,0.0,0.0,0.0,0.0,1.1650511834708817,2.483986739306812,-2.511882680919287,-5.1306969784202625,1.269590965259534,-0.06818573018044756,-1.3377766954399792,1.3189355558359304
4070,40.69,0.0,0.0,0.0,0.0,1.140545399342371,2.432128532636477,-2.3894996056852595,-5.239889651897615,1.2811179282996368,-0.04360424380078083,-1.3247221721004168,1.2915831332941061
4071,40.7,0.0,0.0,0.0,0.0,1.117256449610683,2.3792093725971757,-2.2685385626874077,-5.342953828768721,1.2924059295193515,-0.01954669532917049,-1.3119526248485247,1.2619529229864928
4072,40.71,0.0,0.0,0.0,0.0,1.0951694550042999,2.325288605710659,-2.1491289793423807,-5.440272530898315,1.303467063944924,0.003976605625252633,-1.2994904583196687,1.2301191507063591
4073,40.72,0.0,0.0,0.0,0.0,1.0742683118846947,2.2704218863213304,-2.0313863985844614,-5.532201372055822,1.3143132715723733,0.02695592422933916,-1.2873573473430344,1.1961535744366356
4074,40.730000000000004,0.0,0.0,0.0,0.0,1.0545358281151977,2.214661444552644,-1.915413080571964,-5.619069793886378,1.3249563258081547,0.049382064854183665,-1.2755742609539684,1.1601256164374463
4075,40.74,0.0,0.0,0.0,0.0,1.035953852731154,2.1580563416236584,-1.801298639410711,-5.701182352866327,1.33540782323781,0.07124633812015961,-1.2641614851176486,1.1221024888925044
4076,40.75,0.0,0.0,0.0,0.0,1.0185033990983754,2.1006527121625522,-1.6891207076323587,-5.778820029280682,1.3456791746590642,0.09254053043045277,-1.253138644228608,1.0821493130641768
4077,40.76,0.0,0.0,0.0,0.0,1.002164761314303,2.042493993430967,-1.578945622253893,-5.852241532040825,1.3557815973128222,0.11325687586208293,-1.2425247214507367,1.0403292321166642
4078,40.77,0.0,0.0,0.0,0.0,0.9869176236628594,1.9836211416186351,-1.4708291271536578,-5.921684576156523,1.365726108243625,0.13338803028438465,-1.232338077959243,0.9967035179557757
4079,40.78,0.0,0.0,0.0,0.0,0.9727411629831483,1.9240728355850663,-1.364817087236476,-5.987367112834751,1.37552351871928,0.1529270475771918,-1.2225964711420918,0.951331672601918
4080,40.79,0.0,0.0,0.0,0.0,0.9596141438541776,1.8638856686078682,-1.260946210418416,-6.049488495457571,1.385184429638398,0.17186735782607857,-1.2133170718123212,0.9042715247536905
4081,40.800000000000004,0.0,0.0,0.0,0.0,0.9475150065357462,1.8030943288495034,-1.1592447738582656,-6.108230568041104,1.3947192278535236,0.1902027473778938,-1.204516480475627,0.8555793223137572
4082,40.81,0.0,0.0,0.0,0.0,0.9364219476397255,1.7417317693702048,-1.059733351101477,-6.1637586661580945,1.4041380833373391,0.2079273406479894,-1.196210742689347,0.8053098217304793
4083,40.82,0.0,0.0,0.0,0.0,0.926312993538734,1.6798293685980858,-0.9624255369070418,-6.2162225236672555,1.41345094711931,0.22503558357916892,-1.1884153635401393,0.7535163750593519
4084,40.83,0.0,0.0,0.0,0.0,0.9171660665516781,1.617417082218709,-0.8673286665177263,-6.26575708188856,1.4226675499201868,0.24152222866152132,-1.1811453212586631,0.700251015667031
4085,40.84,0.0,0.0,0.0,0.0,0.9089590439782166,1.5545235874624168,-0.7744445260244421,-6.312483201053916,1.4317974014125736,0.2573823214323577,-1.174415079980216,0.6455645434842002
4086,40.85,0.0,0.0,0.0,0.0,0.9016698100887544,1.4911764207553309,-0.6837700502974001,-6.356508276897144,1.4408497900364723,0.27261118838504733,-1.1682386016514261,0.5895066106665765
4087,40.86,0.0,0.0,0.0,0.0,0.8952763012127902,1.4274021096556617,-0.5952980047252996,-6.397926768089153,1.4498337833001569,0.28720442622508613,-1.1626293570750708,0.5321258084428715
4088,40.87,0.0,0.0,0.0,0.0,0.8897565441075055,1.3632262999282856,-0.50901764674837,-6.43682064282683,1.4587582284980891,0.30115789242048213,-1.1576003360776088,0.4734697558207801
4089,40.88,0.0,0.0,0.0,0.0,0.8850886878297456,1.2986738785139575,-0.4249153629054879,-6.473259755215426,1.4676317537798809,0.314467697001829,-1.1531640567780543,0.41358519068421196
4090,40.89,0.0,0.0,0.0,0.0,0.8812510293787483,1.233769093034018,-0.3429752768684357,-6.507302164102949,1.4764627695065433,0.3271301955741971,-1.1493325739323499,0.3525180636552696
4091,40.9,0.0,0.0,0.0,0.0,0.8782220334232522,1.1685356683349082,-0.2631798237188352,-6.53899440870283,1.485259469833372,0.3391419835090284,-1.1461174863243446,0.29031363491165596
4092,40.910000000000004,0.0,0.0,0.0,0.0,0.8759803464750461,1.1029969204282024,-0.1855102855607666,-6.5683717566458775,1.494029834461952,0.35049989128810727,-1.1435299431738475,0.22701657395315633
4093,40.92,0.0,0.0,0.0,0.0,0.8745048059205499,1.0371758680192913,-0.10994728346152445,-6.595458441011402,1.5027816305078294,0.3612009809748339,-1.1415806495329919,0.16267106209874138
4094,40.93,0.0,0.0,0.0,0.0,0.8737744443722892,0.9710953416495334,-0.03647122069537394,-6.620267903376495,1.5115224144347452,0.3712425437889289,-1.1402798706458146,0.09732089727724413
4095,40.94,0.0,0.0,0.0,0.0,0.8737684898521135,0.9047780903069865,0.03493732765955723,-6.642803059973761,1.5202595340110336,0.38062209876003356,-1.1396374352509984,0.031009600454873
4096,40.95,0.0,0.0,0.0,0.0,0.8744663623666681,0.8382468851899066,0.10429728354530797,-6.66305660764885,1.5290001302493674,0.38933739243356574,-1.139662737815799,-0.03621947717676144
4097,40.96,0.0,0.0,0.0,0.0,0.8758476674820445,0.7715246201455123,0.1716267976533242,-6.681011385448873,1.537751139296687,0.3973863995980034,-1.1403647396986845,-0.1043230473365322
4098,40.97,0.0,0.0,0.0,0.0,0.877892187547453,0.7046344081531233,0.23694304813815156,-6.696640806348132,1.5465192942476296,0.40476732499742757,-1.1417519692502027,-0.17325777939432974
4099,40.980000000000004,0.0,0.0,0.0,0.0,0.8805798712559907,0.637599673085925,0.30026210986462604,-6.709909371829331,1.5553111268612356,0.41147860598591085,-1.143832520875323,-0.24298019817006566
4100,40.99,0.0,0.0,0.0,0.0,0.8838908222629246,0.570444235867939,0.36159889708750237,-6.720773279797826,1.5641329691679366,0.4175189160723088,-1.146614053095627,-0.31344658639498557
4101,41.0,0.0,0.0,0.0,0.0,0.8878052876071605,0.5031923940510312,0.42096718168862773,-6.7291811336297425,1.572990954961172,0.422887169294574,-1.150103785666596,-0.38461289355612926
4102,41.01,0.0,0.0,0.0,0.0,0.8923036466983912,0.43586899377521054,0.4783796882053495,-6.735074757070237,1.581891021175341,0.4275825253526315,-1.154308495822713,-0.4564346529231807
4103,41.02,0.0,0.0,0.0,0.0,0.8973664016399319,0.3684994930436108,0.5338482658880208,-6.738390116247751,1.5908389091597062,0.4316043954183096,-1.1592345137413975,-0.5288669085963211
4104,41.03,0.0,0.0,0.0,0.0,0.9029741696541688,0.30111001525081893,0.5873841369320311,-6.739058346303245,1.5998401658653625,0.43495244853015236,-1.1648877173352137,-0.6018641544033498
4105,41.04,0.0,0.0,0.0,0.0,0.90910767836333,0.233727391946775,0.6389982188659745,-6.737006876121158,1.6089001449701825,0.4376266184705722,-1.171273526499613,-0.675380286416555
4106,41.050000000000004,0.0,0.0,0.0,0.0,0.9157477646519164,0.16637919390607117,0.6887015178601885,-6.732160640469493,1.6180240079738304,0.4396271110128092,-1.1783968969610201,-0.7493685707458453
4107,41.06,0.0,0.0,0.0,0.0,0.9228753777987054,0.09909374969928568,0.7365055884857161,-6.72444336460928,1.6272167253021939,0.4409544114167596,-1.1862623138854307,-0.8237816280994198
4108,41.07,0.0,0.0,0.0,0.0,0.9304715875154205,0.03190015113350283,0.7824230542319176,-6.71377890222677,1.6364830774672219,0.44160929204528343,-1.194873785421942,-0.8985714363819176
4109,41.08,0.0,0.0,0.0,0.0,0.9385175974662046,-0.035171754857613605,0.8264681819228166,-6.700092603497545,1.6458276563340373,0.44159281996741645,-1.204234836366618,-0.9736893523238181
4110,41.09,0.0,0.0,0.0,0.0,0.946994764768153,-0.10209138804453088,0.8686575021027149,-6.683312686338371,1.655254866552809,0.44090636441192804,-1.214348502140881,-1.0490861528126838
4111,41.1,0.0,0.0,0.0,0.0,0.955884625888945,-0.16882747033585216,0.9090104665325447,-6.663371580576061,1.6647689272172614,0.4395516039342889,-1.2252173232829708,-1.1247120962247972
4112,41.11,0.0,0.0,0.0,0.0,0.9651689292653065,-0.23534807438237187,0.9475501331978773,-6.640207211988792,1.6743738738156055,0.4375305331629756,-1.2368433406526282,-1.2005170036476784
4113,41.12,0.0,0.0,0.0,0.0,0.9748296748670737,-0.3016206845747084,0.9843038687190092,-6.613764191084303,1.6840735605421686,0.4348454689969879,-1.2492280915451788,-1.2764503594417822
4114,41.13,0.0,0.0,0.0,0.0,0.9848491608293095,-0.36761226930116564,1.0193040578150032,-6.58399487017243,1.6938716630399886,0.4314990561359318,-1.2623726069040604,-1.3524614301304752
4115,41.14,0.0,0.0,0.0,0.0,0.9952100371713256,-0.43328936296381027,1.0525888095371245,-6.5508602318578095,1.703771681645147,0.4274942718374016,-1.2762774098077418,-1.4284994001351359
4116,41.15,0.0,0.0,0.0,0.0,1.0058953665204833,-0.4986181558850216,1.0842026503780697,-6.514330572576317,1.7137769452034968,0.42283442981297786,-1.2909425153905205,-1.5045135224055048
4117,41.160000000000004,0.0,0.0,0.0,0.0,1.0168886916628228,-0.5635645898778483,1.1141971950922662,-6.474385946254458,1.7238906155288853,0.41752318319488585,-1.3063674323340013,-1.580453281540671
4118,41.17,0.0,0.0,0.0,0.0,1.0281741096561738,-0.6280944569168135,1.1426317871286,-6.431016335564795,1.7341156925699452,0.411564526529167,-1.3225511660407763,-1.6562685665729875
4119,41.18,0.0,0.0,0.0,0.0,1.0397363521671066,-0.6921734980362538,1.1695741019641421,-6.384221521537132,1.7444550203495195,0.4049627967784682,-1.3394922235710514,-1.7319098502033605
4120,41.19,0.0,0.0,0.0,0.0,1.0515608716338916,-0.7557674993093848,1.1951007083013074,-6.334010626369608,1.7549112937368514,0.39772267334772754,-1.3571886203891255,-1.8073283709432764
4121,41.2,0.0,0.0,0.0,0.0,1.063633932816944,-0.8188423815346341,1.2192975840079558,-6.280401309041794,1.7654870661087718,0.38984917717868034,-1.375637888930095,-1.8824763143515781
4122,41.21,0.0,0.0,0.0,0.0,1.0759427092771487,-0.8813642800765621,1.2422605857737652,-6.2234185986146064,1.7761847579513679,0.3813476689936673,-1.3948370889577024,-1.957306989353711
4123,41.22,0.0,0.0,0.0,0.0,1.0884753843233743,-0.9432996111867529,1.2640958736547305,-6.1630933557351275,1.7870066664492332,0.3722238468055304,-1.4147828196436993,-2.031774995510127
4124,41.230000000000004,0.0,0.0,0.0,0.0,1.1012212559929893,-1.0046151210626606,1.284920293891073,-6.099460358679604,1.7979549761046394,0.362483742847507,-1.435471233257134,-2.10583637705565
4125,41.24,0.0,0.0,0.0,0.0,1.1141708456740762,-1.0652779138961803,1.3048617255192698,-6.03255601609396,1.8090317704250187,0.35213372011449257,-1.4568980503105224,-2.1794487595702563
4126,41.25,0.0,0.0,0.0,0.0,1.1273160100432122,-1.125255455213929,1.3240593982516626,-5.962415714291268,1.8202390447135561,0.3411804687442393,-1.4790585759693131,-2.252571465257141
4127,41.26,0.0,0.0,0.0,0.0,1.140650056075769,-1.1845155469162205,1.3426641907618382,-5.88907081244491,1.8315787199946134,0.32963100250380056,-1.5019477174908162,-2.32516560299199
4128,41.27,0.0,0.0,0.0,0.0,1.1541678589841002,-1.2430262705828972,1.3608389197804298,-5.8125453042279,1.84305265810401,0.3174926556814322,-1.5255600024225744,-2.3971941295669974
4129,41.28,0.0,0.0,0.0,0.0,1.1678659830470253,-1.3007558958235839,1.3787586311625244,-5.732852169439595,1.8546626779730881,0.30477308071767856,-1.5498895972554096,-2.468621878870609
4130,41.29,0.0,0.0,0.0,0.0,1.181742805407129,-1.3576727507109871,1.3966109042207009,-5.649989444053342,1.8664105731358729,0.29148024694009483,-1.5749303261957779,-2.539415556118116
4131,41.300000000000004,0.0,0.0,0.0,0.0,1.195798643022616,-1.4137450516436454,1.4145961800065463,-5.5639360421508375,1.8782981304897068,0.27762244079452164,-1.6006756896951886,-2.6095436946662613
4132,41.31,0.0,0.0,0.0,0.0,1.21003588306094,-1.468940690347417,1.432928122745477,-5.474647368734572,1.890327150342342,0.26320826799027747,-1.6271188823520661,-2.678976573408357
4133,41.32,0.0,0.0,0.0,0.0,1.2244591171019656,-1.5232269761463257,1.4518340211450418,-5.382050768913589,1.9024994677817497,0.24824665799754603,-1.6542528097842055,-2.7476860932482916
4134,41.33,0.0,0.0,0.0,0.0,1.239075279568152,-1.5765703321261701,1.4715552326538284,-5.28604086707185,1.914816975408664,0.23274687135179112,-1.6820701040568709,-2.8156456116943223
4135,41.34,0.0,0.0,0.0,0.0,1.2538937908066796,-1.628935944401888,1.4923476687708834,-5.186474860119807,1.9272816474763876,0.2167185102305263,-1.710563137245865,-2.882829735208568
4136,41.35,0.0,0.0,0.0,0.0,1.2689267051979611,-1.680287364405432,1.5144823129916316,-5.083167842736861,1.9398955654862282,0.20017153277269786,-1.739724032713534,-2.949214069603393
4137,41.36,0.0,0.0,0.0,0.0,1.284188864541286,-1.7305860649778653,1.5382457546921182,-4.975888260706277,1.952660945290363,0.1831162716070816,-1.7695446736832796,-3.0147749295191515
4138,41.37,0.0,0.0,0.0,0.0,1.2996980567512038,-1.7797909521229072,1.563940711933579,-4.864353612256963,1.9655801657551188,0.16556345704365133,-1.8000167087114691,-3.079489008874111
4139,41.38,0.0,0.0,0.0,0.0,1.3154751795672852,-1.8278578356270565,1.5918865035221905,-4.748226548086506,1.9786557990367526,0.14752424535629932,-1.8311315536804518,-3.143333015194342
4140,41.39,0.0,0.0,0.0,0.0,1.3315444085088557,-1.8747388634452282,1.6224194153758063,-4.62711155986764,1.991890642516386,0.12901025254556744,-1.8628803899708206,-3.206283271954084
4141,41.4,0.0,0.0,0.0,0.0,1.3479333676686056,-1.9203819268855777,1.6558928880342147,-4.500552495929439,2.0052877524302595,0.11003359391022886,-1.8952541585200269,-3.268315294554183
4142,41.410000000000004,0.0,0.0,0.0,0.0,1.3646733011027063,-1.9647300463028612,1.6926774307525019,-4.36803120272624,2.0188504792131035,0.090606929674008,-1.9282435495390988,-3.3294033474055675
4143,41.42,0.0,0.0,0.0,0.0,1.3817992415089821,-2.007720750345955,1.7331601429074328,-4.228967662586045,2.0325825045451253,0.07074351680004815,-1.961838987745077,-3.3895199918549372
4144,41.43,0.0,0.0,0.0,0.0,1.399350171554848,-2.049285465920658,1.7777436954953596,-4.082722082382801,2.046487880053599,0.050457266975490175,-1.9960306130781065,-3.4486356374755056
4145,41.44,0.0,0.0,0.0,0.0,1.417369171592315,-2.0893489410441024,1.8268445947160836,-3.92859948350041,2.0605710675655735,0.029762810552915114,-2.0308082570126604,-3.5067181126364173
4146,41.45,0.0,0.0,0.0,0.0,1.435903545555282,-2.127828728790689,1.880890516937913,-3.7658574484702307,2.074836980736426,0.008675565984018791,-2.0661614147524094,-3.563732274345971
4147,41.46,0.0,0.0,0.0,0.0,1.4550049145613768,-2.164634767629997,1.9403164713656034,-3.5937177894505887,2.0892910277856274,-0.012788186035367315,-2.1020792138209945,-3.619639682191374
4148,41.47,0.0,0.0,0.0,0.0,1.4747292651477426,-2.199669101650689,2.005559516118264,-3.411383010613975,2.103939154953847,-0.0346112248832446,-2.1385503798370937,-3.6743983667984317
4149,41.480000000000004,0.0,0.0,0.0,0.0,1.495136936197799,-2.232825793363813,2.0770517290788617,-3.2180585287720174,2.1187878901503328,-0.056775310446477614,-2.175563200596807,-3.727962729561612
4150,41.49,0.0,0.0,0.0,0.0,1.5162925255545179,-2.2639910917614854,2.1552111222927484,-3.0129816773031624,2.1338443860851175,-0.07926110390353555,-2.213105489988651,-3.7802836173160035
4151,41.5,0.0,0.0,0.0,0.0,1.5382646942164837,-2.293043928645674,2.240430195164634,-2.795458524755975,2.1491164619750496,-0.10204809176424787,-2.2511645537392955,-3.831308622862158
4152,41.51,0.0,0.0,0.0,0.0,1.5611258431108446,-2.319856826251067,2.3330618564238392,-2.564909461970988,2.1646126426765004,-0.12511451685603897,-2.289727159532541,-3.880982669361911
4153,41.52,0.0,0.0,0.0,0.0,1.5849516350692705,-2.3442973078562193,2.433402518692712,-2.3209243146105734,2.180342193835432,-0.14843732082207792,-2.3287795146575068,-3.92924894292549
4154,41.53,0.0,0.0,0.0,0.0,1.6098203332480618,-2.366229909013786,2.54167229443394,-2.063327381632833,2.196315151363551,-0.1719921036457796,-2.368307255009329,-3.976050242261848
4155,41.54,0.0,0.0,0.0,0.0,1.6358119274034983,-2.3855188884373346,2.6579924097492715,-1.79225224386124,2.2125423432612354,-0.19575310670462384,-2.4082954499658573,-4.021330815840833
4156,41.550000000000004,0.0,0.0,0.0,0.0,1.6630070218334723,-2.402031732274532,2.7823602122077533,-1.5082253956999798,2.229035401531499,-0.2196932268261042,-2.4487286283576015,-4.065038754108004
4157,41.56,0.0,0.0,0.0,0.0,1.6914854641734725,-2.4156435310160327,2.9146224843479724,-1.2122567081154145,2.245806761691778,-0.24378406969259656,-2.489590831384371,-4.107128995189505
4158,41.57,0.0,0.0,0.0,0.0,1.7213247033262218,-2.426242282113067,3.054448179976937,-0.9059334415791753,2.2628696472242633,-0.2679960516144339,-2.5308656988386975,-4.147566985439289
4159,41.58,0.0,0.0,0.0,0.0,1.752597878224736,-2.4337351312803994,3.20130215620622,-0.5915130462658682,2.2802380362512906,-0.2922985590324477,-2.5725365952837382,-4.186333009505136
4160,41.59,0.0,0.0,0.0,0.0,1.7853716572116092,-2.4380555100228243,3.354421942672834,-0.27200842339058895,2.297926607826204,-0.31666017497757987,-2.6145867828037854,-4.2234271672344335
4161,41.6,0.0,0.0,0.0,0.0,1.8197038704145216,-2.4391710561490667,3.5128000125967738,0.04874214677657331,2.3159506655370894,-0.34104898094832437,-2.6569996464854118,-4.258874926563588
4162,41.61,0.0,0.0,0.0,0.0,1.8556410037873556,-2.437092120043694,3.6751743211125167,0.3660293347349917,2.334326036673808,-0.3654329411243842,-2.699758977798192,-4.2927331238310495
4163,41.62,0.0,0.0,0.0,0.0,1.893215651798212,-2.431880567070301,3.840029964880291,0.6742607735492536,2.353068946035881,-0.3897803734042091,-2.742849319440092,-4.325096218868513
4164,41.63,0.0,0.0,0.0,0.0,1.9324440535065923,-2.4236584935080825,4.005614603955407,0.9669917435180003,2.3721958645695778,-0.41406050838995356,-2.7862563729595298,-4.356102547014675
4165,41.64,0.0,0.0,0.0,0.0,1.9733238605887673,-2.412616390542253,4.169969702620784,1.2370059017301676,2.3917233343935886,-0.4382441331890396,-2.8299674675826285,-4.385940251131021
4166,41.65,0.0,0.0,0.0,0.0,2.01583230185418,-2.3990202306721686,4.330978663631026,1.476450495377369,2.411667773346742,-0.4623043119219565,-2.873972085268699,-4.414852532526348
4167,41.660000000000004,0.0,0.0,0.0,0.0,2.059924913091411,-2.3832169264588137,4.486431587860059,1.6770263191856547,2.432045263868829,-0.4862171694120596,-2.918262433280889,-4.443141839550225
4168,41.67,0.0,0.0,0.0,0.0,2.105534990601473,-2.365637633894168,4.634104803995855,1.83022756947357,2.4528713326751865,-0.5099627191018589,-2.9628340517770457,-4.47117262449564
4169,41.68,0.0,0.0,0.0,0.0,2.1525738999605184,-2.3467984485021383,4.771851670334393,1.9276212744735333,2.474160729148918,-0.5335257112968056,-3.0076864404457258,-4.499372348462657
4170,41.69,0.0,0.0,0.0,0.0,2.200932329025387,-2.327298171588421,4.897699693173348,1.9611508918694183,2.495927211489105,-0.5568964739223026,-3.052823685411406,-4.528230500613808
4171,41.7,0.0,0.0,0.0,0.0,2.2504825190616446,-2.307812998951279,5.009947981577526,1.9234447662090484,2.518183350276931,-0.5800717155962849,-3.0982550658732126,-4.558295518012923
4172,41.71,0.0,0.0,0.0,0.0,2.301081445526779,-2.289088189305209,5.107258667544102,1.8081081253902753,2.5409403591515214,-0.6030552603503897,3.1391896876776766,-4.590169634831987
4173,41.72,0.0,0.0,0.0,0.0,2.352574857442353,-2.271926983432364,5.188736267702761,1.6099775830962046,2.564207961687186,-0.6258586849768567,3.0931186605155414,-4.624501840874717
4174,41.730000000000004,0.0,0.0,0.0,0.0,2.4048020288009377,-2.2571772441783597,5.253990022705552,1.32531972734591,2.5879943023662704,-0.6485018337050639,3.0466891711082535,-4.6619792729792975
4175,41.74,0.0,0.0,0.0,0.0,2.457601033537362,-2.2457164502107223,5.303175869031309,0.9519599253450289,2.6123059078536577,-0.6710131904652831,2.9998662088606434,-4.7033174837480844
4176,41.75,0.0,0.0,0.0,0.0,2.5108143316341325,-2.238435786976488,5.337016623576298,0.48933324167207665,2.637147702758424,-0.6934300959269157,2.9526075084942445,-4.74925011861062
4177,41.76,0.0,0.0,0.0,0.0,2.5642944495457227,-2.2362241287383298,5.356800902297114,-0.06154453628851822,2.6625230819052788,-0.7157988042354708,2.904863421038838,-4.800518578284052
4178,41.77,0.0,0.0,0.0,0.0,2.6179095520875992,-2.2399526970235093,5.364362982608578,-0.6981822014672745,2.688434039026562,-0.7381743823156646,2.8565768858373612,-4.8578622491111085
4179,41.78,0.0,0.0,0.0,0.0,2.671548731683453,-2.2504611220465076,5.3620470654310735,-1.4167868042039957,2.7148813498899265,-0.7606204622036066,2.807683495086051,-4.922009853729961
4180,41.79,0.0,0.0,0.0,0.0,2.7251268794737973,-2.2685455384700948,5.35266011424674,-2.2124948844744825,2.74186480632326,-0.7832088636850421,2.7581116371712806,-4.993672417943892
4181,41.800000000000004,0.0,0.0,0.0,0.0,2.7785890460511213,-2.2949492308815205,5.339417670118184,-3.079649125461651,2.769383496457276,-0.806019110260758,2.7077827004615482,-5.073538276932641
4182,41.81,0.0,0.0,0.0,0.0,2.831914242990061,-2.330356222063325,5.325886870607241,-4.012108291893734,2.7974361258027787,-0.8291378660030962,2.6566113153737074,-5.1622704650533855
4183,41.82,0.0,0.0,0.0,0.0,2.885118676689397,-2.3753880797906524,5.315930487181351,-5.003579238554328,2.826021373496489,-0.8526583242037963,2.604505609479302,-5.26050675648005
4184,41.83,0.0,0.0,0.0,0.0,2.938258441686299,-2.4306041126272735,5.313655291783211,-6.047961203791096,2.855138278146366,-0.8766795809322138,2.5513674481010025,-5.368862554313573
4185,41.84,0.0,0.0,0.0,0.0,2.991431731275572,-2.4965050352611504,5.323367588395653,-7.139694189639159,2.8847866481369624,-0.9013060278651982,2.4970926311774218,-5.4879367665367225
4186,41.85,0.0,0.0,0.0,0.0,3.0447806496381906,-2.573540109631885,5.349538366909058,-8.274104745141802,2.914967491968127,-0.9266467991709196,2.4415710160405393,-5.618320759270075
4187,41.86,0.0,0.0,0.0,0.0,3.0984927328131393,-2.6621177081289056,5.396780262979382,-9.447743808731952,2.945683465160936,-0.9528153069807833,2.3846865350378703,-5.760610440942045
4188,41.87,0.0,0.0,0.0,0.0,3.152802306591548,-2.762619197578526,5.469838292969382,-10.658712409717143,2.9769393314428227,-0.9799288991983791,2.3263170765383863,-5.915421504170074
4189,41.88,0.0,0.0,0.0,0.0,3.207991827943634,-2.8754160056260063,5.573596085682559,-11.906971968046236,3.0087424373001705,-1.00810867218887,2.266334197690546,-6.08340783356964
4190,41.89,0.0,0.0,0.0,0.0,3.264393371945119,-3.0008897020160163,5.713098919775107,-13.194636564480273,3.0411032005323224,-1.0374794693568123,2.2046026372904475,-6.265283073961135
4191,41.9,0.0,0.0,0.0,0.0,3.3223904358450658,-3.1394549017878877,5.893594116678731,-14.526244565007874,3.0740356151159847,-1.0681700948185497,2.140979597245048,-6.461845337632953
4192,41.910000000000004,0.0,0.0,0.0,0.0,3.3824202312342364,-3.291584766265698,6.1205879741903235,-15.909005687103178,3.107557776412557,-1.100313769299726,2.075313761467305,-6.674004997499934
4193,41.92,0.0,0.0,0.0,0.0,3.444976616314393,-3.457838822068198,6.399916049524491,-17.35301570727409,-3.1414928747934607,-1.1340488529019783,2.0074440218914855,-6.902815438382591
4194,41.93,0.0,0.0,0.0,0.0,3.5106137698152784,-3.638892702047229,6.7378195321698025,-18.871422284323195,-3.106717739378077,-1.1695198560761586,1.9371978833019183,-7.149506471862507
4195,41.94,0.0,0.0,0.0,0.0,3.579950603888331,-3.835569169249634,7.141013508357389,-20.48050798173555,-3.0712682782563694,-1.206878755108649,1.86438952314772,-7.415519773137965
4196,41.95,0.0,0.0,0.0,0.0,3.65367571730145,-4.048869299388613,7.61672105618408,-22.19962401503477,-3.0351041118505173,-1.2462866198822926,1.7888174919682227,-7.702545016690063
4197,41.96,0.0,0.0,0.0,0.0,3.7325523370251164,-4.280001766852337,8.172626763052087,-24.0508494805327,-2.998177605311462,-1.2879155462648288,1.7102620590466329,-8.012554103877452
4198,41.97,0.0,0.0,0.0,0.0,3.8174220732269784,-4.530406456433698,8.816668338669833,-26.058147130839608,-2.9604331017299264,-1.3319508571784573,1.628482244551469,-8.347828529660676
4199,41.980000000000004,0.0,0.0,0.0,0.0,3.9092052274132785,-4.80176551521981,9.556525334041714,-28.24560688652935,-2.9218061325096465,-1.378593484585048,1.5432126479245964,-8.710970742633089
4200,41.99,0.0,0.0,0.0,0.0,4.008893522851286,-5.0959894709970515,10.398563213321545,-30.63406165069032,-2.8822226580114347,-1.4280623508811792,1.4541603071302573,-9.104882993848339
4201,42.0,0.0,0.0,0.0,0.0,4.117527944479204,-5.41515654900398,11.345824758147783,-33.23485031583268,-2.841598447409338,-1.4805964012354966,1.3610020461738428,-9.532684493483185
4202,42.01,0.0,0.0,0.0,0.0,4.236149075892931,-5.7613673061827395,12.394398314432141,-36.03869195221413,-2.7998388041393327,-1.5364556464128631,1.2633831577264714,-9.99751638207567
4203,42.02,0.0,0.0,0.0,0.0,4.365698815459225,-6.136450731725653,13.52711312753157,-38.99645069028463,-2.7568390088101506,-1.5959200768425978,1.1609189319675564,-10.502149547184878
4204,42.03,0.0,0.0,0.0,0.0,4.506839622337686,-6.541418672466453,14.703067191485507,-41.987151995778525,-2.7124861225730172,-1.6592844855495434,1.0532016370234758,-11.048258294804139
4205,42.04,0.0,0.0,0.0,0.0,4.659641005767701,-6.975513960877591,15.84128494564673,-44.76785747641045,-2.666663212887452,-1.72684595502915,0.9398172578583,-11.635154966645292
4206,42.050000000000004,0.0,0.0,0.0,0.0,4.823069247606008,-7.434652907212421,16.79780627515168,-46.90288755162324,-2.6192576434706845,-1.7988789693074472,0.8203786741632355,-12.257722154818428
4207,42.06,0.0,0.0,0.0,0.0,4.99422778523081,-7.909093038216321,17.340081537403197,-47.68368087502687,-2.570175691261112,-1.8755911550724509,0.6945845361886626,-12.903320823447132
4208,42.07,0.0,0.0,0.0,0.0,5.167386828951865,-8.380430288783746,17.134618116015496,-46.08763346803873,-2.519365923889867,-1.9570520222096395,0.5623139016802255,-13.547817117735612
4209,42.08,0.0,0.0,0.0,0.0,5.333100063491561,-8.818823084764785,15.784836837556297,-40.889661803194784,-2.4668522642830824,-2.043091537077979,0.423760727205105,-14.151923148256348
4210,42.09,0.0,0.0,0.0,0.0,5.4781657432291295,-9.182764550771841,12.969604482205382,-31.083997428341323,-2.412772505598346,-2.1331810915844844,0.27959141401386345,-14.66093029400097
4211,42.1,0.0,0.0,0.0,0.0,5.587539186965967,-9.42483522120378,8.686011507743563,-16.63168337734932,-2.3574083258945095,-2.226339387304238,0.13106893859027335,-15.012374408169748
4212,42.11,0.0,0.0,0.0,0.0,5.648667624210825,-9.504950896423054,3.4519749878533297,0.9083873332525048,-2.3011837277060736,-2.321134304656704,-0.01995057695062888,-15.153618520633879
4213,42.12,0.0,0.0,0.0,0.0,5.6565684154278815,-9.40599127305166,-1.785204195898997,18.651209410036476,-2.2446139610971625,-2.4158366777842577,-0.1712227166870989,-15.062559688479542
4214,42.13,0.0,0.0,0.0,0.0,5.616158013927752,-9.141045017012567,-6.078937341195289,33.70401024089021,-2.188214597082816,-2.508697130598259,-0.3204825335154468,-14.75720303094032
4215,42.14,0.0,0.0,0.0,0.0,5.539925182412427,-8.746360487754997,-8.909021847129912,44.47390214850978,-2.1324106328061885,-2.5982237852376944,-0.46581315243150956,-14.286285670167423
4216,42.15,0.0,0.0,0.0,0.0,5.442911903333993,-8.266036373635032,-10.268269888486595,50.931718020893804,-2.077485144139095,-2.6833395042466552,-0.6058543601075584,-13.708948276969025
4217,42.160000000000004,0.0,0.0,0.0,0.0,5.3384456017836825,-7.739044989535809,-10.46336253342295,53.99854725296033,-2.023576746986443,-2.7633904148046273,-0.7398136678181843,-13.077490591319492
4218,42.17,0.0,0.0,0.0,0.0,5.236234310966608,-7.19351154509116,-9.879126788934219,54.823996616146054,-1.9707082277129122,-2.8380600392501893,-0.8673518115372773,-12.429745856057767
4219,42.18,0.0,0.0,0.0,0.0,5.142355427608861,-6.646772091593348,-8.843883675070186,54.37719909015617,-1.9188239149082187,-2.9072577073334944,-0.9884337924252776,-11.78912751920221
4220,42.19,0.0,0.0,0.0,0.0,5.060071235516479,-6.1079276862335945,-7.591501041934436,53.333889858685055,-1.8678222250127363,-2.9710224923726702,-1.1032002673599322,-11.167998921750073
4221,42.2,0.0,0.0,0.0,0.0,4.990743023969907,-5.580675846880194,-6.271913837682907,52.110193157139506,-1.8175791556926755,-3.0294552984321914,-1.2118761427395142,-10.571418870850101
4222,42.21,0.0,0.0,0.0,0.0,4.934553780196793,-5.065548035098347,-4.974871675166316,50.93546228226147,-1.7679634846379426,-3.082676618567122,-1.314713133929176,-10.000101815295139
4223,42.22,0.0,0.0,0.0,0.0,4.890997512917422,-4.561434883779359,-3.751538289252589,49.91797880520512,-1.7188459260305327,-3.1308030476282855,-1.4119571215977529,-9.452432396696782
4224,42.230000000000004,0.0,0.0,0.0,0.0,4.8591822750345015,-4.066544892256535,-2.6300223078257927,49.092262810826135,-1.6701043758084961,3.109249245557349,-1.5038316858137377,-8.925727167291036
4225,42.24,0.0,0.0,0.0,0.0,4.838006901723322,-3.5789759349644554,-1.6253323658933427,48.44995111631583,-1.6216268045827609,3.071026995976487,-1.5905315066203385,-8.416982836687778
4226,42.25,0.0,0.0,0.0,0.0,4.826259735199669,-3.097039878179116,-0.7452844745838391,47.95910541145028,-1.5733128069719755,3.0376510077967662,-1.6722214924108427,-7.923299613378786
4227,42.26,0.0,0.0,0.0,0.0,4.82267255531803,-2.6194336981799804,0.006245101113135849,47.576204852837975,-1.5250744097825728,3.0090718302238937,-1.7490390671731162,-7.44210625349801
4228,42.27,0.0,0.0,0.0,0.0,4.825950876207556,-2.145314472141702,0.6277076096645057,47.25376396472156,-1.4768364727237988,2.985250775162781,-1.8210980592930084,-6.971265348349258
4229,42.28,0.0,0.0,0.0,0.0,4.834793371713531,-1.6743121751680574,1.119228543079235,46.945376411236445,-1.4285368485022087,2.9661552102054696,-1.8884932484719044,-6.509105546881589
4230,42.29,0.0,0.0,0.0,0.0,4.847907620806448,-1.2065005026074276,1.4824649556171656,46.60918213103977,-1.3801263713144079,2.951753946655918,-1.9513049892092638,-6.054408123413876
4231,42.300000000000004,0.0,0.0,0.0,0.0,4.8640257024096325,-0.7423387146336573,1.720678686656368,46.210247757322406,-1.3315686904361308,2.942013073272788,-2.009603543470669,-5.60636441704329
4232,42.31,0.0,0.0,0.0,0.0,4.881920771106415,-0.2825941893220255,1.8388343838978212,45.7220635107175,-1.2828399431636268,2.9368924753844095,-2.0634528886315464,-5.16451496042844
4233,42.32,0.0,0.0,0.0,0.0,4.900424229101279,0.1717459010508514,1.8436068578807736,45.127228999357705,-1.2339282582595215,2.9363431896150782,-2.112913859304983,-4.728678328050428
4234,42.33,0.0,0.0,0.0,0.0,4.918442264633115,0.6195658975840629,1.7432421057014462,44.417373249214364,-1.1848330896268569,2.9403056631494504,-2.158046554403279,-4.298876367049052
4235,42.34,0.0,0.0,0.0,0.0,4.934970220569215,1.0597086357204866,1.5472644803173219,43.59238669764589,-1.1355643941652684,2.9487089101741955,-2.198912002840119,-3.8752615848487286
4236,42.35,0.0,0.0,0.0,0.0,4.949103372885075,1.491051834220673,1.2660585770338073,42.659097402454854,-1.0861416828477748,2.9614704898020303,-2.235573134529781,-3.458051538664402
4237,42.36,0.0,0.0,0.0,0.0,4.960043108642443,1.9125692029876964,0.910376881099482,41.629571474143205,-1.03659298639626,2.978497174612462,-2.268095146170866,-3.047473905654747
4238,42.37,0.0,0.0,0.0,0.0,4.967098057058327,2.3233735216013303,0.49083266976117584,40.519241010369804,-0.9869537842892718,2.999686141562604,-2.296545381327712,-2.6437245354569967
4239,42.38,0.0,0.0,0.0,0.0,4.969680312144662,2.722740963215988,0.0174338756031044,39.34505588247385,-0.9372659473425372,3.024926499711766,-2.320992860125281,-2.2469393489286746
4240,42.39,0.0,0.0,0.0,0.0,4.967297386046062,3.110117755806084,-0.5007987216005211,38.123822932307384,-0.8875767401126802,3.0541009713097704,-2.3415075957571374,-1.857179630239978
4241,42.4,0.0,0.0,0.0,0.0,4.9595408854190755,3.485111674587521,-1.0561020041219562,36.870847799001695,-0.8379379210796221,3.0870875611311543,-2.35815982496881,-1.4744292108315546
4242,42.410000000000004,0.0,0.0,0.0,0.0,4.946073089633243,3.847471749406099,-1.6421191205996128,35.5989424140495,-0.7884049675724119,3.1237610787599888,-2.3710192608471856,-1.0986013402271442
4243,42.42,0.0,0.0,0.0,0.0,4.926612644972528,4.19705996102721,-2.253929079466427,34.317814696722586,-0.7390364403249188,-3.1191908924729024,-2.3801544521479854,-0.7295526839453181
4244,42.43,0.0,0.0,0.0,0.0,4.900920509725489,4.5338186785723975,-2.8879695722356744,33.03382168645176,-0.689893490724613,-3.0755257980158976,-2.385632307291283,-0.36710183115309114
4245,42.44,0.0,0.0,0.0,0.0,4.868787133292613,4.857737279335981,-3.5418705125852,31.75004472645655,-0.6410395031848216,-3.0285573188174286,-2.387517815632607,-0.011049853956631495
4246,42.45,0.0,0.0,0.0,0.0,4.830021665116955,5.168820912606054,-4.214217842480799,30.46663376392186,-0.5925398561577269,-2.978413831576214,-2.3858739754184852,0.3387992474890993
4247,42.46,0.0,0.0,0.0,0.0,4.784443791890769,5.467063816172008,-4.904267314762234,29.181364112867563,-0.5444617783337127,-2.9252236962592395,-2.380761917925527,0.6826200242812384
4248,42.47,0.0,0.0,0.0,0.0,4.731878606970732,5.752429028162295,-5.611627414234703,27.890349553207006,-0.49687427156434133,-2.8691154726011394,-2.3722412010368017,1.0205504211915626
4249,42.480000000000004,0.0,0.0,0.0,0.0,4.672154726655186,6.024835784449747,-6.3359301845835425,26.588857427028767,-0.44984806895779045,-2.8102183019076765,-2.3603702329498844,1.3526810577945616
4250,42.49,0.0,0.0,0.0,0.0,4.6051056800571795,6.284155355335773,-7.076508874219619,25.27217257523408,-0.4034555953864865,-2.748662373095451,-2.345206777708968,1.679049675278594
4251,42.5,0.0,0.0,0.0,0.0,4.530574407435856,6.530215544566645,-7.832101905436143,23.936456961383072,-0.35777089833378156,-2.684579387016351,-2.3268084886825675,1.999641137130789
4252,42.51,0.0,0.0,0.0,0.0,4.4484205037964575,6.762813539369316,-8.600603205413,22.579551274920494,-0.3128695196446879,-2.6181029335530344,-2.3052334139083483,2.3143930355728584
4253,42.52,0.0,0.0,0.0,0.0,4.358529644584064,6.981736263507284,-9.378878650023005,21.201665195620844,-0.26882828337876014,-2.549368701770449,-2.280540418391689,2.62320661892322
4254,42.53,0.0,0.0,0.0,0.0,4.260824440767818,7.186786865212325,-10.162666438116304,19.80590624516026,-0.22572498155970294,-2.4785144545172546,-2.2527894729575535,2.9259624244445064
4255,42.54,0.0,0.0,0.0,0.0,4.155275811467039,7.377815505877474,-10.946574990110772,18.39860498245772,-0.18363794797335103,-2.405679714946581,-2.2220417669732284,3.222539694410435
4256,42.550000000000004,0.0,0.0,0.0,0.0,4.041913858017428,7.554752255107054,-11.724185216445711,16.989407673802152,-0.14264551986282697,-2.3310051326811507,-2.1883596128183256,3.5128383970896264
4257,42.56,0.0,0.0,0.0,0.0,3.920837198053227,7.717639698292712,-12.488255072494209,15.591126197177623,-0.10282539773078318,-2.254631520442972,-2.151806122712189,3.796802500239485
4258,42.57,0.0,0.0,0.0,0.0,3.7922197892962903,7.866662869393594,-13.231014164865623,14.219357096095584,-0.06425392360194819,-2.176698576057939,-2.1124446524559928,4.0744430800973035
4259,42.58,0.0,0.0,0.0,0.0,3.6563144456266956,8.002174355332446,-13.944526239233326,12.89190441490319,-0.027005307021378537,-2.097343327640937,-2.0703380206195603,4.345859909705751
4260,42.59,0.0,0.0,0.0,0.0,3.513452512352629,8.124712867099676,-14.621089288653533,11.628060601148542,0.008849165217275478,-2.0166983592211896,-2.025547524438467,4.611260354747047
4261,42.6,0.0,0.0,0.0,0.0,3.364039497513229,8.235014187876912,-15.25363819904039,10.447812901598356,0.04324189589706458,-1.934889888151462,-1.97813178404853,4.870974690363683
4262,42.61,0.0,0.0,0.0,0.0,3.208546813972002,8.334014111785294,-15.83611414702471,9.371046863511324,0.07610968079306298,-1.8520357730582706,-1.92814545385133,5.125467297813292
4263,42.62,0.0,0.0,0.0,0.0,3.0475001308737317,8.422843682868503,-16.363768423429295,8.416812910898736,0.10739431200876079,-1.7682435314292582,-1.8756378434380152,5.375343551994772
4264,42.63,0.0,0.0,0.0,0.0,2.88146512451465,8.502817637131967,-16.833375165114056,7.602707311546441,0.1370430510653597,-1.6836084397475892,-1.8206514908129505,5.621352512617317
4265,42.64,0.0,0.0,0.0,0.0,2.7110316312633223,8.575417360567297,-17.243336160828285,6.944397315878879,0.16500895061085735,-1.598211777826757,-1.7632207284376178,5.864385729303974
4266,42.65,0.0,0.0,0.0,0.0,2.536797329126073,8.6422698477753,-17.593669623610015,6.455294556837565,0.19125101433528566,-1.5121192647959936,-1.703370279131279,6.1054725186492265
4267,42.660000000000004,0.0,0.0,0.0,0.0,2.359352118725923,8.7051240503646,-17.88588176499241,6.14635341559995,0.2157341962223049,-1.4253797195915272,-1.641113915813834,6.3457719316386765
4268,42.67,0.0,0.0,0.0,0.0,2.179264364730074,8.765825633222844,-18.122723620058185,6.0259434433692665,0.23842925195708406,-1.3380239665409892,-1.576453218498075,6.586561268492771
4269,42.68,0.0,0.0,0.0,0.0,1.997070134356093,8.826290509029397,-18.307834747549542,6.099717080897943,0.25931246679172965,-1.2500639994538594,-1.5093764662455853,6.829220374673303
4270,42.69,0.0,0.0,0.0,0.0,1.813266578502576,8.888476588103373,-18.445269520746514,6.3703642791698645,0.2783652955306634,-1.16149241834834,-1.4398577138790016,7.075210009600797
4271,42.7,0.0,0.0,0.0,0.0,1.6283106954490436,8.954351930995712,-18.538890543891792,6.837111468870639,0.295573962133234,-1.0722821645356095,-1.3678561266688418,7.326041235546668
4272,42.71,0.0,0.0,0.0,0.0,1.4426249483472673,9.025855865170493,-18.59159766831884,7.494780818557614,0.3109290798523392,-0.9823866056943605,-1.2933156855467032,7.583230916823226
4273,42.72,0.0,0.0,0.0,0.0,1.2566116184056058,9.104847544777867,-18.60434166555202,8.33217625366477,0.32442536943192607,-0.8917400669524814,-1.2161654363844092,7.848235926372261
4274,42.730000000000004,0.0,0.0,0.0,0.0,1.0706783819261463,9.193033837714141,-18.574852944065867,9.329511753962993,0.33606157458038544,-0.8002589717540847,-1.1363205463344683,8.122355455787995
4275,42.74,0.0,0.0,0.0,0.0,0.8852783514950532,9.291865398189438,-18.496007535434426,10.454568185239316,0.34584070251122645,-0.7078438523318715,-1.053684554843096,8.406587046694385
4276,42.75,0.0,0.0,0.0,0.0,0.700968521894117,9.402386791304034,-18.35377596630598,11.657314731113912,0.35377075344129366,-0.6143826163959594,-0.9681533698372548,8.701418269409917
4277,42.76,0.0,0.0,0.0,0.0,0.5184907107615828,9.52502489865041,-18.124796347859444,12.862978627481938,0.35986614388695193,-0.5197556082382794,-0.879621752125233,9.006534187888827
4278,42.77,0.0,0.0,0.0,0.0,0.33887764078520505,9.659302492193985,-17.773849778430353,13.964201740238037,0.3641500642563921,-0.4238431523264927,-0.7879932165828847,9.32042485140878
4279,42.78,0.0,0.0,0.0,0.0,0.16358191513110573,9.803476312609462,-17.25198526867211,14.814277592663013,0.3666580171396059,-0.3265363476426321,-0.693194364782238,9.639894397478356
4280,42.79,0.0,0.0,0.0,0.0,-0.005385402831886252,9.954129552157633,-16.49680236307958,15.225744551199261,0.36744271135727885,-0.22775175386437693,-0.595194465221654,9.959514954989519
4281,42.800000000000004,0.0,0.0,0.0,0.0,-0.16533958661353798,10.105805752397385,-15.437315399756383,14.98149440065191,0.3665802631170183,-0.12745004997442974,-0.49403031309144446,10.271145339010923
4282,42.81,0.0,0.0,0.0,0.0,-0.31289066097539237,10.25085340933141,-14.006254412337036,13.86722039776892,0.36417719311008895,-0.025657478230608002,-0.38983467134069516,10.563744070306804
4283,42.82,0.0,0.0,0.0,0.0,-0.44407935130868115,10.379727154813576,-12.161227210042119,11.730361180440283,0.36037697564929116,0.07751322000255616,-0.2828637556467314,10.823806506122256
4284,42.83,0.0,0.0,0.0,0.0,-0.5547578125918177,10.481983632022416,-9.911355582707527,8.55691918548421,0.3553640499920756,0.18184820491011583,-0.17351584508195975,11.036741444614234
4285,42.84,0.0,0.0,0.0,0.0,-0.6412216843792247,10.548015084150908,-7.3384766860844906,4.53515771494284,0.349362722329642,0.2870316958693502,-0.06233102646029357,11.189236768530133
4286,42.85,0.0,0.0,0.0,0.0,-0.7009618660549853,10.571163686289786,-4.597404253243701,0.06065545858317285,0.34262897401366343,0.3926648575599268,0.050035883546263406,11.272125552344772
4287,42.86,0.0,0.0,0.0,0.0,-0.7332705591183734,10.549460791234665,-1.8863158541187923,-4.344611022452178,0.3354352318397704,0.4983046699961642,0.16286943815639032,11.282731350353039
4288,42.87,0.0,0.0,0.0,0.0,-0.739431342759001,10.486207747554959,0.6036484204114841,-8.173914046245615,0.3280509848010981,0.6035149041489924,0.2754639193478979,11.22563909031396
4289,42.88,0.0,0.0,0.0,0.0,-0.7224004855232511,10.389123056539463,2.7352577867413266,-11.067850345976867,0.3207240735114438,0.7079156573527124,0.3871915838412704,11.111523542062713
4290,42.89,0.0,0.0,0.0,0.0,-0.6861329592286132,10.268494223269625,4.447063678543429,-12.874666695124706,0.31366715120248534,0.8112187863726186,0.49755163517013157,10.954627182498239
4291,42.9,0.0,0.0,0.0,0.0,-0.634838071266694,10.135150419380544,5.746621951937661,-13.628870302448497,0.30705147498769797,0.9132432828124786,0.6061918078247842,10.769988490647238
4292,42.910000000000004,0.0,0.0,0.0,0.0,-0.5723998514319765,9.998920381504584,6.686946912526336,-13.483263077176806,0.30100745663653633,1.0139124134213284,0.7129049567847957,10.57132023293656
4293,42.92,0.0,0.0,0.0,0.0,-0.5020533809533206,9.867818991955762,7.340967070764775,-12.637170547468399,0.29562974645134465,1.1132390508713124,0.817609304419966,10.369872372909082
4294,42.93,0.0,0.0,0.0,0.0,-0.42628701941081404,9.747859175039252,7.782693649367182,-11.28530904733694,0.29098436849885395,1.2113061686427835,0.9203218001439294,10.174146194450067
4295,42.94,0.0,0.0,0.0,0.0,-0.3468897892435073,9.643248284585884,8.076894612270467,-9.591507582468418,0.2871160369490879,1.3082475843294483,1.0211315473803622,9.99013807382939
4296,42.95,0.0,0.0,0.0,0.0,-0.2650669490315318,9.556747534573844,8.275323987223516,-7.680975193773126,0.2840546030080992,1.4042316365756002,1.1201770335674992,9.821814483605376
4297,42.96,0.0,0.0,0.0,0.0,-0.18157207371040535,9.490050635843293,8.416763096718615,-5.642947562373904,0.28182023181378874,1.49944863887635,1.2176284070625611,9.671622709553699
4298,42.97,0.0,0.0,0.0,0.0,-0.096828962703035,9.44411068114901,8.528730740376378,-3.5376050449452823,0.28042729547776574,1.5941018966103309,1.3136746011325668,9.540939643852045
4299,42.980000000000004,0.0,0.0,0.0,0.0,-0.011033772015651469,9.419391890902665,8.629577511706835,-1.403794381522429,0.27988714272349874,1.6884016239361992,1.408514481212704,9.430425662918315
4300,42.99,0.0,0.0,0.0,0.0,0.0757628987040567,9.416047054815888,8.730335592648352,0.7339704509712762,0.28020994946698197,1.7825610006218449,1.5023510511548592,9.340284156111831
4301,43.0,0.0,0.0,0.0,0.0,0.16359009005758318,9.434030556732258,8.83608372875001,2.8596353446811285,0.2814058334230806,1.8767936718053002,1.5953878383822213,9.270440466674675
4302,43.01,0.0,0.0,0.0,0.0,0.2525015421050443,9.473157907523442,8.946777878767207,4.960735860424386,0.28348536888148373,1.9713121021852495,1.687826733303764,9.220656365418398
4303,43.02,0.0,0.0,0.0,0.0,0.34252648638156047,9.533120267774985,9.057574479183744,7.024205117258248,0.2864595849682429,2.0663262948370242,1.7798667098687828,9.190593781393424
4304,43.03,0.0,0.0,0.0,0.0,0.43362133817909326,9.613458941298438,9.158696261910954,9.032502999105375,0.2903394801421526,2.162042452430681,1.8717029722885299,9.179837603119344
4305,43.04,0.0,0.0,0.0,0.0,0.525617998334029,9.713501462601927,9.234899058625553,10.95976267231578,0.2951350399883323,2.2586611912109458,1.963526151222615,9.187883464267898
4306,43.050000000000004,0.0,0.0,0.0,0.0,0.6181651402335563,9.832258385860337,9.26461827694643,12.767766466769626,0.3008537056276785,2.356374920783002,2.0555212151553217,9.214093245626781
4307,43.06,0.0,0.0,0.0,0.0,0.7106598772395398,9.96827891621745,9.218927689032608,14.40176317064302,0.3074982084661175,2.4553639873254745,2.147865778859354,9.25761903897791
4308,43.07,0.0,0.0,0.0,0.0,0.8021690245237928,10.119465177083645,9.060552727255466,15.786472763290275,0.315063669140549,2.5557911647415685,2.2407274956010195,9.317296152559853
4309,43.08,0.0,0.0,0.0,0.0,0.8913424450382149,10.282850827147271,8.743364725109453,16.82315345259614,0.32353386550052177,2.657794101386505,2.3342602358859836,9.391508382109057
4310,43.09,0.0,0.0,0.0,0.0,0.9763264804501963,10.454362071661444,8.21304259839898,17.389356966182312,0.3328766247479495,2.761475442541252,2.428598817793299,9.478035591211249
4311,43.1,0.0,0.0,0.0,0.0,1.0546937792103481,10.628599731077838,7.409872824928773,17.343869206592053,0.34303841404784086,2.866890625073521,2.523852211025682,9.57390595186749
4312,43.11,0.0,0.0,0.0,0.0,1.1234165102593232,10.79870950787944,6.274808876628326,16.53993613162298,0.3539384191683594,2.9740338647176237,2.620095445549266,9.675292997620117
4313,43.12,0.0,0.0,0.0,0.0,1.178920233930029,10.956437523851863,4.759618485116915,14.849388128697159,0.36546272444544264,3.0828236815178562,2.7173609570724135,9.777517289921834
4314,43.13,0.0,0.0,0.0,0.0,1.2172591537550934,11.092483063275075,2.840810081095102,12.197559021034994,0.3774596068265974,-3.090094930506455,2.8156307698465337,9.875223909519981
4315,43.14,0.0,0.0,0.0,0.0,1.2344403071876782,11.197233591201991,0.5348557681739721,8.603265280188529,0.389737316297468,-2.978616401184953,2.9148315896971635,9.962793284014314
4316,43.15,0.0,0.0,0.0,0.0,1.2268860934434653,11.261873648558128,-2.0904059122804783,4.210901057211862,0.4020658217599293,-2.8662842685112175,3.014835216908436,10.034987555114663
4317,43.160000000000004,0.0,0.0,0.0,0.0,1.191964516940165,11.279703464479603,-4.914670795282998,-0.702541419978832,0.41418360671357973,-2.7535354445690907,3.1154662558969175,10.087738947539439
4318,43.17,0.0,0.0,0.0,0.0,1.128458482226364,11.247345387001694,-7.778797831931546,-5.758008679501428,0.4258095854662289,-2.6408580790648366,-3.066667664531062,10.11888690477533
4319,43.18,0.0,0.0,0.0,0.0,1.036828368174309,11.165460723336617,-10.511656436171414,-10.539672293207808,0.4366587888966377,-2.5287542097378495,-2.965412998634486,10.128632355162308
4320,43.19,0.0,0.0,0.0,0.0,0.9191726115906417,11.038721541196388,-12.961861680256435,-14.67399008887374,0.44645920669834765,-2.4176988548698564,-2.8641580615682063,10.119548929605747
4321,43.2,0.0,0.0,0.0,0.0,0.7788936273878084,10.875044762066299,-15.023207490170345,-17.893589501381722,0.4549667095309782,-2.3081032029139856,-2.763069912444964,10.09615113467849
4322,43.21,0.0,0.0,0.0,0.0,0.62017611242176,10.684355168533157,-16.646008688690223,-20.06564524864728,0.46197557478435547,-2.20028811254195,-2.6622636873263037,10.064179056111398
4323,43.22,0.0,0.0,0.0,0.0,0.4474284902040154,10.47725815921695,-17.833589757058323,-21.182749413848164,0.46732348727664025,-2.0944707464136862,-2.56179423369033,10.029829669012935
4324,43.230000000000004,0.0,0.0,0.0,0.0,0.26481428339445034,10.263940844599361,-18.628921013623373,-21.329244888820813,0.4708913219427156,-1.9907635401214798,-2.4616548620641954,9.99912656120491
4325,43.24,0.0,0.0,0.0,0.0,0.07593803055603872,10.05345961906434,-19.098129342735984,-20.6402830980786,0.4725989869497637,-1.8891822883988874,-2.3617812753486493,9.977521588508301
4326,43.25,0.0,0.0,0.0,0.0,-0.11631062038919941,9.853417230793644,-19.315970246587636,-19.266390181172014,0.47239893323553644,-1.7896593622062746,-2.262058295441813,9.969727851182844
4327,43.26,0.0,0.0,0.0,0.0,-0.30978808454092494,9.669940753885045,-19.355579580369522,-17.349092395923858,0.4702687643371663,-1.6920585584449932,-2.162327322782156,9.97972883842597
4328,43.27,0.0,0.0,0.0,0.0,-0.5030480519768572,9.507846511667257,-19.2826242277589,-15.007592721798556,0.4662039709693029,-1.5961891431009385,-2.0623931140702414,10.010894563644115
4329,43.28,0.0,0.0,0.0,0.0,-0.6952522720108201,9.370893570315612,-19.152859122688877,-12.333853932598284,0.46021138401349176,-1.501817732251967,-1.9620291162654568,10.066145842326431
4330,43.29,0.0,0.0,0.0,0.0,-0.8860686863675521,9.262057319694364,-19.011838011049807,-9.393025373061766,0.4523036008693668,-1.4086774931751642,-1.8609810940445275,10.148126006061917
4331,43.300000000000004,0.0,0.0,0.0,0.0,-1.0755728060172483,9.18378240619688,-18.895693932293334,-6.226828779761565,0.442494423168918,-1.3164746882327543,-1.7589691114016706,10.259355212214128
4332,43.31,0.0,0.0,0.0,0.0,-1.2641587720293452,9.13819325516408,-18.832182493005377,-2.858503100720803,0.43079523449054363,-1.22489288849579,-1.6556881229863354,10.402352027193425
4333,43.32,0.0,0.0,0.0,0.0,-1.4524596491307686,9.127249629287071,-18.841399176238763,0.701152000882641,0.41721221858345764,-1.1335953478131935,-1.550807566396651,10.57970927841784
4334,43.33,0.0,0.0,0.0,0.0,-1.6412712050490381,9.152835015239885,-18.935677929314473,4.446254826199971,0.40174435040468154,-1.0422261448460568,-1.44397049525074,10.794106220288924
4335,43.34,0.0,0.0,0.0,0.0,-1.8314684158590462,9.216757759862352,-19.118138903172554,8.365640575835274,0.38438217447529993,-0.9504108551588736,-1.3347930296341717,11.048226175721398
4336,43.35,0.0,0.0,0.0,0.0,-2.0238978929351297,9.32062841902822,-19.37919052683883,12.42787212594978,0.36510752152603443,-0.8577577909811844,-1.2228653125072189,11.34452631196335
4337,43.36,0.0,0.0,0.0,0.0,-2.2192213426115175,9.465550851515417,-19.690062512482374,16.55839392256752,0.34389452095936823,-0.7638613332645529,-1.1077558542239192,11.684772194126934
4338,43.37,0.0,0.0,0.0,0.0,-2.41767518658083,9.651530424271638,-19.99234879388418,20.60521662664634,0.3207125646401549,-0.6683096716278762,-0.9890222362680292,12.069205610852467
4339,43.38,0.0,0.0,0.0,0.0,-2.6187032545839117,9.876471087859407,-20.18313135555798,24.290991387445008,0.29553227225388445,-0.570700404409751,-0.8662326766636371,12.495174342443319
4340,43.39,0.0,0.0,0.0,0.0,-2.8204255655214348,10.134641172613348,-20.097822216057054,27.1567045853196,0.268335930224921,-0.47066875446475587,-0.739004684689677,12.955066738134782
4341,43.4,0.0,0.0,0.0,0.0,-3.018956626848011,10.414626464093029,-19.499552780788644,28.522248842048697,0.23913404977725203,-0.36793383131110113,-0.6070678810883495,13.43358309094104
4342,43.410000000000004,0.0,0.0,0.0,0.0,-3.207731587602132,10.69721503833464,-18.096029330939423,27.526352557308122,0.20798893178599215,-0.2623663655758244,-0.4703552973618148,13.904946625936773
4343,43.42,0.0,0.0,0.0,0.0,-3.3772699722934223,10.954481970879556,-15.615568656519162,23.343499332481972,0.17504327582154697,-0.1540730716854477,-0.3291163475069911,14.331751943172979
4344,43.43,0.0,0.0,0.0,0.0,-3.516081440409653,11.152209726298233,-11.95784186748152,15.63048878305919,0.1405460645212719,-0.04347539867598947,-0.18402146319726315,14.668291166707887
4345,43.44,0.0,0.0,0.0,0.0,-3.613250262475655,11.257341716804454,-7.359822235603959,5.029839093068115,0.10486112211446169,0.06866061950439707,-0.0362005026100664,14.870591979280109
4346,43.45,0.0,0.0,0.0,0.0,-3.6621348447523965,11.24888834314094,-2.4241938565611063,-6.730360069156172,0.06844310449768494,0.18128968018200944,0.11284657568432097,14.911023187893337
4347,43.46,0.0,0.0,0.0,0.0,-3.663142141032497,11.126211342305762,2.0954227063006,-17.46615111388687,0.03177909462509682,0.2932545534126709,0.26147545878757766,14.789353483338258
4348,43.47,0.0,0.0,0.0,0.0,-3.623568314134571,10.908631978719848,5.625029040354216,-25.51870821874654,-0.004683837395392623,0.4034957995387081,0.408179636934099,14.53220029285442
4349,43.480000000000004,0.0,0.0,0.0,0.0,-3.554668415498006,10.626824602693198,7.956827541635782,-30.304675776671704,-0.04059442589381362,0.5112129084476229,0.5518073343414382,14.181493018191205
4350,43.49,0.0,0.0,0.0,0.0,-3.468077094324811,10.312346759776222,9.199444100523618,-32.16047707223538,-0.07571848778464711,0.6159241868197873,0.6916426746044362,13.780423854101034
4351,43.5,0.0,0.0,0.0,0.0,-3.3734402198275695,9.990828058147873,9.613792978380422,-31.851662923649528,-0.10992951105201293,0.7174374527150299,0.827366963767039,13.364268277975443
4352,43.51,0.0,0.0,0.0,0.0,-3.2776391716769386,9.679878455458573,9.474754881853752,-30.16720364095666,-0.14318373671838683,0.8157769193323409,0.9589606560507259,12.95751762713551
4353,43.52,0.0,0.0,0.0,0.0,-3.185042025342813,9.38996973903578,9.00438112955847,-27.730341953889337,-0.17549321320584582,0.9111058290537363,1.086599042259584,12.575011764378594
4354,43.53,0.0,0.0,0.0,0.0,-3.0981317174210394,9.126345442922325,8.358118181837769,-24.966059806207298,-0.20690368910537288,1.0036643492289392,1.2105680383343138,12.224477160343366
4355,43.54,0.0,0.0,0.0,0.0,-3.018131825829308,8.89085395857522,7.634912020077392,-22.136553762661975,-0.23747897479368388,1.0937267503728427,1.3312057251665248,11.908985784404528
4356,43.550000000000004,0.0,0.0,0.0,0.0,-2.9454933904707277,8.68332836139587,6.892888499593841,-19.39060072861847,-0.26729091361053264,1.181574765172575,1.4488656787831058,11.628821751866596
4357,43.56,0.0,0.0,0.0,0.0,-2.880231712235014,8.502501949648796,6.163042024285431,-16.805335938997537,-0.29641345455954543,1.2674823612088892,1.5638958157684382,11.38273366188381
4358,43.57,0.0,0.0,0.0,0.0,-2.8221450150590845,8.346566230598812,5.459135317770777,-14.415990191618533,-0.3249194707336583,1.3517077809663482,1.676627251700003,11.168711245657896
4359,43.58,0.0,0.0,0.0,0.0,-2.7709517333357447,8.213485442584613,4.784215877247628,-12.235324704689758,-0.3528793292828803,1.4344898585080492,1.7873691877909277,10.984437175920357
4360,43.59,0.0,0.0,0.0,0.0,-2.726375703300092,8.101155842891975,4.134675610738534,-10.26571908962226,-0.38036055329610413,1.5160466439595246,1.8964071972556322,10.827531546192066
4361,43.6,0.0,0.0,0.0,0.0,-2.6881993987164106,8.00747019822236,3.502708745842637,-8.506387273092127,-0.4074281624679058,1.5965751062764801,2.0040032687443894,10.695669596938771
4362,43.61,0.0,0.0,0.0,0.0,-2.6562977779422945,7.930327267481513,2.877825366128883,-6.957371681145602,-0.4341454413095254,1.6762511790307904,2.1103966203403157,10.586625045423807
4363,43.62,0.0,0.0,0.0,0.0,-2.630659629374698,7.867613379710346,2.2479084305117665,-5.621230542083921,-0.46057497951941656,1.7552297422768155,2.2158047217962302,10.498273009085045
4364,43.63,0.0,0.0,0.0,0.0,-2.611399038460088,7.817176979913126,1.6001872917711437,-4.502782042336333,-0.48677987572318904,1.8336443688434279,2.320424244566615,10.428576018373214
4365,43.64,0.0,0.0,0.0,0.0,-2.598756296286654,7.7768152883443005,0.9224172218367405,-3.6069240513775505,-0.5128250048127901,1.91160686060879,2.42443186542158,10.375571584630954
4366,43.65,0.0,0.0,0.0,0.0,-2.593085130248298,7.744292720319695,0.20445637177541515,-2.9344602982753765,-0.5387782293009438,1.9892067935452622,2.5279850228462077,10.337377850567993
4367,43.660000000000004,0.0,0.0,0.0,0.0,-2.594821980435334,7.717410419339474,-0.5597356922947105,-2.476128205854145,-0.564711396732451,2.0665114875225306,2.6312228842549796,10.312232399774809
4368,43.67,0.0,0.0,0.0,0.0,-2.6044340818817284,7.694141218559284,-1.369927605588282,-2.2057105279693374,-0.5907009253285573,2.143566990928979,2.7342679162575347,10.298575300441012
4369,43.68,0.0,0.0,0.0,0.0,-2.6223473403721353,7.67283066432813,-2.217874204189416,-2.074110253442811,-0.6168277658538776,2.2204007532399763,2.8372285190938538,10.295178004700265
4370,43.69,0.0,0.0,0.0,0.0,-2.648862533469301,7.652441322699728,-3.086879548087047,-2.007104040124949,-0.6431765729829048,2.2970265549144933,2.940203127897396,10.301303856169028
4371,43.7,0.0,0.0,0.0,0.0,-2.6840772480881365,7.632789932695461,-3.953486459557325,-1.909357549454746,-0.6698340496175512,2.373451896831829,3.0432859464493784,10.316867180783598
4372,43.71,0.0,0.0,0.0,0.0,-2.7278366968788763,7.614708490814268,-4.791524116431069,-1.6755278433388057,-0.6968866352989207,2.4496874400484976,-3.1366112318321644,10.342545187693144
4373,43.72,0.0,0.0,0.0,0.0,-2.779733997690763,7.600066904876969,-5.577733721194687,-1.2061953341819713,-0.7244179369332255,2.525757404541513,-3.033009965704851,10.379800902567732
4374,43.730000000000004,0.0,0.0,0.0,0.0,-2.8391678173828163,7.5916325511068985,-6.297293296783436,-0.4235720681159499,-0.7525064499801375,2.601709377134204,-2.928969480065243,10.430800368489715
4375,43.74,0.0,0.0,0.0,0.0,-2.905446959698564,7.592797690702781,-6.94741972909295,0.7185873114032094,-0.7812241068453898,2.6776220059193085,-2.8243391944148915,10.498244650401345
4376,43.75,0.0,0.0,0.0,0.0,-2.9779166063192313,7.607251596808701,-7.538031355042623,2.2340573924602194,-0.8106360039405165,2.753609617465299,-2.718939685773771,10.585168203127932
4377,43.76,0.0,0.0,0.0,0.0,-3.0560770164891538,7.638687145741603,-8.089717242144333,4.111552724237045,-0.8408013759079211,2.8298236580624425,-2.612560273209221,10.694764162230756
4378,43.77,0.0,0.0,0.0,0.0,-3.139673231912477,7.690609022918833,-8.630209621999617,6.326918127018765,-0.8717756243464446,2.9064516691012776,-2.5049580137318674,10.83028225483131
4379,43.78,0.0,0.0,0.0,0.0,-3.2287479693725616,7.76626982548742,-9.19076105332684,8.855875448832128,-0.9036130603110686,2.98371497936454,-2.3958572675039793,10.995017794859981
4380,43.79,0.0,0.0,0.0,0.0,-3.323662166430083,7.868723124926998,-9.803408885112761,11.684321897730966,-0.9363700065973846,3.0618663635736474,-2.2849489370085525,11.19238529135708
4381,43.800000000000004,0.0,0.0,0.0,0.0,-3.4250943039751878,8.000961663762354,-10.49947397421913,14.81499997341975,-0.970107989067801,3.141188687492329,-2.171888630619458,11.426055967737542
4382,43.81,0.0,0.0,0.0,0.0,-3.534030314689634,8.166104502940374,-11.309117845899168,18.270713799543266,-1.0048968652997723,-3.061190098635843,-2.0562932333360724,11.700134817630008
4383,43.82,0.0,0.0,0.0,0.0,-3.65175240164917,8.36760174353042,-12.261468400214781,22.094722774279965,-1.0408178421195697,-2.9785534478873594,-1.9377356057677861,12.01935414517959
4384,43.83,0.0,0.0,0.0,0.0,-3.7798291746500268,8.60943031329063,-13.384626276977718,26.3485169063677,-1.0779663888908542,-2.8937037519168336,-1.815737363025976,12.389259487940658
4385,43.84,0.0,0.0,0.0,0.0,-3.9201014354710075,8.896250774075087,-14.704593780105066,31.105914685349635,-1.1164550393698929,-2.8062150108462895,-1.6897599714763933,12.816352209546094
4386,43.85,0.0,0.0,0.0,0.0,-4.074645797533498,9.233473836566475,-16.24157698600528,36.440056342275284,-1.1564159624446018,-2.7156108633039318,-1.5591949008593267,13.308119634099974
4387,43.86,0.0,0.0,0.0,0.0,-4.245677281512718,9.627131652926279,-18.000854627392687,42.39557126436149,-1.1980029091821884,-2.621357496791726,-1.4233545876095395,13.872808934438996
4388,43.87,0.0,0.0,0.0,0.0,-4.435313139240958,10.083336852362201,-19.953007791066696,48.93050413879551,-1.2413915805791569,-2.522859654517449,-1.281468073938294,14.518649991603159
4389,43.88,0.0,0.0,0.0,0.0,-4.645049747100196,10.606899661091768,-21.994386008182097,55.80005886629581,-1.286776363562336,-2.41946577668187,-1.1326894131195377,15.251949408191965
4390,43.89,0.0,0.0,0.0,0.0,-4.8746906203430855,11.198319213546183,-23.87444184190673,62.33983505098206,-1.3343593677224335,-2.3104942619350792,-0.9761348942126437,16.07300983388927
4391,43.9,0.0,0.0,0.0,0.0,-5.120334354084773,11.84794049966718,-25.080253133284376,67.1140527052955,-1.384324399048778,-2.195302861820106,-0.8109784627713259,16.968274853751954
4392,43.910000000000004,0.0,0.0,0.0,0.0,-5.3710854990878385,12.526155898143369,-24.709034261914145,67.51182082776066,-1.4367845286767182,-2.0734358490491425,-0.6366513203724244,17.897241397231205
4393,43.92,0.0,0.0,0.0,0.0,-5.605028398934895,13.171071600803716,-21.493376206234032,59.779547922453034,-1.4916918118322156,-1.9448854839153238,-0.4531936720831046,18.776099999738612
4394,43.93,0.0,0.0,0.0,0.0,-5.787700766881539,13.683194568476852,-14.346566617541072,40.611603832289084,-1.5487149036699202,-1.8104547131941853,-0.26173980952426684,19.470895335358392
4395,43.94,0.0,0.0,0.0,0.0,-5.87965134501265,13.947133917037446,-3.5868271059497934,10.83021509385182,-1.6071411743049855,-1.6720553221070513,-0.06491414780206581,19.826785262050095
4396,43.95,0.0,0.0,0.0,0.0,-5.85564092952828,13.88864318795043,8.280302254183782,-22.20302267183705,-1.6659163366939862,-1.5326016906429654,0.1333146460510173,19.74428411747871
4397,43.96,0.0,0.0,0.0,0.0,-5.72162227857941,13.525531484467791,17.933626876787756,-48.676373860683015,-1.7238829213832223,-1.3953106691552744,0.32857225222794795,19.2471537630472
4398,43.97,0.0,0.0,0.0,0.0,-5.510438477360205,12.95472099173524,23.618214295513717,-63.482663407426884,-1.7800904728301767,-1.2627863230169705,0.5173041498132045,18.465159469095447
4399,43.980000000000004,0.0,0.0,0.0,0.0,-5.261442922850239,12.291249993327,25.673042102639,-67.75096938204184,-1.8339669216723782,-1.1365210861612123,0.697445835511166,17.55269291617724
4400,43.99,0.0,0.0,0.0,0.0,-5.004836408321349,11.622055029898744,25.362737580247636,-65.28839205661961,-1.885295675423237,-1.0169752139502914,0.8683204614729456,16.626891438220092
4401,44.0,0.0,0.0,0.0,0.0,-4.758137664940319,10.996342934510265,23.852705926362272,-59.522343178167404,-1.9340979211120275,-0.9039313747472045,1.0301665463648229,15.754480599450584
4402,44.01,0.0,0.0,0.0,0.0,-4.529231405599401,10.435307548160308,21.896527394600444,-52.61261611018544,-1.9805184358520003,-0.7968307802949777,1.1836876555570208,14.96453895375971
4403,44.02,0.0,0.0,0.0,0.0,-4.3203263672635535,9.944123774561156,19.897822248295373,-45.67333738563552,-2.0247495488132565,-0.6949915092297186,1.3297580395835362,14.26445014182471
4404,44.03,0.0,0.0,0.0,0.0,-4.130783276017042,9.520299250479642,18.04309936874987,-39.18657843605426,-2.066989627631442,-0.5977234943140484,1.4692661333173953,13.651082526496683
4405,44.04,0.0,0.0,0.0,0.0,-3.95874578874892,9.1583543087965,16.402260012672482,-33.30664239494736,-2.1074235906100154,-0.5043792593766224,1.6030443312333895,13.117100097545421
4406,44.050000000000004,0.0,0.0,0.0,0.0,-3.801980918932931,8.852128220492938,14.987811882643788,-28.036378731468034,-2.1462154316398263,-0.4143707915510884,1.7318446400887362,12.65410913942587
4407,44.06,0.0,0.0,0.0,0.0,-3.6582799737244023,8.595782121229053,13.785926699347813,-23.319068291523042,-2.1835067171885716,-0.32717057155034257,1.856336145638229,12.254062094953456
4408,44.07,0.0,0.0,0.0,0.0,-3.5256372327873144,8.384140985322906,12.771467525814709,-19.083734476590593,-2.219417847748384,-0.24230626769683528,1.9771115800515469,11.90977821811022
4409,44.08,0.0,0.0,0.0,0.0,-3.402325186765116,8.212714385058796,11.914584479963876,-15.266837099187413,-2.2540505186136834,-0.15935381311269725,2.094696705500984,11.615039571823912
4410,44.09,0.0,0.0,0.0,0.0,-3.2869273753465187,8.077564676596616,11.18310604807364,-11.822469376287605,-2.287490686025525,-0.07793113395408358,2.209559552071438,11.364492051943134
4411,44.1,0.0,0.0,0.0,0.0,-3.178358193301477,7.975104953258366,10.543038590499364,-8.726804591281288,-2.3198117807909076,0.002306405174676167,2.322118185965584,11.153463146559844
4412,44.11,0.0,0.0,0.0,0.0,-3.0758812369699964,7.901871181520152,9.958540717034882,-5.978974779912554,-2.351078108305695,0.08166837655250458,2.4327464848581974,10.977752418490148
4413,44.12,0.0,0.0,0.0,0.0,-2.979126497632543,7.854302007489279,9.392315920397863,-3.5985848562880878,-2.3813484297788308,0.16042939635604125,2.5417778261348736,10.833428505121823
4414,44.13,0.0,0.0,0.0,0.0,-2.8880984695463527,7.828563125195908,8.807136536764368,-1.6191402066640386,-2.410679679411793,0.23882721847520583,2.6495068978869987,10.716661594742261
4415,44.14,0.0,0.0,0.0,0.0,-2.803161455216107,7.820460712713594,8.168912524615495,-0.07677299353617756,-2.4391306615424426,0.3170594781303582,2.756190139672801,10.6236221679297
4416,44.15,0.0,0.0,0.0,0.0,-2.724986739699183,7.825489137415819,7.451162591493546,1.0050559534530958,-2.4667654218959876,0.3952802076146373,2.862045629510623,10.550475877115002
4417,44.160000000000004,0.0,0.0,0.0,0.0,-2.654451675680932,7.839040489897211,6.639927319786601,1.6319185876957856,-2.493655853824683,0.47359762935973504,2.9672534831844195,10.493492165578143
4418,44.17,0.0,0.0,0.0,0.0,-2.592494436316117,7.856761991184877,5.737392946155812,1.850648192186577,-2.519883062976039,0.5520748182039104,3.071957881179953,10.449256427500995
4419,44.18,0.0,0.0,0.0,0.0,-2.5399470165731306,7.874991096781273,4.762346182978596,1.7518481337450205,-2.5455371442851686,0.6307344073291834,-3.1069137555652326,10.414938113354404
4420,44.19,0.0,0.0,0.0,0.0,-2.497384205695721,7.891153490389393,3.7464955646762896,1.4598939549719452,-2.5707153343498335,0.7095675640234067,-3.0029024088063445,10.388537696085114
4421,44.2,0.0,0.0,0.0,0.0,-2.465027576676077,7.904006450886589,2.7274287193271145,1.1128746599502253,-2.595518900564129,0.7885462561338957,-2.89912015048156,10.369034027562666
4422,44.21,0.0,0.0,0.0,0.0,-2.442727434437892,7.91365965045613,1.7405252613475366,0.8395331319036142,-2.620049451250884,0.8676368643161301,-2.7954989916125705,10.356387084894022
4423,44.22,0.0,0.0,0.0,0.0,-2.4300195161620106,7.921384396168605,0.8124857673503759,0.7411793407658374,-2.644405452535047,0.9468129029582688,-2.6919669516862705,10.351403912330616
4424,44.230000000000004,0.0,0.0,0.0,0.0,-2.4262308245700206,7.929288866896325,-0.0418810710090036,0.8833760334121904,-2.6686795850648903,1.0260650819834725,-2.58844064013122,10.355519691466345
4425,44.24,0.0,0.0,0.0,0.0,-2.430600407734507,7.939960995220793,-0.8195430161171356,1.2974283622659146,-2.692957261549991,1.1054078775034502,-2.4848201681261433,10.3705614029553
4426,44.25,0.0,0.0,0.0,0.0,-2.442386574801199,7.956161943285734,-1.5268775502180971,1.9883032244406778,-2.7173163030410756,1.1848827306692702,-2.380986273469242,10.398548518086933
4427,44.26,0.0,0.0,0.0,0.0,-2.460945022922277,7.980613109720048,-2.1764367862842886,2.944763145369387,-2.7418275491547406,1.264558630490183,-2.276799127534661,10.441558132642324
4428,44.27,0.0,0.0,0.0,0.0,-2.485774877429327,8.015881664741594,-2.7838957451557493,4.148545154209339,-2.7665560875980852,1.3445310673388893,-2.1720981522426137,10.50165654217092
4429,44.28,0.0,0.0,0.0,0.0,-2.51653746892936,8.06434599244009,-3.365693391935182,5.581027510678437,-2.791562801998739,1.4249202622959534,-2.066702242884896,10.58088346136945
4430,44.29,0.0,0.0,0.0,0.0,-2.553055371017639,8.12821363528195,-3.9374261501758556,7.227084390877839,-2.8169060025319728,1.5058693368759866,-1.9604099677716271,10.681269006299589
4431,44.300000000000004,0.0,0.0,0.0,0.0,-2.595298356184472,8.209564943279567,-4.512791421346193,9.076444806170553,-2.842642976927593,1.5875428115270556,-1.8529995187249377,10.804863299464039
4432,44.31,0.0,0.0,0.0,0.0,-2.6433602422258837,8.310399545765371,-5.1027647702684265,11.122949814539817,-2.8688313535378662,1.670125572250652,-1.74422838139107,10.953759787991254
4433,44.32,0.0,0.0,0.0,0.0,-2.6974271875475426,8.432665606414002,-5.714649374387318,13.361840570310973,-2.895530191176141,1.7538222322632155,-1.633832883740228,11.130092793961545
4434,44.33,0.0,0.0,0.0,0.0,-2.7577341783408467,8.578250983869642,-6.350591790089141,15.784751356464655,-2.9228006973129816,1.8388566148552858,-1.5215279950113207,11.33598516221049
4435,44.34,0.0,0.0,0.0,0.0,-2.8245020073961844,8.748909294335455,-7.005072647302112,18.371488066075532,-2.950706422143203,1.9254708491498438,-1.4070080358865433,11.573411301731639
4436,44.35,0.0,0.0,0.0,0.0,-2.8978414928236855,8.946081271249918,-7.660747128731773,21.07698087800099,-2.9793126723927927,2.0139232431846894,-1.2899493916021023,11.843922764073604
4437,44.36,0.0,0.0,0.0,0.0,-2.9776047405577963,9.170552326830801,-8.281882702043529,23.81115983420234,-3.008684722560743,2.104483610584734,-1.1700169740341075,12.148157067388597
4438,44.37,0.0,0.0,0.0,0.0,-3.0631558043793286,9.421863605323656,-8.80472095684681,26.409467746681617,-3.0388841614222852,2.197424018355531,-1.0468771274017663,12.485019409702986
4439,44.38,0.0,0.0,0.0,0.0,-3.1530294542244364,9.697378640735941,-9.124899583836532,28.593824601911994,-3.0699624102065006,2.293002002854874,-0.9202208941182114,12.850408094960377
4440,44.39,0.0,0.0,0.0,0.0,-3.2444591067330317,9.990937045131048,-9.084694736624192,29.931382990033836,-3.1019501758131107,2.3914324059647045,-0.7898027254017727,13.23539615186408
4441,44.4,0.0,0.0,0.0,0.0,-3.332809149882746,10.291178789599076,-8.468837475128696,29.816273455850347,-3.134841633877747,2.492843909509614,-0.6554997637922235,13.623987939481822
4442,44.410000000000004,0.0,0.0,0.0,0.0,-3.4110803748949303,10.580014862727852,-7.027214235261403,27.52888527333627,3.1146122306995596,2.5972188979484914,-0.5173933327510647,13.991095237622783
4443,44.42,0.0,0.0,0.0,0.0,-3.4698801670176844,10.83239414001322,-4.548860136220169,22.44758273665459,3.080186796957578,2.7043232378293682,-0.375863559128208,14.302274307030904
4444,44.43,0.0,0.0,0.0,0.0,-3.4984328884655116,11.019098268625797,-0.9930789741428487,14.434701436307916,3.0453156261790872,2.8136474139270975,-0.23166821225199152,14.517531157091309
4445,44.44,0.0,0.0,0.0,0.0,-3.486981010970548,11.113669150516149,3.3803806991920426,4.226936611788632,3.0103521419998738,2.9243962435892117,-0.08595589841066206,14.600650161486698
4446,44.45,0.0,0.0,0.0,0.0,-3.4299653573048943,11.10170924806111,8.008017106667745,-6.548124109577349,2.9757288808864426,3.035562848462061,0.05983396757561856,14.531674605366005
4447,44.46,0.0,0.0,0.0,0.0,-3.328226025816296,10.987325947271438,12.220180826177549,-15.955636273229718,2.9419028565922605,-3.137098961503308,0.20418348908402129,14.315551973087734
4448,44.47,0.0,0.0,0.0,0.0,-3.1886296981507245,10.791954096646089,15.523168729687567,-22.58878267029752,2.9092910827781675,-3.0281473458011687,0.34574687860025005,13.980583794796814
4449,44.480000000000004,0.0,0.0,0.0,0.0,-3.0213735951077556,10.546333890211173,17.751959380234958,-26.013018851657367,2.8782225171852214,-2.921427416754578,0.48353537323978696,13.567707485318929
4450,44.49,0.0,0.0,0.0,0.0,-2.836801187027718,10.2811610168699,19.021480916094866,-26.607803626833764,2.848921083223677,-2.8172850219440404,0.616979202011867,13.11796220389762
4451,44.5,0.0,0.0,0.0,0.0,-2.6433123760004245,10.021100323288483,19.58040402154794,-25.1248561654784,2.8215158732500583,-2.715786103592417,0.745883330337113,12.664412699288906
4452,44.51,0.0,0.0,0.0,0.0,-2.4466932694611567,9.783039760424977,19.68741910569835,-22.323210050874753,2.7960649656868504,-2.6167887767336238,0.8703315647591102,12.229733029886134
4453,44.52,0.0,0.0,0.0,0.0,-2.250369166003942,9.577026452238648,19.550769531792657,-18.798064100337758,2.7725808020304448,-2.520017844962122,0.9905866601870179,11.82739561824259
4454,44.53,0.0,0.0,0.0,0.0,-2.0560003404507525,9.408130116789552,19.315652851742694,-14.95236611687171,2.7510509212159238,-2.4251241294247547,1.1070102565389042,11.464130457240305
4455,44.54,0.0,0.0,0.0,0.0,-1.8640750859566808,9.278217642136735,19.073615753904427,-11.03166589391077,2.7314525664336347,-2.3317250799842624,1.2200076607616857,11.142292728093416
4456,44.550000000000004,0.0,0.0,0.0,0.0,-1.6743733341861837,9.187285328265803,18.877173536151336,-7.172275328852261,2.7137619650073908,-2.239429741013079,1.329993601159115,10.861658662451987
4457,44.56,0.0,0.0,0.0,0.0,-1.4862905772449024,9.134336423098398,18.752517249285795,-3.4423987965843312,2.6979596864779842,-2.147852726761964,1.4373728939396364,10.620627000343301
4458,44.57,0.0,0.0,0.0,0.0,-1.2990529470236818,9.117904182304725,18.708524561850812,0.12810588766790126,2.684033336492273,-2.056621288501769,1.5425306821855478,10.416957129328408
4459,44.58,0.0,0.0,0.0,0.0,-1.1118597135487043,9.136328124725694,18.742389415808958,3.5276549139045583,2.6719784909943356,-1.9653784658611881,1.6458283503240643,10.248187838274397
4460,44.59,0.0,0.0,0.0,0.0,-0.9239829586002243,9.187865618218312,18.842698569753207,6.749592245185424,2.6617984408419555,-1.8737843550377944,1.7476025112998363,10.111848576818536
4461,44.6,0.0,0.0,0.0,0.0,-0.7348459724313112,9.270692622505425,18.990723699517954,9.7830014224349,2.653503060946853,-1.781516850030921,1.848165396201812,10.005538594936736
4462,44.61,0.0,0.0,0.0,0.0,-0.5440951251522957,9.382825531366368,19.160519130389396,12.605879266918356,2.647106938030127,-1.6882727906362716,1.9478055785131878,9.926920656518664
4463,44.62,0.0,0.0,0.0,0.0,-0.35167479077344294,9.521981910851778,19.318283965367648,15.179625529319924,2.642626770532972,-1.5937702085045329,2.046788328142083,9.87365670162522
4464,44.63,0.0,0.0,0.0,0.0,-0.15791056593978614,9.685390948529472,19.421415339203964,17.444493294932027,2.640077980390321,-1.4977522252639188,2.1453551015253445,9.843301514469259
4465,44.64,0.0,0.0,0.0,0.0,0.03639855000862206,9.869564365925577,19.4177599998739,19.31635324689851,2.6394704461613165,-1.399993054776611,2.243721806241657,9.833165815916955
4466,44.65,0.0,0.0,0.0,0.0,0.22988426911680088,10.070045979798854,19.24575678202412,20.685922636501427,2.6408032884085126,-1.300306423557383,2.3420755952136907,9.840161710682054
4467,44.660000000000004,0.0,0.0,0.0,0.0,0.4205228107469298,10.281173901164353,18.836406196959622,21.422466294785416,2.644058729399949,-1.1985564696532647,2.4405701081263707,9.860651090417424
4468,44.67,0.0,0.0,0.0,0.0,0.6055821392337746,10.495913074593151,18.118176703043392,21.384632693524207,2.6491952334965645,-1.0946707272928462,2.539319346390177,9.890330935359376
4469,44.68,0.0,0.0,0.0,0.0,0.7816371527037707,10.705842724649228,17.025805615665224,20.440926955269855,2.6561404271928555,-0.98865409193004,2.6383907880566873,9.924205571945457
4470,44.69,0.0,0.0,0.0,0.0,0.9446934572671829,10.901400595225752,15.513117648570791,18.500408152702498,2.664784680456138,-0.8806017120907893,2.7377989146326605,9.956707137958569
4471,44.7,0.0,0.0,0.0,0.0,1.0904534974774494,11.072471829849075,13.568206866381082,15.54978671467805,2.6749766178593855,-0.7707077689831818,2.837500920337019,9.982018332371625
4472,44.71,0.0,0.0,0.0,0.0,1.2147302875310517,11.209341393104184,11.226893371635375,11.686825638102722,2.6865220433930825,-0.6592665187985985,2.9373967449879053,9.994611105573131
4473,44.72,0.0,0.0,0.0,0.0,1.313962662258994,11.303900288786076,8.578536301372562,7.135055066726027,2.699187573929503,-0.5466623860495003,3.0373353472005866,9.989937626527082
4474,44.730000000000004,0.0,0.0,0.0,0.0,1.3857275277863175,11.350846716761543,5.759010507315143,2.2264685000320976,2.712709517248727,-0.4333477531483068,3.137128036782554,9.965119188975226
4475,44.74,0.0,0.0,0.0,0.0,1.429111629240334,11.348538421649312,2.9300176729111103,-2.649938873897683,2.726807284111606,-0.3198101977750083,-3.046617481886616,9.919426792408979
4476,44.75,0.0,0.0,0.0,0.0,1.444828671120708,11.299212920880642,0.2502548103573193,-7.119484793538592,2.741199312644697,-0.2065342019429393,-2.9477335145876347,9.854384249759933
4477,44.76,0.0,0.0,0.0,0.0,1.4350477063128515,11.208499184536466,-2.1517734695031017,-10.887773674950855,2.755618706526645,-0.09396424608496104,-2.8495829526116077,9.773451478223615
4478,44.77,0.0,0.0,0.0,0.0,1.4029962790144368,11.084393548171183,-4.194523564020822,-13.77918510554447,2.7698259439368242,0.017524305746978688,-2.7523016381898437,9.681397269156747
4479,44.78,0.0,0.0,0.0,0.0,1.3524645135451074,10.936026880085056,-5.846451940646115,-15.74031288753961,2.7836170081949194,0.12764274399765882,-2.655974264197257,9.583562366539947
4480,44.79,0.0,0.0,0.0,0.0,1.2873383509666214,10.772544698399699,-7.117953962552722,-16.81616487153359,2.796826612502677,0.23619456115695403,-2.560632051345723,9.485206347433078
4481,44.800000000000004,0.0,0.0,0.0,0.0,1.2112456402138825,10.602298949550091,-8.047850215589829,-17.114233567951807,2.8093272758903907,0.3430712577112773,-2.4662560181791116,9.39105330933621
4482,44.81,0.0,0.0,0.0,0.0,1.1273419322023037,10.432401512013932,-8.689678289496994,-16.769861712204108,2.8210255569871943,0.448241885303891,-2.3727836716833033,9.305059579811628
4483,44.82,0.0,0.0,0.0,0.0,1.03822046325933,10.268584217725369,-9.100875754224042,-15.920259748439744,2.831856790795546,0.5517397296336002,-2.280117061161948,9.230363754466039
4484,44.83,0.0,0.0,0.0,0.0,0.945911398400102,10.11526690595431,-9.335752014894323,-14.688790853915746,2.8417794031926618,0.6536487193058678,-2.1881306838867927,9.169355507554208
4485,44.84,0.0,0.0,0.0,0.0,0.8519340032933355,9.975737714912437,-9.441789813156666,-13.177807075420315,2.850769510267408,0.7540911476803887,-2.096678362587016,9.123803711619102
4486,44.85,0.0,0.0,0.0,0.0,0.7573731414610804,9.852373790606194,-9.45830781224994,-11.4672640927581,2.858816180683623,0.8532174478782552,-2.00559873280537,9.095000649145113
4487,44.86,0.0,0.0,0.0,0.0,0.6629613941205902,9.746857687037851,-9.416530557844146,-9.61660658934625,2.865917502856742,0.95119818058743,-1.9147193222693086,9.083896292917261
4488,44.87,0.0,0.0,0.0,0.0,0.5691565863347683,9.660366272699596,-9.34033761277614,-7.668151315514102,2.872077456017489,1.048218060876839,-1.8238593951406468,9.091209686364827
4489,44.88,0.0,0.0,0.0,0.0,0.476210517741363,9.59372292217164,-9.247211770291027,-5.650925864085913,2.8773035142157055,1.1444716942936752,-1.7328318199220287,9.117512404430277
4490,44.89,0.0,0.0,0.0,0.0,0.38422847274766125,9.547511249191507,-9.149099528049318,-3.584476447509421,2.881604890794683,1.2401606423211475,-1.6414442484735356,9.163282776443845
4491,44.9,0.0,0.0,0.0,0.0,0.2932212777673701,9.52215151968493,-9.05302115452704,-1.4825271953890726,2.8849913386137636,1.335491437327211,-1.5494999012865545,9.22893024191756
4492,44.910000000000004,0.0,0.0,0.0,0.0,0.20315292564602508,9.517940814197383,-8.961334423414069,0.6433963229843916,2.887472445791573,1.4306741800901834,-1.4567982657013896,9.314787888551358
4493,44.92,0.0,0.0,0.0,0.0,0.11398758315130836,9.535056117133516,-8.871583878727991,2.780125028401096,2.889057401153836,1.5259213554033453,-1.3631360457504893,9.421068533982208
4494,44.93,0.0,0.0,0.0,0.0,0.02574043109313844,9.573516505782429,-8.775875331280318,4.9084477893700695,2.8897552449618007,1.6214464787092213,-1.268308766252576,9.54777607468929
4495,44.94,0.0,0.0,0.0,0.0,-0.06146264457964505,9.633097053940311,-8.659724453700896,6.997795139318334,2.889575667912705,1.7174621308458642,-1.1721135370668374,9.694559698519956
4496,44.95,0.0,0.0,0.0,0.0,-0.14731114152369065,9.713183759950454,-8.50036902064002,8.99973158198212,2.888530473679942,1.8141768468835453,-1.074353626796397,9.860494901474144
4497,44.96,0.0,0.0,0.0,0.0,-0.23121684674729293,9.812557409715762,-8.264655306255953,10.840304335932144,2.8866358729283017,1.91179020845036,-0.974845664477942,10.043774256463054
4498,44.97,0.0,0.0,0.0,0.0,-0.312198916171107,9.929098138092861,-7.906885583463428,12.412069750978306,2.8839158170736794,2.0104853808712493,-0.8734304362024284,10.241297054263969
4499,44.980000000000004,0.0,0.0,0.0,0.0,-0.38875073023195456,10.059417498040785,-7.367536784625673,13.568131985050702,2.8804065796227376,2.1104183166908586,-0.7699882629318775,10.44816822827274
4500,44.99,0.0,0.0,0.0,0.0,-0.45870505833012915,10.198459575462019,-6.574568863910247,14.122947428623124,2.876162698994896,2.211703068723925,-0.6644596302709711,10.657164633792148
4501,45.0,0.0,0.0,0.0,0.0,-0.5191358382076582,10.339174499963738,-5.449931493038727,13.86745545318203,2.8712641299583246,2.3143933568189725,-0.5568707731393541,10.858310338171396
4502,45.01,0.0,0.0,0.0,0.0,-0.5663630761486771,10.472451365751525,-3.9240805543609723,12.607099110161585,2.865823928441953,2.4184619759961423,-0.44736195244581256,11.038814441900202
4503,45.02,0.0,0.0,0.0,0.0,-0.5961481143872311,10.58756432528328,-1.9593266292871074,10.226019712622819,2.859995009123812,2.523781881565701,-0.33621312755811306,11.183712439670511
4504,45.03,0.0,0.0,0.0,0.0,-0.6041499678230222,10.673348146220063,0.4227404834706047,6.764749993819441,2.853973678919933,2.6301152701853185,-0.22385840873461654,11.277498114043084
4505,45.04,0.0,0.0,0.0,0.0,-0.586626832106485,10.720078037794835,3.1222970494937687,2.4757155119355567,2.847997310545464,2.7371181230572335,-0.11087918748823246,11.30670486990132
4506,45.050000000000004,0.0,0.0,0.0,0.0,-0.5412171109941118,10.721596750668981,5.966675458468151,-2.18971111932098,2.842334400442254,2.8443653542123615,0.0020309537701070843,11.262813861663092
4507,45.06,0.0,0.0,0.0,0.0,-0.4675097424038728,10.676865023906549,8.746703698088792,-6.682533913580219,2.837267612164213,2.951395082477977,0.1141274703137658,11.144374766310422
4508,45.07,0.0,0.0,0.0,0.0,-0.3671429467095391,10.59018956611922,11.270848749662777,-10.508222033068062,2.8330733263283903,3.057762217845341,0.22468889151695245,10.957332512828758
4509,45.08,0.0,0.0,0.0,0.0,-0.24338308723520968,10.469996050282695,13.410495757230901,-13.352460835766307,2.830002876527876,-3.1200984740577153,0.3330839565939929,10.713379137517904
4510,45.09,0.0,0.0,0.0,0.0,-0.10038586022771451,10.326736584371956,15.116429844538928,-15.123576647721416,2.8282698247866445,-3.0161000629346715,0.4388154194582701,10.42712244459967
4511,45.1,0.0,0.0,0.0,0.0,0.05755534003025542,10.170806556305262,16.406540939995594,-15.91320639750319,2.8280449287825404,-2.9136057755896756,0.5415346028073718,10.113251216275007
4512,45.11,0.0,0.0,0.0,0.0,0.22655213832647988,10.011090522329713,17.339187114556246,-15.918182675455927,2.8294577002457895,-2.8126962553422485,0.641031351591548,9.784538384003234
4513,45.12,0.0,0.0,0.0,0.0,0.40339093514254715,9.854294519099893,17.987217598745204,-15.366967539470116,2.832602020285607,-2.713373928736149,0.7372093581578316,9.450903583957347
4514,45.13,0.0,0.0,0.0,0.0,0.5855813269680323,9.704894038826138,18.42027033891266,-14.471559500311844,2.837543276728892,-2.6155854516340638,0.8300565788166284,9.119312711858106
4515,45.14,0.0,0.0,0.0,0.0,0.771273572290036,9.56542744295667,18.69600712986207,-13.405508085540694,2.84432525645254,-2.519242730906444,0.9196173198206001,8.794153870666634
4516,45.15,0.0,0.0,0.0,0.0,0.9591228324728285,9.436912213497816,18.857715421549383,-12.299734474920253,2.8529758932020655,-2.4242402493965782,1.0059691645809439,8.477789381024987
4517,45.160000000000004,0.0,0.0,0.0,0.0,1.1481488583389228,9.319251462003495,18.93536549685899,-11.247393928228584,2.863511606248076,-2.330468201693594,1.0892054992379174,8.171102603664572
4518,45.17,0.0,0.0,0.0,0.0,1.3376144429604955,9.211572919789297,18.94804324008177,-10.311776038212736,2.875940318271876,-2.23782187706293,1.1694231118447764,7.873958476828802
4519,45.18,0.0,0.0,0.0,0.0,1.526929948761284,9.112487896426781,18.906603741625215,-9.534073065238227,2.890263386308836,-2.146208053717675,1.2467138671530738,7.585557947665498
4520,45.19,0.0,0.0,0.0,0.0,1.7155831735097606,9.020279023996512,18.816038534853494,-8.93975144686144,2.906476707044044,-2.0555491712132037,1.32115942892234,7.304695850486751
4521,45.2,0.0,0.0,0.0,0.0,1.9030907495360363,8.933032555741317,18.677408510213382,-8.543277673293025,2.924571232054482,-1.9657859163412923,1.3928281587838118,7.02994180620528
4522,45.21,0.0,0.0,0.0,0.0,2.0889667308683557,8.848730928783915,18.489358065221516,-8.351388731199743,2.9445330864735726,-1.8768786968477855,1.4617735238582246,6.75976419791556
4523,45.22,0.0,0.0,0.0,0.0,2.2727045166843043,8.765318560743534,18.24928135600537,-8.365231234147284,2.966343443108529,-1.788808332781801,1.5280335312892508,6.49261404405923
4524,45.230000000000004,0.0,0.0,0.0,0.0,2.4537690160874917,8.680750550511151,17.95421588671439,-8.581691804669871,2.9899782692711727,-1.7015761820986655,1.5916308558097516,6.226981534423659
4525,45.24,0.0,0.0,0.0,0.0,2.6315966440870406,8.593030954749631,17.601523568798118,-8.994192321142181,3.015408036183604,-1.61520383583603,1.6525734351599486,5.96143431066259
4526,45.25,0.0,0.0,0.0,0.0,2.805601243531609,8.500244863693855,17.189400145445372,-9.593166273680094,3.042597459403717,-1.5297324641853607,1.7108553835905103,5.694643620162246
4527,45.26,0.0,0.0,0.0,0.0,2.9751843497816624,8.400586604170174,16.717237216728172,-10.36638041192836,3.0715053214116383,-1.4452218624594224,1.766458123308522,5.425402254388512
4528,45.27,0.0,0.0,0.0,0.0,3.1397483947264693,8.292384983596671,16.185849527398396,-11.299221545093785,3.1020844126621863,-1.3617492301150833,1.8193516644023167,5.152636588870202
4529,45.28,0.0,0.0,0.0,0.0,3.298711539058886,8.174125485165224,15.597574244385491,-12.375030177474295,3.13428161388504,-1.279407712191005,1.8694959811035377,4.875413946106338
4530,45.29,0.0,0.0,0.0,0.0,3.451522881414455,8.044468681059215,14.956248235999695,-13.575528492318822,-3.1151471775711372,-1.1983047369175523,1.9168424406535796,4.59294579964476
4531,45.300000000000004,0.0,0.0,0.0,0.0,3.5976768675946698,7.9022638144249555,14.267072856011206,-14.881358839534691,-3.0798954364679294,-1.1185601924315194,1.9613352440364171,4.304586946830286
4532,45.31,0.0,0.0,0.0,0.0,3.736725847759877,7.7465564839807906,13.536381981960004,-16.272720521588802,-3.04321733456429,-1.0403044963398316,2.002912838224458,4.009830636220913
4533,45.32,0.0,0.0,0.0,0.0,3.8682899231925196,7.576589611587951,12.771336317514812,-17.730068682044074,-3.005185881073546,-0.9636766215051609,2.0415092595683832,3.7082996883954316
4534,45.33,0.0,0.0,0.0,0.0,3.9920634880421226,7.391797329316583,11.979573435535032,-19.234821486718353,-2.9658775167073164,-0.8888221474902197,2.0770553692170894,3.3997338412744607
4535,45.34,0.0,0.0,0.0,0.0,4.107818189204347,7.191792014898485,11.16884712702622,-20.770012436242652,-2.925371352942435,-0.8158914078463397,2.109479945096095,3.0839738256941374
4536,45.35,0.0,0.0,0.0,0.0,4.215402369478514,6.9763453441210075,10.346690261506353,-22.320824617191583,-2.88374839946866,-0.7450377979465544,2.138710601522104,2.760942974642494
4537,45.36,0.0,0.0,0.0,0.0,4.314737388509783,6.7453648225283,9.520132202741976,-23.87495273792928,-2.8410908132700343,-0.6764162963320672,2.1646745169379615,2.4306274340185174
4538,45.37,0.0,0.0,0.0,0.0,4.405811496140357,6.498867723190819,8.695495263131072,-25.422755262611812,-2.7974811973934988,-0.610182235460161,2.187298961933334,2.093056227050462
4539,45.38,0.0,0.0,0.0,0.0,4.488672134359797,6.236954630876369,7.878285736156438,-26.957180139778714,-2.753001969628779,-0.5464903369279768,2.206511632700807,1.7482824965165715
4540,45.39,0.0,0.0,0.0,0.0,4.563417649807878,5.959784844314396,7.073185064624719,-28.473470355702922,-2.707734811950511,-0.4854940037985103,2.222240808152006,1.3963671945065181
4541,45.4,0.0,0.0,0.0,0.0,4.630189405204337,5.667555716914356,6.28413702049561,-29.96867691314072,-2.6617602016404285,-0.4273448408155674,2.2344153608248662,1.0373663117100183
4542,45.410000000000004,0.0,0.0,0.0,0.0,4.689165193697726,5.3604876472913245,5.514518432337523,-31.441024738575553,-2.6151570154771933,-0.37219235418830304,2.242964661288892,0.6713224535935982
4543,45.42,0.0,0.0,0.0,0.0,4.740554701700884,5.0388159050368015,4.767374583475773,-32.88919041216985,-2.5680021900793393,-0.3201837680291136,2.2478184220502273,0.2982612033359171
4544,45.43,0.0,0.0,0.0,0.0,4.784597553529968,4.702789840580257,4.045696038588157,-34.311559408217946,-2.520370415055917,-0.27146388578381975,2.2489065292721024,-0.08180771294971123
4545,45.44,0.0,0.0,0.0,0.0,4.821564224695623,4.352679324560011,3.3527111252321076,-35.705535208369895,-2.4723338314984447,-0.2261749229838473,2.246158908514599,-0.46888490013561235
4546,45.45,0.0,0.0,0.0,0.0,4.851759846671012,3.9887875302877105,2.6921672618396957,-37.06697371321154,-2.4239617067895662,-0.18445624284474899,2.2395054639448206,-0.8629723163833014
4547,45.46,0.0,0.0,0.0,0.0,4.875530657975781,3.611468448045586,2.0685745448854953,-38.38981386665761,-2.3753200578182665,-0.14644393874562253,2.228876119072649,-1.264062209930195
4548,45.47,0.0,0.0,0.0,0.0,4.893272596882215,3.221146840790068,1.4873865075271673,-39.66596859016295,-2.326471198452286,-0.1122702271884351,2.214200971263847,-1.6721257560921474
4549,45.480000000000004,0.0,0.0,0.0,0.0,4.905441294197799,2.818337767274476,0.9550960795082686,-40.885527534876566,-2.277473193376768,-0.08206264076418118,2.195410552612583,-2.087103526923323
4550,45.49,0.0,0.0,0.0,0.0,4.912562529302623,2.403662377161813,0.4792300777793974,-42.037303042279504,-2.228379208843196,-0.055943041666853426,2.1724361671763406,-2.5089001521408103
4551,45.5,0.0,0.0,0.0,0.0,4.915242083611412,1.977856505683099,0.06823358211089364,-43.10972183006605,-2.179236760952833,-0.034026510376480794,2.145210250576352,-2.937385577928313
4552,45.51,0.0,0.0,0.0,0.0,4.914173891410288,1.541768750395727,-0.2687535447458619,-44.092027634363355,-2.1300868730201388,-0.016420198393265747,2.1136666746268675,-3.3724051410145606
4553,45.52,0.0,0.0,0.0,0.0,4.910145475053756,1.0963452718442066,-0.5222125748090575,-44.97571718355538,-2.080963164235382,-0.003222264639677616,2.0777408995957076,-3.8138002032095497
4554,45.53,0.0,0.0,0.0,0.0,4.904039874812159,0.6425995530558722,-0.6826251328867383,-45.75608912290013,-2.0318909009746613,0.005478961879472779,2.037369862854132,-4.261440321756287
4555,45.54,0.0,0.0,0.0,0.0,4.896833635869722,0.18156674111293883,-0.7408750505254165,-46.433750602375774,-1.98288604833663,0.009605439569338516,1.9924914879059632,-4.715266894756783
4556,45.550000000000004,0.0,0.0,0.0,0.0,4.889590857258121,-0.2857561408727394,-0.6886263009618638,-47.01590693374073,-1.933954361699199,0.009089342696836316,1.94304370439603,-5.17534699813086
4557,45.56,0.0,0.0,0.0,0.0,4.883453766021666,-0.7584810642542559,-0.5186336330748077,-47.51726059512413,-1.8850905557216735,0.00387233329409459,1.88896288901577,-5.641934830275922
4558,45.57,0.0,0.0,0.0,0.0,4.879630649852464,-1.2359062463995663,-0.2249574109180631,-47.96036482977989,-1.8362775816111445,-0.006095912093573571,1.8301816695175692,-6.1155368962520305
4559,45.58,0.0,0.0,0.0,0.0,4.879382137221446,-1.7175936642396137,0.19691772980648442,-48.3753026594513,-1.7874860341275203,-0.020859955106235003,1.7666260790212907,-6.59697580146106
4560,45.59,0.0,0.0,0.0,0.0,4.884006619340519,-2.2034394940404374,0.7500186630833977,-48.7985721461742,-1.73867370053255,-0.04046159464785443,1.6982121058846904,-7.087446113380956
4561,45.6,0.0,0.0,0.0,0.0,4.894824916037287,-2.693728814807276,1.435774388594947,-49.27102036376945,-1.6897852587250992,-0.06494349960555051,1.6248417591195452,-7.588553730844563
4562,45.61,0.0,0.0,0.0,0.0,4.9131629189475206,-3.189163783960849,2.253683146607405,-49.83453835223335,-1.6407521369705482,-0.09435326628517099,1.5463988706853773,-8.10232670290837
4563,45.62,0.0,0.0,0.0,0.0,4.940328640190744,-3.690850379379611,3.2004665128120124,-50.5269520460678,-1.5914925708992347,-0.12874756546229388,1.4627450054369409,-8.631179019570355
4564,45.63,0.0,0.0,0.0,0.0,4.977576436120374,-4.200220899322275,4.268257513288444,-51.37405149366567,-1.5419119460969068,-0.16819585948087773,1.3737160866160256,-9.177797335442648
4565,45.64,0.0,0.0,0.0,0.0,5.0260455181524755,-4.718855200029237,5.441129568484059,-52.376920904110335,-1.4919036132012384,-0.21278287718562025,1.2791207360156251,-9.744900718181713
4566,45.65,0.0,0.0,0.0,0.0,5.086651363623719,-5.248140070507217,6.688947163640993,-53.491645925550934,-1.441350531076298,-0.26260855542166733,1.1787419756546287,-10.334791434130937
4567,45.660000000000004,0.0,0.0,0.0,0.0,5.159896692815119,-5.788670922609652,7.957181527599322,-54.597311814007675,-1.3901283644277798,-0.3177833834117679,1.0723449810160137,-10.948567615424771
4568,45.67,0.0,0.0,0.0,0.0,5.245554509831845,-6.3392564295155545,9.151322527870937,-55.44799180197119,-1.3381110662983553,-0.37841591216202924,0.9596951541363242,-11.584810939347399
4569,45.68,0.0,0.0,0.0,0.0,5.342166765262085,-6.895357157599439,10.11582735959813,-55.60820182930265,-1.2851805065140174,-0.44458761795248175,0.8405928885615356,-12.237523922861524
4570,45.69,0.0,0.0,0.0,0.0,5.446321657481618,-7.44684417852416,10.612418875253562,-54.385983893227326,-1.231242214892751,-0.516308771693278,0.7149334431994749,-12.893165836005778
4571,45.7,0.0,0.0,0.0,0.0,5.55177265325653,-7.975263985001205,10.314339999010025,-50.81390798175714,-1.1762492758692749,-0.5934490262988164,0.5828002495704585,-13.527036638257735
4572,45.71,0.0,0.0,0.0,0.0,5.648719383681898,-8.451580600401824,8.851943565634008,-43.786537481767105,-1.1202346515224613,-0.6756417348237308,0.4445929166987288,-14.100299984083723
4573,45.72,0.0,0.0,0.0,0.0,5.7239896692726635,-8.836659130123303,5.953122786357524,-32.489461292748835,-1.0633469804296234,-0.76217696758643,0.30117001284319156,-14.560648799395967
4574,45.730000000000004,0.0,0.0,0.0,0.0,5.763114888703782,-9.08755402006733,1.6708414413650776,-17.0986746000138,-1.0058758142293613,-0.8519261402727124,0.1539496739566506,-14.850668908771112
4575,45.74,0.0,0.0,0.0,0.0,5.7545748035385325,-9.170481289089473,-3.4477084077966165,0.6968362684236428,-0.9482447638492926,-0.9433644270736209,0.004880336775668008,-14.925056092628004
4576,45.75,0.0,0.0,0.0,0.0,5.694459171668603,-9.075092218539208,-8.478098006484313,18.0542289598367,-0.8909577292321526,-1.034736747666105,-0.14377901843394872,-14.76955139020781
4577,45.76,0.0,0.0,0.0,0.0,5.588304404116348,-8.820045808156541,-12.535794243013683,32.26248314665486,-0.8345101443137061,-1.1243306791517995,-0.2898205348380951,-14.40835021227289
4578,45.77,0.0,0.0,0.0,0.0,5.448567319159331,-8.445143547638,-15.162344979853682,41.92981388738076,-0.7793039319214531,-1.210737073651191,-0.43143314172973635,-13.893710866797331
4579,45.78,0.0,0.0,0.0,0.0,5.289763684985853,-7.99632146962936,-16.385692198824128,47.16195532821838,-0.7256021055468184,-1.2929879262151645,-0.5673858206683444,-13.286085154615213
4580,45.79,0.0,0.0,0.0,0.0,5.124484029552596,-7.513423104908035,-16.521080342290695,48.94198345896833,-0.673529755070963,-1.3705514337440576,-0.6970216786730984,-12.63790713446063
4581,45.800000000000004,0.0,0.0,0.0,0.0,4.961699119872419,-7.025067849929408,-15.946833104824167,48.43830662920075,-0.6231036370422686,-1.4432396563613736,-0.8201360193191031,-11.986766969801828
4582,45.81,0.0,0.0,0.0,0.0,4.806847755303982,-6.548998794614614,-14.97919374823226,46.62197715820042,-0.5742689760538054,-1.5110948272442386,-0.9368258511904368,-11.355846549918596
4583,45.82,0.0,0.0,0.0,0.0,4.662681393282699,-6.094727728160629,-13.838994995869811,44.16749954036045,-0.5269308397390895,-1.5742929856714085,-1.0473621459323208,-10.757409121443327
4584,45.83,0.0,0.0,0.0,0.0,4.5301786546015474,-5.666366039653946,-12.663672684510738,41.49210879780992,-0.480976340046699,-1.6330761440664674,-1.152099804019772,-10.196544694255493
4585,45.84,0.0,0.0,0.0,0.0,4.4092611747471455,-5.264827770022796,-11.531192743595762,38.83045766577226,-0.43628858314734714,-1.6877099208879713,-1.251421337740626,-9.674088944769942
4586,45.85,0.0,0.0,0.0,0.0,4.299276637420067,-4.889309939947415,-10.481458676730394,36.30078356789221,-0.392754645764685,-1.7384595199512376,-1.3457048741865545,-9.18858657736748
4587,45.86,0.0,0.0,0.0,0.0,4.199297587272655,-4.538204901549986,-9.531652669830546,33.9521044814091,-0.3502696927863861,-1.7855775152367273,-1.435307822450343,-8.737502488822642
4588,45.87,0.0,0.0,0.0,0.0,4.108295279023274,-4.209628595444542,-8.68612572318981,31.794605020982246,-0.30873877698860014,-1.8292986986973745,-1.5205599217087762,-8.317923874467816
4589,45.88,0.0,0.0,0.0,0.0,4.025235410217031,-3.9017085862423126,-7.942390723215029,29.818103195252867,-0.2680773233312857,-1.8698389101997777,-1.6017615868684938,-7.926943996459344
4590,45.89,0.0,0.0,0.0,0.0,3.9491274943432737,-3.6127287238332975,-7.294598387089662,28.002863687409132,-0.2282109087038387,-1.9073959671652887,-1.6791850584614518,-7.561856218176571
4591,45.9,0.0,0.0,0.0,0.0,3.8790478209664387,-3.341190971872293,-6.7354749387466955,26.32574912877328,-0.1890746928241396,-1.9421515878085842,-1.7530768949844482,-7.220238792838732
4592,45.910000000000004,0.0,0.0,0.0,0.0,3.814147983668502,-3.0858307232737774,-6.257352642265252,24.763616889291757,-0.15061269925662885,-1.9742736771432476,-1.8236609778866206,-6.89997870694228
4593,45.92,0.0,0.0,0.0,0.0,3.7536559469297437,-2.8456068672371218,-5.852680809583357,23.295117932492733,-0.11277705278463174,-2.0039186265864855,-1.8911415738018558,-6.599262814166865
4594,45.93,0.0,0.0,0.0,0.0,3.696873588040176,-2.6196788794045087,-5.514248946219617,21.901578106786356,-0.07552722613623836,-2.0312334417064646,-1.9557062155702265,-6.316552467444685
4595,45.94,0.0,0.0,0.0,0.0,3.6431728515974102,-2.4073779677490896,-5.235258059829212,20.567354146424826,-0.03882931949274186,-2.0563576067747276,-2.0175282872819857,-6.050550819346499
4596,45.95,0.0,0.0,0.0,0.0,3.591991605701141,-2.2081763066676867,-5.009318707488875,19.279887414218017,-0.0026553805531635455,-2.079424648701863,-2.0767692681486976,-5.800167912368828
4597,45.96,0.0,0.0,0.0,0.0,3.542829689152234,-2.0216566925679236,-4.830420108947142,18.02958132984733,0.03301723467753832,-2.100563393953709,-2.133580628631246,-5.564486381720158
4598,45.97,0.0,0.0,0.0,0.0,3.4952453065255833,-1.8474839931703155,-4.692894231712056,16.8095741104071,0.0682064632704313,-2.119898930120871,-2.1881053933912993,-5.342729299695899
4599,45.980000000000004,0.0,0.0,0.0,0.0,3.448851755171935,-1.6853792091766535,-4.591386545614435,15.615448984135876,0.10292610242065643,-2.1375532945227205,-2.240479396943374,-5.134230964348589
4600,45.99,0.0,0.0,0.0,0.0,3.4033143907659364,-1.5350966308917526,-4.520837868695585,14.444908629704187,0.1371863450509134,-2.1536459186051813,-2.290832263656095,-4.938411021657689
4601,46.0,0.0,0.0,0.0,0.0,3.3583477169771676,-1.396404348356034,-4.47647748683482,13.297432778230121,0.17099428578541648,-2.168293860532546,-2.3392881463179647,-4.754752065333202
4602,46.01,0.0,0.0,0.0,0.0,3.313712495835245,-1.2690682064448595,-4.45382542302711,12.173933867394908,0.20435439800018204,-2.1816118600892223,-2.385966258089406,-4.582780702280105
4603,46.02,0.0,0.0,0.0,0.0,3.2692128026431484,-1.1528391605586683,-4.448700694019594,11.076423164558602,0.23726898174986874,-2.1937122502229753,-2.430981231972846,-4.422051963201817
4604,46.03,0.0,0.0,0.0,0.0,3.224692982468268,-1.0474438747069421,-4.457232193682295,10.007697717736024,0.26973858177347004,-2.2047047585306556,-2.474443340304122,-4.2721368571752105
4605,46.04,0.0,0.0,0.0,0.0,3.1800344974901114,-0.9525783107935066,-4.475869182588016,8.97105633973251,0.301762374516231,-2.214696229922853,-2.5164586044390824,-4.132612808283618
4606,46.050000000000004,0.0,0.0,0.0,0.0,3.1351526816145125,-0.8679039875211154,-4.501389013941585,7.970050467925061,0.33333852313815937,-2.2237902988201936,-2.557128821958353,-4.003056669135628
4607,46.06,0.0,0.0,0.0,0.0,3.0899934385892793,-0.7930465412410656,-4.530900510357904,7.008273272038495,0.36446449974999545,-2.2320870357672673,-2.5965515355172664,-3.883039979830345
4608,46.07,0.0,0.0,0.0,0.0,3.044529931743934,-0.7275961994405626,-4.561842190457148,6.089187995146862,0.3951373745457398,-2.2396825895452848,-2.6348199640910246,-3.7721261311844962
4609,46.08,0.0,0.0,0.0,0.0,2.9987593179234118,-0.6711097785662191,-4.591975235847027,5.215994401947101,0.4253540720095059,-2.2466688419589955,-2.6720229139684997,-3.6698690964896308
4610,46.09,0.0,0.0,0.0,0.0,2.952699576423795,-0.6231138379819922,-4.619371632579023,4.39153051884872,0.4551115948966333,-2.253133088676708,-2.708244683573343,-3.575813414405787
4611,46.1,0.0,0.0,0.0,0.0,2.9063864773890735,-0.5831086563967103,-4.64239829417003,3.618205660199454,0.4844072171678344,-2.259157755983085,-2.7435649731509195,-3.489495133785784
4612,46.11,0.0,0.0,0.0,0.0,2.8598707248943365,-0.550572740972129,-4.659698179112037,2.897960053279411,0.5132386474558941,-2.264820160181446,-2.7780588076373385,-3.4104434658664653
4613,46.12,0.0,0.0,0.0,0.0,2.81321529940427,-0.524967627647749,-4.670169475535639,2.2322461556227045,0.5416041649437376,-2.270192313724041,-2.8117964786677754,-3.338182927052019
4614,46.13,0.0,0.0,0.0,0.0,2.7664930137629113,-0.5057427797536433,-4.67294387040437,1.6220269190681877,0.5695027297272328,-2.2753407799783814,-2.844843509705614,-3.272235793516555
4615,46.14,0.0,0.0,0.0,0.0,2.7197842873242517,-0.49234043742611006,-4.667364784750178,1.067786695498511,0.596934069828158,-2.280326576839147,-2.8772606466673047,-3.2121247247503617
4616,46.15,0.0,0.0,0.0,0.0,2.6731751349074853,-0.48420031040767547,-4.652966273048186,0.5695510972679154,0.6238987470283397,-2.2852051281258126,-2.909103875154154,-3.157375445315161
4617,46.160000000000004,0.0,0.0,0.0,0.0,2.6267553612874424,-0.4807640402051275,-4.629453082444498,0.12691282812713311,0.6503982036304783,-2.2900262608049387,-2.9404244644354187,-3.1075194014925698
4618,46.17,0.0,0.0,0.0,0.0,2.5806169479770444,-0.48147938384674066,-4.596682168853,-0.26093878889637645,0.6764347921374844,-2.294834245472816,-2.9712690376103006,-3.0620963318237853
4619,46.18,0.0,0.0,0.0,0.0,2.534852617003374,-0.48580409085282455,-4.5546457883723175,-0.5951861999468429,0.702011789697902,-2.2996678771592114,-3.001679666857117,-3.0206567078561988
4620,46.19,0.0,0.0,0.0,0.0,2.489554555962875,-0.49320945822912793,-4.50345613472521,-0.8773509683603163,0.7271333990081703,-2.304560593299544,-3.031693992307711,-2.9827640141920027
4621,46.2,0.0,0.0,0.0,0.0,2.4448132895207433,-0.5031835563414953,-4.443331382222998,-1.1092606688387538,0.7518047372094929,-2.309540625615216,-3.0613453628247123,-2.9479968458622388
4622,46.21,0.0,0.0,0.0,0.0,2.400716684321852,-0.5152341226219249,-4.374582920823754,-1.293015580055642,0.7760318141765813,-2.3146311825935326,-3.090662996770116,-2.915950806943777
4623,46.22,0.0,0.0,0.0,0.0,2.3573490766238288,-0.5288911214115181,-4.297603533766975,-1.430955213781449,0.7998215014771523,-2.3198506592367094,-3.1196721607138636,-2.8862401980353467
4624,46.230000000000004,0.0,0.0,0.0,0.0,2.3147905144997876,-0.5437089680164244,-4.212856265245894,-1.5256246135189167,0.8231814931862005,-2.325212870732247,3.1347909432611423,-2.858499482516212
4625,46.24,0.0,0.0,0.0,0.0,2.27311610888028,-0.5592684142489777,-4.120863750134229,-1.5797403424756078,0.8461202596703532,-2.330727306673924,3.1063377408353054,-2.8323845231292575
4626,46.25,0.0,0.0,0.0,0.0,2.2323954897708265,-0.5751780921625806,-4.022197823297855,-1.596156138168548,0.8686469954110047,-2.3363994024318684,3.078138909336713,-2.807573581933407
4627,46.26,0.0,0.0,0.0,0.0,2.192692365519012,-0.5910757129562049,-3.9174692852818027,-1.5778283158092588,0.8907715619060171,-2.3422308242379044,3.050182921035661,-2.783768078475217
4628,46.27,0.0,0.0,0.0,0.0,2.1540641839101147,-0.6066289194796765,-3.8073177668470732,-1.5277811313985812,0.9125044266741641,-2.348219764528255,3.0224611159771704,-2.7606931033897912
4629,46.28,0.0,0.0,0.0,0.0,2.1165618941171926,-0.6215357935409676,-3.6924017000398504,-1.4490724463344558,0.9338565993756015,-2.3543612440827983,2.9949674637211863,-2.7380976876581604
4630,46.29,0.0,0.0,0.0,0.0,2.0802298081529482,-0.6355250232265572,-3.5733884621372365,-1.3447601494928154,0.954839566050944,-2.3606474175311147,2.967698323597529,-2.7157548313795052
4631,46.300000000000004,0.0,0.0,0.0,0.0,2.045105559560561,-0.6483557404506899,-3.4509448061261505,-1.217869875696507,0.975465222463318,-2.3670678788720236,2.9406522058442426,-2.6934613000112506
4632,46.31,0.0,0.0,0.0,0.0,2.0112201557668863,-0.6598170445865947,-3.3257277240312755,-1.0713646017439784,0.9957458074992378,-2.3736099637834114,2.913829535896935,-2.671037200353481
4633,46.32,0.0,0.0,0.0,0.0,1.9785981189625628,-0.6697272338693468,-3.198375905794436,-0.9081166986182411,1.0156938375407532,-2.380259045686702,2.8872324239521325,-2.6483253528319097
4634,46.33,0.0,0.0,0.0,0.0,1.9472577087334533,-0.6779327718489503,-3.069501956535197,-0.7308829721007792,1.0353220426613308,-2.3869988227757117,2.86086444174254,-2.6251904805824036
4635,46.34,0.0,0.0,0.0,0.0,1.917211218100593,-0.684307021099332,-2.93968552036499,-0.5422831391527577,1.0546433054227378,-2.393811593517671,2.8347304082391793,-2.6015182391999248
4636,46.35,0.0,0.0,0.0,0.0,1.8884653332699262,-0.6887487803098109,-2.8094674321392343,-0.3447820728144662,1.073670602959351,-2.4006785184768544,2.808836185743379,-2.5772141135797373
4637,46.36,0.0,0.0,0.0,0.0,1.861021546350503,-0.6911806635562018,-2.6793449830157976,-0.14067601473945837,1.092416952934234,-2.407579866686933,2.783188487558417,-2.5522022099067048
4638,46.37,0.0,0.0,0.0,0.0,1.8348766096417022,-0.6915473618352995,-2.5497683452145505,0.06791718672493302,1.1108953638397605,-2.414495245193808,2.7577946981460193,-2.526423971477002
4639,46.38,0.0,0.0,0.0,0.0,1.8100230198444764,-0.6898138268292175,-2.42113815962493,0.2790638929219758,1.1291187900005037,-2.4214038107920883,2.732662706386994,-2.499836846673694
4640,46.39,0.0,0.0,0.0,0.0,1.7864495207171887,-0.685963415425591,-2.2938042501965628,0.4910167510212021,1.1471000915197744,-2.42828446337177,2.707800752288042,-2.4724129361427796
4641,46.4,0.0,0.0,0.0,0.0,1.7641416132367336,-0.6799960309203963,-2.1680653940098003,0.7022133407168407,1.1648519992991626,-2.4351160206650375,2.6832172872153897,-2.44413764415713
4642,46.410000000000004,0.0,0.0,0.0,0.0,1.743082063185753,-0.6719262932946597,-2.04417004743409,0.9112717834753379,1.1823870851546814,-2.4418773745250943,2.6589208474998123,-2.4150083564804126
4643,46.42,0.0,0.0,0.0,0.0,1.7232513971932342,-0.6617817667402286,-1.9223179078795225,1.1169837611227318,1.1997177369580085,-2.4485476291724124,2.634919941049167,-2.3850331639334628
4644,46.43,0.0,0.0,0.0,0.0,1.7046283795324,-0.6496012679772727,-1.8026621776247074,1.3183054192341772,1.21685613864788,-2.455106222102631,2.6112229464290713,-2.3542296475096727
4645,46.44,0.0,0.0,0.0,0.0,1.687190463348837,-0.6354332741097815,-1.6853123907081047,1.5143466354277513,1.2338142548861923,-2.4615330285616492,2.5878380237317464,-2.3226237374586187
4646,46.45,0.0,0.0,0.0,0.0,1.6709142113806157,-0.6193344440283797,-1.5703376650549123,1.7043591167058871,1.250603820077449,-2.46780845065729,2.5647730364448456,-2.2902486554089956
4647,46.46,0.0,0.0,0.0,0.0,1.6557756825813008,-0.6013682628785889,-1.4577702487351116,1.8877237576180745,1.267236331427307,-2.4739134922941046,2.5420354834581764,-2.2571439454598896
4648,46.47,0.0,0.0,0.0,0.0,1.6417507823156745,-0.5816038150079855,-1.3476092401956388,2.0639376467354382,1.2837230456867927,-2.4798298211924275,2.519632440300368,-2.22335459732366
4649,46.480000000000004,0.0,0.0,0.0,0.0,1.6288155749325757,-0.5601146871858428,-1.2398243761663357,2.23260105708306,1.3000749792108048,-2.4855398192880527,2.4975705086807287,-2.1889302621184186
4650,46.49,0.0,0.0,0.0,0.0,1.6169465585052378,-0.5369780008078301,-1.1343597964594703,2.393404700723736,1.316302910953,-2.491026622811222,2.4758557734153657,-2.153924559313068
4651,46.5,0.0,0.0,0.0,0.0,1.6061209023568779,-0.5122735692760055,-1.0311377109978979,2.546117471944663,1.332417388021294,-2.496274153317688,2.4544937658406005,-2.1183944716328833
4652,46.51,0.0,0.0,0.0,0.0,1.5963166486564715,-0.48608317477016527,-0.9300619102387505,2.690574850090311,1.3484287334275478,-2.501267140895993,2.433489432856047,-2.0823998234266368
4653,46.52,0.0,0.0,0.0,0.0,1.5875128798822677,-0.45848995716556895,-0.8310210750361687,2.8266680839305773,1.3643470556809514,-2.5059911407096704,2.4128471107889644,-2.046002837047837
4654,46.53,0.0,0.0,0.0,0.0,1.5796898543217308,-0.42957790685689917,-0.7338918554560171,2.954334235785481,1.3801822598942262,-2.510432543955349,2.392570503330011,-2.00926776117863
4655,46.54,0.0,0.0,0.0,0.0,1.5728291120209108,-0.3994314526584017,-0.6385416998316094,3.0735471261193936,1.3959440600951107,-2.5145785842320434,2.372662662852432,-1.9722605646793125
4656,46.550000000000004,0.0,0.0,0.0,0.0,1.5669135537322145,-0.36813513570478346,-0.5448314253165878,3.1843091881548324,1.411641992460074,-2.5184173402269066,2.353125974492604,-1.935048689436998
4657,46.56,0.0,0.0,0.0,0.0,1.5619274954545717,-0.3357733603113073,-0.45261752933825194,3.286644217078752,1.4272854292133093,-2.521937735532364,2.333962142433909,-1.897700855765879
4658,46.57,0.0,0.0,0.0,0.0,1.5578567011325137,-0.3024302130064436,-0.3617542477755457,3.3805909791868434,1.4428835929599102,-2.525129536319798,2.3151721778998797,-1.8602869141389573
4659,46.58,0.0,0.0,0.0,0.0,1.5546883959970839,-0.26818934137196676,-0.2720953705280706,3.466197632249212,1.4584455712471214,-2.5279833475093794,2.296756388423082,-1.8228777373690506
4660,46.59,0.0,0.0,0.0,0.0,1.5524112629064069,-0.23313388486306535,-0.18349582858374305,3.5435168988109615,1.473980331172155,-2.530490607994497,2.2787143680129325,-1.7855451477694722
4661,46.6,0.0,0.0,0.0,0.0,1.5510154238906122,-0.19734645039635032,-0.09581306894114296,3.6126019283521167,1.4894967338775973,-2.5326435854039486,2.2610449878980368,-1.7483618742869624
4662,46.61,0.0,0.0,0.0,0.0,1.5504924089351946,-0.16090912614944247,-0.00890823499004609,3.6735027815490318,1.505003548796949,-2.534435370816243,2.2437463875663943,-1.711401535084637
4663,46.62,0.0,0.0,0.0,0.0,1.5508351138580956,-0.12390352768722541,0.07735282960013017,3.726263469654484,1.5205094675318889,-2.5358598737781817,2.2268159658695175,-1.674738641545321
4664,46.63,0.0,0.0,0.0,0.0,1.5520377489557313,-0.08641087119176784,0.16309873562562752,3.770919483686549,1.5360231172608922,-2.53691181792428,2.21025037199441,-1.6384486201474993
4665,46.64,0.0,0.0,0.0,0.0,1.5540957799176285,-0.04851206921238952,0.24845184453519714,3.8074957511805794,1.551553073594412,-2.5375867374446868,2.1940454961404874,-1.602607849130018
4666,46.65,0.0,0.0,0.0,0.0,1.5570058623422605,-0.010287844954506102,0.33352768988453657,3.836004962301177,1.5671078728062748,-2.5378809746063267,2.1781964597669847,-1.5672937072967665
4667,46.660000000000004,0.0,0.0,0.0,0.0,1.5607657710310285,0.02818113831410846,0.41843450913889874,3.8564462117844625,1.5826960233831087,-2.537791678495185,2.1626976053012945,-1.5325846327169201
4668,46.67,0.0,0.0,0.0,0.0,1.5653743250950998,0.06681413565139611,0.5032728723148153,3.868803908208523,1.5983260168449713,-2.5373168051158954,2.1475424852187195,-1.4985601894437037
4669,46.68,0.0,0.0,0.0,0.0,1.5708313097821858,0.10553016907596582,0.5881353954448232,3.873046907257851,1.6140063378000327,-2.536455118958105,2.132723850421447,-1.46530114070622
4670,46.69,0.0,0.0,0.0,0.0,1.5771373958176986,0.14424786849314158,0.673106528372342,3.8691278307897976,1.629745473204371,-2.535206196116536,2.1182336378586775,-1.432889527324557
4671,46.7,0.0,0.0,0.0,0.0,1.5842940569575208,0.1828853066005263,0.7582624079055202,3.8569825385121814,1.6455519208057612,-2.5335704290332215,2.104062957340607,-1.4014087503569945
4672,46.71,0.0,0.0,0.0,0.0,1.5923034863672874,0.22135982915290855,0.8436707688459243,3.8365297238542784,1.6614341967565696,-2.53154903291487,2.090202077508143,-1.3709436572143787
4673,46.72,0.0,0.0,0.0,0.0,1.601168512375626,0.25958788170564817,0.929390906851726,3.8076706101075475,1.6774008423869957,-2.529144053866051,2.0766404109265415,-1.341580630669978
4674,46.730000000000004,0.0,0.0,0.0,0.0,1.6108925140951962,0.2974848337366452,1.0154736884797069,3.770288727091537,1.6934604301346918,-2.526358378768694,2.0633664982762006,-1.313407680358551
4675,46.74,0.0,0.0,0.0,0.0,1.621479337365645,0.3349648008698737,1.1019616050824161,3.724249752455148,1.7096215686318312,-2.5231957469304858,2.0503679916172692,-1.2865145364957713
4676,46.75,0.0,0.0,0.0,0.0,1.6329332114458213,0.3719404657824146,1.1888888685116814,3.669401405241097,1.7258929069551132,-2.5196607635179076,2.037631636706569,-1.2609927456634067
4677,46.76,0.0,0.0,0.0,0.0,1.645258666868051,0.40832289826870527,1.276281547803711,3.6055733825381373,1.742283138048037,-2.5157589147849135,2.0251432543466357,-1.2369357685993456
4678,46.77,0.0,0.0,0.0,0.0,1.6584604548652389,0.44402137485954013,1.3641577472074484,3.532577332920265,1.758801001329315,-2.5114965851034325,2.012887720746837,-1.2144390800056988
4679,46.78,0.0,0.0,0.0,0.0,1.6725434687907403,0.478943198342714,1.4525278270671391,3.450206862943727,1.7754552845050866,-2.506881075798449,2.000848946876052,-1.1936002704480264
4680,46.79,0.0,0.0,0.0,0.0,1.6875126679719612,0.5129935175072551,1.5413946702004906,3.358237575249562,1.7922548246072458,-2.501920625787011,1.9890098567853278,-1.1745191504647061
4681,46.800000000000004,0.0,0.0,0.0,0.0,1.7033730044703166,0.5460751474279903,1.6307539975266503,3.256427138815273,1.809208508284312,-2.4966244340174084,1.9773523648778641,-1.1572978570423262
4682,46.81,0.0,0.0,0.0,0.0,1.720129353263526,0.5780883906221544,1.7205947378115014,3.144515393615391,1.826325271376562,-2.4910026837013985,1.9658573521016272,-1.1420409626413717
4683,46.82,0.0,0.0,0.0,0.0,1.7377864464205173,0.6089308594397705,1.8108994575143982,3.022224493396271,1.8436140978125615,-2.48506656832902,1.9545046410380045,-1.1288555869807468
4684,46.83,0.0,0.0,0.0,0.0,1.756348811904349,0.6384973000920202,1.9016448578478902,2.889259091440645,1.8610840178698953,-2.478828319451668,1.9432729698580196,-1.117851511812329
4685,46.84,0.0,0.0,0.0,0.0,1.775820717715807,0.6666794187760376,1.9928023473124907,2.7453065750776626,1.8787441058500849,-2.4723012362148067,1.932139965114691,-1.1091412989397693
4686,46.85,0.0,0.0,0.0,0.0,1.7962061221784478,0.6933657104146644,2.0843386991386517,2.5900373552766762,1.896603477224857,-2.4654997166168497,1.9210821133378793,-1.1028404117637833
4687,46.86,0.0,0.0,0.0,0.0,1.817508631266533,0.7184412905951961,2.1762168042680496,2.4231052179113353,1.9146712853198138,-2.458439290465125,1.9100747313946491,-1.0990673406713367
4688,46.87,0.0,0.0,0.0,0.0,1.8397314639892073,0.7417877313560632,2.26839653172804,2.2441477431713364,1.9329567176106361,-2.451136653993774,1.8990919355751763,-1.097943732633144
4689,46.88,0.0,0.0,0.0,0.0,1.8628774269695487,0.7632829015336171,2.360835709502978,2.0527867990727593,1.9514689917181811,-2.443609706101628,1.8881066093597787,-1.0995945254359316
4690,46.89,0.0,0.0,0.0,0.0,1.8869488994940489,0.7828008124356559,2.4534912402687414,1.8486291140325684,1.9702173512005134,-2.4358775861606743,1.877090369818395,-1.1041480870583928
4691,46.9,0.0,0.0,0.0,0.0,1.9119478304585562,0.8002114696512977,2.546320367629693,1.6312669319483533,1.9892110612538025,-2.4279607133376997,1.8660135325880822,-1.1117363608072584
4692,46.910000000000004,0.0,0.0,0.0,0.0,1.9378757487988452,0.8153807318305691,2.639282109756885,1.4002787510947896,2.008459404448572,-2.4198808273637438,1.8548450753672703,-1.122495016968276
4693,46.92,0.0,0.0,0.0,0.0,1.9647337891696208,0.8281701772671068,2.7323388785610874,1.1552301453150633,2.0279716766449662,-2.4116610306774673,1.8435525998571527,-1.136563611902514
4694,46.93,0.0,0.0,0.0,0.0,1.992522734823078,0.8384369790846283,2.825458303708789,0.8956746623587382,2.0477571832492045,-2.4033258318602035,1.83210229207018,-1.1540857557384498
4695,46.94,0.0,0.0,0.0,0.0,2.021243079836184,0.8460337897542962,2.918615281869662,0.6211547897070696,2.0678252359935665,-2.3949011902731767,1.820458880912843,-1.1752092900818878
4696,46.95,0.0,0.0,0.0,0.0,2.050895113045252,0.8508086355472112,3.0117942725297615,0.3312029727207441,2.0881851504452036,-2.386414561800211,1.8085855949341698,-1.2000864774980409
4697,46.96,0.0,0.0,0.0,0.0,2.08147902626311,0.852604821342464,3.1049918624520476,0.02534266338226656,2.1088462444733884,-2.377894945594451,1.796444117111745,-1.2288742049206463
4698,46.97,0.0,0.0,0.0,0.0,2.1129950495782364,0.8512608459565417,3.1982196213523166,-0.29691062978511307,2.129817837932062,-2.3693729317243877,1.783994537523133,-1.2617342036216947
4699,46.980000000000004,0.0,0.0,0.0,0.0,2.1454436167611783,0.846610327822479,3.291507271490148,-0.6360483288420055,2.1511092538431646,-2.3608807496144832,1.7711953037219366,-1.2988332889386993
4700,46.99,0.0,0.0,0.0,0.0,2.1788255640299625,0.8384819404165735,3.3849061935521614,-0.9925678586874088,2.172729821398018,-2.3524523171796856,1.758003168601879,-1.340343623613389
4701,47.0,0.0,0.0,0.0,0.0,2.213142365645993,0.8266993562964714,3.478493290289223,-1.3669718632508718,2.1946888811276746,-2.344123290561245,1.7443731354906666,-1.3864430093495215
4702,47.01,0.0,0.0,0.0,0.0,2.2483964100182248,0.8110811979706168,3.5723752276913707,-1.75976763564795,2.216995792628461,-2.335931114386344,1.7302584001647836,-1.4373152120476078
4703,47.02,0.0,0.0,0.0,0.0,2.2845913201797097,0.7914409930626124,3.666693070834426,-2.171466843451198,2.239659945267231,-2.3279150724950624,1.7156102894172895,-1.4931503271170974
4704,47.03,0.0,0.0,0.0,0.0,2.3217323226529203,0.7675871303709938,3.761627327619604,-2.6025856402900285,2.262690772329838,-2.3201163391079715,1.700378195741775,-1.5541451922819265
4705,47.04,0.0,0.0,0.0,0.0,2.3598266688269973,0.7393228124716846,3.8574034080841493,-3.0536452625870467,2.2860977691175104,-2.3125780304463777,1.6845095076156986,-1.6205038563553127
4706,47.050000000000004,0.0,0.0,0.0,0.0,2.398884113009536,0.7064459995028738,3.954297499267938,-3.5251732132427294,2.3098905155367677,-2.30534525686578,1.6679495347770419,-1.6924381135066624
4707,47.06,0.0,0.0,0.0,0.0,2.438917451266109,0.6687493377684819,4.052642845078252,-4.0177051295370125,2.334078703770412,-2.2984651756216463,1.6506414277875243,-1.770168113497627
4708,47.07,0.0,0.0,0.0,0.0,2.479943124986924,0.6260200658933209,4.152836406200491,-4.531787416148017,2.3586721716575356,-2.291987044454987,1.6325260910670614,-1.8539230590936029
4709,47.08,0.0,0.0,0.0,0.0,2.52198189277652,0.5780398906076747,4.255345855437809,-5.067980690039349,2.3836809424478473,-2.285962276261546,1.613542088470195,-1.9439420021688454
4710,47.09,0.0,0.0,0.0,0.0,2.5650595736895005,0.5245848240457957,4.360716836896494,-5.6268640237469025,2.4091152716295237,-2.28044449518882,1.5936255403612427,-2.040474749643705
4711,47.1,0.0,0.0,0.0,0.0,2.6092078639426766,0.46542497503047414,4.46958038021833,-6.209039875704705,2.4349857015554046,-2.275489594584516,1.5727100110396655,-2.1437828889122024
4712,47.11,0.0,0.0,0.0,0.0,2.6544652279025738,0.40032428863354097,4.582660309349612,-6.815139444648805,2.461303124607903,-2.2711557972871534,1.5507263852845319,-2.254140939269033
4713,47.12,0.0,0.0,0.0,0.0,2.700877862199601,0.32904023199682975,4.70078041296432,-7.44582795745164,2.488078855641237,-2.267503718790411,1.5276027327479418,-2.371837630202771
4714,47.13,0.0,0.0,0.0,0.0,2.748500729012105,0.25132343087208764,4.824871041739339,-8.101809064947965,2.5153247144155246,-2.264596433802981,1.5032641589610782,-2.4971772981400173
4715,47.14,0.0,0.0,0.0,0.0,2.7973986505351203,0.16691727187266006,4.955974653387634,-8.783827035088546,2.543053118678306,-2.2624995466328843,1.4776326418683943,-2.63048137866246
4716,47.15,0.0,0.0,0.0,0.0,2.8476474508935117,0.07555750180828041,5.095249621314577,-9.492664736840744,2.571277188442619,-2.2612812655988845,1.4506268531380804,-2.772089949085231
4717,47.160000000000004,0.0,0.0,0.0,0.0,2.8993351235425617,-0.023028119792991488,5.243971330744261,-10.22913441759239,2.600010861834091,-2.261012481242605,1.4221619641028886,-2.9223632433355533
4718,47.17,0.0,0.0,0.0,0.0,2.9525629904803363,-0.12912002229248787,5.4035291700601285,-10.994056874775877,2.629269022605276,-2.2617668473828902,1.3921494371914185,-3.081683012772824
4719,47.18,0.0,0.0,0.0,0.0,3.0074468028857875,-0.24300673368788972,5.575417432885894,-11.788222647780996,2.65906763900018,-2.263620862876567,1.360496805302835,-3.2504535365736773
4720,47.19,0.0,0.0,0.0,0.0,3.0641177089923697,-0.36498427570062364,5.761217306175141,-12.612326088591047,2.6894239130354203,-2.2666539501295118,1.3271074440146555,-3.429101984692993
4721,47.2,0.0,0.0,0.0,0.0,3.122722981168255,-0.4953547117619146,5.962565933765954,-13.466859312819262,2.720356438363978,-2.270948523657256,1.291880345158352,-3.6180776929301697
4722,47.21,0.0,0.0,0.0,0.0,3.1834263462259966,-0.6344233602224095,6.181106885048054,-14.351947699798128,2.751885363580729,-2.2765900379386492,1.2547099056602113,-3.8178497064484063
4723,47.22,0.0,0.0,0.0,0.0,3.246407695410772,-0.782493967196421,6.4184140631268685,-15.267101318537728,2.78403255595103,-2.283666997900357,1.2154857533282004,-4.028901662607193
4724,47.230000000000004,0.0,0.0,0.0,0.0,3.311861856035949,-0.9398608305300841,6.675877969000557,-16.210846853228457,2.816821757860932,-2.29227090688116,1.1740926424374911,-4.251722686566033
4725,47.24,0.0,0.0,0.0,0.0,3.3799959761870975,-1.10679645063358,6.954539115040194,-17.18019176289809,2.850278724489521,-2.3024961148681227,1.1304104678219438,-4.486792426820678
4726,47.25,0.0,0.0,0.0,0.0,3.4510248966220676,-1.283532723341281,7.254848152512917,-18.169856288030463,2.8844313258752243,-2.3144395128857864,1.0843144684185737,-4.734557619963349
4727,47.26,0.0,0.0,0.0,0.0,3.525163649363548,-1.4702329536079608,7.576326101449605,-19.171190096197964,2.919309589166827,-2.328199996045785,1.0356757219669723,-4.995396602971509
4728,47.27,0.0,0.0,0.0,0.0,3.602615924153135,-1.6669510400764707,7.917091714782603,-20.170671366568836,2.95494564680707,-2.3438775860669554,0.9843620743055629,-5.269566964229606
4729,47.28,0.0,0.0,0.0,0.0,3.683556988856049,-1.8735730858109048,8.273218511047798,-21.147873497226307,2.991373543069734,-2.361572062207588,0.930239701902264,-5.557130074666953
4730,47.29,0.0,0.0,0.0,0.0,3.768109176253856,-2.089735555920388,8.637885814618507,-22.0727925090482,3.0286288343493264,-2.381380896365431,0.8731755764648289,-5.857844732174244
4731,47.300000000000004,0.0,0.0,0.0,0.0,3.8563077590302277,-2.314713255559161,9.00030482739867,-22.902483751268544,3.0667478981336234,-2.4033962246085876,0.8130411844373716,-6.171021014589389
4732,47.31,0.0,0.0,0.0,0.0,3.9480550440603883,-2.5472705332139935,9.344447153435414,-23.577106465624638,3.1057668434676873,-2.427700519542344,0.7497179441695514,-6.495325577274382
4733,47.32,0.0,0.0,0.0,0.0,4.043061229167422,-2.785471501203665,9.647701658584124,-24.015789477144818,-3.1374654104110946,-2.454360571277152,0.6831048391339443,-6.828532730371087
4734,47.33,0.0,0.0,0.0,0.0,4.140772634152873,-3.0264517739370578,9.87976267136565,-24.11329425151178,-3.0965481760326097,-2.4834193715329773,0.6131288044996288,-7.167224408089931
4735,47.34,0.0,0.0,0.0,0.0,4.240292227045912,-3.2661680406684575,10.002323491371797,-23.739309887537175,-3.0546438743784923,-2.514885582350291,0.5397582920282011,-7.5064602677143695
4736,47.35,0.0,0.0,0.0,0.0,4.340304741966289,-3.499165305717518,9.970477985952195,-22.743253452025936,-3.0117406257889727,-2.548720542975718,0.4630200828132565,-7.8394700476838075
4737,47.36,0.0,0.0,0.0,0.0,4.439029058901746,-3.71843460053573,9.736963783704017,-20.96817409197846,-2.9678420129590593,-2.584823325653022,0.38301868730603905,-8.157463659437475
4738,47.37,0.0,0.0,0.0,0.0,4.534231369388331,-3.9154683898425726,9.260173375623559,-18.27669425066869,-2.922971740414003,-2.6230152567565623,0.2999564836574442,-8.449699759230903
4739,47.38,0.0,0.0,0.0,0.0,4.6233373054341484,-4.080635567729031,8.515752880035459,-14.588403989803554,-2.8771776973721193,-2.663026494638703,0.2141512027334165,-8.70397287316318
4740,47.39,0.0,0.0,0.0,0.0,4.7036691700256865,-4.203959588933777,7.509398114091198,-9.92110525221452,-2.8305342837299183,-2.7044883412480116,0.12604594248190673,-8.907628758959463
4741,47.4,0.0,0.0,0.0,0.0,4.772797287520637,-4.276265249887214,6.285888837528363,-4.420137268297759,-2.783141761745956,-2.7469352778010316,0.03620648394492811,-9.04906253740785
4742,47.410000000000004,0.0,0.0,0.0,0.0,4.828937958832949,-4.2904797742295475,4.928502022084958,1.6428735042840863,-2.7351217810456068,-2.789819494484834,-0.054697713439227226,-9.119417733062496
4743,47.42,0.0,0.0,0.0,0.0,4.871282719093374,-4.242721361535958,3.5458174264366606,7.911423590300347,-2.6866091626263793,-2.8325377025212246,-0.14592853989484886,-9.114004080629332
4744,47.43,0.0,0.0,0.0,0.0,4.900143173036745,-4.1328058047434,2.2491240850303584,14.015649584681602,-2.637741234242388,-2.8744661723247473,-0.23672493808235592,-9.032948977780144
4745,47.44,0.0,0.0,0.0,0.0,4.916857864111575,-3.963997951151046,1.12908911498934,19.646555757905997,-2.5886469011954145,-2.9149970843405866,-0.3263501831451756,-8.88085581526262
4746,47.45,0.0,0.0,0.0,0.0,4.923500912070249,-3.7421303791533336,0.24063089934147608,24.60455970385318,-2.539437707876765,-2.9535690168280153,-0.41413130895125017,-8.665631291223583
4747,47.46,0.0,0.0,0.0,0.0,4.922499467745188,-3.4744260536417055,-0.40009626078563365,28.809821007300144,-2.4902023696085793,-2.9896868224159645,-0.49948445280738923,-8.396925521386894
4748,47.47,0.0,0.0,0.0,0.0,4.916274282318162,-3.1683864732962292,-0.8088226177672426,32.28118814011115,-2.441005096700981,-3.0229297976102343,-0.5819247009092501,-8.084660755614392
4749,47.480000000000004,0.0,0.0,0.0,0.0,4.9069764930358755,-2.8309780087944842,-1.0217421250685057,35.10058372841276,-2.3918870695576797,-3.0529501034994153,-0.6610630339417393,-7.73795450183036
4750,47.49,0.0,0.0,0.0,0.0,4.8963402705797225,-2.468180732502814,-1.0843992346055058,37.378143260546395,-2.3428699640962565,-3.0794648684607493,-0.7365949043644897,-7.364521003082537
4751,47.5,0.0,0.0,0.0,0.0,4.885633310185761,-2.0848447112020154,-1.043463046136403,39.22632485386428,-2.293960437469086,-3.1022453910616035,-0.8082849535925142,-6.970478021387777
4752,47.51,0.0,0.0,0.0,0.0,4.875672512578697,-1.6847516005215348,-0.9418679821309813,40.744608630653296,-2.2451547549064417,-3.121106020514918,-0.875951265608473,-6.560424113100232
4753,47.52,0.0,0.0,0.0,0.0,4.86687397037283,-1.2707838875141797,-0.8166554647587626,42.01278967090414,-2.196443065729963,-3.1358942628697575,-0.9394511971397982,-6.13765785788701
4754,47.53,0.0,0.0,0.0,0.0,4.859315091066413,-0.8451306950079805,-0.6985470061471576,43.08988527559076,-2.1478131043934647,3.136702497975908,-0.9986697048102137,-5.704445786074393
4755,47.54,0.0,0.0,0.0,0.0,4.852795896067587,-0.4094874774640878,-0.612419459099785,44.016086994652014,-2.099253266892384,3.130421690488011,-1.053510349799192,-5.262283373531675
4756,47.550000000000004,0.0,0.0,0.0,0.0,4.846893497878702,0.03477139307702453,-0.578123180560372,44.81600641922246,-2.050755105430807,3.1285414453061877,-1.1038887564425957,-4.812122104801678
4757,47.56,0.0,0.0,0.0,0.0,4.841008082411009,0.48645449356399995,-0.6113265481899242,45.50220083171068,-2.0023153205679174,3.131141857320192,-1.1497281292914772,-4.3545535888470095
4758,47.57,0.0,0.0,0.0,0.0,4.834400980065706,0.9444496257151651,-0.7242393326670209,46.07847655430908,-1.9539373341040445,3.1382915762023247,-1.1909563968732138,-3.8899513543505413
4759,47.58,0.0,0.0,0.0,0.0,4.826226332008289,1.407651101795369,-0.9261679861584086,46.54277110518987,-1.905632514679138,-3.1331370961055596,-1.2275045814264254,-3.4185752302129204
4760,47.59,0.0,0.0,0.0,0.0,4.815558035834777,1.8749135341983723,-1.2239078388746445,46.8895727188793,-1.857421111669059,-3.116727162777212,-1.2593060511081497,-2.940644501636405
4761,47.6,0.0,0.0,0.0,0.0,4.801413475885896,2.345027612502966,-1.6219993339898602,47.111906136605114,-1.8093329368342033,-3.095629309836343,-1.28629637300214,-2.45638586338293
4762,47.61,0.0,0.0,0.0,0.0,4.782775233556764,2.816713788547647,-2.122881278281565,47.20293796420362,-1.761407819622108,-3.0698213616143333,-1.3084135419922256,-1.966061445009117
4763,47.62,0.0,0.0,0.0,0.0,4.758611648981535,3.2886303488384816,-2.7269721192909455,47.15725782339205,-1.7136958517096843,-3.039294260616489,-1.3255984089068087,-1.4699813001430537
4764,47.63,0.0,0.0,0.0,0.0,4.727896818725037,3.7593928907271166,-3.4327053727438694,46.971885641254886,-1.6662574291300742,-3.0040526001832175,-1.33779517105314,-0.9685039279979208
4765,47.64,0.0,0.0,0.0,0.0,4.689630379339241,4.227602677738939,-4.236540106996411,46.64704617765522,-1.619163095701144,-2.964114916053762,-1.3449518203526147,-0.46202770160030227
4766,47.65,0.0,0.0,0.0,0.0,4.642857240511485,4.69188170695711,-5.1329629757737445,46.186740943051284,-1.5724931889404814,-2.9195136591277047,-1.347020470187227,0.049024466445625414
4767,47.660000000000004,0.0,0.0,0.0,0.0,4.586687284572916,5.1509125616074165,-6.114494833166909,45.599135122200735,-1.526337288779321,-2.8702947920856188,-1.3439575033062945,0.5642252770345006
4768,47.67,0.0,0.0,0.0,0.0,4.520314933953851,5.603481228169026,-7.171711931088872,44.896762826750376,-1.4807934698202672,-2.8165169711483626,-1.3357235013280992,1.0831662942151752
4769,47.68,0.0,0.0,0.0,0.0,4.443038405295612,6.048521012001287,-8.293288073582504,44.09653802864019,-1.4359673593124576,-2.7582502925546235,-1.3222829332421662,1.6054826067056753
4770,47.69,0.0,0.0,0.0,0.0,4.354278430573727,6.485155473132386,-9.466058598996552,43.21954113559984,-1.3919710050691563,-2.69557460291428,-1.3036035978451204,2.1308770425586596
4771,47.7,0.0,0.0,0.0,0.0,4.25359625722008,6.912737910685921,-10.675098354195416,42.290532326954455,-1.348921559662444,-2.6285773951863574,-1.2796558355239136,2.6591416534658414
4772,47.71,0.0,0.0,0.0,0.0,4.140710878826558,7.330884331928193,-11.903792776918005,41.33712146403299,-1.3069397885213483,-2.557351339531283,-1.2504115510099347,3.190173453101635
4773,47.72,0.0,0.0,0.0,0.0,4.015515743113087,7.739496013994492,-13.133863066023368,40.388498012305675,-1.2661484087186075,-2.481991532846055,-1.2158431241274477,3.7239802708814045
4774,47.730000000000004,0.0,0.0,0.0,0.0,3.878095686749489,8.13876663152317,-14.345283027658137,39.47358854286348,-1.226670260445794,-2.402592595086861,-1.1759223346410672,4.260670944773681
4775,47.74,0.0,0.0,0.0,0.0,3.728745607222519,8.529167359761107,-15.515997259559652,38.618458591061724,-1.1886263021093775,-2.3192457981453773,-1.1306194960359996,4.800421752538588
4776,47.75,0.0,0.0,0.0,0.0,3.567993435582766,8.911401199420334,-16.621320267279117,37.84270633421483,-1.1521333998606564,-2.232036489188008,-1.0799030893273547,5.343407763837568
4777,47.76,0.0,0.0,0.0,0.0,3.3966313161309705,9.286314834991112,-17.632869957446175,37.154512760544534,-1.1173018502417313,-2.141042171889569,-1.0237403216478378,5.889683518860141
4778,47.77,0.0,0.0,0.0,0.0,3.2157604291286637,9.654752610296798,-18.51688097945973,36.543944924464,-1.0842325279845653,-2.0463317439467543,-0.9620992159621927,6.4389921811681345
4779,47.78,0.0,0.0,0.0,0.0,3.026856291480059,10.017333167808092,-19.231784918723925,35.97413465448527,-1.0530134892999965,-1.947966563822834,-0.8949530745228408,6.9904768763280325
4780,47.79,0.0,0.0,0.0,0.0,2.8318618618070768,10.374126668115228,-19.725098372924318,35.37025148577751,-1.0237157889031685,-1.8460042298294639,-0.8222884409262953,7.54226480630815
4781,47.800000000000004,0.0,0.0,0.0,0.0,2.633313723766194,10.724213504780813,-19.930037930785083,34.60708933132116,-0.996388202872329,-1.7405061680021163,-0.7441179651297839,8.09089978101462
4782,47.81,0.0,0.0,0.0,0.0,2.434499018132707,11.065122524031668,-19.763041473540525,33.498099762319484,-0.9710505283798774,-1.6315502473751196,-0.6604997189952422,8.630623505898962
4783,47.82,0.0,0.0,0.0,0.0,2.2396230922089093,11.392191704243029,-19.124642060827462,31.792312007036,-0.9476852325835388,-1.5192494664873408,-0.5715642339038021,9.15256861203412
4784,47.83,0.0,0.0,0.0,0.0,2.0539354734026407,11.697982546762749,-17.907721170686607,29.1904422108332,-0.9262275719219992,-1.4037769244050111,-0.4775493524830119,9.644047073360108
4785,47.84,0.0,0.0,0.0,0.0,1.883716008399726,11.972012243252342,-16.01797553867176,25.394725003307624,-0.9065550491026186,-1.2853953398078801,-0.378840290705265,10.088296234852617
4786,47.85,0.0,0.0,0.0,0.0,1.7359829213138553,12.201196418477112,-13.40896049587283,20.201390467656008,-0.888478277725661,-1.164486050510564,-0.27600777278490307,10.465213497163257
4787,47.86,0.0,0.0,0.0,0.0,1.6177983845703285,12.371384474318136,-10.125418674750415,13.621260890539642,-0.8717367099066109,-1.0415683562490188,-0.16983164634241144,10.753586089747808
4788,47.870000000000005,0.0,0.0,0.0,0.0,1.5351766918532694,12.47003491226546,-6.335049016114314,5.975031832261634,-0.8560033917150178,-0.9172975967055692,-0.06129420499055493,10.93485822041219
4789,47.88,0.0,0.0,0.0,0.0,1.4918476807328207,12.489393224384834,-2.3215092261072625,-2.1135777892479184,-0.840901683600493,-0.7924331129993931,0.0484685706010999,10.997545543652013
4790,47.89,0.0,0.0,0.0,0.0,1.488349973739573,12.428893380507814,1.5741107787329818,-9.865631098644927,-0.8260331262514036,-0.6677771397885579,0.15825598646284567,10.940543406768242
4791,47.9,0.0,0.0,0.0,0.0,1.521892105325727,12.29557277751524,5.041834041749916,-16.578663047262403,-0.8110107839401449,-0.5440989182283886,0.26691186571175285,10.773680672189514
4792,47.910000000000004,0.0,0.0,0.0,0.0,1.5870605075239823,12.102270476509066,7.875865526655137,-21.816870628877023,-0.7954896132216767,-0.42206608851292354,0.3734235247087532,10.515209968985083
4793,47.92,0.0,0.0,0.0,0.0,1.6770289247179864,11.864548500274237,9.999063487945255,-25.468996320426516,-0.7791868404018175,-0.302201584833145,0.47698525556866894,10.187519575556252
4794,47.93,0.0,0.0,0.0,0.0,1.7847639102900414,11.59770232922605,11.440744179688465,-27.681496585267368,-0.7618898763636083,-0.18487190860624322,0.5770179677573615,9.81293841893601
4795,47.94,0.0,0.0,0.0,0.0,1.9038779145146107,11.314771114201157,12.293202488726694,-28.738819986143966,-0.7434537613423239,-0.0703007386730719,0.673153022669252,9.410893199686546
4796,47.95,0.0,0.0,0.0,0.0,2.029047451581403,11.02571812771642,12.671251380961898,-28.9571566769668,-0.723792278386484,0.04140352326393487,0.7651958016504189,8.996670676135016
4797,47.96,0.0,0.0,0.0,0.0,2.1560932375955573,10.737474646091101,12.685783533121764,-28.619468142482038,-0.7028666918844494,0.15021667208892772,0.8530833639733734,8.581381408495544
4798,47.97,0.0,0.0,0.0,0.0,2.2818684919171064,10.454431483468483,12.431261588074666,-27.948966019349385,-0.6806747598132618,0.2561706158460281,0.9368453756592934,8.172562991551377
4799,47.980000000000004,0.0,0.0,0.0,0.0,2.4040731870837044,10.17906157232759,11.982569298823499,-27.106932771272643,-0.6572413111855376,0.35933106566399137,1.016572376849529,7.774988385243886
4800,47.99,0.0,0.0,0.0,0.0,2.5210640057404454,9.91249879414545,11.39665323033267,-26.201861860230295,-0.6326107423774132,0.4597813271071345,1.0923920694845513,7.391434788405004
4801,48.0,0.0,0.0,0.0,0.0,2.631691275216479,9.655004942688617,10.715902525528827,-25.30172696064364,-0.6068412934899967,0.5576113466261431,1.1644526401161435,7.023313667472138
4802,48.01,0.0,0.0,0.0,0.0,2.7351712397859473,9.406316207378866,9.971664548999941,-24.44541298887552,-0.5800007798169745,0.6529108182953223,1.2329115981123002,6.6711449675929195
4803,48.02,0.0,0.0,0.0,0.0,2.8309911613228818,9.165885985130268,9.187237835872045,-23.651926862140456,-0.5521634320974841,0.7457652185472029,1.2979286506446832,6.334894823807387
4804,48.03,0.0,0.0,0.0,0.0,2.9188409394080947,8.933047468342595,8.380180329173058,-22.927268874557626,-0.523407547463333,0.8362538484242178,1.3596613958875472,6.0142065289345
4805,48.04,0.0,0.0,0.0,0.0,2.9985645717176386,8.707117783255189,7.563987044363992,-22.269327715152134,-0.49381371973157057,0.9244491930007653,1.4182629127323358,5.70855321153755
4806,48.050000000000004,0.0,0.0,0.0,0.0,3.0701257471789964,8.487461113122926,6.749261221340108,-21.67126443055159,-0.46346348021065326,1.0104171045250436,1.4738805847357006,5.417335365943929
4807,48.06,0.0,0.0,0.0,0.0,3.13358316009122,8.273523768219453,5.944507542030176,-21.123801141859587,-0.4324382308224245,1.0942174674028817,1.5266556982253028,5.139940608128233
4808,48.07,0.0,0.0,0.0,0.0,3.189072332036675,8.064850453906091,5.156656645067127,-20.6167390388345,-0.4008183893057343,1.1759051134522136,1.576723502757948,4.875778121869416
4809,48.08,0.0,0.0,0.0,0.0,3.2367916985965635,7.861088194244298,4.3914057362530965,-20.139942233571496,-0.3686826933455805,1.2555308336659547,1.624213527011539,4.624296495647734
4810,48.09,0.0,0.0,0.0,0.0,3.2769914514645615,7.6619823711356485,3.6534378478328,-19.683953647932377,-0.3361076290473591,1.333142386723932,1.6692500157712877,4.384990919671087
4811,48.1,0.0,0.0,0.0,0.0,3.309964158386954,7.467367949996946,2.9465643031627815,-19.24035748683716,-0.30316696146158223,1.4087854417178929,1.7119524031794717,4.157403791609992
4812,48.11,0.0,0.0,0.0,0.0,3.3360365568190145,7.2771580088181045,2.2738211798580434,-18.801966844137358,-0.26993135265736684,1.4825044181942784,1.7524357708516454,3.94112145199909
4813,48.120000000000005,0.0,0.0,0.0,0.0,3.3555621714388684,7.09133103198622,1.6375403560697914,-18.36289061121591,-0.2364680575287686,1.55434320430582,1.7908112618345888,3.735768860547352
4814,48.13,0.0,0.0,0.0,0.0,3.3689145723829284,6.909917975320156,1.0394083051580816,-17.918517610372827,-0.20284069012046477,1.6243457460680701,1.8271864361885313,3.541003402937228
4815,48.14,0.0,0.0,0.0,0.0,3.3764811947237865,6.732989787194527,0.48052051187351225,-17.465445069794725,-0.16910905452832098,1.6925565090836838,1.861665563612005,3.3565085924707407
4816,48.15,0.0,0.0,0.0,0.0,3.3786576988544885,6.56064583816799,-0.0385643033306268,-17.00137128025838,-0.135329034899425,1.7590208197218087,1.8943498546212303,3.1819881393135017
4817,48.160000000000004,0.0,0.0,0.0,0.0,3.375842880044122,6.393003539794726,-0.5177684451600238,-16.52496722999713,-0.10155253909499325,1.82378509636477,1.9253376354597598,3.0171606597506035
4818,48.17,0.0,0.0,0.0,0.0,3.368434143958802,6.230189304489084,-0.9574378617096916,-16.035738364775373,-0.06782749044183306,1.886896983465729,1.9547244739075658,2.861755160530282
4819,48.18,0.0,0.0,0.0,0.0,3.35682356117563,6.072330901284288,-1.3582839074922393,-15.533884846448329,-0.034197861840593216,1.9484054021723947,1.9826032640129845,2.7155073401086582
4820,48.19,0.0,0.0,0.0,0.0,3.3413945033201737,5.919551190002149,-1.7213254772298068,-15.020166480047928,-0.0007037464179873853,2.008360531438751,2.009064277856742,2.5781566866819756
4821,48.2,0.0,0.0,0.0,0.0,3.3225188504272114,5.771963163945804,-2.0478328464517284,-14.495776677004903,0.03261854105277278,2.0668137330966347,2.034195192043858,2.4494443135185926
4822,48.21,0.0,0.0,0.0,0.0,3.300554746138055,5.629666195244988,-2.3392744531151783,-13.962228331200626,0.06573633756862589,2.1238174334664675,2.058081095897838,2.3291114491069327
4823,48.22,0.0,0.0,0.0,0.0,3.2758448660541655,5.492743354549202,-2.597267630568692,-13.421253259092918,0.0986204854641947,2.179424972906514,2.0808044874423195,2.216898488495037
4824,48.230000000000004,0.0,0.0,0.0,0.0,3.248715155836601,5.361259665376676,-2.823534022919706,-12.874715869102136,0.13124517105034098,2.2336904333505285,2.102445262300184,2.1125445095400748
4825,48.24,0.0,0.0,0.0,0.0,3.2194739897758304,5.235261150779505,-3.01986012630611,-12.32454095895808,0.16358775277873785,2.2866684524681316,2.123080699689394,2.0157871610036744
4826,48.25,0.0,0.0,0.0,0.0,3.188411697474987,5.114774533991279,-3.1880631343948167,-11.772654972583073,0.19562858287710155,2.338414031674216,2.142785448797118,1.9263628365162924
4827,48.26,0.0,0.0,0.0,0.0,3.155800405670483,4.999807463501056,-3.3299620413189626,-11.220939657233734,0.22735082587049435,2.3889823438698667,2.1616315179993726,1.8440070578305727
4828,48.27,0.0,0.0,0.0,0.0,3.1218941436083085,4.8903491449034515,-3.4473537780446226,-10.67119682116924,0.25874027688068607,2.4384285455605803,2.1796882686798944,1.768455001295143
4829,48.28,0.0,0.0,0.0,0.0,3.0869291633171865,4.786371275552032,-3.541994029630733,-10.12512277485689,0.2897851820926142,2.4868075968874703,2.1970224147948563,1.6994421122348453
4830,48.29,0.0,0.0,0.0,0.0,3.0511244300973526,4.687829192385469,-3.615582297292272,-9.584291017639462,0.32047606331025874,2.534174092139946,2.2136980288296875,1.6367047622881166
4831,48.300000000000004,0.0,0.0,0.0,0.0,3.014682243159199,4.594663157479218,-3.6697507242613194,-9.050141781714675,0.35080554809931214,2.580582102492056,2.2297765543927475,1.5799809143200187
4832,48.31,0.0,0.0,0.0,0.0,2.9777889512467106,4.506799719293962,-3.706056190749644,-8.523977143848184,0.38076820663839256,2.6260850320192444,2.245316825380852,1.5290107680472516
4833,48.32,0.0,0.0,0.0,0.0,2.940615732994159,4.424153099863886,-3.725975193342644,-8.00696054370071,0.41036039607357394,2.670735487494309,2.2603750914207317,1.4835373668697267
4834,48.33,0.0,0.0,0.0,0.0,2.903319416489105,4.346626569071388,-3.730901051000247,-7.500119690931407,0.4395801128916858,2.7145851620185764,2.2750050491268943,1.4433071525822827
4835,48.34,0.0,0.0,0.0,0.0,2.8660433169103454,4.274113776596842,-3.7221430175619346,-7.0043519898438475,0.4684268535956299,2.757684732205416,2.2892578786097864,1.4080704596864964
4836,48.35,0.0,0.0,0.0,0.0,2.8289180750957525,4.206500020130552,-3.700926924400469,-6.5204317520994755,0.4969014837733667,2.8000837683791926,2.3031822846058296,1.377581945034799
4837,48.36,0.0,0.0,0.0,0.0,2.792062483428242,4.14366343505997,-3.6683970228986165,-6.049018599432182,0.5250061154993759,2.841830657074024,2.316824541574652,1.3516009516317284
4838,48.370000000000005,0.0,0.0,0.0,0.0,2.755584288503149,4.085476096226152,-3.625618741989542,-5.590666576184975,0.5527439928863302,2.8829725349953574,2.330228542109031,1.329891807723003
4839,48.38,0.0,0.0,0.0,0.0,2.7195809626685308,4.031805026616793,-3.573582119216187,-5.14583359430824,0.580119385513423,2.9235552335366006,2.3434358480231814,1.3122240639482619
4840,48.39,0.0,0.0,0.0,0.0,2.684140438743682,3.982513111186712,-3.513205703442134,-4.714890921004152,0.6071374893901045,2.963623232908898,2.356485743518794,1.2983726724430298
4841,48.4,0.0,0.0,0.0,0.0,2.649341804059441,3.937459916519632,-3.445340762843962,-4.298132492091681,0.6338043350659703,3.003219624936588,2.3694152898706213,1.2881181124601908
4842,48.410000000000004,0.0,0.0,0.0,0.0,2.615255951467573,3.8965024189053894,-3.3707756628888954,-3.895783893540639,0.6601267024674116,3.0423860835888203,2.3822593811214055,1.2812464674378163
4843,48.42,0.0,0.0,0.0,0.0,2.5819461861831363,3.8594956447371302,-3.2902403056996645,-3.5080109009853064,0.68611204202396,3.0811628423496242,2.395050800325668,1.277549458553994
4844,48.43,0.0,0.0,0.0,0.0,2.5494687882929497,3.8262932280414934,-3.204410544759991,-3.1349275039247915,0.7117684016413393,3.119588677573614,2.4078202759322713,1.2768244397485438
4845,48.44,0.0,0.0,0.0,0.0,2.5178735315278367,3.796747890541825,-3.113912507669885,-2.7766033693574292,0.7371043590799885,-3.125484410154822,2.4205965379447796,1.2788743590139884
4846,48.45,0.0,0.0,0.0,0.0,2.4872041594889267,3.7707118499971983,-3.019326775016259,-2.433070720234921,0.7621289593074849,-3.087649974327188,2.4334063735449165,1.2835076905082716
4847,48.46,0.0,0.0,0.0,0.0,2.457498820974036,3.748037162729287,-2.921192375817416,-2.1043306187421,0.7868516564070865,-3.0500589688631226,2.4462746819093772,1.290538341755251
4848,48.47,0.0,0.0,0.0,0.0,2.4287904663938162,3.7285760062960387,-2.820010569834018,-1.7903586541856549,0.8112822596434192,-3.012678519545499,2.4592245279906684,1.2997855399022225
4849,48.480000000000004,0.0,0.0,0.0,0.0,2.4011072075251287,3.7121809082411734,-2.716248394724113,-1.4911100412709486,0.8354308833068584,-2.975477228801505,2.4722771950712192,1.3110737007160447
4850,48.49,0.0,0.0,0.0,0.0,2.3744726430379286,3.698704926772717,-2.610341961905391,-1.2065241376194,0.8593078999822402,-2.9384251712618084,2.4854522359355378,1.3242322837347884
4851,48.5,0.0,0.0,0.0,0.0,2.3489061523701356,3.6880017891292622,-2.5026994894122527,-0.9365283903033269,0.8829238969125398,-2.9014938877290706,2.4987675225379795,1.3390956367591267
4852,48.51,0.0,0.0,0.0,0.0,2.3244231606254866,3.679925993297112,-2.3937040632934945,-0.6810417205759349,0.9062896351539917,-2.864656377950904,2.512239294074694,1.3555028326716254
4853,48.52,0.0,0.0,0.0,0.0,2.301035377240833,3.6743328786566916,-2.2837161214419783,-0.43997735436871094,0.9294160112467997,-2.827887092535572,2.5258822033972144,1.3732975014158586
4854,48.53,0.0,0.0,0.0,0.0,2.2787510112221043,3.6710786710715704,-2.173075655425893,-0.2132451039908963,0.952314021152943,-2.7911619242936427,2.5397093617330007,1.392327659849466
4855,48.54,0.0,0.0,0.0,0.0,2.257574965785627,3.670020507890444,-2.062104127101323,-0.0007531041648936252,0.974994726241131,-2.754458199233578,2.5537323817048807,1.412445542104817
4856,48.550000000000004,0.0,0.0,0.0,0.0,2.2375090152694077,3.671016448312057,-1.951106097726209,0.19759099657296275,0.9974692211270009,-2.717754667385147,2.567961418667442,1.4335074330426494
4857,48.56,0.0,0.0,0.0,0.0,2.2185519671971443,3.673925474561235,-1.8403705681276954,0.3818793896984903,1.0197486032057723,-2.6810314935697863,2.582405210404024,1.4553735073640905
4858,48.57,0.0,0.0,0.0,0.0,2.2006998123879105,3.6786074893352096,-1.730172029363604,0.5522040071907067,1.0418439437434968,-2.644270248182092,2.597071115254001,1.4779076769472992
4859,48.58,0.0,0.0,0.0,0.0,2.1839458660052244,3.6849233149937786,-1.620771224406191,0.7086569699418027,1.0637662604215512,-2.607453897992993,2.611965148765042,1.5009774489885541
4860,48.59,0.0,0.0,0.0,0.0,2.168280902426693,3.6927346999733723,-1.5124156227895424,0.8513315839036462,1.0855264912584088,-2.570566796929309,2.6270920189918647,1.5244537975466792
4861,48.6,0.0,0.0,0.0,0.0,2.1536932867875014,3.7019043378899474,-1.405339612022567,0.9803238808686368,1.1071354698610447,-2.5335946767304125,2.6424551605881326,1.548211051102446
4862,48.61,0.0,0.0,0.0,0.0,2.1401691060011374,3.7122959047433297,-1.2997644119731777,1.0957346962183179,1.1286039019869767,-2.496524637327535,2.6580567678650744,1.5721267987421923
4863,48.620000000000005,0.0,0.0,0.0,0.0,2.1276923019844785,3.723774119528511,-1.195897721457689,1.1976722696102275,1.1499423434251979,-2.4593451367386723,2.673897827015712,1.5960818175440323
4864,48.63,0.0,0.0,0.0,0.0,2.116244809703778,3.7362048333796447,-1.0939331099694527,1.286255346337153,1.1711611792313183,-2.4220459802187793,2.6899781477294886,1.619960023675867
4865,48.64,0.0,0.0,0.0,0.0,2.1058067025074116,3.7494551521008255,-0.994049171872089,1.361616746970824,1.1922706043777778,-2.384618308355353,2.706296394446459,1.6436484495934138
4866,48.65,0.0,0.0,0.0,0.0,2.0963563470134425,3.7633935965553786,-0.8964084654468,1.4239073609669213,1.213280605903189,-2.347054583753145,2.722850117523256,1.667037249541936
4867,48.660000000000004,0.0,0.0,0.0,0.0,2.087870569568038,3.7778903048759633,-0.8011562648369478,1.4733005063640483,1.2342009466669657,-2.3093485759087957,2.739635784603825,1.6900197353079252
4868,48.67,0.0,0.0,0.0,0.0,2.0803248359802486,3.792817279805553,-0.7084191590640175,1.5099965828630537,1.2550411508335477,-2.2714953438403245,2.756648812505714,1.7124924438253042
4869,48.68,0.0,0.0,0.0,0.0,2.0736934458648157,3.8080486836745737,-0.6183035386990494,1.534227929896595,1.2758104912262125,-2.233491216006452,2.773883599946918,1.734355237809758
4870,48.69,0.0,0.0,0.0,0.0,2.06794974248672,3.8234611825556173,-0.5308940172229765,1.546263785400943,1.2965179787011492,-2.1953337670313533,2.7913335614470802,1.7555114400688971
4871,48.7,0.0,0.0,0.0,0.0,2.063066338499404,3.8389343400170364,-0.44625184028019876,1.5464152256466912,1.3171723536994255,-2.157021790739616,2.808991162740545,1.7758680015176322
4872,48.71,0.0,0.0,0.0,0.0,2.0590153574083248,3.8543510596288355,-0.36441334156815375,1.5350399525656497,1.3377820801352582,-2.1185552690087195,2.826847958035605,1.7953357022205108
4873,48.72,0.0,0.0,0.0,0.0,2.055768689980448,3.8695980739790468,-0.2853885085972997,1.512546783531444,1.3583553417747316,-2.0799353359611916,2.844894629443663,1.8138293839985988
4874,48.730000000000004,0.0,0.0,0.0,0.0,2.0532982641715285,3.8845664764647,-0.20915972458519702,1.4793996905640288,1.3789000412475039,-2.0411642370492262,2.863121028882856,1.8312682122931716
4875,48.74,0.0,0.0,0.0,0.0,2.051576326472861,3.8991522905701177,-0.13568075388140996,1.4361212324958181,1.3994238018169396,-2.002245282628859,2.8815162227337843,1.8475759640972567
4876,48.75,0.0,0.0,0.0,0.0,2.0505757319089315,3.913257069786097,-0.06487603717628448,1.3832952257249895,1.4199339720096757,-1.9631827956815857,2.900068539488321,1.8626813378771656
4877,48.76,0.0,0.0,0.0,0.0,2.050270239271324,3.9267885198160686,0.0033596409922089223,1.3215685076024126,1.4404376331742759,-1.9239820534180967,2.9187656205872137,1.8765182805447447
4878,48.77,0.0,0.0,0.0,0.0,2.0506348075794034,3.939661133326736,0.06916105647045659,1.2516516617922935,1.460941610002048,-1.8846492225883469,2.937594474589195,1.8890263257473325
4879,48.78,0.0,0.0,0.0,0.0,2.051645889243436,3.951796826299789,0.1326919749212033,1.174318597313222,1.4814524839998269,-1.8451912884268142,2.9565415347529487,1.900150937056353
4880,48.79,0.0,0.0,0.0,0.0,2.0532817149992035,3.963125564099163,0.19414407212007362,1.0904049021747826,1.5019766098576417,-1.8056159772750777,2.975592720046867,1.9098438490999596
4881,48.800000000000004,0.0,0.0,0.0,0.0,2.055522565411349,3.9735859647492546,0.25373532546795013,1.0008049278879716,1.522520134602849,-1.765931673047429,2.9947334995293082,1.9180633993379055
4882,48.81,0.0,0.0,0.0,0.0,2.05835102362822,3.9831258666806306,0.3117078737586991,0.9064676014491863,1.543089019379983,-1.7261473278307125,3.0139489599688907,1.9247748430524108
4883,48.82,0.0,0.0,0.0,0.0,2.061752204130717,3.9917028483820256,0.3683253602617861,0.8083910050481816,1.563689063642566,-1.6862723670367035,3.0332238765003203,1.9299506442513086
4884,48.83,0.0,0.0,0.0,0.0,2.065713952460781,3.9992846880242796,0.4238697927061368,0.7076158086949677,1.5843259314911888,-1.6463165896487442,3.052542786039657,1.9335707355634986
4885,48.84,0.0,0.0,0.0,0.0,2.070227011342377,4.005849752195633,0.47863797186214485,0.6052176849043486,1.6050051798445137,-1.6062900642180256,3.0718900631170434,1.9356227408532565
4886,48.85,0.0,0.0,0.0,0.0,2.0752851492098756,4.011387304385487,0.5329375571295009,0.5022988751038531,1.6257322880864562,-1.5662030213668277,3.091249997726299,1.936102155175611
4887,48.86,0.0,0.0,0.0,0.0,2.0808852479170588,4.015897725730069,0.5870828519073034,0.3999791121910836,1.6465126887970518,-1.5260657436399856,3.110606874742549,1.93501247781301
4888,48.870000000000005,0.0,0.0,0.0,0.0,2.0870273472864445,4.019392642719359,0.6413904026898937,0.29938613055904567,1.6673517991460214,-1.4858884536108934,3.129945054422668,1.932365295432915
4889,48.88,0.0,0.0,0.0,0.0,2.0937146451380726,4.0218949589731565,0.6961745131236773,0.20164601224819348,1.6882550525099473,-1.4456812011887155,-3.1339362536986664,1.928180313835084
4890,48.89,0.0,0.0,0.0,0.0,2.100953452467763,4.023438790723313,0.7517427772139683,0.10787362456688308,1.7092279298654374,-1.4054537510898473,-3.114681680955288,1.9224853382555502
4891,48.9,0.0,0.0,0.0,0.0,2.108753104482542,4.024069308179712,0.8083917342984152,0.019163400107745043,1.7302759905122214,-1.3652154714282676,-3.0954914619404854,1.91531620369717
4892,48.910000000000004,0.0,0.0,0.0,0.0,2.1171258292008126,4.023842487399368,0.8664027424000096,-0.06341930516925925,1.751404901692676,-1.3249752243443242,-3.0763801260369967,1.9067166581985555
4893,48.92,0.0,0.0,0.0,0.0,2.126086576243663,4.022824779516698,0.9260381565016697,-0.13884606525025517,1.7726204666956837,-1.2847412595347936,-3.0573617262304773,1.8967382032730353
4894,48.93,0.0,0.0,0.0,0.0,2.1356528092442084,4.02109270613716,0.9875378847577129,-0.2061322717186567,1.7939286510634984,-1.2445211114675732,-3.038449762531075,1.8854398968929513
4895,48.94,0.0,0.0,0.0,0.0,2.145844265952726,4.018732391272449,1.0511163794699352,-0.26434291847671915,1.815335606557393,-1.2043215009692534,-3.0196571075266427,1.8728881253197232
4896,48.95,0.0,0.0,0.0,0.0,2.156682690595265,4.015839041351391,1.1169601017356408,-0.31259719007715714,1.8368476925818014,-1.164148241762628,-3.000995934344433,1.8591563507561264
4897,48.96,0.0,0.0,0.0,0.0,2.1681915433391086,4.012516385548672,1.1852254799876016,-0.3500718055913954,1.858471494813343,-1.1240061524131977,-2.9824776472265406,1.8443248422095633
4898,48.97,0.0,0.0,0.0,0.0,2.1803956918278398,4.008876088929499,1.256037364145962,-0.3760031145788064,1.8802138408308826,-1.0838989740183353,-2.964112814849218,1.8284803971016594
4899,48.980000000000004,0.0,0.0,0.0,0.0,2.193321089677204,4.0050371507307485,1.3294879596446596,-0.3896879834785727,1.9020818125916241,-1.0438292938496363,-2.9459111064412604,1.8117160610535445
4900,48.99,0.0,0.0,0.0,0.0,2.206994446585642,4.00112529952563,1.405636209908842,-0.39048354789839707,1.9240827556464728,-1.003798475037566,-2.9278812306840387,1.794130852939988
4901,49.0,0.0,0.0,0.0,0.0,2.221442894330173,3.9972723961026513,1.4845075824843947,-0.37780593751319863,1.9462242850327192,-0.9638065922741493,-2.9100308773068684,1.7758295017724781
4902,49.01,0.0,0.0,0.0,0.0,2.2366936524141896,3.9936158536941484,1.5660942033118306,-0.35112810481397,1.9685142878218924,-0.9238523734078501,-2.892366661229746,1.7569222012799588
4903,49.02,0.0,0.0,0.0,0.0,2.2527736965372136,3.99029808378382,1.6503552757593372,-0.3099769064412382,1.990960922335904,-0.8839331467143796,-2.874894069050287,1.7375243872466064
4904,49.03,0.0,0.0,0.0,0.0,2.2697094323948956,3.9874659741768883,1.737217715962066,-0.25392959642342217,2.01357261407266,-0.8440447935531625,-2.8576174076258263,1.7177565417819927
4905,49.04,0.0,0.0,0.0,0.0,2.2875263766191227,3.9852704043973337,1.8265769335952493,-0.18260989481330714,2.0363580484043053,-0.8041817060597043,-2.840539754464006,1.697744027778211
4906,49.050000000000004,0.0,0.0,0.0,0.0,2.3062488459568518,3.983865801844739,1.9182976871489255,-0.09568379376486867,2.059326160125315,-0.7643367494826624,-2.8236629096079775,1.677616955887887
4907,49.06,0.0,0.0,0.0,0.0,2.3258996550854607,3.983409740549858,2.0122149447102524,0.0071447430076098835,2.0824861199354947,-0.7245012287472252,-2.80698734868272,1.6575100854643972
4908,49.07,0.0,0.0,0.0,0.0,2.346499822789006,3.984062582854454,2.1081346847869846,0.12613804111191348,2.1058473179435913,-0.6846648588157326,-2.7905121767593237,1.6375627600654479
4909,49.08,0.0,0.0,0.0,0.0,2.368068285587373,3.985987162937241,2.205834576397271,0.2615288025556518,2.1294193442707785,-0.6448157384210976,-2.774235082691876,1.6179188773498683
4910,49.09,0.0,0.0,0.0,0.0,2.390621617329872,3.9893485098332526,2.3050644831150033,0.41352389841677867,2.153211966821817,-0.604940326764886,-2.7581522935867064,1.5987268925033806
4911,49.1,0.0,0.0,0.0,0.0,2.4141737527404565,3.9943136064578892,2.4055467416239553,0.5823077605043369,2.1772351062736837,-0.5650234228020242,-2.7422585290757078,1.5801398537174327
4912,49.11,0.0,0.0,0.0,0.0,2.4387357124375555,4.001051180149779,2.5069761713010146,0.768045279053085,2.201498808309437,-0.525048146773226,-2.726546955082663,1.5623154677122235
4913,49.120000000000005,0.0,0.0,0.0,0.0,2.464315326545479,4.009731519381121,2.6090197771708117,0.9708841261215249,2.2260132130976578,-0.48499592369666866,-2.7110091367943263,1.5454161928356416
4914,49.13,0.0,0.0,0.0,0.0,2.4909169536660998,4.02052631053796,2.711316114091085,1.1909564354847122,2.2507885219875936,-0.44484646858681354,-2.695634990574407,1.5296093568718603
4915,49.14,0.0,0.0,0.0,0.0,2.5185411916840708,4.033608488028915,2.8134742851407375,1.4283797791040809,2.2758349613564297,-0.404577773232727,-2.6804127345891566,1.5150672963448444
4916,49.15,0.0,0.0,0.0,0.0,2.5471845766317998,4.049152090419611,2.91507255186408,1.6832573875435863,2.3011627435079474,-0.3641660944390953,-2.665328837947046,1.501967513787811
4917,49.160000000000004,0.0,0.0,0.0,0.0,2.576839265639387,4.067332114792098,3.015656538333904,1.9556775669930124,2.326782024483747,-0.3235859437079643,-2.6503679681917114,1.490492849152711
4918,49.17,0.0,0.0,0.0,0.0,2.6074926998341907,4.088324361073451,3.1147370150347036,2.2457122689698426,2.3527028586071266,-0.2828100784200945,-2.6355129370272175,1.4808316612392605
4919,49.18,0.0,0.0,0.0,0.0,2.6391272429350376,4.112305257649063,3.2117872525274325,2.553414770599014,2.378935149538182,-0.24180949465896226,-2.620744644197148,1.4731780147140254
4920,49.19,0.0,0.0,0.0,0.0,2.6717197912053012,4.139451659158685,3.3062399389773613,2.8788164240134866,2.4054885975750997,-0.2005534219101964,-2.606042019485296,1.467731867953384
4921,49.2,0.0,0.0,0.0,0.0,2.705241350393125,4.169940606959668,3.3974836602320133,3.221922433476461,2.4323726428936707,-0.15900931996149445,-2.5913819628551686,1.4646992565665427
4922,49.21,0.0,0.0,0.0,0.0,2.73965657529975,4.20394904232791,3.4848589466006903,3.582706619013493,2.459596404372845,-0.11714287842590529,-2.57673928279875,1.4642924670281596
4923,49.22,0.0,0.0,0.0,0.0,2.7749232676917375,4.241653462060425,3.567653897284823,3.9611051266057116,2.4871686136114013,-0.07491801941203455,-2.5620866330234358,1.4667301943686875
4924,49.230000000000004,0.0,0.0,0.0,0.0,2.810991828423038,4.283229505758179,3.6450994020677627,4.357009048462531,2.515097543697954,-0.03229690397098359,-2.5473944476689376,1.4722376773351407
4925,49.24,0.0,0.0,0.0,0.0,2.847804659883047,4.328851463735349,3.716363991034858,4.770255923984456,2.543390932256936,0.010760056941937194,-2.5326308753149953,1.4810468038523021
4926,49.25,0.0,0.0,0.0,0.0,2.885295515263362,4.37869169426422,3.780548357461437,5.200620104420392,2.572055898256024,0.05429418614106788,-2.517761712114956,1.4933961790008583
4927,49.26,0.0,0.0,0.0,0.0,2.9233887916748142,4.43291993878554,3.836679617382212,5.647801983923177,2.601098852027497,0.09834851755565346,-2.5027503344718434,1.5095311471107258
4928,49.27,0.0,0.0,0.0,0.0,2.961998764894188,4.491702523880088,3.8837053926093805,6.11141612910026,2.6305253979304934,0.1429677661703618,-2.487557631760128,1.5297037589859
4929,49.28,0.0,0.0,0.0,0.0,3.0010287645269926,4.555201439314548,3.9204878330062716,6.590978380918884,2.6603402290631903,0.18819828937430252,-2.472141939688884,1.554172674787555
4930,49.29,0.0,0.0,0.0,0.0,3.0403702897042395,4.623573282486205,3.9457977295664666,7.0858920600167155,2.690547013428744,0.23408803843021922,-2.456458974998528,1.583202992781965
4931,49.300000000000004,0.0,0.0,0.0,0.0,3.0799020671554906,4.6969680612624,3.9583089131218907,7.595433482327206,2.7211482709674817,0.2806864986856152,-2.4404617722818664,1.617065994106909
4932,49.31,0.0,0.0,0.0,0.0,3.1194890556997548,4.775527849750683,3.9565931849651452,8.11873708984493,2.75214524089749,0.32804461708012805,-2.424100623817362,1.6560387940509278
4933,49.32,0.0,0.0,0.0,0.0,3.1589814039513313,4.8593852951775345,3.9391160856222864,8.654780624499333,2.783537738859386,0.37621471546602375,-2.4073230233933622,1.7004038912262032
4934,49.33,0.0,0.0,0.0,0.0,3.1982133714337455,4.948661979062656,3.9042338762226847,9.202370924126148,2.8153240034448457,0.4252503882635391,-2.39007361518131,1.7504486076289107
4935,49.34,0.0,0.0,0.0,0.0,3.237002227412169,5.043466642545374,3.8501921823365715,9.760131100055757,2.847500531811156,0.4752063830372788,-2.3722941487738773,1.8064644151332048
4936,49.35,0.0,0.0,0.0,0.0,3.2751471466520363,5.143893294338769,3.7751268306142656,10.326490065683283,2.880061904250275,0.5261384627193347,-2.3539234415309407,1.8687461476867324
4937,49.36,0.0,0.0,0.0,0.0,3.3124281270257083,5.250019230644576,3.6770674904021603,10.899675621809877,2.913000597801587,0.5781032484423929,-2.3348973493591982,1.937591103618868
4938,49.370000000000005,0.0,0.0,0.0,0.0,3.3486049604045447,5.361903009687274,3.5539448101848206,11.477712561103393,2.946306789277794,0.6311580423029324,-2.315148746974858,2.0132980492827293
4939,49.38,0.0,0.0,0.0,0.0,3.383416295515471,5.4795824394775,3.403601804428836,12.058427519596401,2.979968148424141,0.6853606298797285,-2.294607518544413,2.096166143962029
4940,49.39,0.0,0.0,0.0,0.0,3.4165788392378285,5.6030726559974875,3.2238102899089913,12.63946256065379,3.013969622356508,0.7407690630096407,-2.273200559346864,2.186493816759659
4941,49.4,0.0,0.0,0.0,0.0,3.447786750883935,5.732364390019741,3.0122931790792067,13.218299702480053,3.04829321292837,0.7974414241968228,-2.250851788731547,2.2845776391358066
4942,49.410000000000004,0.0,0.0,0.0,0.0,3.476711291923725,5.867422543764587,2.766753396446218,13.79229876294314,3.0829177492627187,0.8554355751286844,-2.2274821741340345,2.3907112518408615
4943,49.42,0.0,0.0,0.0,0.0,3.5030008007945237,6.008185222747319,2.4849100757875777,14.358750957065515,3.1178186583458567,0.9148088931028052,-2.2030097652430554,2.5051844219527957
4944,49.43,0.0,0.0,0.0,0.0,3.526281068136511,6.154563392245185,2.1645425050741545,14.914950599176619,-3.130217569872472,0.9756180007450194,-2.177349736562095,2.628282324108674
4945,49.44,0.0,0.0,0.0,0.0,3.5461561911092345,6.30644135013416,1.8035419983393934,15.458286986444083,-3.094852375399527,1.037918496205553,-2.1504144355745067,2.7602851590249258
4946,49.45,0.0,0.0,0.0,0.0,3.562209985364812,6.463678226267385,1.3999714815495012,15.986358027551463,-3.059307181648525,1.1017646930352538,-2.122113432495811,2.901468240902573
4947,49.46,0.0,0.0,0.0,0.0,3.5740080287321003,6.62611073049701,0.9521320851226236,16.49710639043127,-3.023622359871923,1.1672093811110966,-2.0923535661965666,3.05210270176491
4948,49.47,0.0,0.0,0.0,0.0,3.581100400756086,6.793557373977238,0.4586354567543399,16.98897784988916,-2.9878427056238523,1.234303622223795,-2.0610389793319426,3.2124569732211525
4949,49.480000000000004,0.0,0.0,0.0,0.0,3.583025166263485,6.965824378426861,-0.0815201168748828,17.46110011173301,-2.9520175769593147,1.3030965961473453,-2.0280711340729267,3.382799212163376
4950,49.49,0.0,0.0,0.0,0.0,3.5793126289284882,7.142713462526,-0.6688722975895653,17.913478688000065,-2.9162009939583706,1.373635515044857,-1.9933487981763587,3.563400833597512
4951,49.5,0.0,0.0,0.0,0.0,3.5694903530228337,7.324031650731819,-1.3034190037157654,18.347204429457665,-2.880451691859073,1.445965625753818,-1.9567679895666952,3.7545412977089856
4952,49.51,0.0,0.0,0.0,0.0,3.553088919900148,7.509603185043784,-1.984547701358342,18.764665123238352,-2.844833120257811,1.5201303206399397,-1.9182218662818353,3.9565142651436362
4953,49.52,0.0,0.0,0.0,0.0,3.5296483534887573,7.699283532447966,-2.71097278847539,19.16975114913941,-2.8094133813320505,1.5961713780968447,-1.877600547750691,4.169635178959209
4954,49.53,0.0,0.0,0.0,0.0,3.4987251211593224,7.892975367547273,-3.4806834249018164,19.56804250103527,-2.774265100844233,1.6741293531509494,-1.8347908531844037,4.394250246387951
4955,49.54,0.0,0.0,0.0,0.0,3.4598995999700946,8.090646267680935,-4.290902566143345,19.966961318676322,-2.7394652267163417,1.754044136742838,-1.7896759437204064,4.63074666771084
4956,49.550000000000004,0.0,0.0,0.0,0.0,3.41278390322851,8.292347679892096,-5.1380552428168285,20.37586998612721,-2.705094751063453,1.8359556987717451,-1.7421348573443847,4.879563776663586
4957,49.56,0.0,0.0,0.0,0.0,3.3570300014163292,8.49823449228541,-6.017739943752509,20.80608897995402,-2.6712383524637824,1.9199050244999296,-1.6920419302158745,5.1412044908690815
4958,49.57,0.0,0.0,0.0,0.0,3.2923381616398917,8.708584242063074,-6.924690856130451,21.270799529067812,-2.637983955502574,2.00593524581355,-1.6392661058634583,5.416246080423182
4959,49.58,0.0,0.0,0.0,0.0,3.218465893039905,8.923814575500094,-7.852710066342458,21.78478143387769,-2.6054222036418837,2.094092957195788,-1.5836701463419185,5.705348682460189
4960,49.59,0.0,0.0,0.0,0.0,3.1352378516506785,9.144496968711604,-8.794536742279316,22.36391250911379,-2.5736458383634764,2.1844296895891557,-1.5251097792269543,6.009259117060925
4961,49.6,0.0,0.0,0.0,0.0,3.0425575672991902,9.371363806058698,-9.741603548850755,23.02431785591817,-2.542748971091986,2.277003491169698,-1.4634328449179062,6.328806238759507
4962,49.61,0.0,0.0,0.0,0.0,2.940422462098556,9.60530451763285,-10.683607438965074,23.780997388130906,-2.512826222936618,2.3718805285470133,-1.3984785556959547,6.664882055534294
4963,49.620000000000005,0.0,0.0,0.0,0.0,2.8289445076166193,9.847344339944211,-11.607790666933202,24.645669873364646,-2.4839716884679364,2.4691365689805487,-1.3300770497311045,7.018399832327592
4964,49.63,0.0,0.0,0.0,0.0,2.7083801046426053,10.098596035904169,-12.497787274317366,25.62344257313704,-2.456277650428924,2.568858124781759,-1.2580495319689031,7.390215931261563
4965,49.64,0.0,0.0,0.0,0.0,2.579174452050507,10.360170181489913,-13.331842657144582,26.707745503670118,-2.42983292842439,2.6711429222055796,-1.1822094565496168,7.780995729439406
4966,49.65,0.0,0.0,0.0,0.0,2.4420278220256466,10.633023067185553,-14.080171237011704,27.87278055651847,-2.4047206815696507,2.776099181982449,-1.1023654436274863,8.190995245159906
4967,49.660000000000004,0.0,0.0,0.0,0.0,2.2979935759421206,10.917713036939354,-14.701215763187616,29.06261437023759,-2.3810153988338927,2.8838429490083577,-1.018326959337332,8.619719460997233
4968,49.67,0.0,0.0,0.0,0.0,2.1486196504816846,11.214027856538586,-15.136698395238895,30.176220919402812,-2.35877870194041,2.9944923743042335,-0.929914230934943,9.065408206056901
4969,49.68,0.0,0.0,0.0,0.0,1.9961445327275773,11.520442703051883,-15.305788606522997,31.048765790366325,-2.338053468320912,3.1081574550563897,-0.8369743838022881,9.524298170324306
4970,49.69,0.0,0.0,0.0,0.0,1.8437509047404228,11.833382960273152,-15.099765741215993,31.432149625678004,-2.318855701852521,-3.0582619224634047,-0.7394062206108838,9.989632055532729
4971,49.7,0.0,0.0,0.0,0.0,1.6958570916972129,12.14632170539592,-14.380596815855878,30.983520189136332,-2.3011636455077253,-2.9383596691161418,-0.6371960236084131,10.450464613698706
4972,49.71,0.0,0.0,0.0,0.0,1.55837761828357,12.448871765199623,-12.989886640912744,29.279484612231247,-2.284904047547486,-2.8153695173747515,-0.5304654698272653,10.890494146916053
4973,49.72,0.0,0.0,0.0,0.0,1.4388053030717098,12.72625599538232,-10.777155260968641,25.882207053871557,-2.2699365534131504,-2.689465594570226,-0.4195290411570792,11.28745069231061
4974,49.730000000000004,0.0,0.0,0.0,0.0,1.3458841092054497,12.959794608718486,-7.653686363323235,20.478265748794772,-2.2560391099023684,-2.5609903497908735,-0.30495123988850525,11.613910499513036
4975,49.74,0.0,0.0,0.0,0.0,1.2886409677072073,13.129095001399275,-3.6634728427814083,13.071606515126046,-2.2428997038220446,-2.430484237483458,-0.18758453366141015,11.840454033692067
4976,49.75,0.0,0.0,0.0,0.0,1.2747560410203453,13.216085541753692,0.963377691194472,4.137395145217891,-2.230121236858815,-2.29868395596856,-0.06856271910974489,11.941329500733346
4977,49.76,0.0,0.0,0.0,0.0,1.3086979232349734,13.209800428659017,5.824627067781839,-5.403402661084366,-2.217244434685914,-2.1664750996308335,0.050769335055077074,11.901102505424044
4978,49.77,0.0,0.0,0.0,0.0,1.3904459512260743,13.109689148174484,10.447468387452403,-14.4491181095414,-2.203787197077486,-2.0348023462712668,0.16898485080622305,11.71924319694841
4979,49.78,0.0,0.0,0.0,0.0,1.5154962790799629,12.925538142294311,14.430643083386475,-22.09351591149243,-2.1892906424842,-1.904562567234979,0.28472807524921717,11.410041863214348
4980,49.79,0.0,0.0,0.0,0.0,1.676139069957003,12.6740556092498,17.54373533991471,-27.881590505739617,-2.1733583794620523,-1.776516406632769,0.3968419728292834,10.997916539292797
4981,49.800000000000004,0.0,0.0,0.0,0.0,1.8632985662832118,12.37408735449651,19.73901454930631,-31.824522009172096,-2.1556794646105333,-1.6512428594618205,0.5044366051487092,10.510788788213297
4982,49.81,0.0,0.0,0.0,0.0,2.068125826871427,12.04266346030983,21.097846633657884,-34.24091198760868,-2.1360336524575176,-1.5291389819821182,0.6068946704753959,9.974537633438404
4983,49.82,0.0,0.0,0.0,0.0,2.282937487633672,11.692907654862505,21.76127637359285,-35.56457212811062,-2.114283856016919,-1.410450101210518,0.7038337548064012,9.409970167228833
4984,49.83,0.0,0.0,0.0,0.0,2.5015321295271375,11.333627494696852,21.878177194935787,-36.208678606422836,-2.090362477617508,-1.2953120585953604,0.795050419022144,8.832095365169714
4985,49.84,0.0,0.0,0.0,0.0,2.719115742291042,10.969891977659817,21.57855427326927,-36.50230555835372,-2.064256739794847,-1.1837920125761803,0.8804647272186631,8.250776235368775
4986,49.85,0.0,0.0,0.0,0.0,2.932061264141843,10.60396691026085,20.965521951901238,-36.677658704993995,-2.035995746621965,-1.0759212540289587,0.9600744925930063,7.671905646119006
4987,49.86,0.0,0.0,0.0,0.0,3.137643680603307,10.236235399718915,20.11711943463794,-36.8820867118495,-2.005640153799086,-0.971718535894073,1.033921617905013,7.098591719115608
4988,49.870000000000005,0.0,0.0,0.0,0.0,3.333814978953298,9.865950308625495,19.091693122259105,-37.19763727800158,-1.9732743182073387,-0.8712049751019639,1.1020693431053747,6.532135329672197
4989,49.88,0.0,0.0,0.0,0.0,3.519036071799119,9.491791015180146,17.93356104779861,-37.65981952710751,-1.9390004154369302,-0.77441241496847,1.1645880004684603,5.972754943381027
4990,49.89,0.0,0.0,0.0,0.0,3.6921608130627983,9.112249742627547,16.677659523975358,-38.272743726761945,-1.9029339691465674,-0.6813871022913282,1.2215468668552323,5.4200889295647485
4991,49.9,0.0,0.0,0.0,0.0,3.852359977246071,8.725886151949593,15.352890422545896,-39.02040048173738,-1.8652003296266146,-0.5921901919885677,1.2730101376380505,4.873526174703523
4992,49.910000000000004,0.0,0.0,0.0,0.0,3.9990727181942582,8.331485783517191,13.984309495846603,-39.87474911961073,-1.8259317655198553,-0.5068962131448592,1.3190355523749961,4.332413065322934
4993,49.92,0.0,0.0,0.0,0.0,4.131975211950403,7.92815016325869,12.594421381914291,-40.801423971287946,-1.785264947594574,-0.42559031216422116,1.3596746354303495,3.796174951308287
4994,49.93,0.0,0.0,0.0,0.0,4.25095890521505,7.515338864633834,11.20384706702377,-41.76373399018946,-1.7433386928347518,-0.3483648492992336,1.394973843535522,3.2643799594187835
4995,49.94,0.0,0.0,0.0,0.0,4.3561132507334515,7.092877987357968,9.831586638444406,-42.72544750622126,-1.7002919002413153,-0.2753157525971267,1.4249761476441851,2.736764736624517
4996,49.95,0.0,0.0,0.0,0.0,4.447709779920213,6.660945403785788,8.495048228665576,-43.65269985167376,-1.6562616506465178,-0.2065389105251575,1.4497227401213568,2.2132356238655744
4997,49.96,0.0,0.0,0.0,0.0,4.5261858239732895,6.220040321883005,7.209965457263971,-44.51525409797233,-1.6113814666317525,-0.14212679593594035,1.4692546706958158,1.6938544979097152
4998,49.97,0.0,0.0,0.0,0.0,4.592127203951063,5.770942777938519,5.990284222913956,-45.28727740433483,-1.5657797401342863,-0.08216544878608889,1.483614291348201,1.178815573987456
