,t_ts,tau_fb_ts_1,tau_fb_ts_2,tau_ts_1,tau_ts_2,th_d_ts_1,th_d_ts_2,th_dd_ts_1,th_dd_ts_2,th_ts_1,th_ts_2,ref_th_d_1,ref_th_d_2,ref_th_1,ref_th_2,th_ts_2_rel,th_d_ts_2_rel
1,0.0,0.5576767188916087,-3.1142862740290878,71.32051840741929,25.44901930436739,0.6776478015214417,0.6862113726356455,-0.0595537279064649,-0.09657152552241483,1.2367387592857877,-0.24329012218245213,0.6827132287599091,0.6629738239579551,1.2367643262833101,-0.24340654952613638,-1.4800288814682399,0.008563571114203805
2,0.01,1.1940094367456244,-5.778629018224679,70.57406432220449,22.832617660989435,0.6772417548670687,0.6851419550579059,-0.03083781704442468,-0.8632151846228263,1.2435128911096314,-0.23643318445415099,0.6871663004199471,0.6476973009506609,1.2436136685503603,-0.23685326153952824,-1.4799460755637823,0.007900200190837148
3,0.02,1.9020718306006268,-7.946781723817454,69.89668778101274,20.710732547337656,0.6771316170012138,0.67641036441434,-0.0005852754521616048,-1.4876497584672024,1.2502844274668217,-0.22962525914729198,0.6916835597168929,0.6325045667564538,1.250507866246338,-0.23045232421100614,-1.4799096866141137,-0.0007212525868738329
4,0.03,2.675245959108341,-9.61318576901723,69.28121605473275,19.088496903670638,0.6773308516625716,0.6614398664720932,0.030590947150880277,-1.9681450439013,1.2570563979845155,-0.22293585358342438,0.6962604975765675,0.6174008652508175,1.25744753866837,-0.22420287342731493,-1.4799922515679398,-0.01589098519047838
5,0.04,3.507250791886196,-10.802866140397816,68.72078663672083,17.94060324995801,0.6778466314768569,0.6416708565890867,0.06219155235425282,-2.311726620102019,1.2638319357041974,-0.21642015648537669,0.7008926487463394,0.6023914272277207,1.2644332602366664,-0.21810399269156422,-1.480252092189574,-0.03617577488777013
6,0.05,4.392114014100579,-11.562113356586167,68.20883069955192,17.220604328428628,0.6786812608626793,0.6184732764668374,0.09385095216020208,-2.5315174317070466,1.27061422081839,-0.2101193045595929,0.7055755980859906,0.5874814581587208,1.2714655609642747,-0.2121547133154298,-1.4807335253779828,-0.06020798439584196
7,0.06,5.324104466768864,-11.950301092211301,67.73901426624471,16.86907417278743,0.6798336959576878,0.5930856361853072,0.12533658528571065,-2.6444005539693953,1.2774064392948261,-0.20406139191907843,0.7103049867384811,0.5726761262007243,1.2785449269891709,-0.20635401473257042,-1.4814678312139045,-0.08674805977238065
8,0.07,6.297645309090871,-12.033038057977752,67.30515713780507,16.820433928662432,0.6813009615372702,0.5665774266505804,0.15653158410884613,-2.6690601412511326,1.2842117563434736,-0.19826297236312865,0.715076518150935,0.5579805505088596,1.2856718011673358,-0.20070082493048602,-1.4824747287066022,-0.11472353488668974
9,0.08,7.307226084970209,-11.87672355914473,66.90114808214956,17.008375010790537,0.6830793189477399,0.5398311354214729,0.1874071186534978,-2.6244213730927526,1.2910333029311727,-0.19273083953606907,0.719885963917524,0.5433997899083407,1.2928465837251686,-0.1951940209974996,-1.4837641424672416,-0.143248183526267
10,0.09,8.347327361780588,-11.544472920816117,66.52087051936819,17.369914655242518,0.6851651067681016,0.513539869966938,0.21799087743168505,-2.5284809692492374,1.2978741724209062,-0.18746390890102496,0.7247291694174672,0.5289388319762042,1.3000696329693282,-0.1898324297810059,-1.485338081321931,-0.1716252368011636
11,0.1,9.412366234722025,-11.093302994335657,66.15814767274182,17.84819429249746,0.6875552389484344,0.4882166771513596,0.24833697086307113,-2.397498025133106,1.3047374239482035,-0.18245506500140335,0.7296020592231598,0.5146025825803927,1.3073412660518282,-0.18461482865266188,-1.4871924889496069,-0.19933856179707482
12,0.11,10.496665995629717,-10.57241814961259,65.80671115331076,18.39418053133619,0.690247393196526,0.46421195150936695,0.278500794566924,-2.2455003563928004,1.3116260892430902,-0.1776928750781901,0.7345006422553881,0.5003958559198813,1.314661759787962,-0.17953994637570725,-1.4893189643212803,-0.226035441687159
13,0.12,11.594449348197976,-10.022410556105116,65.46019293904854,18.96745484575512,0.6932399518532462,0.44173577459298086,0.3085206167767569,-2.084053540242135,1.3185431800909058,-0.1731631039396401,0.7394210166647197,0.4863233651055276,1.3220313515244313,-0.1746064640692211,-1.4917062840305462,-0.2515041772602653
14,0.13,12.699851953487517,-9.4751810586721,65.1121379757561,19.53628537228307,0.6965317696332516,0.42088255732222657,0.33840618917948645,-1.922237342602258,1.3254916943174537,-0.16884999391137603,0.7443593744204008,0.47238971331698587,1.32945024005484,-0.16981301626370637,-1.4943416882288298,-0.275649212311025
15,0.14,13.806951736003992,-8.954394007906158,64.75603312339044,20.077167079338587,0.7001218412606182,0.4016559115643128,0.3681336646335005,-1.7667759841178992,1.3324746189280339,-0.1647372972060407,0.7493120055904668,0.4585993855665578,1.3369185865795434,-0.1651581920421039,-1.4972119161340744,-0.29846592969630537
16,0.15,14.909809022867304,-8.47629655319645,64.3853476734953,20.573999391291103,0.704008931916705,0.38399221338860934,0.39764554085995085,-1.6222734666688445,1.3394949297143894,-0.1608090661094755,0.7542753022992028,0.4449567410961972,1.3444365157066982,-0.1606405362600194,-1.5003039958238649,-0.32001671852809566
17,0.16,16.002512917997215,-8.05075617905544,63.99358087632312,21.017047087279703,0.7081912189351166,0.3677818085809598,0.4268541578686966,-1.4915118031687342,1.3465555872029988,-0.1570502193157764,0.7592457623505725,0.4314660064291748,1.3520041164912247,-0.1562585508387162,-1.5036058065187752,-0.3404094103541568
18,0.17,17.079230037827188,-7.68239638007851,63.57431255427986,21.401804213255332,0.712665977766405,0.35288723262392535,0.4556473478030822,-1.3757774974304855,1.3536595292264986,-0.15344691112967138,0.7642199925087537,0.4181312690931428,1.3596214435082947,-0.152010696124258,-1.50710644035617,-0.3597787451424796
19,0.18,18.13425262014381,-7.371736803495704,63.121253706923866,21.72785435747538,0.7174293311856459,0.33915816374738206,0.4838950595907024,-1.2751892526061945,1.3608096606600015,-0.1499867348003646,0.7691947114294173,0.4049564720266177,1.3672885179578849,-0.14789539230600246,-1.5107963954603663,-0.37827116743826383
20,0.19,19.162043898981594,-7.116269142369097,62.628294863982376,21.997795735519887,0.7224760692655426,0.3264430976502126,0.5114560677561774,-1.1890071048344322,1.3680088409959963,-0.14665879271459076,0.7741667522378403,0.3919454086762148,1.3750053287968722,-0.14391102088758467,-1.514667633710587,-0.39603297161533
21,0.2,20.15727941787615,-6.91142237323728,62.08955071298058,22.216277269977912,0.7277995392012302,0.31459793029619865,0.5381841622100585,-1.1159096326628037,1.3752598704637693,-0.14345366530121795,0.7791330647523818,0.3791017187874633,1.3827718338951498,-0.14005592620346174,-1.5187135357649872,-0.41320160890503155
22,0.21,21.114883584988387,-6.751389954386699,61.49940016495296,22.389172874509807,0.7333915985163225,0.30349176847827386,0.5639334666684668,-1.0542313892889277,1.382565475361594,-0.14036330796891547,0.7840907173541541,0.3664288848875795,1.3905879612121965,-0.13632841697407994,-1.5229287833305094,-0.42989983003804866
23,0.22,22.0300612474027,-6.6298070904259765,60.852521510617,22.522905704962607,0.739242622064105,0.2930103662158385,0.5885627310393706,-1.0021571717246809,1.3899282931889814,-0.13738090180934698,0.7890368985059774,0.35393022945445013,1.398453609990589,-0.13272676789278925,-1.5273091949983284,-0.4462322558482665
24,0.23,22.898324390393334,-6.540278171346775,60.14392266796105,22.623922174888452,0.7453415520061749,0.28305761879432995,0.6119385852357769,-0.9578731938897185,1.3973508580637577,-0.13450067964879384,0.7939689179257932,0.34160891276209215,1.4063686519629734,-0.12924922123765858,-1.5318515377125514,-0.46228393321184497
25,0.24,23.715514273833314,-6.476763255565432,59.36896675023067,22.698306803056887,0.7516759800508637,0.27355554550864564,0.6339378343242126,-0.919677743696455,1.4048355868006923,-0.13171774471663333,0.7988842074217164,0.3294679313891689,1.4143329325690663,-0.12589398850152556,-1.5365533315173256,-0.47812043454221803
26,0.25,24.47781942849622,-6.4338383553006135,58.523393314764036,22.75152309759882,0.7582322521852564,0.26444316632082265,0.6544489272699118,-0.8860555871856979,1.4123847659257356,-0.12902789501765294,0.8037803213977115,0.31751011737376067,1.422346272179361,-0.12265925203370198,-1.5414126609433885,-0.4937890858644337
27,0.26,25.181789974538447,-6.406847734311183,57.603335711337785,22.788262250239605,0.7649955875564903,0.2556746349792031,0.6733727540384353,-0.8557213639288901,1.4200005398092115,-0.12642746265634291,0.8086549370405689,0.30573813799445737,1.4304084673222768,-0.11954316668699194,-1.5464280024655543,-0.5093209525772873
28,0.27,25.82434871475683,-6.391967898995499,56.60533495469153,22.81237995858004,0.7719502047692376,0.24721693868288247,0.690622927669807,-0.8276376305832395,1.4276849000258192,-0.12391317399811819,0.813505854200352,0.2941544961551184,1.4385192919116419,-0.11654386146384921,-1.5515980740239372,-0.5247332660863551
29,0.28,26.402799413571977,-6.386202900590321,55.526350516721166,22.826901768657805,0.7790794504733854,0.23904741779216243,0.7061256966034879,-0.8010131832011327,1.4354396759899362,-0.12148203373447637,0.8183309949778287,0.2827615313481678,1.4466784984715,-0.11365944115578586,-1.5569217097244126,-0.540032032681223
30,0.29,26.91483261298947,-6.387329382490159,54.36376838345231,22.834078520916513,0.7863659265953018,0.23115130277017598,0.7198196136208497,-0.7752869430647997,1.4432665268708067,-0.11913123366565447,0.8231284030335534,0.27156142116922016,1.4548858193553889,-0.11088798797035704,-1.5623977605364612,-0.5552146238251259
31,0.3,27.35852926931055,-6.393807869839074,53.11540666089596,22.835475423598105,0.7937916138466536,0.22351941268707995,0.7316550652935871,-0.7501021309964762,1.4511669347621088,-0.11685808530675461,0.8278962426342611,0.2605561833540605,1.4631409679573837,-0.10822756314036797,-1.5680250200688635,-0.5702722011595737
32,0.31,27.732362426772017,-6.404674420505774,51.779518950344034,22.832080657149994,0.801337990193242,0.21614611236551137,0.7415937425337591,-0.7252747706586755,1.4591421990619597,-0.11465997421625564,0.8326327974530405,0.24974767830756736,1.4714436399123558,-0.10567620851022541,-1.5738021732782155,-0.5851918778277306
33,0.32,28.03519708204917,-6.4194241919447,50.35479565351538,22.824421977531475,0.8089861437757832,0.2090275848400726,0.7496081105622974,-0.7007598250690088,1.4671934320102837,-0.11253433317706965,0.8373364691404022,0.2391376120930972,1.4797935142830774,-0.10323194809466862,-1.5797277651873534,-0.5999585589357106
34,0.33,28.266288340106836,-6.437895924674719,48.84036331514594,22.812682338475888,0.8167168803559761,0.20216044276252274,0.7556809165131575,-0.6766175387057324,1.4753215553282988,-0.11047863095878285,0.8420057756838316,0.22872753985002486,1.4881902547319594,-0.1008927896054419,-1.5858001862870816,-0.6145564375934534
35,0.34,28.425277919469117,-6.460163944644471,47.23578206782404,22.796807948826576,0.8245108257372374,0.195540676663114,0.7598047556732627,-0.6529818712848656,1.483527297907499,-0.10849037328201597,0.8466393495737504,0.21851886960670583,1.4966335106754078,-0.09865672594178321,-1.5920176711895149,-0.6289701490741234
36,0.35000000000000003,28.512189034222413,-6.48644214057208,45.541041212129784,22.776604324432387,0.8323485238100633,0.1891629191209872,0.7619817033714961,-0.6300322960568439,1.4918111945010253,-0.10656711272102769,0.8512359357939648,0.2085128664558852,1.5051229184189414,-0.09652173664094743,-1.598378307222053,-0.643185604689076
37,0.36,28.52741966099065,-6.517002535195049,43.7565529448141,22.751817728312844,0.8402105309306345,0.18301999117151713,0.7622230088655443,-0.6079697113039512,1.5001735853771276,-0.10470646455378795,0.8557943896547348,0.19871065705969715,1.513658102271418,-0.09448578928529905,-1.6048800499309155,-0.6571905397591173
38,0.37,28.47173419057801,-6.552109564787645,41.883144237970455,22.722200894554597,0.8480775072924576,0.17710268979483462,0.7605488401061751,-0.586996785132673,1.5086146169012846,-0.1029061259428914,0.8603136744864904,0.1891132344516891,1.522238675636872,-0.09254684086283893,-1.611520742844176,-0.6709748174976229
39,0.38,28.34625346469595,-6.591970007694215,39.92204687184841,22.687563102426477,0.8559303058275948,0.17139977213131086,0.7569880637065208,-0.5673027199819525,1.5171342430195476,-0.10116389625823757,0.8647928592120054,0.17972146310389261,1.530864242082675,-0.09070283907836574,-1.618298139277785,-0.6845305336962839
40,0.39,28.15244320611382,-6.6366976390883625,37.87488563120105,22.647805528482436,0.8637500590064007,0.16589809220725082,0.7515780424027874,-0.549052178345282,1.5257322276202245,-0.09947769679525975,0.8692311158145355,0.1705360842276912,1.5395343963828747,-0.08895172361276904,-1.6252099244154843,-0.6978519667991498
41,0.4,27.892100864044767,-6.686291103295838,35.74366468827475,22.602943388402124,0.8715182637183283,0.16058284853987662,0.7443644322976541,-0.5323779456039349,1.534408147753787,-0.09784558857172568,0.8736277167189872,0.16155772127821738,1.5482487255357764,-0.08729142732826833,-1.6322537363255127,-0.7109354151784517
42,0.41000000000000003,27.5673409133815,-6.7406231462094235,33.53075221253797,22.553116727604962,0.8792168642320357,0.15543790523174264,0.735400963720424,-0.5173768078508231,1.5431613976918042,-0.09626578728123616,0.87798203210271,0.15278688563306567,1.5570068097549612,-0.08571987741771636,-1.6394271849730404,-0.7237789590002931
43,0.42,27.18057866512916,-6.7994391959615434,31.238863266592205,22.49859187286131,0.8868283330661092,0.15044615438534995,0.7247491921370283,-0.5041080798693472,1.5519911938048605,-0.09473667482934238,0.8822935271519159,0.14422398241741516,1.5658082234331347,-0.08423499649636179,-1.6467278686342028,-0.7363821786807593
44,0.43,26.734512664215636,-6.862363277089589,28.871041067528676,22.439755559195564,0.894335749462637,0.14558989331608763,0.7124782087417423,-0.492594218662208,1.5608965802370398,-0.09325680717165553,0.8865617592791029,0.1358693164489554,1.5746525360783243,-0.08283470363473588,-1.6541533874086953,-0.7487458561465494
45,0.44,26.232105768935675,-6.928909352391798,26.430636712368166,22.377103636825847,0.9017228750503187,0.14085119568647886,0.6986643037850637,-0.4828229897711745,1.5698764353509527,-0.09182491841031588,0.8907863753161813,0.12772309827753675,1.5835393132221274,-0.08151691533159688,-1.6617013537612686,-0.7608716793638398
46,0.45,25.676565022382402,-6.998496371465535,23.921287483841937,22.311226077731686,0.9089742262136903,0.13621226101108277,0.6833905790246207,-0.4747507067842881,1.5789294789128068,-0.09043992128732334,0.8949671086972794,0.11978545029593557,1.5924681172998185,-0.08027954642610746,-1.66936940020013,-0.7727619652026075
47,0.46,25.07132044012408,-7.070465535533588,21.3468938683487,22.24278977065125,0.9160751426491319,0.13165573177636977,0.666746508712419,-0.4683061303371599,1.5880542799819986,-0.08910090434476164,0.8991037766444466,0.11205641289977693,1.6014385085022949,-0.07912051094863681,-1.6771551843267603,-0.7844194108727621
48,0.47000000000000003,24.420002849447798,-7.144098539381405,18.711595430723104,22.172520342058085,0.9230118515832227,0.12716497155602155,0.6488274510987012,-0.46339468441333254,1.5972492654644914,-0.08780712610882382,0.9031962773687205,0.10453595067625711,1.6104500455999404,-0.07803772290980238,-1.6850563915733152,-0.7958468800272012
49,0.48,23.726420923905735,-7.218635803831875,16.01974570060125,22.101183988133783,0.929771527149871,0.1227243009236106,0.6297341144714822,-0.45990271939108635,1.606512729284098,-0.08655800670363205,0.907244587298226,0.09722395860300238,1.619502286738633,-0.07702909702756466,-1.69307073598773,-0.8070472262262604
50,0.49,22.994537562518236,-7.293293951621049,13.275886232455898,22.029570063458696,0.9363423444639736,0.11831919067009479,0.6095719832390112,-0.45770161896394884,1.6158428421209579,-0.08535311731929959,0.9112487583442004,0.09012026824002745,1.6285947902082056,-0.07609254939234766,-1.7011959594402575,-0.8180231537938788
51,0.5,22.228445766254012,-7.3672819963360165,10.484720006197268,21.958474955532736,0.9427135279855098,0.11393641386266443,0.5884507105320106,-0.4566516091222408,1.6252376616621556,-0.08419216795346224,0.9152089152150591,0.08322465389947457,1.637727115183805,-0.0752259980703438,-1.7094298296156178,-0.8287771141228454
52,0.51,21.432344165377636,-7.43981590195113,7.651084337609229,21.88868758657454,0.9488753938336665,0.1095641597003904,0.5664834843074948,-0.456605180073354,1.6346951433056893,-0.08307499382304849,0.9191252527878474,0.07653683877943242,1.646898822440669,-0.07442736364528724,-1.7177701371287377,-0.839311234133276
53,0.52,20.610512350439404,-7.510131327070546,4.7799234683029574,21.820976727693502,0.9548193857811356,0.10519211301451915,0.543786374056285,-0.45741007565649444,1.6442131512559515,-0.08200154080904276,0.9229980335456716,0.07005650104977743,1.6561094750429444,-0.07369456969912136,-1.7262146920649943,-0.8496272727666164
54,0.53,19.76728615726504,-7.5774944927316845,1.8762610034853004,21.75608018599421,0.960538104730258,0.10081150371722446,0.520477665034246,-0.4589118393547978,1.6537894699465374,-0.0809718502562408,0.9268275850889741,0.06378327987954686,1.6653586390072341,-0.07302554323209032,-1.7347613202027783,-0.8597266010130336
55,0.54,18.907033052767687,-7.641211207378151,-1.0548276368646974,21.694695830615956,0.9660253315422074,0.096415130613423,0.49667718654022625,-0.46095593196921897,1.663421815724564,-0.07998604340640718,0.9306142977278158,0.05771678139694737,1.6746458839416674,-0.0724182150228887,-1.7434078591309712,-0.8696102009287844
56,0.55,18.03412776378086,-7.700634149966512,-4.008242591814842,21.637474356530447,0.9712760431557727,0.0919973638416959,0.4725056402243731,-0.4633894541523911,1.6731078487297166,-0.07904430569984451,0.934358622161651,0.051856584574540385,1.6839707836613131,-0.07187051992957949,-1.752152154429561,-0.8792786793140768
57,0.56,17.152928285940327,-7.75516855599866,-6.978886601442397,21.58501364124622,0.9762864219921459,0.08755412988065782,0.44808393380277417,-0.46606251842022234,1.682845184900911,-0.07814687113937718,0.9380610672524536,0.046202247033663345,1.6933329167808657,-0.07138039713205657,-1.760992056040288,-0.8887322921114881
58,0.5700000000000001,16.267752403773127,-7.804276475331751,-9.96169156572542,21.537854525636106,0.9810538586957848,0.08308288261336907,0.42353252492523136,-0.4688293210464026,1.6926314080436848,-0.07729400687361034,0.9417221978964252,0.04075331076345121,1.7027318672855394,-0.07094579031689374,-1.7699254149172952,-0.8979709760824157
59,0.58,15.382854847077553,-7.84747977908472,-12.95164447517395,21.496477841740166,0.9855769483087347,0.07858256344086997,0.39897077934230585,-0.47154896559295223,1.7024640818921761,-0.07648599812391185,0.9453426329989816,0.035509307751228056,1.7121672250812026,-0.07056464780543337,-1.778950080016088,-0.9069943848678647
60,0.59,14.502405202135282,-7.884362089616658,-15.943812574681893,21.461302513821227,0.9898554800170764,0.07405355292097547,0.37451634696471103,-0.4740860878226029,1.7123407621007218,-0.07572313355223283,0.9489230435571533,0.03046976552222835,1.7216385865247856,-0.07023492262603614,-1.7880638956529546,-0.9158019270961009
61,0.6,13.630466689709042,-7.914569795844962,-18.933367628957154,21.432684570716475,0.9938904206439241,0.06949761591361936,0.3502845589299318,-0.4763113273589734,1.7222590081016769,-0.07500569114459914,0.952464150853078,0.025634212587872515,1.7311455549360737,-0.06995457253137971,-1.797264699246276,-0.9243928047303047
62,0.61,12.77097591482621,-7.937812299200397,-21.915609165285332,21.410916924540395,0.9976838920944023,0.0649178417629616,0.32638784838476326,-0.47810168559791305,1.7322163947679572,-0.07433392466755409,0.9559667247617977,0.021002183802903078,1.7406877410920005,-0.06972155996173823,-1.8065503194355113,-0.9327660503314408
63,0.62,11.92772368633258,-7.953861615736335,-24.88598657698221,21.39622979059868,1.001239142985026,0.06031858065397205,0.302935197366394,-0.47934080272918955,1.7422105238209926,-0.07370805074149607,0.9594315821761766,0.016573225632780124,1.7502647637046014,-0.06953385195513828,-1.8159185745624886,-0.940920562331054
64,0.63,11.104336996944397,-7.9625514394069725,-27.840119978866184,21.38879164388607,1.0045605147137076,0.055705376955059255,0.2800316119070552,-0.47991917990351823,1.752239034927226,-0.07312823656511301,0.9628595855513875,0.012346901333749312,1.7598762498838143,-0.0693894200052787,-1.825367271492339,-0.9488551377586483
65,0.64,10.304262247065932,-7.963775751761837,-30.773819714382686,21.38871062730767,1.0076534022479136,0.05108490010030456,0.25777762728982345,-0.47973436599710506,1.7622996164289584,-0.07259458831829427,0.9662516415710956,0.008322796048925735,1.7695218355863322,-0.06928623986807336,-1.8348942047472527,-0.956568502147609
66,0.65,9.530749787964544,-7.957487045373924,-33.68310442264349,21.39603634468294,1.0105242099279057,0.04646487337255057,0.23626884523334646,-0.4786911224066993,1.7723900156582142,-0.07210714026632908,0.9696086999371781,0.0045005218246321095,1.7792011660517328,-0.06922229131763791,-1.8444971559245433,-0.9640593365553551
67,0.66,8.786839851997396,-7.943694212893348,-36.56421758260029,21.41076198699858,1.0131803025999884,0.04185400081632685,0.2155955046680242,-0.4767015740514276,1.7825080487853602,-0.07166584458525399,0.9729317522845784,0.0008797225520617207,1.7889138962271294,-0.06919555785248876,-1.8541738933706142,-0.9713263017836615
68,0.67,8.075349929424913,-7.922460141091669,-39.41364246088594,21.43282675287839,1.015629952411614,0.037261892429733406,0.1958420876710487,-0.4736853503860495,1.7926516101574428,-0.07127056192632393,0.9762218312226796,-0.0025399211598896316,1.798659691181602,-0.06920402635267608,-1.8639221720837666,-0.9783680599818805
69,0.68,7.398863642959319,-7.893899039629804,-42.22811539948353,21.4621185338403,1.0178822816162463,0.03269898774808042,0.17708696204269322,-0.46956971675183834,1.8028186810846099,-0.0709210527362748,0.9794800095044218,-0.005758687174041523,1.8084382265116807,-0.06924568668850384,-1.8737397338208845,-0.9851832938681658
70,0.6900000000000001,6.75972116257626,-7.858173527544476,-45.00463738931969,21.498476841614227,1.0199472017511548,0.028176477930358712,0.15940206191907297,-0.4642896938166867,1.8130073380365328,-0.07061696934892857,0.9827073993242386,-0.008776807069347149,1.8182491887391667,-0.06931853128142729,-1.8836243073854613,-0.9917707238207961
71,0.7000000000000001,6.160011194234071,-7.815491496163618,-47.7404838861445,21.541695959040915,1.021835349565775,0.02370622648344248,0.1428526077198967,-0.4577881610689281,1.8232157602144543,-0.0703578488624648,0.9859051517457943,-0.011594461432440186,1.8280922757025704,-0.06942055461763541,-1.893573609076919,-0.9981291230823326
72,0.71,5.601564567198314,-7.766102765266214,-50.43321283544376,21.591528297926327,1.0235580200918197,0.019300688800422797,0.12749686661778376,-0.45001593931982253,1.8334422364683247,-0.07014310681512692,0.9890744562604377,-0.014211775187788994,1.837967196943493,-0.06954975271475039,-1.9035853432834517,-1.004257331291397
73,0.72,5.085949435389425,-7.710295548965829,-53.080670883889844,21.647687947519483,1.0251270972587994,0.014972830740857595,0.11338595458168324,-0.44093184670960883,1.843685171532466,-0.06997203167011339,0.9922165404772347,-0.01662881295745131,1.847873674089239,-0.0697041225419861,-1.9136572032025794,-1.0101542665179417
74,0.73,4.614468098983693,-7.648392749033905,-55.68099776553793,21.70985439600076,1.0265549824697628,0.010736046536505253,0.10056368089275475,-0.43050272280958196,1.853943091557292,-0.06984378011784703,0.9953326699454546,-0.018845574440839168,1.8578114412329993,-0.06988166139400498,-1.9237868716751392,-1.0158189359332577
75,0.74,4.188155443078223,-7.580748095458145,-58.23262886192726,21.777676405243504,1.0278545215617114,0.006604076360705825,0.08906643585004098,-0.4187034158668123,1.864214648918812,-0.06975737320070956,0.9984241481103708,-0.02086198980445271,1.8677802453129182,-0.07008036621864155,-1.9339720221195216,-1.0212504452010056
76,0.75,3.8077789809714213,-7.507742156669872,-60.73429594604619,21.85077601642797,1.0290389305829615,0.0025909239494274214,0.07892312218423102,-0.40551672896649993,1.8744986262919223,-0.06971169326169634,1.0014923164033185,-0.02267791507104401,1.8777798464913902,-0.070298232898522,-1.9442103195536187,-1.026448006633534
77,0.76,3.473840480320578,-7.4297782448268235,-63.18502613094658,21.928752661089867,1.0301217208255677,-0.0012892252956361084,0.07015513047400747,-0.3909333218245573,1.8847939399778468,-0.06970548171435598,1.0045385544669836,-0.024293127497244663,1.8878100185359363,-0.07053325548652856,-1.9544994216922027,-1.0314109461212038
78,0.77,3.1865791413157485,-7.347278244323818,-65.58413905443467,22.011187349355932,1.0311166235544873,-0.0050220852587292844,0.06277635862061756,-0.37495156592796103,1.8950996424804796,-0.06973733762691026,1.0075642805170115,-0.02570732092827549,1.8978705492030112,-0.0707834253949371,-1.96483698010739,-1.0361387088132166
79,0.78,2.9459762870844397,-7.260678394267317,-67.93124234168134,22.09764690451435,1.032037514876325,-0.008593348630705754,0.056793275182063015,-0.35757735179510736,1.9054149243308103,-0.06980571710870596,1.010570951841114,-0.026920101117952195,1.907961240626113,-0.07104673053793498,-1.9752206414395161,-1.0406308635070307
80,0.79,2.7517615178871635,-7.1704250577363515,-70.22622539769844,22.187688210942255,1.0328983411890735,-0.011988764501100785,0.05220502610390471,-0.3388238481545728,1.9157391151630287,-0.06990893348223128,1.0135600654369994,-0.027930981001816714,1.918081909709576,-0.07132115442712017,-1.9856480486452601,-1.0448871056901743
81,0.8,2.6034202723385302,-7.076970512152103,-72.46925159135245,22.28086244087706,1.0337130456501453,-0.015194213522570485,0.04900358411281394,-0.3187112138003238,1.926071684050299,-0.07004515821894665,1.0165331587905826,-0.028739375910856173,1.9282323885294463,-0.07160467521943925,-1.9961168422692457,-1.0489072591727158
82,0.81,2.500202730916534,-6.980768795882808,-74.66074890189509,22.37671922468227,1.0344954960931152,-0.01819578015697257,0.047173939765307184,-0.29726626373552134,1.9364122391125338,-0.07021242261222868,1.019491810796088,-0.029344598712934183,1.9384125247428434,-0.07189526471691376,-2.0066246617247625,-1.0526912762500877
83,0.8200000000000001,2.4411339895802575,-6.882271646449012,-76.80139910769707,22.47481072899275,1.0352594148139167,-0.02097982152934046,0.046694332871616055,-0.27452209199314587,1.9467605264127505,-0.07040862015590328,1.0224376428198454,-0.029745854868694434,1.9486221820072442,-0.07219088731736978,-2.0171691465686536,-1.0562392363432571
84,0.8300000000000001,2.425025424270122,-6.781924565036346,-78.89212560510225,22.57469560775975,1.0360183106347731,-0.023533032440850327,0.04753652274826216,-0.2505176541141394,1.9571164281627387,-0.07063150959222789,1.0253723199097395,-0.029942237388411057,1.9588612404111254,-0.07248949891523315,-2.0277479377549668,-1.0595513430756234
85,0.84,2.450487160696979,-6.6801630410172175,-80.93407995278291,22.675942792204793,1.036785413638951,-0.025842506122743487,0.04966609549227238,-0.22529731282064336,1.9674799602627728,-0.07087871858884746,1.0282975521524786,-0.02993272167590465,1.969129596917445,-0.07278904575134959,-2.0383586788516204,-1.0626279197616944
86,0.85,2.515941557932022,-6.577408968232756,-82.92862724387192,22.77813508763037,1.037573612951557,-0.027895790349672992,0.05304280622418428,-0.19891035075708133,1.9778512692039474,-0.07114774800024866,1.03121509618103,-0.029716160245388017,1.97942716582144,-0.0730874632106131,-2.048999017204196,-1.06546940330123
87,0.86,2.6196376091577545,-6.474067282660778,-84.87733041419979,22.880872547155192,1.0383953979212093,-0.029680938570854548,0.057620954010896064,-0.17141045449864645,1.9882306283653595,-0.07143597666561854,1.0341267568347683,-0.02929127729681162,1.9897538792242604,-0.07338267456607239,-2.059666605030978,-1.0680763364920638
88,0.87,2.759666158419094,-6.3705228482699106,-86.78193360028051,22.983775595267968,1.0392628030345976,-0.03118655576062198,0.06334978696368007,-0.1428551741774736,1.9986184337417967,-0.0717406666918129,1.037034388975085,-0.028656663135009447,2.000109687523982,-0.07367258966801904,-2.0703591004336097,-1.0704493587952195
89,0.88,2.9339758283875694,-6.267137614789897,-88.64434466520134,23.086487877170114,1.040187356870907,-0.03240183873473467,0.07017393480673999,-0.1133053631746825,2.0090151991407925,-0.07205896916737624,1.039939899459377,-0.027810768417731026,2.010494559925563,-0.07395510357642765,-2.081074168308169,-1.0725891956056417
90,0.89,3.1403895510867974,-6.164248067792344,-90.4666170142096,23.188678813225344,1.0411800353759844,-0.03331661072451899,0.07803386603249801,-0.08282460235195144,2.0194215508908284,-0.07238793025124578,1.0428452492765339,-0.026751898217439514,2.0209084849713443,-0.07422809513495254,-2.091809481142074,-1.0744966461005034
91,0.9,3.3766215911877007,-6.062162987916642,-92.25093082459094,23.290045841411164,1.0422512197071838,-0.03392135004690897,0.0868663666023074,-0.051478613250693875,2.0298382221051363,-0.07272449757792049,1.045752455847193,-0.02547820588155688,2.0313514710937297,-0.07448942548455273,-2.102562719683057,-1.0761725697540927
92,0.91,3.6402949499102055,-5.96116153241224,-93.99957381634772,23.39031633435295,1.043410658869254,-0.03420721275396195,0.09660503701667124,-0.019334664594462335,2.0402660465478926,-0.0730655269194824,1.0486635954921917,-0.023987686675746946,2.041823547191701,-0.07473693651464419,-2.113331573467375,-1.0776178716232159
93,0.92,3.9289590367502347,-5.861491648468031,-95.71492169123842,23.489249181248308,1.0446674373296687,-0.03416604918998413,0.10718080446776124,0.013539023699061379,2.050705952151657,-0.073407789043914,1.0515808060727605,-0.022278171194718668,2.0523247632328774,-0.07496844924953638,-2.124113741195571,-1.078833486519653
94,0.93,4.2401074962187035,-5.76336882416022,-97.39941836788492,23.5866360286593,1.046029947768687,-0.033790414427634745,0.11852244669982136,0.047073874936733276,2.0611589542366118,-0.07374797670865058,1.0545062898060946,-0.020347318525031913,2.0628551908828507,-0.0751817621677513,-2.134906930945262,-1.0798203621963216
95,0.9400000000000001,4.57119607748282,-5.666975179184974,-99.05555613995811,23.682302177848392,1.047505869085406,-0.03307357259610591,0.13055712414286763,0.08120154463819768,2.0716261484835554,-0.07408271172822795,1.0574423162600006,-0.018192609144444104,2.073414924163567,-0.07537464945166228,-2.1457088602117835,-1.080579441681512
96,0.9500000000000001,4.919660436258977,-5.572458894166088,-100.68585588288646,23.776107139745633,1.0491021497464117,-0.03200949515417502,0.14321091684624643,0.11585450039500463,2.08210870371363,-0.07440855205521235,1.0603912255303125,-0.01581133754249402,2.0840040801425643,-0.07554485916474984,-2.156517255768842,-1.0811116449005866
97,0.96,5.282933760520936,-5.479933973922813,-102.29284743210552,23.86794485207669,1.0508249965285696,-0.03059285319895967,0.15640936273113767,0.15096658913357686,2.092607854528465,-0.07472199881431656,1.0633554316047267,-0.013200604547263451,2.0946227996549176,-0.07569011135360215,-2.1673298533427814,-1.0814178497275293
98,0.97,5.658464114442041,-5.389480337053043,-103.87905025269478,23.957743566248407,1.0526798686723322,-0.028819003936876444,0.17007799369236595,0.1864735884944445,2.103124893864756,-0.07501950323069091,1.066337425916571,-0.010357309343682274,2.1052712480597653,-0.07580809607165628,-2.1781443970954473,-1.0814988726092087
99,0.98,6.043731398610475,-5.30114422124599,-105.44695451620926,24.045465414566927,1.0546714774268793,-0.02668397147714121,0.18414286612250638,0.222313739264914,2.1136611655172794,-0.07529747339481083,1.0693397810918357,-0.0072781411692647265,2.115949616033337,-0.07589647132152244,-2.1889586389120903,-1.0813554489040205
100,0.99,6.436263828748534,-5.214938891060483,-106.99900269581035,24.131105671076636,1.056803790933758,-0.02418442213969494,0.19853108249605292,0.25842825601818203,2.124218056683998,-0.0755522808081412,1.0723651548924853,-0.003959570673899135,2.126658120400436,-0.07595286091258702,-2.199770337492139,-1.080988213073453
101,1.0,6.83365383997574,-5.130845632574776,-108.53757178538471,24.21469172167215,1.0590800443616877,-0.02131763449879056,0.21317130073789048,0.2947618132972596,2.134796990586198,-0.0757802666558233,1.075416294358638,-0.0003978409313164546,2.1373970050063384,-0.07597485223049638,-2.2105772572420213,-1.0803976788604783
102,1.01,7.233573329084475,-5.048815017044195,-110.06495624222163,24.29628176143525,1.061502755172048,-0.018081464410939305,0.22799422821774337,0.33126300493046984,2.145399419215566,-0.07597774775497687,1.0784960401516774,0.003411041908994483,2.148166541631127,-0.07595999391495356,-2.221377166970543,-1.0795842195829872
103,1.02,7.633788153121079,-4.968768413894553,-111.58335174622417,24.375963238983637,1.0640737433626049,-0.01447430530086032,0.2429330973428494,0.36788477424755756,2.1560268162587466,-0.07614102212982173,1.081607331099621,0.007471318339068485,2.1589670309484563,-0.07590579344220494,-2.2321678383885684,-1.078548048663465
104,1.03,8.032171808981214,-4.890599731672585,-113.09483986136577,24.453851069347024,1.0667941565063719,-0.01049504400217148,0.25792411988162367,0.40458481320218787,2.1666806702482466,-0.07626637416767214,1.0847532089452006,0.011787485586774088,2.169798803530796,-0.0758097146084653,-2.242947044415919,-1.0772892005085433
105,1.04,8.426718225409967,-4.814177364266148,-114.60137367751064,24.53008563821106,1.0696644993734552,-0.006143012470255731,0.27290691732302713,0.44132592859624864,2.1773624779865774,-0.07635007931292878,1.087936823295982,0.016364308092629988,2.180662220903156,-0.07566917491050118,-2.2537125572995063,-1.075807511843711
106,1.05,8.815553605930448,-4.739346318492843,-116.10476450260421,24.60483062159489,1.0726846678964173,-0.0014179357035111746,0.2878249247749012,0.4780763738471148,2.1880737382882653,-0.07638840825945804,1.0911614367745146,0.021206828371909448,2.1915576766473257,-0.07548154281951014,-2.2644621465477233,-1.0741026035999284
107,1.06,9.196947268538057,-4.665930498391857,-117.60666966689789,24.678270645796204,1.0758539872143689,0.003680123774521638,0.30262576610999914,0.5148101449195099,2.198815946081843,-0.07637763060519254,1.0944304303648422,0.026320378261400063,2.202485597558588,-0.07524413494446325,-2.2751935766870353,-1.0721738634398472
108,1.07,9.569321435607336,-4.593735120862252,-119.10858149218275,24.750608813127506,1.079171253507747,0.009150824505209022,0.31726159829626865,0.5515072392834809,2.209590586911169,-0.07631401793638155,1.0977473089497674,0.03171059054631191,2.2134464448568716,-0.07495421308106431,-2.2859046048475506,-1.070020429002538
109,1.08,9.931259935096314,-4.522549236982076,-120.6118174702508,24.822064119267026,1.0826347793147684,0.014993607378086611,0.3316894230794733,0.5881538769508385,2.22039913187244,-0.07619384631264899,1.1011157070308737,0.037383410957996396,2.224440715454183,-0.07460898114258718,-2.296592978185089,-1.0676411719366818
110,1.09,10.281515781964124,-4.4521483331720235,-122.11751168582137,24.89286878820224,1.086242442001922,0.021207759218298806,0.3458713644340226,0.6247426828673741,2.2312430330200743,-0.07601339812785585,1.1045393946205737,0.04334511052767095,2.235468943280124,-0.07420558196892824,-2.30725643114793,-1.0650346827836232
111,1.1,10.619017616395077,-4.382296986557921,-123.62660751031828,24.96326555053028,1.0899917350447152,0.02779247828140166,0.35977491044306065,0.6612728301125815,2.2421237192712926,-0.07576896332569151,1.1080222832921374,0.049602298274675424,2.246531700667119,-0.07374109401043683,-2.3178926825969843,-1.0621992567633136
112,1.11,10.942874983175965,-4.312751549212557,-125.13985158393696,25.033504890522828,1.093879821761224,0.034746941252732415,0.3733731185253024,0.6977501435610416,2.2530425928357136,-0.07545683995291663,1.1115684323698372,0.05616193420018724,2.257629599796871,-0.07321252788330757,-2.32849943278863,-1.0591328805084916
113,1.12,11.252382444027775,-4.243262836528805,-126.65778909479093,25.1038422867541,1.0979035911299067,0.042070371344649735,0.38664478317769185,0.7341871638402342,2.264001026192652,-0.07507333403722594,1.115182055236844,0.06303134254828063,2.268763294209319,-0.07261682279365811,-2.339074360229878,-1.055833219785257
114,1.1300000000000001,11.54702252202673,-4.173578795907229,-128.1807603553926,25.17453547011527,1.1020597153145864,0.04976210708292303,0.3995745656497639,0.7706031715434983,2.2750003596350825,-0.07461475878077625,1.1188675257332978,0.07021822528581062,2.2799334803751603,-0.07195084282786102,-2.349615118415859,-1.0522976082316633
115,1.1400000000000001,11.826467484208525,-4.1034471328684985,-129.70889866857738,25.245841722060398,1.1063447085134415,0.05782167137283883,0.4121530852116474,0.8070241718310193,2.286041899395427,-0.07407743306451596,1.1226293846109143,0.0777306757404602,2.2911408993326576,-0.0712113731072268,-2.3601193324599428,-1.0485230371406027
116,1.1500000000000001,12.090579975095306,-4.032617873115885,-131.24212946716173,25.31801523445729,1.1107549867452602,0.0662488404367098,0.4243769719057805,0.8434828396135217,2.297126916364478,-0.07345767926253868,1.126472346003506,0.08557719232231147,2.3023863383891134,-0.07039511580582891,-2.370584595627016,-1.0445061463085503
117,1.16,12.339412520066384,-3.960845840452154,-132.78017070429917,25.391304550974574,1.1152869281849374,0.07504371221630082,0.4362488808955617,0.880018425624359,2.3082566454108937,-0.07275182036976002,1.130401303864767,0.09376669223820099,2.3136706328869354,-0.06949868603104781,-2.3810084657806536,-1.0402432159686366
118,1.17,12.573205923091502,-3.8878930322455485,-134.32253446478796,25.46595010807782,1.1199369336611622,0.0842067738367302,0.4477774687205331,0.9166766236893418,2.31943228530483,-0.07195617645026395,1.1344213383153834,0.10230852508948506,2.3249946680336646,-0.06851860756747863,-2.391388461755094,-1.035730159824432
119,1.18,12.792386588570604,-3.813530875997695,-135.86852976128714,25.542181891776423,1.1247014869322136,0.09373896773158719,0.45897733195524804,0.9535093995156484,2.3306549992454118,-0.07106706041768517,1.138537721831052,0.11121248622278451,2.336359380794755,-0.0674513084859587,-2.401722059663097,-1.0309625192006264
120,1.19,12.997562801348629,-3.7375423526723184,-137.41726647405153,25.620217224079504,1.129577214360644,0.10364175603243875,0.4698689089226047,0.9905747812557795,2.341925915987939,-0.07008077316297917,1.1427559251908685,0.12048882967891159,2.347765761847102,-0.06629311662096482,-2.4120066891509184,-1.0259354583282052
121,1.2,13.189520002815303,-3.6597239747089283,-138.96766038798765,25.700258690772582,1.1345609436140593,0.11391718282878055,0.48047834524696664,1.0279366119980244,2.353246131562955,-0.06899359804888629,1.1470816230919085,0.13014828055767155,2.3592148575904703,-0.06504025492127763,-2.4222397296118414,-1.0206437607852787
122,1.21,13.369215103985898,-3.5798876090732845,-140.5184392769404,25.782492219615108,1.139649761027008,0.1245679339064599,0.49083732413451064,1.0656642641695184,2.364616711575617,-0.06780179479432603,1.1515206993203047,0.14020204658496008,2.3707077722129455,-0.06368883668079484,-2.4324185063699435,-1.0150818271205482
123,1.22,13.537769878689021,-3.4978621382723674,-142.06814998205502,25.8670853153958,1.1448410672678395,0.13559739357303416,0.5009828623396081,1.1038323156117662,2.3760386940702114,-0.06650159277587708,1.1560792513516376,0.15066182863322586,2.3822456698053665,-0.062234860658678226,-2.442540286846089,-1.0092436736948054
124,1.23,13.696463481303688,-3.4134949549405436,-143.61516642897712,25.954185455515187,1.1501326309639939,0.14700969817682638,0.5109570728122751,1.1425201868034869,2.387513092941129,-0.06508918377742316,1.1607635942337557,0.1615398299064719,2.3938297765182925,-0.060674206100723715,-2.452602276718552,-1.0031229327871676
125,1.24,13.846724134032273,-3.3266532884239863,-145.15769852742355,26.043918646854014,1.1555226399491672,0.1588097859220044,0.5208068950237865,1.1818117383457385,2.3990409018682106,-0.06356071422300018,1.1655802635831367,0.17284876345640002,2.4054613827535283,-0.059002627676915775,-2.4626016160912108,-0.9967128540271628
126,1.25,13.990120028174658,-3.237225364669283,-146.69380189657377,26.136388141716658,1.161009749805837,0.17100344257409011,0.5305837939282619,1.2217948273978998,2.410623098751061,-0.06191227693189984,1.170536017501291,0.18460185764625026,2.4171418453803755,-0.05721575035375537,-2.472535375682961,-0.9900063072317469
127,1.26,14.128349482529966,-3.1451214036035235,-148.22138836055078,26.231673307666455,1.16659312938631,0.18359734263822203,0.5403434284462765,1.2625608212813044,2.42226065061369,-0.06013990243920048,1.175637837190446,0.19681285912344149,2.4288725899647483,-0.055309064223998394,-2.4824005530528908,-0.9829957867480881
128,1.27,14.263230399626291,-3.050274461216773,-149.73823716025456,26.329828642956727,1.1722725030044423,0.1965990855757897,0.5501452902364267,1.3042040658832559,2.4339545189477505,-0.0582395499291604,1.1808929260176027,0.2094960328005992,2.4406551129969056,-0.05327791932119608,-2.492194068876911,-0.9756734174286525
129,1.28,14.396689057155033,-2.9526411264073182,-151.242006830794,26.43088292632361,1.1780481889979955,0.21001722660259134,0.5600523133710604,1.3468213059063483,2.4457056654595704,-0.05620709783336563,1.1863087067429985,0.2226661582769719,2.452490984100898,-0.051117520451710696,-2.5019127632929363,-0.9680309623954041
130,1.29,14.530748267644377,-2.8522020856065367,-152.73024769785312,26.53483848686543,1.1839211343679474,0.22386130158338638,0.5701304553360793,1.39051105330827,2.4575150581832315,-0.054038334150236796,1.19189281659291,0.23633852205824382,2.464381848205806,-0.048822922082960574,-2.5115533923334685,-0.9600598327845611
131,1.3,14.667514934082625,-2.748962570929381,-154.20041495149334,26.64167057692329,1.1898929452054818,0.23814184550248724,0.5804482495471589,1.4353728995752757,2.4693836779190117,-0.05172894654752915,1.1976530998176853,0.25052890485249857,2.476329427655443,-0.04638902333345296,-2.5211126244665403,-0.9517510997029945
132,1.31,14.809167022990621,-2.6429527102545425,-155.64988226204179,26.75132682814388,1.195965912619551,0.25287040394781857,0.5910763293119206,1.4815067667139654,2.481312524953646,-0.04927451231487681,1.2035975973339819,0.26525356313363624,2.4883355242294196,-0.04381056311779963,-2.5305870372685226,-0.9430955086717324
133,1.32,14.957939969284872,-2.534227800105371,-157.07595590989823,26.863726768370306,1.2021430338774621,0.26805953699608115,0.6020869228728717,1.529012091064692,2.4933026260159736,-0.04667048823930919,1.2097345330056246,0.2805292040713625,2.500402021044208,-0.04108211550848351,-2.539973114255283,-0.9340834968813809
134,1.33,15.116112519383984,-2.422868524366051,-158.47588940910717,26.978761374784327,1.208428028467577,0.2837228148290467,0.6135533188521495,1.577986933282315,2.505355041418647,-0.04391220048308155,1.2160722960708104,0.29637295282975507,2.5125308842981773,-0.03819808538560787,-2.5492672419017284,-0.9247052136385303
135,1.34,15.285992010357718,-2.308981143707045,-159.84689861341283,27.096292636836566,1.2148253487867342,0.29987480434579405,0.6255493010870353,1.6285270071004039,2.517470872333642,-0.04099483455018971,1.2226194191750135,0.31280231113541995,2.524724164819407,-0.035152704456345774,-2.5584657068838315,-0.9149505444409402
136,1.35,15.469899073721937,-2.1926976820935584,-161.18617730302168,27.216153100968356,1.2213401851452244,0.3165310459631341,0.6381485515041528,1.6807246188089187,2.5296512681462833,-0.03791342543565558,1.229384551419907,0.32983510591303444,2.53698399936941,-0.03194002773733651,-2.567564693581939,-0.9048091391820903
137,1.36,15.670151742980188,-2.0741761376370293,-162.49091326021565,27.33814536822829,1.2279784647689773,0.33370801971697817,0.6514240193529633,1.7346675088428365,2.541897433829358,-0.0346628480601475,1.2363764257900216,0.3474894266830802,2.5493126116497957,-0.02855393060578093,-2.5765602818895053,-0.8942704450519992
138,1.37,15.889048934288464,-1.9536007454101778,-163.75830485219126,27.462041515532658,1.2347468444621916,0.35142309969249225,0.6654472548067829,1.7904375864775264,2.5542106372756064,-0.031237808101797934,1.243603820272224,0.36578355031645055,2.561712312952249,-0.024988106538556654,-2.5854484453774043,-0.8833237447696993
139,1.3800000000000001,16.12885326010023,-1.8311823194950616,-164.98557814964175,27.58758241170451,1.2416526965741017,0.3696944957218402,0.680287704668102,1.8481095484482246,2.566592216523415,-0.02763283334724972,1.251075511940419,0.38473585164748353,2.5741855023851494,-0.02123606567322911,-2.5942250498706647,-0.8719582008522615
140,1.3900000000000001,16.391773126725106,-1.7071587001638244,-166.17000461924786,27.714476900861975,1.2487040878913456,0.38854118119736086,0.6960119677163032,1.9077493724929142,2.579043586806856,-0.02384226569503001,1.2588002232416802,0.4043646983657056,2.5867346666027022,-0.017291134340166714,-2.6028858525018865,-0.8601629066939847
141,1.4000000000000001,16.679944058641418,-1.581795329995983,-167.30891943718646,27.84240082792779,1.2559097510531825,0.4079828057587335,0.712683007107712,1.969412677278928,2.591566247357319,-0.01986025395632048,1.2667865596931598,0.42468832854277516,2.5993623789546407,-0.013146455731199769,-2.6114265013136393,-0.8479269452944489
142,1.41,16.99540918602287,-1.4553859790987556,-168.39974047811896,27.970995884820923,1.2632790480613405,0.4280395915278342,0.7303593172549722,2.0331429412612647,2.6041617878798107,-0.015680747611031876,1.2750429381855144,0.4457247091126463,2.6120712979666134,-0.008794991886810433,-2.6198425354908426,-0.8352394565335063
143,1.42,17.34009882746763,-1.3282536349436214,-169.4399880397133,28.099868260750473,1.270821925430975,0.4487322114908217,0.749094042761088,2.098969574573855,2.6168318946226177,-0.01129749169072472,1.2835775050922889,0.46749137361776655,2.624864165053286,-0.004229527200810157,-2.6281293863133426,-0.8220897139401533
144,1.43,17.715809098558587,-1.2007515658720713,-170.42730536538167,28.228587086762662,1.2785488605054218,0.47008164856814,0.7689340473489973,2.1669058404344668,2.6295783559543264,-0.006704022974218906,1.2923980434109834,0.4900052375728674,2.6377438013583276,0.000557326341887876,-2.636282378928545,-0.8084672119372818
145,1.44,18.12417947898708,-1.0732645592679502,-171.35948002726164,28.35668267309119,1.2864707984373027,0.49210903387786337,0.7899189313179268,2.2369466257127244,2.6424030673573706,-0.0018936676965011158,1.3015118682159172,0.513282389891512,2.6507131036079334,0.005573121962676009,-2.6442967350538717,-0.7943617645594394
146,1.45,18.5666692779076,-0.9462103253368048,-172.23446622617234,28.48364454834784,1.2945990793243132,0.5148354626939593,0.8120799969461624,2.3090660645047074,2.6553080357421925,0.003140459013493666,1.3109257097920153,0.5373378589823167,2.6637750388577612,0.010825568675361108,-2.652167576728699,-0.7797636166303539
147,1.46,19.04453294959192,-0.8200410453599427,-173.05040805473416,28.60891932218918,1.302945354982703,0.5382817866388939,0.8354391624748213,2.3832150238369296,2.66829538298098,0.008405451735858107,1.3206455839490812,0.562185352365222,2.676932638007457,0.016322519401657853,-2.6598899312451216,-0.7646635683438091
148,1.47,19.558794230700304,-0.6952450289496759,-173.80566375269302,28.7319084080714,1.3115214948482856,0.5624683807403483,0.860007826914184,2.459318467170106,2.681367348554793,0.013908611158924463,1.3306766491952429,0.5878369689983322,2.6901889879527956,0.022071956346900734,-2.6674587373958687,-0.7490531141079373
149,1.48,20.110219097495797,-0.5723484282671887,-174.49883095885474,28.851965660026487,1.3203394805177047,0.5874148841373374,0.88578568994683,2.5372727192405344,2.6945262912029215,0.019657438017268453,1.3410230506834209,0.6143028839575104,2.7035472222433836,0.028081973360873924,-2.6748688531856533,-0.7329245963803672
150,1.49,20.699287577260293,-0.4519169384373911,-175.12877293077193,28.968394997007746,1.3294112884859104,0.6131399134548917,0.9127595336995041,2.6169426650175125,2.7077746894586325,0.025659624300085945,1.3516877511425738,0.6415910056881424,2.7170105101144295,0.034360755007834864,-2.6821150651585466,-0.7162713750310187
151,1.5,21.32616449402882,-0.3345573925779166,-175.69464566046784,29.08044811019995,1.33874876070397,0.6396607481923987,0.9409019761498412,2.6981589262069243,2.721115140951398,0.03192304145334773,1.3626723493724255,0.6697066067643489,2.7305820437649895,0.04091655207547573,-2.68919209949805,-0.6990880125115714
152,1.51,21.99066928534814,-0.22091913747633862,-176.19592576124197,29.187322372251927,1.348363462679433,0.666992987902794,0.9701702094226994,2.780715070649103,2.7345503603523937,0.03845572529475304,1.3739768873204168,0.6986519299544102,2.7442650237630186,0.04775765326610815,-2.6960946350576407,-0.6813704747766389
153,1.52,22.692245094652886,-0.11169505241718225,-176.63243893644062,29.288159092255295,1.3582665289744038,0.6951501814906886,1.000504740205462,2.8643649230159096,2.748083175837969,0.04526585736103295,1.3855996472749885,0.7284257724075646,2.758062642470266,0.054892352836307,-2.702817318476936,-0.6631163474837152
154,1.53,23.429927423056828,-0.007622050003253111,-177.0043887659884,29.382042285436587,1.3684684961291025,0.724143429638606,1.031828153908121,2.948820059016939,2.7617165239451866,0.0523617424138467,1.3975369412982661,0.7590230519443785,2.771978065398257,0.06232891398508489,-2.70935478153134,-0.6443250664904965
155,1.54,24.202312714682073,0.0905191249380044,-177.31238546065939,29.467998150917488,1.3789791232551811,0.7539809621892504,1.0640439289352102,3.0337475794606097,2.775453442694901,0.05975178184470427,1.4097828956780203,0.7904343607403657,2.7860144104311,0.0700755278369587,-2.7157016608501965,-0.6249981610659308
156,1.55,25.007527349591776,0.1819050025920088,-177.5574741390251,29.544995472982663,1.3898072008068785,0.7846676932714621,1.097035332367392,3.118768274294901,2.7892970628615985,0.0674444427424337,1.4223292338917126,0.8226455131183553,2.8001747248821527,0.07814026792618112,-2.7218526201191646,-0.6051395075354163
157,1.56,25.84319762628562,0.2656716216933641,-177.7411620793812,29.61194717909454,1.4009603483510524,0.8162047580546954,1.1306644332805142,3.203455299303038,2.8032505972758752,0.07544822242008009,1.435165062326429,0.8556370956748846,2.814461960390249,0.08653104016306035,-2.727802374855795,-0.584755590296357
158,1.57,26.706421428305905,0.3409181191562305,-177.86544429194458,29.667713299481036,1.4124448025192324,0.8485890362392314,1.1647712746112624,3.2873334985023073,2.8173173280554407,0.08377160824309103,1.4482766637619244,0.8893840295098673,2.828878945707459,0.09525552835329032,-2.7335457198123496,-0.563855766280001
159,1.58,27.593742382716723,0.40671190614158803,-177.93282664921966,29.71110557564128,1.4242651967335314,0.8818126687152303,1.1991732485796553,3.3698795121423375,2.831500591674419,0.09242303265835258,1.4616473043661278,0.923855155841214,2.8434283574841475,0.10432113544648258,-2.7390775590160663,-0.542452528018301
160,1.59,28.501127426809592,0.4620956502093043,-177.9463457098101,29.740893956353755,1.4364243347477377,0.9158625752179689,1.2336647238586482,3.4505228123412395,2.845803761798883,0.10141082339494974,1.4752570606317963,0.9590128576855896,2.858112689218085,0.11373492081007797,-2.7443929384039336,-0.5205617595297688
161,1.6,29.42394879687964,0.5060962582983941,-177.9095842794403,29.755815196688,1.4489229605259215,0.9507199822223092,1.2680169745094223,3.5286478042765044,2.8602302298393742,0.11074314889288459,1.4890826732505886,0.9948127314763724,2.8729342186015807,0.12350353395777036,-2.7494870809464897,-0.49820297830361226
162,1.61,30.356971531974388,0.5377360141901932,-177.8266816797212,29.754583736049575,1.4617595274799047,0.9863599716941428,1.3019784607725646,3.603597119224712,2.874783383198886,0.12042795911529719,1.5030974353222197,1.031203323362299,2.8878949735727573,0.13363314530497172,-2.7543554240835886,-0.4753995557857619
163,1.62,31.294347638055076,0.5560459647643734,-177.7023376481264,29.735904973252925,1.474929970586387,1.022751062575477,1.3352755096880684,3.6746762053154653,2.889466581227497,0.13047292201221217,1.5172711224739255,1.0681259453704395,2.9029966974521475,0.14412937467387366,-2.758993659215285,-0.45217890801091
164,1.6300000000000001,32.22961807571758,0.5600815711556795,-177.5418087798232,29.698490979303074,1.4884274853825115,1.0598548379352137,1.367613438861561,3.741159291880388,2.904283128932448,0.14088535602788235,1.5315699723625262,1.105514586511308,2.9182408136213063,0.15499721842251413,-2.763397772904566,-0.4285726474472977
165,1.6400000000000001,33.15572370934314,0.5489405436993611,-177.35089645130932,29.641078591693052,1.5022423182698317,1.0976256314742692,1.3986781591943684,3.8022967631931404,2.919236248534593,0.15167215917690827,1.5459567205962295,1.1432959331477484,2.9336283902729448,0.16624097621975542,-2.767564089357685,-0.4046166867955625
166,1.6500000000000001,34.065026280384856,0.5217826657297975,-177.1359252438682,29.562449719883215,1.516361572912633,1.1360102874308782,1.4281382819513917,3.857323927741915,2.934329049008246,0.16283973535298452,1.5603906993056575,1.1813895114599222,2.949160105828787,0.1778641786245898,-2.771489313655261,-0.3803512854817548
167,1.6600000000000001,34.94934033684245,0.47785128383788233,-176.90371101697676,29.46145356307366,1.5307690377679875,1.1749480077943915,1.4556477421520497,3.905471110814515,2.949564493790567,0.17439391867389334,1.5748280033892845,1.2197079625649019,2.9648362156779235,0.18986951674570784,-2.775170575116674,-0.355821029973596
168,1.67,35.79997686224055,0.4164960072772672,-176.66151797027905,29.337030304490636,1.5454450399024549,1.2143703000169426,1.480848934246169,3.945974933402187,2.9649453668975907,0.18633989680184643,1.589221727856153,1.2581574577840817,2.980656520931026,0.20225877534824832,-2.7786054700957443,-0.3310747398855123
169,1.68,36.60779910077123,0.33719602391728554,-176.41700427714136,29.188235708185932,1.5603663302077537,1.2542010370482657,1.5033763378621905,3.9780905720882775,2.980474237735341,0.1986821343033427,1.603522277713956,1.2966382577406186,2.9966203399104163,0.2150327708310691,-2.7817921034319983,-0.30616529315948804
170,1.69,37.36329077507803,0.23958331368936214,-176.17815616849953,29.014265913970785,1.5755060049036627,1.2943566394742965,1.522860591866563,4.001104726624557,2.9961534249444863,0.21142429722071615,1.617677749559024,1.3350454145177735,3.0127264830992573,0.22819129551292594,-2.7847291277237702,-0.2811493654293662
171,1.7,38.0566365474382,0.1234649334428406,-175.95321068452444,28.814481614152488,1.590833467797305,1.3347463868190208,1.538932955051255,4.014348959011575,3.0119849596637787,0.22456918011173965,1.6316343815028373,1.3732696111833085,3.028973232252221,0.24173306963396568,-2.787415779552039,-0.25608708097828425
172,1.71,38.67781419637426,-0.011156530422917754,-175.75056768092594,28.588430712326833,1.6063144371502291,1.3752728617220704,1.5512300726135717,4.017213014875279,3.0279705486391157,0.23811863686747403,1.6453370654323738,1.4111981278080425,3.0453583243231956,0.255655702396151,-2.789851911771642,-0.23104157542815873
173,1.72,39.21669758472215,-0.16406528243693153,-175.57869206074696,28.3358685205242,1.6219110001961803,1.415832526830399,1.5593989505089545,4.00915770001673,3.0441115376395524,0.2520735166362823,1.6587299129862092,1.4487159179461306,3.061878940792412,0.26995566323163844,-2.79203802100327,-0.20607847336578122
174,1.73,39.663169100550654,-0.3348183417362094,-175.4460075827008,28.056774554431403,1.6375817173739822,1.4563164299916949,1.5631020259609756,3.9897268664328096,3.060408875667109,0.26643360615902256,1.6717568641862472,1.48570677469737,3.078531702876771,0.28462826430314614,-2.793975269508086,-0.1812652873822873
175,1.74,40.007239879235776,-0.5227361341068937,-175.36078395350265,27.751365043521613,1.6532817772244313,1.4966110289028134,1.562022213056426,3.9585580664834077,3.076863080462296,0.2811975797540987,1.6843623255499602,1.5220545612404377,3.0953126729856373,0.2996676550097819,-2.795665500708197,-0.15667074832161787
176,1.75,40.23917578358596,-0.7268983968816478,-175.33101922440733,27.420100385589116,1.6689632016919889,1.5365991219772044,1.55586779829713,3.915391463050763,3.093474205810718,0.29636295808059815,1.696491822863299,1.5576444773935763,3.1122173626439453,0.31506682900313177,-2.7971112477301197,-0.13236407971478448
177,1.76,40.349626847880124,-0.9461459669652728,-175.3643197630036,27.06368694153168,1.6845751003242468,1.5761608680979549,1.5443770627716353,3.860076637714347,3.1102418111472776,0.31192607665485383,1.7080926527394722,1.5923643315638165,3.1292407469504564,0.33081764392201807,-2.798315734492424,-0.10841423222629198
178,1.77,40.329757696478865,-1.1790888020077883,-175.4677802452793,26.68307277904576,1.7000639706329912,1.615174874366547,1.5273225153244134,3.792577016036599,3.127164933933285,0.32788206490461974,1.719114516707945,1.6261057865570072,3.1463772854777767,0.3469108537423322,-2.7992828690286653,-0.08488909626644414
179,1.78,40.171376339391806,-1.4241203296349925,-175.64786619952477,26.27943722234899,1.715374040729182,1.6535193281693517,1.504514634398584,3.712971725161977,-3.1389432419309413,0.3442248363221693,1.7295101219111542,1.6587655482219932,3.163620949359242,0.3633361533244157,-2.8000172289264755,-0.06185471255983033
180,1.79,39.86705873164471,-1.6794379451792407,-175.91030162759597,25.85417433392264,1.7304476493258547,1.6910731480532362,1.4758050342885984,3.621454808174512,-3.1217141781822666,0.36094709003167075,1.7392357335249993,1.6902464677816826,3.1809652541531848,0.3800822344384813,-2.8005240389656487,-0.039374501272618545
181,1.8,39.41026656035027,-1.9430692019390294,-176.25996413115402,25.408870726422876,1.7452256573650982,1.7277171271585063,1.4410889931838688,3.518331835001568,-3.1043358421085765,0.3780403238273684,1.7482516657054024,1.7204585318534815,3.1984032979341697,0.39713685227182527,-2.8008091412436413,-0.01750853020659182
182,1.81,38.79545588758286,-2.212902978125597,-176.70078978682142,24.94527836005181,1.7596478849033381,1.7633350433616002,1.4003073041623197,3.4040140633106133,-3.0868114904241524,0.3954948584785966,1.756522700095871,1.7493197183881053,3.2159278039395987,0.4144869011819998,-2.8008789582768374,0.003687158458262063
183,1.82,38.018174517630634,-2.486724679069807,-177.23568975614944,24.46528320519063,1.77365356650413,1.7978147118137657,1.3534474346016276,3.2790104070236263,-3.0691449845815773,0.41329987284684444,1.7640184235739274,1.7767567017965538,3.2335311670033344,0.43211849826698545,-2.8007404497511645,0.024161145309635756
184,1.83,37.07514625970412,-2.762254356822358,-177.86648029861982,23.970870827160297,1.7871818182445054,1.8310489581300669,1.3005440027735065,3.1439175579255787,-3.051340794292089,0.4314434491298113,1.770713479808941,1.8027053960830504,3.2512055029391274,0.45001707318360307,-2.8004010637576857,0.04386713988556146
185,1.84,35.9643406045216,-3.0371865134063647,-178.59382749620153,23.46409006812616,1.8001721095292758,1.862936493922056,1.241678601254602,2.999408671750999,-3.033403996351897,0.4499126273471583,1.7765877321834227,1.827111330532657,3.268942699997243,0.4681674625621861,-2.799868683480531,0.06276438439278031
186,1.85,34.685026707394464,-3.309230304727784,-179.41720761452513,22.94701605422514,1.8125647332031154,1.8933826804582035,1.1769790141348595,2.8462210705890234,-3.0153402687589645,0.46869346802008577,1.7816263385322866,1.8499298581008135,3.2867344715078604,0.48655400733928866,-2.799151570400536,0.08081794725508806
187,1.86,33.23781095365932,-3.5761488809230135,-180.3348836365729,22.42171374236969,1.8243012679174908,1.9223001707248963,1.1066178880631858,2.6851434268511163,-2.9971558801675355,0.4877711218772043,1.7858197408356804,1.8711262018366197,3.304572408842971,0.5051606513579863,-2.7982583051348464,0.09799890280740553
188,1.87,31.624657758696316,-3.8357966811487065,-181.34389812585462,21.890203145204374,1.8353250273057855,1.9496094247781208,1.0308109256449483,2.517002881314799,-2.978857674785103,0.5071299053450389,1.7891635753434894,1.890675349213098,3.322448033871946,0.5239710396620638,-2.7971977270494444,0.11428439747233532
189,1.8800000000000001,29.848893610218518,-4.0861536384925845,-182.44008222148233,21.354427242084803,1.8455814911996602,1.9752390977618968,0.9498146736096321,2.3426525113309187,-2.9604530528675976,0.5267533805529044,1.7916585105290153,1.9085618079700577,3.34035285015063,0.5429686150283595,-2.795978873759084,0.12965760656223657
190,1.8900000000000001,27.91519468504804,-4.325355430976341,-183.6180802472618,20.816223411254658,1.855018714837406,1.9991263040888718,0.8639239779833597,2.1629595097679832,-2.9419499470126276,0.5466244385963143,1.7933100217166342,1.924779239901973,3.3582783921655213,0.5621367114326952,-2.7946109215706443,0.14410758925146583
191,1.9000000000000001,25.829558658056584,-4.551719124320108,-184.871389138907,20.27729901654299,1.8635877127303164,2.0212167648420833,0.773469174829141,1.9787943655858957,-2.92335679448752,0.5667253848559295,1.7941281121889503,1.939329990914581,3.376216272048163,0.5814586433191731,-2.7931031278361367,0.15762905211176692
192,1.9100000000000001,23.599261563842266,-4.763763775219632,-186.19241166105658,19.739211566652408,1.8712428145314792,2.0414648483248574,0.6788130789031759,1.7910212593672894,-2.904682505858835,0.5870380252540507,1.7941269910685602,1.9522245366588689,3.3941582232758183,0.6009177897316613,-2.7914647760667006,0.1702220337933782
193,1.92,21.232800770068792,-4.960225786799599,-187.57252220067647,19.20335364978773,1.8779419908679074,2.059833515780968,0.5803478246765761,1.6004898071179787,-2.8859364302135018,0.6075437524404644,1.7933247183289176,1.9634808632076166,3.4120961409780683,0.6204976725607665,-2.78970512452562,0.1818915249130606
194,1.93,18.739825276137157,-5.140069017391857,-189.00214378447234,18.670942644060354,1.8836471476351506,2.076294185606452,0.4784916055242503,1.4080282086283813,-2.8671283172793944,0.6282236310262299,1.7917428269763385,1.973123801680184,3.430022118571201,0.6401820283519157,-2.787833358873962,0.19264703797130123
195,1.94,16.131054664880896,-5.3024898294785405,-190.47083487193333,18.14301502503171,1.8883243877063474,2.090826529909006,0.3736853483043481,1.21443778707312,-2.8482682767659298,0.6490584811199187,1.789405931830242,1.9811843345795885,3.447928480539902,0.6599548733040907,-2.7858585492937378,0.2025021422026585
196,1.95,13.418188111263984,-5.446917420397335,-191.96738441929116,17.620424942983423,1.891944239376052,2.103418217115635,0.2663893526508399,1.0204888474329055,-2.8293667352538683,0.6700289595586498,1.7863413334854663,1.9876988900247228,3.4658078112758792,0.6798005612586286,-2.7837896123670682,0.21147397773958287
197,1.96,10.613804895865165,-5.573009895446579,-193.47991368742822,17.103846628763325,1.894481851150064,2.1140646135898584,0.15707991760153375,0.8269177350241953,-2.8104343909688674,0.6911156383595843,1.7825786250413358,1.9927086381799253,3.483652979964088,0.6997038346302902,-2.7816352778511346,0.21958276243979435
198,1.97,7.731257885850962,-5.680646626319175,-194.99598327466683,16.59378010937909,1.8959171527179772,2.1227684560245192,0.04624597290102336,0.6344249425956454,-2.791482166776077,0.7122990800411998,1.778149308094641,1.99625880213377,3.5014571615776013,0.719649868365503,-2.7794040603623094,0.22685130330654202
199,1.98,4.784561437463886,-5.769917484083487,-196.50270388777167,16.09055967216778,1.8962349821194096,2.129539504859663,-0.06561427139950311,0.4436740951246348,-2.7725211617338372,0.7335599095737415,1.7730864233765082,1.9983979933720286,3.519213854101626,0.7396243071248132,-2.7771042358720077,0.23330452274025326
200,1.99,1.7882751452215295,-5.8411095498426935,-197.98684941758444,15.59436450576956,1.8954251792534138,2.1343941872717194,-0.17799664568350482,0.2552916343932484,-2.753562601543738,0.7548788828122165,1.7674242003150655,1.9991775799198765,3.5369168921553764,0.7596132959774979,-2.774743822823632,0.23896900801830556
201,2.0,-1.24261518174138,-5.89469189204006,-199.4349709548813,15.105230963023523,1.893482645997792,2.137355236512462,-0.2903943014261757,0.06986702915473514,-2.7346177882322316,0.7762369513418957,1.7611977287648546,1.9986510932683184,3.554560457218131,0.7796035049672123,-2.772330567605459,0.24387259051466992
202,2.0100000000000002,-4.292817993664123,-5.9312989630942115,-200.83351046411065,14.62306592937162,1.8904073733139513,2.1384513326510595,-0.40230094124849536,-0.11204665101057963,-2.715698049395772,0.7976153237254276,1.754442655187471,1.9968736784017516,3.572139084693306,0.799582147959514,-2.7698719340583864,0.2480439593371082
203,2.02,-7.346856670031897,-5.95171311543321,-202.16891292425777,14.147660834656968,1.886204435823575,2.1377167481747095,-0.5132139870052917,-0.2899319413807751,-2.69681468733717,0.8189955231831635,1.7471949047139708,1.9939015896416463,3.5896476680628804,0.8195369962170842,-2.7673750966592525,0.25151231235113447
204,2.0300000000000002,-10.3891892069621,-5.956846673874461,-203.42773584464672,13.678705910545007,1.8808839544629694,2.1351910004957517,-0.6226376732615774,-0.4633060877421115,-2.6779789284153863,0.8403594417657877,1.7394904297774911,1.9897917336329176,3.6070814603949928,0.8394563871685112,-2.764846936998412,0.2543070460327823
205,2.04,-13.404325825783502,-5.947723933083648,-204.59675516659237,13.215804364790756,1.8744610279536105,2.13091851223627,-0.7300860520767255,-0.6317201475736234,-2.6592018729242963,0.8616893910928645,1.7313649853772182,1.9846012596297733,3.6244360734712178,0.8593292288437557,-2.7622940431624254,0.2564574842826597
206,2.05,-16.376943493193473,-5.925463380250351,-205.66306666779363,12.758486212528064,1.8669556339744062,2.1249482792345566,-0.8350858936956159,-0.7947581573028221,-2.640494445807816,0.882968149734985,1.722853930519578,1.978387196280766,3.641707474797915,0.8791450004459529,-2.759722711636785,0.2579926452601504
207,2.06,-19.291996432819737,-5.891260377490837,-206.61418209296846,12.306221570328638,1.85839250108117,2.1173335455423685,-0.9371794666966005,-0.9520364122545378,-2.621867348509171,0.9041790073131656,1.7139920549727,1.9712061333554942,3.658891982759429,0.8988937495173541,-2.7571389513572497,0.2589410444611986
208,2.07,-22.13482179960686,-5.846370479102125,-207.43811934058826,11.858433277699165,1.8488009525888491,2.1081314842456766,-1.0359271805590615,-1.1032028844525674,-2.60333101224077,0.9253058053796415,1.7048134301568887,1.9631139462801617,3.675986260160611,0.9185660861385627,-2.7545484895591748,0.2593305316568275
209,2.08,-24.89123978081842,-5.792093507039131,-208.12348614007323,11.414508761566289,1.8382147238074216,2.0974028827193094,-1.130910073534749,-1.2479367849871317,-2.58489555294812,0.946332975131367,1.6953512827661017,1.9541655609349031,3.692987306393123,0.9381531745766587,-2.751956779100099,0.25918815891188784
210,2.09,-27.547647479445846,-5.72975846493744,-208.659556755137,10.973811101077057,1.8266717541978843,2.085211830886787,-1.2217321291653713,-1.3859482626674537,-2.5665707282264636,0.9672455719933558,1.6856378895620197,1.944414755890669,3.709892448445193,0.9576467227709702,-2.7493690069597667,0.2585400766889028
211,2.1,-30.091106027334025,-5.660709337225045,-209.03634134687823,10.53568928215658,1.8142139561849284,2.07162541116554,-1.3080224058138241,-1.5169782194281922,-2.548365896432273,0.9880293070952731,1.675704491691912,1.9339139991056045,3.7266993309582976,0.9770389700159905,-2.7467901036520406,0.25741145498061146
212,2.11,-32.50942046455432,-5.586291794311471,-209.24464772287178,10.099487654781091,1.8008869625221093,2.05671338899682,-1.3894369650410687,-1.6407982150254579,-2.5302899782136192,1.008670575652479,1.6655812268430426,1.9227143160392783,3.743405905517643,0.9963226731709232,-2.744224753313488,0.25582642647471054
213,2.12,-34.791212008960585,-5.507840807519626,-209.27613528638136,9.664554620854592,1.7867398542490727,2.0405479031552636,-1.4656605865761234,-1.7572104290255475,-2.5123514206637276,1.0291564822532284,1.655297077550022,1.9108651861588233,3.760010419346331,1.0154910916948103,-2.74167740426263,0.2538080489061909
214,2.13,-36.92598242377654,-5.426669166548059,-209.12336108134068,9.230250588745136,1.7718248714043183,2.0232031553710628,-1.53640825982415,-1.866047646234712,-2.494558164281034,1.0494748630472768,1.6448798340080573,1.8984144648866568,3.776511403556477,1.0345379717763348,-2.7391522798512753,0.25137828396674444
215,2.14,-38.904170271783855,-5.344056886900295,-208.7798179043495,8.795955232898088,1.7561971087581605,2.0047550991509335,-1.6014264442875041,-1.9671732322412367,-2.4769176128969104,1.0696143048282765,1.6343560698065291,1.88540832816002,3.7929076610943655,1.05345752979848,-2.7366533894543994,0.24855799039277304
216,2.15,-40.717198921288826,-5.261241493560931,-208.2399645239079,8.361074094884984,1.7399141989068443,1.9852811280287803,-1.6604940938207113,-2.0604810681072223,-2.4594366067092133,1.0895641610028504,1.623751129077034,1.8718912369252192,3.809198254501219,1.0722444353506035,-2.7341845394675226,0.24536692912193603
217,2.16,-42.35751624142716,-5.1794091687791255,-207.4992481095794,7.925044557274791,1.7230359851189505,1.9648597637944756,-1.71342344220963,-2.145895416909892,-2.4421213985361208,1.1093145644431848,1.6130891236420886,1.8579059190636116,3.825382493596595,1.090893793974625,-2.7317493442002805,0.24182377867552507
218,2.17,-43.818625992122136,-5.099686755028188,-206.55411902963937,7.487341215005836,1.7056241863492634,1.9435703455267825,-1.7600605500754323,-2.223370699347012,-2.4249776333807236,1.1288564372267715,1.6023929388502909,1.8434933664327264,3.84145992317775,1.1094011298078992,-2.729351236572091,0.23794615917751916
219,2.18,-45.09511097708765,-5.0231346081408335,-205.4020382252648,7.047480661452158,1.6877420568336652,1.9214927204854957,-1.800285615498746,-2.292891160630253,-2.4080103313726506,1.1481814972764095,1.5916842468873456,1.8286928448983317,3.8574303108157078,1.1277623682631535,-2.726993478530526,0.2337506636518305
220,2.19,-46.18264808639032,-4.950740299236567,-204.04147741254195,6.605025699223311,1.669454042652782,1.8987069380938177,-1.8340130529681735,-2.354470415965132,-2.3912238741290484,1.1672822619249414,1.5809835264564975,1.8135419154251258,3.873293634817157,1.1459738188655626,-2.7246791711255964,0.22925289544103578
221,2.2,-47.07801540847633,-4.88341316681844,-202.47191240103717,6.159588979507871,1.6508254376037557,1.8752929483641587,-1.8611913472566823,-2.4081508668310865,-2.374621994553535,1.1861520484421915,1.570310087824699,1.798076464481873,3.889050072410766,1.1640321583486584,-2.72241126418386,0.22446751076040306
222,2.21,-47.779091639732286,-4.821979721795611,-200.6938098492702,5.710836069056038,1.6319220406510322,1.8513303061910709,-1.8818026905720893,-2.454002984763119,-2.3582077700687574,1.2047849715754104,1.559682102330106,1.7823307421973742,3.904699988207009,1.1819344140943313,-2.7201925655354184,0.21940826554003867
223,2.22,-48.28484806355815,-4.76717990822757,-198.70860780441433,5.258487940698631,1.612809817140855,1.8268978829582476,-1.8958624128508366,-2.4921244634159843,-2.3419836192558394,1.2231759381689606,1.5491166355414647,1.7663374068751734,3.9202439229719377,1.1996779479872215,-2.7180257497547866,0.2140880658173927
224,2.23,-48.59533340956486,-4.719664220507114,-196.5186903952419,4.802322882446176,1.5935545658627075,1.8020735868871351,-1.9034182162890037,-2.5226392429606728,-2.3259513018527107,1.241320638943309,1.538629683349144,1.750127574635122,3.9356825827477713,1.2172604407408736,-2.7159133663835666,0.20851902102442765
225,2.24,-48.71165193798137,-4.679991674394524,-194.12735706511037,4.342177820840147,1.5742215939270818,1.7769340935009477,-1.9045492262204253,-2.5456964136538995,-2.3101119220430073,1.259215537527481,1.5282362103512286,1.7337308730992205,3.9510168283463813,1.2346798767413794,-2.7138578476090984,0.20271249957386583
226,2.25,-48.635935124324405,-4.648628624256768,-191.5387867455782,3.877949056899432,1.5548754013050254,1.7515545874951948,-1.8993648712176485,-2.5614690074556603,-2.2944659349481706,1.276857856852423,1.5179501899751708,1.7171754981757883,3.966247665235746,1.2519345294441027,-2.7118615153789927,0.19667918619016933
227,2.2600000000000002,-48.371307345236936,-4.6259484126891515,-188.75799738163724,3.409592417094917,1.535579376743271,1.726008517201912,-1.888003605856104,-2.5701526880413295,-2.2790131562175704,1.2942455630251901,1.5077846458466406,1.70048827312142,3.981376233834229,1.2690229473502517,-2.7099265879368257,0.1904291404586409
228,2.27,-47.92184598812852,-4.612231831399183,-185.7908012267546,2.937122827313326,1.516395506631652,1.7003673627159541,-1.8706314899440544,-2.5719643503976988,-2.2637527745950146,1.3113773468151249,1.497751693981822,1.6836947091732997,3.9964038002229993,1.2859439405824937,-2.7080551857694473,0.18397185608430222
229,2.2800000000000002,-47.292536425436026,-4.607668364602602,-182.64375633063437,2.4606133239439734,1.497384098258805,1.6747004186243297,-1.847440638243256,-2.567140641670027,-2.2486833673249356,1.3282526028933246,1.4878625854384147,1.6668190671471275,4.011331747282952,1.3026965680721654,-2.706249336961326,0.1773163203655248
230,2.29,-46.4892223087354,-4.6123581779001555,-179.3241146447557,1.9801935233598247,1.478603518749522,1.6490745921479426,-1.8186475547603194,-2.5559364148506085,-2.233802918247923,1.3448714069754113,1.4781277491134142,1.649884419487194,4.026161566259101,1.3192801253651307,-2.7045109819562523,0.1704710733984207
231,2.3000000000000003,-45.51855164907366,-4.626314807823451,-175.8397671708641,1.4960475779961362,1.4601099508339985,1.6235542173748396,-1.7844913656552202,-2.5386231266708124,-2.219108838422995,1.3612344910251388,1.4685568344237112,1.6329127123375717,4.040894848752569,1.3356941330485537,-2.702841977731453,0.1634442665408411
232,2.31,-44.387919157780246,-4.649468499403597,-172.19918657579092,1.0084116545004456,1.441957166456799,1.5982008861372363,-1.7452319646591625,-2.515487190426956,-2.204597989103272,1.377343216682503,1.4591587536478885,1.6159248272756292,4.05553327913787,1.3519383257969912,-2.7012441013938115,0.15624371968043738
233,2.32,-43.10540532706324,-4.681670132382321,-168.41136769264529,0.5175709758552278,1.4241963190926008,1.5730732959652096,-1.701148084693932,-2.4868282938466786,-2.1902667068822828,1.3931995470850091,1.4499417237457617,1.5989406424138037,4.070078627401114,1.3680126420328569,-2.699719053212294,0.1488769768726088
234,2.33,-41.67971273159432,-4.722695670547417,-164.48576632327854,0.023856475443902347,1.4068757554973972,1.5482271154383953,-1.6525353090982828,-2.4529576912526934,-2.17611083082019,1.4088060172545032,1.4409133075057596,1.581979092632114,4.084532742393181,1.3839172141937461,-2.6982684591048933,0.14135135994099812
235,2.34,-40.1201000318915,-4.772251063836053,-160.43223675075666,-0.4723588839912747,1.3900408474885044,1.5237148671555023,-1.5997040355600878,-2.4141964784893903,-2.162125731352589,1.4241657032247146,1.4320804538999312,1.5650582287536006,4.09889754549048,1.3996523595969457,-2.696893872602283,0.13367401966699788
236,2.35,-38.4363141570488,-4.8299775293245695,-156.26096836278865,-0.9706640697041626,1.373733844214772,1.4995858284495944,-1.5429774055045729,-2.370873858305562,-2.148306340779267,1.4392821900864121,1.4234495375526641,1.5481952755186794,4.1131750246549,1.415218571889771,-2.6955967763139075,0.12585198423482247
237,2.36,-36.638521138903045,-4.89545713481776,-151.9824217782387,-1.4706141569344169,1.3579937452502162,1.4758859498947865,-1.4826892113109547,-2.323325403093767,-2.1346471851263393,1.4541595391279243,1.4150263972518928,1.5314066882518858,4.1273672288837115,1.430616513073209,-2.6943785829253226,0.11789220464457029
238,2.37,-34.73723606194734,-4.968218608110053,-147.60726485878618,-1.9717346646107003,1.3428561947201065,1.4526577915772891,-1.4191817933521829,-2.2718913213101266,-2.1211424171724502,1.4688022542489152,1.4068163734517833,1.5147082081478083,4.1414762630395785,1.4458470060853608,-2.6932406357582206,0.1098015968571826
239,2.38,-32.74325258340593,-5.047743295423701,-143.14630897662676,-2.473525987572488,1.3283533965484473,1.4299404770386808,-1.352803938445256,-2.216914733305982,-2.1077858504282636,1.4832152478246683,1.398824344733025,1.4981149161309173,4.155504283050391,1.4609110279306416,-2.6921842089266543,0.10158708049023346
240,2.39,-30.667572465853567,-5.133471194631389,-138.61044589668757,-2.9754678654367077,1.3145140507999302,1.4077696647416689,-1.2839087908952656,-2.1587399619346432,-2.0945709938581256,1.4974038061969663,1.3910547632021617,1.4816412852690772,4.169453491468422,1.4758097033403534,-2.6912105071244943,0.09325561394173865
241,2.4,-28.521335550995296,-5.224806991947495,-134.01058561849229,-3.477023830473244,1.3013633109779104,1.386177536856348,-1.2128517868929043,-2.0977108429445437,-2.081491087133645,1.5113735549658522,1.3835116888240415,1.4653012317408438,4.183326133378137,1.490544298950156,-2.690320665080089,0.08481422587843768
242,2.41,-26.31575058752813,-5.321126035288537,-129.35759550823497,-3.9776455804974074,1.288922762032761,1.3651928051174802,-1.1399886226035159,-2.0341690600292908,-2.0685391362108154,1.5251304242543333,1.3761988226927595,1.4491081643749772,4.197124492642007,1.5051162179800501,-2.6895157467144375,0.07627004308471919
243,2.42,-24.06202730858833,-5.421780182879821,-124.66224103594953,-4.4767772272708,1.2772104187322342,1.344840733458592,-1.065673265844541,-1.9684525093101257,-2.0557079490253285,1.5386806141153275,1.369119539255753,1.4330750327954578,4.210850888473788,1.5195269954027504,-2.68879674403893,0.06763031472635772
244,2.43,-21.771310135434696,-5.526103471927657,-119.93512841604948,-4.973859376249492,1.2662407439471763,1.3251431770857791,-0.9902560208011763,-1.90089369803675,-2.042990171104643,1.5520305602470246,1.362276917513763,1.4172143742182888,4.224507672328897,1.533778293586718,-2.6881645758279182,0.05890243313860277
245,2.44,-19.454613863511195,-5.633417559098142,-115.18664943169627,-5.468332999550782,1.2560246863123272,1.306118637612022,-0.9140816547633719,-1.8318181823710986,-2.0303783209003656,1.565186900179204,1.3556737712259097,1.401538358956701,4.238097225101786,1.5478718984006652,-2.687620086100017,0.05009395129969474
246,2.45,-17.122761665315124,-5.743036892001174,-110.42692870475916,-5.959643070597965,1.246569736632963,1.2877823338303895,-0.8374875953924636,-1.7615430492816195,-2.017864824650305,1.578156440089076,1.3493126781547637,1.386058834700542,4.251621954620534,1.5618097157669104,-2.6871640424402052,0.041212597197426426
247,2.46,-14.786325721379011,-5.854273578509539,-105.6657736533234,-6.447241935686701,1.2378800023240422,1.2701462876609209,-0.7608022065206469,-1.6903754477232806,-2.0054420505863133,1.59094612240073,1.343196008390664,1.3707873696425041,4.265084293429252,1.5755937686517067,-2.6867971341925427,0.0322662853368787
248,2.47,-12.455570766630398,-5.966441928538813,-100.91262735816342,-6.9305924046971885,1.2299562990894068,1.253219424760913,-0.6843431499710733,-1.6186111744765228,-1.993102342311521,1.6035629943174203,1.3373259517982143,1.3557352945298737,4.27848669684931,1.589226194481388,-2.686519970550645,0.023263125671506124
249,2.48,-10.14040081413501,-6.078862650576022,-96.17652453801317,-7.409170550054488,1.2227962589746892,1.2370076892413326,-0.6084158403380824,-1.5465333201815952,-1.9808380511789034,1.6160141774305379,1.3317045446305693,1.340913743724754,4.2918316413108215,1.602709242974011,-2.6863330785701454,0.014211430266643399
250,2.49,-7.85030929234447,-6.190866692681851,-91.46605081133592,-7.8824682097285015,1.2163944538590565,1.221514171883033,-0.5333119991047192,-1.474410981267819,-1.9686415675120943,1.6283068385433181,1.3263336953592493,1.3263336953592488,4.30512162294631,1.6160452743769942,-2.686236901124174,0.005119718023976372
251,2.5,-5.594332805087877,-6.301798724662766,-86.789305399245,-8.349995196322226,1.2107425333880426,1.2067392511954267,-0.45930831387511506,-1.4024980435645744,-1.9565053505190504,1.6404481618409794,1.3212152097686038,1.3120060106744182,4.318359156438964,1.6292367581021545,-2.6862317948195567,-0.00400328219261592
252,2.5100000000000002,-3.3810086964274113,-6.411020264497247,-82.15386740094868,-8.811281220005995,1.2058293762926924,1.1926807466076594,-0.3866652078848289,-1.3310320434163498,-1.9444219567594134,1.6524453225321682,1.3163508153648213,1.2979414726331586,4.331546774118353,1.642286271750431,-2.686318027888005,-0.013148629685032942
253,2.52,-1.218336574591671,-6.517912457891195,-77.56676574903437,-9.265877538198213,1.2016412539893357,1.1793340830286942,-0.3156257243042708,-1.2602331120950945,-1.9323840670372443,1.664305462079183,1.3117421851496844,1.284150823897843,4.344687025297029,1.6551965005194842,-2.686495778063159,-0.022307170960641498
254,2.5300000000000002,0.886256078622516,-6.621878524758462,-73.03445292789607,-9.7133583491979,1.1981620053097428,1.1666924659584597,-0.24641452918547213,-1.190303009170686,-1.920384511602051,1.6760356651265673,1.3073909608089886,1.2706448042632095,4.357782475841884,1.6679702369882619,-2.686765130450968,-0.03146953935128316
255,2.54,2.9259441148839382,-6.722345890541015,-68.5627825141013,-10.153321950502256,1.1953732211734274,1.154747066278426,-0.17923703620480108,-1.1214242502682947,-1.9084162935527698,1.6876429382291773,1.3032987753647827,1.2574341876339887,4.370835707974691,1.6806103812735707,-2.6871260753976394,-0.04062615489500132
256,2.5500000000000003,4.894530672490616,-6.818768023562605,-64.15699057342182,-10.585391685257761,1.193254437982729,1.1434872137974756,-0.11427865565527845,-1.053759334351084,-1.896472610351344,1.699134190471882,1.2994672753393368,1.2445298186348088,4.383849320296657,1.693119941554479,-2.6875785063563606,-0.04976722418525337
257,2.56,6.786468833461413,-6.9106260018939825,-59.82168092483269,-11.009216702033312,1.1917833384970784,1.1329005985784324,-0.05170416940342216,-0.9874500752125185,-1.8845468733649204,1.710516216063522,1.2958981424770124,1.2319426489373069,4.3968259280324,1.7055020349613619,-2.688122217751144,-0.05888273991864601
258,2.57,8.596878969487264,-6.997429834634206,-55.56081425825391,-11.424472554007071,1.1909359589258948,1.1229734790236314,0.008342767202743972,-0.9226170413540866,-1.8726327253681385,1.7217956789778115,1.2925931150679004,1.2196837733856822,4.409768163489091,1.7177598888271355,-2.6887569028336364,-0.06796247990226334
259,2.58,10.321561788772126,-7.078719563227187,-51.377701069282736,-11.830861663865027,1.190686900969814,1.1136908956551503,0.06573999623322711,-0.8593591078496033,-1.8607240559497111,1.7329790997034011,1.2895540089143824,1.2077644659975793,4.422678676727033,1.7298968422990524,-2.689482151526474,-0.07699600531466366
260,2.59,11.957007121719766,-7.154066167977313,-47.27499835173198,-12.228113679761611,1.1910095475375597,1.105036889487414,0.1203871013923946,-0.7977531230282452,-1.848815014780148,1.7440728441545204,1.2867827379782275,1.1961962159113115,4.435560136438265,1.741916348310197,-2.690297448244918,-0.08597265805014564
261,2.6,13.500398508758838,-7.2230723042142175,-43.254709966918256,-12.615985746499053,1.1918762808708154,1.0969947238589295,0.17220552679179604,-0.7378536921250225,-1.8369000227102161,1.75508311478243,1.2842813347419861,1.184990763344093,4.448415231030191,1.7538219759104439,-2.6912021696869406,-0.09488155701188594
262,2.61,14.949613677695893,-7.285372890782127,-39.31819058795634,-12.994262713839355,1.193258701821753,1.0895471085651307,0.22113857225408665,-0.6796930791607123,-1.8249737806823296,1.7660159439164607,1.282051970313518,1.1741601356174924,4.4612466699115165,1.7656174129572997,-2.692195582580796,-0.10371159325662238
263,2.62,16.303221020900892,-7.340635571459009,-35.46615309777522,-13.362757301336682,1.1951278490474628,1.0826764251178407,0.2671512678266624,-0.6232812274719308,-1.81303127644952,1.7768771893517745,1.2800969742970507,1.1637166832970525,4.4740571849780375,1.7773064691675349,-2.693276841378292,-0.11245142392962215
264,2.63,17.56047220421937,-7.388561067408128,-31.69867930132219,-13.72131023612949,1.1974544169121308,1.076364951948433,0.3102301308633186,-0.5686058984410206,-1.801067789108861,1.7876725321891844,1.2784188544476893,1.1536731164816758,4.486849532296057,1.788893079530928,-2.694444985881541,-0.12108946496369777
265,2.64,18.721291059458544,-7.428883435739109,-28.015233795775508,-14.069790376673222,1.2002089709211872,1.0705950883717474,0.35038280968570257,-0.5156329270255414,-1.7890788914681421,1.7984074769205673,1.277020316118739,1.144042541265067,4.499626493981296,1.8003813080877609,-2.695698938790877,-0.12961388254943973
266,2.65,19.786258930794666,-7.461370246438692,-24.41468082737103,-14.408094832155523,1.2033621595515507,1.0653495761371978,0.3876376184343949,-0.4643065918854355,-1.777060450276162,1.8090873537416094,1.275904281502693,1.1348384963763367,4.512390880271265,1.8117753520718303,-2.6970375031618152,-0.13801258341435285
267,2.66,20.756596661804494,-7.485822686661026,-20.895303950337926,-14.73614908365846,1.2068849213879873,1.0606117174108822,0.4220429682775598,-0.4145500970141889,-1.7650086243581067,1.8197173230620052,1.275073908656593,1.1260749899885465,4.525145531788952,1.823079546420694,-2.6984593597594744,-0.14627320397710508
268,2.67,21.634143424842623,-7.502075598434144,-17.45482829164889,-15.05390710980503,1.2107486865270851,1.0563655880589642,0.45366670065203896,-0.36626616101689924,-1.752919860708163,1.8303023821717814,1.2745326102911367,1.1177665366633969,4.537893321995642,1.834298368654764,-2.699963064299642,-0.15438309846812093
269,2.68,22.421332606791132,-7.509997453053607,-14.09044521616459,-15.361351516465522,1.214925571266941,1.052596245136925,0.48259532863283344,-0.3193377095202094,-1.7407908886015744,1.8408473740113322,1.2742840722896058,1.109928194375744,4.550637159830274,1.84543644412626,-2.70154704456668,-0.16232932613001583
270,2.69,23.12116497620056,-7.509490262816465,-10.79883917891474,-15.65849366712137,1.2193885651614826,1.049289927530605,0.5089331929125096,-0.27362866555511445,-1.7286187117979062,1.8513569979819724,1.274332271907644,1.1025756015338632,4.5633799925324725,1.8564985516385017,-2.7032095973997077,-0.17009863763087774
271,2.7,23.737179364882067,-7.500489428656643,-7.576216546304185,-15.945373808052976,1.2241117095831,1.046434248743144,0.5328015391477232,-0.22898483232344796,-1.7164005989161295,1.861835822723561,1.2746814955874897,1.0957250138787742,4.5761248086456785,1.8674896294348922,-2.704948885539896,-0.17767746083995606
272,2.71,24.27342110357815,-7.48296352065867,-4.418336164511814,-16.222061180613366,1.2290702670047946,1.0440183808750314,0.5543375236499213,-0.18523486244086054,-1.7041340720704021,1.8722883007759212,1.2753363563006572,1.0893933411091756,4.58887464119618,1.8784147815556742,-2.7067629343332626,-0.1850518861297632
273,2.72,24.734408454899338,-7.456913987098934,-1.3205414527448411,-16.488654111224783,1.234240880282877,1.0420332289013243,0.5736931545225965,-0.14219130752095033,-1.6918168938629201,1.882718785031578,1.2763018103103676,1.083598183035587,4.6016325710427415,1.8892792845587651,-2.7086496282850883,-0.1922076513815527
274,2.73,25.125097288593047,-7.422374787399244,1.7222061999794995,-16.745280069194354,1.2396017212923556,1.040471594409941,0.5910341753811302,-0.09965174204683261,-1.6794470528370937,1.8931315468786387,1.2775831732195961,1.078357865018978,4.614401730390427,1.9000885945987838,-2.710606707463854,-0.1991301268824146
275,2.74,25.45084424314887,-7.379411944218894,4.715292952023415,-16.992095682033913,1.2451326283386883,1.039328328024621,0.6065388987415113,-0.057399955579222006,-1.6670227475003723,1.9035307959246257,1.2791861351415215,1.0736914723935267,4.627185306460647,1.9108483548556454,-2.7126317637545885,-0.20580430031406727
276,2.75,25.717368614922332,-7.328123010827325,7.6644171522923195,-17.22928669865295,1.2508152318406607,1.0386004697955316,0.620396996018949,-0.015207207770272374,-1.6545423690315053,1.9139207011845545,1.2811167747965688,1.069618883510587,4.639986545307747,1.9215644033008492,-2.7147222369635267,-0.21221476204512912
277,2.7600000000000002,25.93071321006535,-7.268636451150301,10.575553312962448,-17.457067891835614,1.256633067848857,1.0382873768963583,0.6328082508301898,0.02716645880627419,-1.6420044827916807,1.9243054136097042,1.2833815723033328,1.0661608009696228,4.652808755770215,1.9322427807854985,-2.7168754107782016,-0.21834569095249878
278,2.77,26.097204387047945,-7.201110931877519,13.454915605465972,-17.675682893216326,1.2625716790314827,1.038390838017838,0.6439812819715989,0.06997085225363144,-1.629407808763036,1.93468908982713,1.285987420389606,1.0633387805223355,4.665655313542168,1.9428897394294906,-2.7190884085894202,-0.22418084101364477
279,2.7800000000000002,26.223411507093996,-7.125734528618555,16.308921060745163,-17.88540395639607,1.268618702823435,1.0389151738919749,0.6541322420074437,0.1134642146416578,-1.6167512010413827,1.9450759169541199,1.288941633703762,1.06117525704659,4.678529665347734,1.9535117512856268,-2.721358189184084,-0.22970352893146018
280,2.79,26.3161059974921,-7.042723851100896,19.144152640369786,-18.086531646689128,1.274763946494325,1.0398673234162057,0.6634834968950788,0.15791175714305408,-1.60403362651274,1.9554701383462767,1.2922519558558374,1.0596935668872087,4.691435333197517,1.9641155172459221,-2.72368154232057,-0.23489662307811932
281,2.8000000000000003,26.382220217982578,-6.952323095909629,21.967322328486294,-18.279394459350197,1.2809994489459409,1.0412569148712147,0.672262291471107,0.20358414786018472,-1.5912541428454212,1.9658760801327544,1.2959265637616018,1.0589179657506127,4.7043759187023735,1.974707976149821,-2.726055084201411,-0.23974253407472612
282,2.81,26.42880630363369,-6.854803039169122,24.785234376092617,-18.464348371891887,1.2873195290984325,1.043096321737827,0.6806994049412934,0.2507559517089225,-1.578411875931103,1.9762981783871263,1.2999740688014372,1.0588736412189999,4.71735510741515,1.9852963140453,-2.728475252861357,-0.24422320736060543
283,2.82,26.46299513857644,-6.750459985638679,27.60474880861069,-18.641776340038483,1.2937208207665263,1.045400702615678,0.6890277997588298,0.2997040201304677,-1.5655059969094645,1.986741006777438,1.3044035142391366,1.0595867188176122,4.73037667316578,1.9958879735438102,-2.730938303492684,-0.2483201181508483
284,2.83,26.491955594350202,-6.639614694979312,30.43274528581559,-18.81208775100708,1.3002022939615305,1.048188024727888,0.6974812664596383,0.3507058266879067,-1.5525356989118395,1.997209304533894,1.3092243682739837,1.0610842604257977,4.743444482349299,2.006490663198684,-2.733440303733853,-0.25201426923364245
285,2.84,26.522854143928875,-6.522611310089754,33.276087379409645,-18.97571785180235,1.3067652625812258,1.0514790704604864,0.7062930661498287,0.4040377428549845,-1.5395001736598097,2.0077080045672995,1.3144465120229039,1.063394253669413,4.756562498119657,2.0171123668237727,-2.7359771289524772,-0.25528619212073944
286,2.85,26.56281493843522,-6.399816316602935,36.1415873085657,-19.133127174245786,1.3134133784673363,1.0552974263323778,0.7156945714202705,0.45997324646293686,-1.526398588054959,2.018242261565604,1.3200802216491876,1.066545590770586,4.769734784434752,2.02776135265461,-2.738544457559023,-0.2581159521349585
287,2.86,26.618880408314105,-6.271617566210064,39.03597114780352,-19.284800981859814,1.3201526118186757,1.0596694537202043,0.7259139055391176,0.5187810535778649,-1.513230060896195,2.02881747988946,1.32613614377097,1.0705680351621676,4.782965509889934,2.0384461822384137,-2.7411377663939316,-0.26048315809847145
288,2.87,26.697972424281446,-6.138423399909554,41.96584449457106,-19.431248766960575,1.3269912179472438,1.0646242405739343,0.7371745788159068,0.5807231628398126,-1.4999936398611375,2.0394393410805383,1.3326252631983027,1.0754921740020673,4.796258951268037,2.0491757189213176,-2.7437523262379107,-0.2623669773733095
289,2.88,26.80685402671863,-6.00066190951507,44.937658556866,-19.5730038283266,1.3339396903541219,1.070193533252821,0.7496941201342118,0.6460527999368985,-1.4866882788882851,2.0501138307881326,1.3395588619639722,1.0813493545502801,4.809619496724168,2.0599591357818614,-2.7463831975031687,-0.2637461571013009
290,2.89,26.952091705129043,-5.858780377530848,47.957676593953735,-19.71062296133534,1.3410107000826494,1.0764116474913055,0.7636827007653781,0.7150122486175157,-1.47331281609696,2.0608472649103042,1.3469484685334474,1.0881716022047963,4.823051648512651,2.070805922838429,-2.7490252261723223,-0.264599052591344
291,2.9,27.140018183077963,-5.713244935682749,51.03194061693191,-19.844686292359892,1.3482190212781098,1.0833153573712846,0.7793417468119506,0.7878305539435738,-1.459865952382651,2.0716463147352147,1.354805796006605,1.095991517837801,4.83656002515205,2.0817258933355864,-2.751673040061721,-0.2649036639068252
292,2.91,27.376695638778248,-5.564540481367053,54.16623823066589,-19.9757972878869,1.3555814428472763,1.0909437610365929,0.7968625359685167,0.8647210832132666,-1.4463462308262118,2.0825180308563813,1.3631426680629943,1.1048421519397182,4.850149362911978,2.0927291888899306,-2.7543210454969933,-0.2646376818106835
293,2.92,27.66787926864773,-5.41317088834965,57.36606947590798,-20.104582965557086,1.3631166660686518,1.0993381217417535,0.8164247738236725,0.9458789304748767,-1.4327520170566912,2.0934698656222004,1.3719709313585307,1.1147568529757372,4.863824516492725,2.1038262832506502,-2.756963424500695,-0.2637785443268983
294,2.93,28.018981081008132,-5.259659543113915,60.63661351050173,-20.231694329050406,1.3708451879570882,1.1085416826877368,0.8381951446774367,1.031478151869378,-1.4190814807092658,2.104509693865324,1.3813023530611694,1.1257690872999795,4.877590458755621,2.115027984403659,-2.7595941326049966,-0.2623035052693514
295,2.94,28.435033791610454,-5.104550231115357,63.98269495342028,-20.357807041245465,1.3787891701368042,1.1185994539707802,0.8623258318993487,1.121668821372447,-1.4053325781219999,2.115645831641356,1.3911485022240178,1.13791222797146,4.891452279349031,2.1263454347215696,-2.7622068974162306,-0.26018971616602404
296,2.95,28.920654682166113,-4.948408387009295,67.40874970534075,-20.483622339549413,1.3869722929276858,1.1295579698665388,0.8889530032666462,1.2165739002006797,-1.3915030364178131,2.126887052689083,1.4015206137446399,1.1512193098892127,4.905415182062009,2.1377901088355276,-2.7647952180726905,-0.257414323061147
297,2.96,29.480009280071616,-4.791822710358362,70.91879005702836,-20.60986818442182,1.3954195943047352,1.1414650146044787,0.9181952575554367,1.3162859181016004,-1.377590339121266,2.1382426023063323,1.4124294337593362,1.1657227488316584,4.919484480725626,2.14937380887983,-2.767352365751988,-0.2539545797002565
298,2.97,30.116774722525385,-4.63540713203956,74.51636890254869,-20.737300615571804,1.4041572933538917,1.1543693147692535,0.9501520300099597,1.4208634715155941,-1.3635917134633104,2.1497222083170224,1.4238850454804943,1.181454022266213,4.933665593471209,2.1611086567374174,-2.7698713853992536,-0.2497879785846382
299,2.98,30.834102683782284,-4.479803097352475,78.20454289078043,-20.866705270918146,1.4132125978243044,1.1683201965148915,0.9849019562353966,1.5303275520403392,-1.34950411953108,2.161336088786562,1.435896674715141,1.1984433102116758,4.947964035145856,2.1730070828949377,-2.7723450988619445,-0.24489240130941292
300,2.99,31.634581771562154,-4.325682109017315,81.98583437714218,-20.998899000544203,1.422613495373245,1.1833672059108837,1.022501196632252,1.6446577290770843,-1.3353242414237807,2.1730949561253134,1.4484724746142492,1.2167190950094382,4.962385407679537,2.185081811501658,-2.7747661096304923,-0.23924628946236126
301,3.0,32.52019933942676,-4.173748447258374,85.86219207972275,-21.13473148200984,1.4323885281216615,1.1995596909767108,1.0629817267582284,1.7637882229529604,-1.3210484805796956,2.1850100172041804,1.4616192896051525,1.2363077196096302,4.97693538819543,2.1973458412186186,-2.7771268093957104,-0.23282883714495073
302,3.0100000000000002,33.49230271782759,-4.024741955192446,89.83495040179207,-21.275086714752774,1.4425665501929046,1.2169463443228472,1.1063496030118136,1.887603919218238,-1.3066729514428455,2.1970929690937853,1.4753423989626022,1.2572329049234716,4.99161971465717,2.2098124214450716,-2.7794193866429557,-0.22562020587005738
303,3.02,34.551559938615604,-3.8794407464106895,93.90478745716865,-21.420884240605012,1.4531764680017276,1.2355747058216815,1.1525832177819304,2.015936391041988,-1.292193479640676,2.2093559900303905,1.4896452410830863,1.2795152279444966,5.00644416885415,2.222495023520352,-2.78163583750852,-0.21760176218004612
304,3.0300000000000002,35.697920116865234,-3.7386636590201583,98.07168192705005,-21.573079905793936,1.4642469632027533,1.2554906253995053,1.2016315636606478,2.1485600143111028,-1.2776056028457348,2.2218117252093115,1.504529120244853,1.303171563705593,5.021414556540179,2.2354073065229296,-2.78376797912454,-0.20875633780324798
305,3.04,36.9305737601197,-3.6032722473616774,102.33486898702137,-21.732665948121202,1.4758061984041055,1.2767376868852536,1.2534125324191607,2.285188278847081,-1.2629045744942486,2.234473267011682,1.5199928984588096,1.328214495709463,5.0365366845626625,2.2485630773268506,-2.785807465673656,-0.19906851151885196
306,3.0500000000000003,38.24791339756717,-3.474172071573056,106.69279567017077,-21.900670163813217,1.487881506009411,1.299356594884533,1.307811281008451,2.4254704180875,-1.2480853705321497,2.2473541292849903,1.5360326759336964,1.3546517012298476,5.051816334850006,2.2619762446307217,-2.7877458073624464,-0.18852491112487813
307,3.06,39.647495058956416,-3.3523130177272487,111.14307617545938,-22.078153883483843,1.5004990608742796,1.3233845278697673,1.364678703706866,2.5689884979136117,-1.2331426993538799,2.2604682153235593,1.5526414646745939,1.3824853197958928,5.067259235165169,2.2756607667478677,-2.7895743925021472,-0.1771145330045123
308,3.0700000000000003,41.12600128125128,-3.2386883601683625,115.68244778590373,-22.26620846852954,1.5136835378547402,1.348854462083281,1.423830056369796,2.715255121727975,-1.2180710150904412,2.2738297792341307,1.5698088607786165,1.411711315188304,5.082871026583577,2.289630593039421,-2.7912845128550146,-0.16482907577145922
309,3.08,42.67920647686132,-3.1343322662534145,120.30672822561107,-22.465950031492703,1.5274577557844529,1.3757944724205196,1.485043785198999,2.863711921871001,-1.202864534390149,2.2874533804254886,1.5875207220486691,1.4423188433230358,5.098657227714657,2.3038995989856668,-2.7928673923639487,-0.1516632833639333
310,3.09,44.30194565329035,-3.040315444554431,125.01077545097584,-22.678512089085434,1.541842309941174,1.4042270181612537,1.5480606180868741,3.0137290155326006,-1.1875172568174899,2.3013538310312773,1.605758858565638,1.4742896403803014,5.114623195757519,2.318481515024693,-2.7943142193308192,-0.13761529177992027
311,3.1,45.9880876239861,-2.957738654541364,129.7884510332289,-22.905035878526824,1.5568551956424566,1.4341682231980868,1.6125829809170884,3.1646056045624187,-1.1720229889720406,2.315546136162713,1.6245007447836997,1.5075974473426539,5.130774084562477,2.333389849440207,-2.795616182044833,-0.12268697244436977
312,3.11,47.73051398432939,-2.887723831327893,134.63258843742682,-23.146658109069758,1.5725114262328128,1.4656271622058936,1.6782748036838793,3.31557189142999,-1.156375372399854,2.3300454269933795,1.6437192624751837,1.5422074886055734,5.147114799959779,2.3486378057498962,-2.796764507786353,-0.1068842640269192
313,3.12,49.52110523510842,-2.831402636119096,139.53496762689196,-23.40449598392233,1.588822649370938,1.4986051659187993,1.7447617813638412,3.465792466290557,-1.140567915333871,2.344866886801351,1.6633824843784895,1.5780760233775484,5.163649952712892,2.3642381952279083,-2.7977505050443643,-0.09021748345213876
314,3.13,51.35073550869389,-2.7899023225274266,144.48629751223277,-23.67962941408068,1.6057967661719104,1.5330951602314689,1.8116321516956129,3.614371291688481,-1.1245940282576055,2.3600256702332687,1.6834535086224522,1.6151499890539245,5.180383809553801,2.380203345385229,-2.7985656086887123,-0.0727016059404415
315,3.14,53.209277378661255,-2.7643289113688185,149.4762078084368,-23.973080455194275,1.623437558377059,1.5690810551076886,1.878438045923645,3.760358371011431,-1.108447063237679,2.3755368162085415,1.7038903538438428,1.6533667554946057,5.197320242857899,2.396545005422842,-2.7992014277333657,-0.05435650326937047
316,3.15,55.08561820348075,-2.7557477898756844,154.49325185356258,-24.285790129250437,1.6417443292800495,1.606537200141226,1.9446974589559736,3.902758134714182,-1.0921203569163032,2.391415155045932,1.7246459243249987,1.6926540080508903,5.214462679612776,2.4132742498572517,-2.7996497952173507,-0.03520712913882362
317,3.16,56.96768936002052,-2.7651619919826897,159.52492186883677,-24.618592940878372,1.6607115645967758,1.6454279239553633,2.009896872163,4.04053951544189,-1.0756072769951779,2.40767521056499,1.7456680534159872,1.7329297751933583,5.231814050423458,2.4304013816871093,-2.7999028196194184,-0.015283640641412521
318,3.17,58.84250955897173,-2.793488567922875,164.55767799800384,-24.97218955662346,1.6803286197925857,1.6857071743400447,2.073494545478146,4.17264761189013,-1.0589012719787958,2.424331098085169,1.766899631956484,1.7741026136642466,5.249376739372082,2.447935836614483,-2.7999529371156218,0.005378554547458947
319,3.18,60.6962431989446,-2.8415336062362018,169.5769922500732,-25.34711827674859,1.7005794405400847,1.7273182750257314,2.1349244759496253,4.298016764459304,-1.0419959238791672,2.4413964194095064,1.7882788263925178,1.8160719602444408,5.26715253560727,2.465886089944925,-2.799792963890913,0.026738834485646734
320,3.19,62.51427441296875,-2.9099666185489426,174.56740818757515,-25.743726081760215,1.7214423229447748,1.7701938132256971,2.193600998303639,4.415584788132625,-1.0248850035174357,2.4588841560298422,1.8097393888437183,1.858728654587032,5.285142587573688,2.4842595678589854,-2.7994161476323085,0.048751490280922294
321,3.2,64.28129709639252,-2.999295126567092,179.51261685730245,-26.162140169043916,1.7428897199238127,1.8142556695357803,2.248923980351421,4.524308034203388,-1.0075625279927065,2.4768065619191963,1.8312110586038002,1.9019556322929594,5.303347360801077,2.50306256476625,-2.7988162172676834,0.07136594961196763
322,3.21,65.98142079163102,-3.10984038899218,184.3955490644239,-26.602240995764816,1.764888099643884,1.8594151985006064,2.300284543532948,4.623176888394075,-0.9900228198269786,2.49517505737637,1.8526200515695719,1.9456287817205082,5.321766600152139,2.5223001684166944,-2.7979874299762377,0.09452709885672239
323,3.22,67.5982918582024,-3.2417152633785973,189.19848365841472,-27.06363790213574,1.7873978612200943,1.9055735642359513,2.3470712178136184,4.711231263631354,-0.9722605672394675,2.5140001254513593,1.8738896310391122,1.9896179522147663,5.340399297378269,2.5419761943498305,-2.7969246144887596,0.118175703015857
324,3.23,69.11522889619488,-3.394805204046736,193.9031710498648,-27.545648393801216,1.8103733119636412,1.9526222310860886,2.388676421990239,4.787575616647461,-0.9542708849561976,2.533291212501963,1.8949407503602351,2.033788095829958,5.359243664751657,2.5620931311108435,-2.795623209721426,0.14224891912244741
325,3.24,70.51537093829481,-3.568753347077669,198.49097073083425,-28.04728210832556,1.833762709371671,2.000443604595224,2.4245031463617472,4.851393011996649,-0.9360493749232913,2.553056634408277,1.91569275521608,2.0780005195255997,5.378297115433222,2.5826520974573666,-2.7940792978480182,0.16668089522355278
326,3.25,71.7818365028948,-3.762950523890596,202.94300115055216,-28.567230375309176,1.857508369818847,2.0489118133182234,2.4539717057850994,4.901957777727483,-0.9175921862666404,2.5733034899007414,1.9360641310649132,2.122114220553789,5.39755625110209,2.6036528125284653,-2.7922896310122045,0.19140344349937632
327,3.2600000000000002,72.89789122814243,-3.976530879672735,207.24029992202998,-29.103862106278022,1.8815468445889953,2.0978936174506817,2.4765264279004353,4.938646343576984,-0.898896073827622,2.5940375823399457,1.9559732795439686,2.165987274584047,5.417016857218287,2.6250935796575123,-2.7902516510120186,0.21634677286168635
328,3.27,73.84712150334212,-4.208373558566181,211.36399202255015,-29.6552265259306,1.9058091625337004,2.147249426180944,2.491642144083164,4.960945923648136,-0.8799584546049382,2.6152633511257415,1.9753393066049625,2.209478244229292,5.436673906122756,2.646971284195712,-2.787963501448907,0.24144026364724347
329,3.2800000000000002,74.61361129259045,-4.4571106668437555,215.29546341460838,-30.219062993673447,1.9302211373233495,2.1968344023019197,2.4988303591256162,4.968460796696389,-0.8607774614463494,2.6369838137154518,1.9940828048301253,2.252447575149654,5.456521568004193,2.6692814053859384,-2.785424032017785,0.2666132649785702
330,3.29,75.18211921554602,-4.7211414533146145,219.01653736340631,-30.79281787896087,1.9547037360213222,2.2464996301678926,2.4976449891458112,4.960916042846222,-0.8413519933606646,2.6592005190039822,2.0121266127917172,2.2947589478329666,5.476553229588175,2.6920180420018442,-2.7826327948149396,0.29179589414657037
331,3.3000000000000003,75.53825291419614,-4.998652371408108,222.50965066506438,-31.373668164707134,1.9791735046143475,2.296093321686103,2.48768757463734,4.938158708380963,-0.8216817618584634,2.681913512572558,2.029396535425153,2.33628055539849,5.496761520237681,2.7151739511583326,-2.779590032748565,0.31691981707175554
332,3.31,75.66863779064224,-5.28764242797819,225.75802702494204,-31.95855117858887,2.003543045210183,2.34546203476436,2.468611895625904,4.900156482607095,-0.8017673327784182,2.705121314058275,2.0458220111014884,2.3768862811735585,5.517138345001924,2.738740599419147,-2.776296660342893,0.34191898955417743
333,3.3200000000000003,75.56107734115471,-5.585952997662469,228.7458449302484,-32.54419961067575,2.0277215388938674,2.3944518794890377,2.440127937076296,4.846994074846133,-0.7816101631124862,2.7288209066451756,2.0613367132892715,2.4164567541136543,5.5376749240179075,2.762708225085691,-2.7727542374219247,0.3667303405951703
334,3.33,75.20470252575602,-5.891301103076652,231.45839753576217,-33.127180782409816,2.051615307726383,2.4429096891976902,2.402005173609005,4.7788675686802105,-0.7612126324059816,2.7530077384396674,2.07587907724395,2.4548802650896864,5.5583618375606045,2.7870659103564073,-2.7689649363339375,0.39129438147130724
335,3.34,74.59010788508328,-6.201315041497235,233.88224231140185,-33.703938998170784,2.075128409071684,2.49068413638669,2.3540751618726996,4.6960770989913465,-0.7405780683751283,2.777675735278692,2.089392744900615,2.492053532349093,5.579189075955553,2.811801661902365,-2.764931503525766,0.4155557273150059
336,3.35,73.70947243312713,-6.513571183073719,236.00533847215775,-34.27083974193861,2.0981632553326497,2.5376267768484704,2.2962334456433418,4.599018241923,-0.7197107664534371,2.802817324335664,2.1018269239189946,2.5278823097702077,5.600146093513396,2.836902498314604,-2.7606572163904852,0.4394635215158207
337,3.36,72.55666369884368,-6.825630775493918,237.81717050852296,-34.82421447964004,2.120621252237637,2.5835930093264166,2.228440792104613,4.488172526845687,-0.6986160030471293,2.828423467742666,2.113136659499305,2.562281836602788,5.6212218656187956,2.862354542840522,-2.7561458363897913,0.4629717570887797
338,3.37,71.12732364782181,-7.1350756604357635,239.30885644604535,-35.36040488785747,2.142403449013025,2.6284429420508584,2.1507237875589102,4.364097473678869,-0.6773000423474562,2.854483705340666,2.1232830200362316,2.595177131996151,5.642404948104881,2.8881431198370944,-2.7514015594914643,0.48603949303783356
339,3.38,69.41893557375356,-7.439541929742521,240.47323977336038,-35.87580544346331,2.1634111940672263,2.672042161529853,2.0631748270294117,4.227416530906574,-0.6557701366130033,2.880986205603224,2.1322331998168065,2.62650314159102,5.663683538065981,2.914252853422171,-2.7464289649633593,0.5086309674626266
340,3.39,67.4308713977116,-7.736750712313212,241.3049642791971,-36.36690346472339,2.183546790162222,2.71426240269093,1.965951535186132,4.078809243308613,-0.6340345198970152,2.9079178237515952,2.139960543737854,2.65620474668406,5.6850455353026454,2.940667766894638,-2.741232963530976,0.530715612528708
341,3.4,65.16441914352464,-8.024535472288896,241.8005313234865,-36.83031587856071,2.2027141434271167,2.7549821227217617,1.8592756563745687,3.9190019189017886,-0.612102395253203,2.9352641660863767,2.146444500391313,2.6842366489162233,5.706478603649936,2.9673713816122715,-2.7358187458400067,0.552267979294645
342,3.41,62.62279066314651,-8.3008654012656,241.95833933000276,-37.26282218697381,2.220819400948573,2.7940869836080116,1.7434314499187753,3.7487589971029016,-0.5899839155079766,2.963009659597706,2.1516705108399923,2.710563145092047,5.727970231508612,2.9943468141544445,-2.730191732073904,0.5732675826594384
343,3.42,59.81110996412693,-8.563864687782807,241.7787055259889,-37.661393303804964,2.237771572035708,2.831470250336624,1.6187636241511936,3.568875250302537,-0.5676901577379517,2.991137625975869,2.1556298410024515,2.735157807653992,5.749507790975361,3.0215768707481727,-2.7243575234657658,0.5936986783009157
344,3.43,56.73638273963459,-8.811827634898561,241.26387016634956,-38.023216119766595,2.253483128591484,2.8670331130011055,1.4856748394736135,3.380168883451871,-0.5452330916388805,3.01963035922037,2.1583193658225293,2.7580030865958864,5.771078595048971,3.049044138092999,-2.718321856320336,0.6135499844096217
345,3.44,53.40744791974896,-9.043229760823523,240.41798366679998,-38.345713818358334,2.2678705803246446,2.900684941635624,1.3446228078790787,3.183475535276798,-0.5226255420163615,3.048469206130829,2.1597413133643797,2.7790898483020334,5.792669952471113,3.0767310698769714,-2.712090559032396,0.6328143613109796
346,3.45,49.83491225144188,-9.256735152176887,239.24707723316442,-38.62656210183529,2.2808550208090854,2.9323434825853383,1.1961170142273465,2.979643133118283,-0.49988114566994146,3.0776346490514426,2.159902976703119,2.798416866057003,5.814269219840664,3.104620068427492,-2.7056695124582024,0.6514884617762529
347,3.46,46.03106907487611,-9.45120043993608,237.75901771459058,-38.863701590186984,2.292362640648697,2.961935004686605,1.0407150835295642,2.7695275132889963,-0.4770143029809389,3.1071063903261327,2.1588164010292252,2.8159902758966466,5.835863850717059,3.1326935610831006,-2.699064613872515,0.6695723640379079
348,3.47,42.0098025965637,-9.625675833858294,235.96344752868018,-39.055346726432056,2.3023252042466393,2.989394402599994,0.8790188186857736,2.5539886909064053,-0.4540401245504689,3.1368634379997684,2.1564980528049715,2.8318230101709774,5.857441441499483,3.160934071002572,-2.692281744629349,0.6870691983533548
349,3.48,37.78647906776222,-9.779403682940258,233.871710609156,-39.19999155931548,2.3106804869209596,3.01466526343469,0.7116699345724511,2.3338876474766863,-0.4309743732680212,-3.116301114811348,2.152968477150754,2.845934219758833,5.878989773933957,3.189324282244442,-2.685326741543327,0.7039847765137304
350,3.49,33.377826359452236,-9.911815030991056,231.49676541236212,-39.29641278335392,2.317372669366377,3.0376999014493458,0.5393455168872213,2.1100834999374865,-0.4078334022221484,-3.086038774144675,2.148251948939095,2.8583486943935292,5.900496854158528,3.217847099051933,-2.6782053719225267,0.7203272320829686
351,3.5,28.801803486244417,-10.022524611856864,228.85308609074698,-39.343670400340656,2.3223526867454143,3.0584593642241162,0.362753237554747,1.883430920162227,-0.38463408889348405,-3.055557401007705,2.1423761223674385,2.8690962890933487,5.921950948248123,3.2464856993656133,-2.6709233121142213,0.736106677478702
352,3.5100000000000002,24.077461670439206,-10.111324684356982,225.95655299943877,-39.341106331961846,2.325578530009792,3.0769134123714696,0.18262636238640526,1.6547776869230126,-0.3613937660958152,-3.02487989546777,2.1353716830934166,2.878211363290327,5.94334061426481,3.2752235826589144,-2.663486129371955,0.7513348823616774
353,3.52,19.224798556489688,-10.178178047997877,222.82433374819925,-39.288341265458776,2.3270154974098665,3.093040473667014,-0.00028140921384218684,1.424962271177357,-0.33813015015321773,-2.994029416968682,2.127272006366328,2.885732237950186,5.9646547308567905,3.3040446122509914,-2.6558992668154646,0.7660249762571474
354,3.5300000000000002,14.264607185602117,-10.22321051328472,219.47475604540324,-39.18526995944531,2.3266363945479114,3.106827571495405,-0.1852012287910006,1.1948113780149856,-0.31486126681961335,-2.96302929805226,2.1181128239886715,2.891700674798367,5.985882522480736,3.332933052298337,-2.6481680312326468,0.7801911769474934
355,3.54,9.218321322032573,-10.24670303020736,215.92717360451024,-39.03205518016469,2.32442168176818,3.1182702267562683,-0.371354460476067,0.9651373928256236,-0.29160537546144677,-2.931902958924784,2.1079319023984837,2.896161380722887,6.007013581347641,3.361873599702384,-2.6402975834633375,0.7938485449880881
356,3.5500000000000003,4.107858687270351,-10.249083610003673,212.20182639647356,-38.82912038420508,2.320359568148074,3.127372331878433,-0.5579580698853513,0.7367357034588682,-0.268380892033812,-2.9006738231398623,2.0967687336799226,2.8991615395180377,6.028037886212817,3.390851411196377,-2.6322929311060506,0.8070127637303588
357,3.56,-1.0445363921062452,-10.230919112639514,208.31969653480962,-38.57714121578597,2.3144460518526038,3.1341459953465702,-0.7442299887176742,0.5103818929056604,-0.24520631138530585,-2.8693652346840532,2.084664240885651,2.90075037236017,6.048945818146575,3.41985212589248,-2.6241589232987477,0.8196999434939665
358,3.5700000000000003,-6.2164494820537115,-10.192906918408573,204.30236107300018,-38.2770358477082,2.306684907128982,3.138611355137254,-0.9293944028655381,0.2868288172399716,-0.22210012942660767,-2.8380003767675976,2.0716604986873097,2.900978727760177,6.069728173434036,3.4488618835806113,-2.6159002473409902,0.831926448008272
359,3.58,-11.385450320141022,-10.135866458631337,200.17184297786505,-37.92995416659975,2.2970876187384643,3.1407963596644906,-1.112686912377147,0.06680360051548033,-0.19908076569249403,-2.8066021926378015,2.057800470055718,2.8998987012061037,6.090376173761159,3.477867339075318,-2.6075214269453078,0.8437087409260262
360,3.59,-16.529243600334944,-10.060730549140473,195.95046151659497,-37.53726578637441,2.2856732651369063,3.1407365152139985,-1.2933595133309657,-0.14899540865190702,-0.17616648681637173,-2.7751933087447265,2.0431277594055763,2.897563284281552,6.110881473849614,3.5068556729067444,-2.599026821928355,0.8550632500770923
361,3.6,-21.62581508440131,-9.968536450636512,191.66068326092642,-37.10054686807336,2.2724683522119626,3.1384745993598675,-1.4706853544700305,-0.3599016648077772,-0.1533753314208746,-2.7437959605966835,2.0276863824146107,2.8940260427075466,6.131236166706379,3.535814598648,-2.590420629175809,0.8660062471479049
362,3.61,-26.65357196512499,-9.860416572522812,187.32497486880484,-36.621565729594295,2.2575065998527535,3.134060340467343,-1.6439632252610783,-0.5652833784583411,-0.1307250369076061,-2.7124319216450905,2.011520552539521,2.889340822495293,6.1514327866550795,3.5647323671642743,-2.5817068847374847,0.8765537406145896
363,3.62,-31.591476516003492,-9.737588739991644,182.96565875294476,-36.102267243438895,2.2408286840569334,3.1275500640488385,-1.8125217366957769,-0.7645463330677484,-0.10823296860420342,-2.681122435534033,1.994674484095434,2.8835614832023757,6.171464310315456,3.5935977680598787,-2.57288946692983,0.8867213799919051
364,3.63,-36.419172174939284,-9.601345956513075,178.60477268742977,-35.54475604284367,2.222481937662208,3.1190063074192382,-1.9757231614655317,-0.9571365069069037,-0.08591605169795559,-2.6498881520389546,1.977192211637105,2.8767416571439792,6.191324155695416,3.6224001285886684,-2.563972100340999,0.8965243697570302
365,3.64,-41.117101324329354,-9.453045614454636,174.26393433819885,-34.951278585264724,2.2025200131178657,3.108497404757512,-2.1329669059720926,-1.142542444877776,-0.06379070635264776,-2.6187490670011764,1.9591174252753238,2.8689345333149188,6.211006179556901,3.6511293102811475,-2.554958360648529,0.9059773916396461
366,3.65,-45.666614144570985,-9.294098132262295,169.96421163223667,-34.32420415393803,2.1810025109819327,3.0960970452935364,-2.28369259270861,-1.3202973318431104,-0.041872786369824305,-2.5877244665410064,1.9404933214763902,2.8601926647174447,6.230504673212754,3.6797757035289678,-2.5458516801711824,0.9150945343116037
367,3.66,-50.0500680314949,-9.125955027003707,165.7259998036389,-33.666004912575,2.1579945780386987,3.081883807880918,-2.4273827377655772,-1.489980727323051,-0.020177521717721157,-2.5568328758023084,1.9213624688240993,2.85056779775836,6.249814356906848,3.7083302203541564,-2.5366553540845875,0.9238892298422194
368,3.67,-54.25091717864736,-8.950096462895306,161.56890587386687,-32.979235161931385,2.13356647907846,3.065940675668057,-2.563565014320476,-1.6512199306256317,0.0012805347885389334,-2.526092012446695,1.9017666881691075,2.8401107223694524,6.268930372924269,3.73678428557705,-2.527372547235234,0.9323741965895969
369,3.68,-58.253792031967606,-8.768018348762642,157.51164123880707,-32.26650997909083,2.107793146467467,3.0483545349308496,-2.691814098860091,-1.803690955363937,0.02248755641279907,-2.4955187450766254,1.8817469465480514,2.828871141513238,6.2878482775723725,3.7651298265834763,-2.5180063014894243,0.9405613884633826
370,3.69,-62.04456842581971,-8.581219088241255,153.57192294802533,-31.530483448948498,2.0807537116637516,3.0292156623738364,-2.811753102393433,-1.9471191022635406,0.04343048682845183,-2.4651290567249644,1.8613432642226877,2.8168975587573524,6.306564032167182,3.7933592618784155,-2.5085595435534165,0.9484619507100849
371,3.7,-65.6104263051992,-8.391186114576787,149.76638417228583,-30.773826721369268,2.0525310228074214,3.008617205341023,-2.9230545939522465,-2.0812791288238475,0.06409707969392174,-2.4349380135047785,1.840594634165922,2.804237182631951,6.325073993152984,3.8214654886003734,-2.4990350931987004,0.9560861825336016
372,3.71,-68.93989802812597,-8.199382365856223,146.1104942653941,-29.99920614575103,2.0232111524371765,2.986654659405924,-3.0254412281427716,-2.2059950233706105,0.08447593335406697,-2.404959738468693,1.8195389533059234,2.790935846522926,6.343374901476153,3.849441869158052,-2.4894356718227604,0.9634435069687473
373,3.72,-72.02290632486104,-8.00723287593128,142.6184887360737,-29.209261747001264,1.9928828992637335,2.9634253477393404,-3.118685992391169,-2.3211393992403133,0.10455652058849528,-2.375207390682717,1.7982129648307812,2.7770379428977874,6.361463871327299,3.877282217138551,-2.4797639112712124,0.9705424484756069
374,3.73,-74.85079206586053,-7.81611166953371,139.30330935628209,-28.40658631184617,1.9616372877717476,2.9390279064912375,-3.2026120927248947,-2.4266325317062525,0.12432921336624567,-2.3456931494763418,1.77665221085279,2.762586370707832,6.37933837835885,3.904980782624718,-2.4700223628425872,0.9773906187194898
375,3.74,-77.41633205879883,-7.627329158325047,136.17655454433128,-27.593705353390394,1.9295670692311795,2.913561780183465,-3.2770924995417654,-2.522441066244466,0.14378530260311415,-2.316428203789445,1.7548909947340685,2.747622494860805,6.396996247478157,3.9325322370477123,-2.4602135063925594,0.9839947109522855
376,3.75,-79.71374715590156,-7.442120235806149,133.24844007585867,-26.773058213148175,1.8967662274830712,2.887126730802787,-3.3420491767436356,-2.6085764310855266,0.16291701295257674,-2.287422746498158,1.7329623523816593,2.732186116708943,6.414435640309283,3.959931657690267,-2.450339759450735,0.9903605033197158
377,3.7600000000000002,-81.7387010071189,-7.261633265070766,130.5277700930455,-25.9469805455696,1.8633294926298605,2.85982236392571,-3.3974520189964443,-2.6850929903764182,0.18171751269379022,-2.2586859735665907,1.7108980318313725,2.7163154545497843,6.431655042409742,3.987174511945697,-2.440403486260381,0.9964928712958494
378,3.77,-83.48828984185973,-7.086920143181175,128.02191830386857,-25.117688409510713,1.8293518655123642,2.8317476748089465,-3.4433175226819115,-2.752085976201481,0.20018091881016417,-2.2302260878400473,1.6887284804540605,2.7000471331894036,6.448653250321736,4.014256641427996,-2.4304070066502117,1.0023958092965823
379,3.7800000000000002,-84.96102370304408,-6.918927610728787,125.73681918851037,-24.287264165627562,1.7949281555998127,2.803000616957292,-3.479707216444506,-2.809689238569687,0.21830229737959406,-2.2020503072679514,1.6664828391356137,2.6834161816698514,6.465429358530868,4.0411742460191205,-2.4203526046475456,1.0080724613574792
380,3.79,-86.15679959196582,-6.758489955213864,123.67696896034535,-23.4576443488237,1.7601525346607656,2.773677695246321,-3.506725877144359,-2.858072852251336,0.23607765942235545,-2.1741648773217843,1.6441889428023826,2.666456038314339,6.481982746398878,4.067923867930811,-2.41024253674414,1.0135251605855555
381,3.8000000000000003,-87.0768670116028,-6.606323232925826,121.84543596423667,-22.630609651512984,1.7251181083252716,2.7438735852422678,-3.5245195565805973,-2.8974406181842496,0.2535039523751094,-2.146575087354579,1.6218733266863476,2.6491985622946146,6.498313065130841,4.0945023758501256,-2.4000790397296887,1.0187554769169962
382,3.81,-87.72378641982523,-6.463021106811806,120.24388013570056,-21.807777117510934,1.6899165073961009,2.7136807799365266,-3.53327344361361,-2.9280274952067926,0.27057904737925204,-2.1192852906342114,1.599561237748979,2.6316740509748784,6.514420224831282,4.120906949230139,-2.3898643380134637,1.0237642725404257
383,3.8200000000000003,-88.10138112296721,-6.329052368413723,118.87258109093244,-20.990594608976277,1.6546375005217464,2.6831892647061886,-3.5332095853665715,-2.9500969953386904,0.2873017225892435,-2.0922989277724273,1.5772766507089684,2.613911262335533,6.530304381697985,4.147135062780001,-2.379600650361671,1.0285517641844422
384,3.83,-88.2146831544588,-6.2047601805407915,117.73047437029653,-20.180337570286497,1.6193686296086174,2.652486220931928,-3.524584490049395,-2.9639385726409953,0.30367164272144426,-2.0656185532653337,1.5550422881462311,2.5959374418274246,6.545965925396921,4.173184471201978,-2.3692901959867783,1.0331175913233106
385,3.84,-88.06987369392787,-6.090363045797709,116.81519531586228,-19.37810807496471,1.5841948691259113,2.621655758357541,-3.5076866327482876,-2.969865032375187,0.3196893350767016,-2.0392458648583434,1.5328796441831258,2.577778353053581,6.561405466656463,4.199053194216578,-2.358935199935045,1.0374608892316295
386,3.85,-87.67421858837699,-5.985957473931958,116.12313002831036,-18.584836104333554,1.549198310245023,2.5907786759638802,-3.482833884213976,-2.968209983396249,0.33535616228034004,-2.013181735449283,1.510809011272431,2.559458311719918,6.576623825114368,4.224739501911347,-2.3485378977296234,1.0415803657188571
387,3.86,-87.03599954052098,-5.891522290219053,115.64947281850803,-17.801282971467476,1.514457870556787,2.5599322508590263,-3.4503708814014553,-2.9593253530630084,0.35067429199167655,-1.9874262472468749,1.4888495096510228,2.541000222339585,6.591622017446291,4.250241900443314,-2.3381005392385514,1.0454743803022393
388,3.87,-86.16444152929108,-5.806924497423482,115.38828954532326,-17.02804677087978,1.4800490299242552,2.529190054455729,-3.4106663572181786,-2.9435789801419614,0.3656466638416658,-1.9619787279078926,1.4670191190472255,2.5224256172168755,6.606401245800458,4.275559118120279,-2.3276253917495584,1.0491410245314738
389,3.88,-85.06963702475194,-5.731926576624113,115.33258621304473,-16.26556970453727,1.4460435928562139,2.4986217950185505,-3.3641104457022952,-2.921352297585072,0.3802769538619877,-1.9368377883845007,1.4453347122589335,2.5037546972763964,6.620962886559062,4.300690091881505,-2.3171147422464884,1.0525782021623367
390,3.89,-83.76246755430789,-5.666195087559234,115.47438218907864,-15.514147108367386,1.4125094776264602,2.46829318551483,-3.311111977676595,-2.893038113626794,0.39456953667195344,-1.9120013622230927,1.423812090248137,2.48500637434104,6.635308479443302,4.32563395419425,-2.306570898895046,1.0557837078883696
391,3.9,-82.25452316918857,-5.609310407610413,115.8047873952991,-14.773937980826854,1.3795105322157102,2.438265835594559,-3.2520957808185296,-2.859038496438427,0.4085294456910862,-1.887466746067177,1.402466018425475,2.46619831449835,6.64943971697559,4.35039002037882,-2.295996191758263,1.0587553033788486
392,3.91,-80.55802035028847,-5.560777430719455,116.31408282396512,-14.044976796868802,1.3471063770158132,2.4085971664520676,-3.1874999970777327,-2.8197627647388175,0.4221623316453413,-1.8632306411288744,1.3813102638256758,2.4473469822291305,6.66335843430929,4.374957776371355,-2.2853929727742157,1.0614907894362544
393,3.92,-78.68571888027942,-5.520037033324421,116.99180373159074,-13.327186376606788,1.315352274109128,2.3793403472838057,-3.1177734294372863,-2.7756255841890187,0.4354744196336637,-1.8392891954062869,1.360357632901051,2.428467685004492,6.677066599433514,4.399336866930463,-2.2747636150399506,1.0639880731746778
394,3.93,-76.65083819491272,-5.486478104480841,117.82682487100388,-12.620391568713288,1.2842990228183413,2.3505442520484214,-3.0433729291776728,-2.7270451672870966,0.4484724650191383,-1.8156380464368305,1.3396200096855277,2.4095746180881323,6.690566303757909,4.423527084291074,-2.2641105114559688,1.0662452292300801
395,3.94,-74.46697371064317,-5.459449931260596,118.80744713281663,-11.924333503588699,1.2539928811130734,2.322253435253408,-2.9647608340370626,-2.674441572662501,0.461163708405367,-1.7922723643895095,1.319108394105877,2.3906809093092285,6.703859753079992,4.447528357266334,-2.2534360727948766,1.0682605541403345
396,3.95,-72.14801360822175,-5.438274728757508,119.92148498236024,-11.238684170975226,1.224475512358201,2.294508125533295,-2.8824024669767665,-2.618235098299532,0.4735558299540948,-1.769186895311621,1.2988329402397985,2.371798663598225,6.71694925893549,4.471340740796229,-2.2427427252657157,1.070032613175094
397,3.96,-69.70805653275205,-5.42226010631266,121.15635409657263,-10.563061080637244,1.1957839567944888,2.267344235843318,-2.7967637046382685,-2.558844762227155,0.4856569032944343,-1.746376004357484,1.278802994342332,2.3529390071028846,6.7298372303302525,4.494964405939592,-2.2320329076519183,1.071560279048829
398,3.97,-67.16133065025416,-5.410711267615231,122.49915862676404,-9.897041772624284,1.16795062705383,2.2407933891651886,-2.708308624012169,-2.496686863553393,0.49747534926754944,-1.7238337188381572,1.259027132482527,2.3341121307252095,6.742526165850574,4.5183996303044935,-2.2213090681057066,1.0728427621113585
399,3.98,-64.52211447855842,-5.402942752240225,123.93677753788609,-9.240177955523471,1.1410033269289215,2.214882958704655,-2.617497235312941,-2.4321736164663363,0.5090198897432152,-1.7015537709417885,1.2395131976515616,2.315327332941515,6.7550186461473904,4.541646788910556,-2.2105736606850037,1.0738796317757335
400,3.99,-61.80465988731858,-5.398289539332257,125.45594950170407,-8.592009066315297,1.114965292539764,2.1896361216490954,-2.524783308570453,-2.3657118498701926,0.520299501736522,-1.679529639983982,1.2202683362214362,2.2965930617878203,6.7673173267883655,4.564706345475343,-2.199829141720504,1.0746708291093314
401,4.0,-59.023117637080816,-5.396117350319041,127.04335585093247,-7.952075063714838,1.0898552549668379,2.1650719256443014,-2.430612300970662,-2.2977017656550482,0.5313233720440099,-1.657754594056508,1.2012990336500111,2.277916955911111,6.779424931470897,4.587578844116038,-2.189077966100518,1.0752166706774635
402,4.01,-56.1914658018611,-5.39583200639111,128.68570113253497,-7.31992828781666,1.0656875233527654,2.141205367239137,-2.3354193915274535,-2.2285357492324507,0.5421008526089108,-1.636221730950621,1.182611149343581,2.259305884603835,6.791344245588026,4.610264901456604,-2.178322583559532,1.0755178438863717
403,4.0200000000000005,-53.32344139282248,-5.396887717391019,130.36979083159073,-6.695144241816805,1.0424720874106967,2.1180474816316903,-2.2396276292044455,-2.158597226786271,0.5526414168148407,-1.6149240182384335,1.164209950602357,2.240765986754346,6.803078110138433,4.6327651991299135,-2.167565435053274,1.0755753942209936
404,4.03,-50.43247547294847,-5.398794201437829,132.08260587166052,-6.077331176251168,1.0202147382184275,2.0956054431282194,-2.1436462001398775,-2.088259564727177,0.5629546168963839,-1.5938543324020602,1.1461001455872153,2.222302708660021,6.814629415971057,4.655080476663743,-2.156808949298444,1.075390704909792
405,4.04,-47.5316320241705,-5.401122558434546,133.81137353321057,-5.466138381915213,0.9989172061224441,2.07388267579404,-2.0478688191462644,-2.01788500801311,0.5730500426435359,-1.5730054969058351,1.1282859152579223,2.203920840662367,6.826001098354263,4.6772115247390325,-2.146055539549371,1.074965469671596
406,4.05,-44.6335507990462,-5.403509844998955,135.54363446841154,-4.861263123836128,0.9785773145259312,2.0528789738317057,-1.9526722501421738,-1.9478236552373809,0.5829372815649216,-1.552370319111913,1.110770944243806,2.185624552574932,6.837196131859091,4.69915917880849,-2.1353076006768346,1.0743016593057746
407,4.0600000000000005,-41.750394359388245,-5.405662323175808,137.26730552780953,-4.262456175196355,0.9591891482893341,2.0325906312650686,-1.8584149596442525,-1.8784124697725244,0.5926258806622602,-1.5319416259439784,1.0935584506175793,2.167417427885059,6.84821752554574,4.7209243130633265,-2.1245675066062386,1.0734014829757346
408,4.07,-38.89379947394153,-5.407357379284483,138.97073815213525,-3.6695259357147534,0.9407432354317556,2.0130105805364606,-1.7654359068660446,-1.8099743275021267,0.602125309955605,-1.511712298207936,1.0766512145516651,2.1493024967196037,6.859068318442225,4.74250783473588,-2.113837608163541,1.072267345104705
409,4.08,-36.0748330167109,-5.408444133138701,140.64277212037254,-3.0823411443811857,0.9232267407865679,1.9941285396390824,-1.6740534733743724,-1.7428171031071884,0.6114449278856078,-1.4916753034822936,1.060051605844322,2.1312822675730705,6.869751575303951,4.763910678725669,-2.1031202313679014,1.0709017988525145
410,4.09,-33.30395247687616,-5.408842779718159,142.2727844830525,-2.5008322196957895,0.9066236702354988,1.975931167405774,-1.5845645345971053,-1.6772327979910944,0.6205939487054236,-1.4718237274948305,1.043761610309653,2.113358757803627,6.880270382642864,4.785133802536566,-2.092417676200254,1.0693074971702752
411,4.1,-30.590971160644507,-5.408542726153387,143.85073354725805,-1.9249912826625057,0.8909150841224955,1.9584022265613004,-1.4972436747998084,-1.6134967141210694,0.6295814119610311,-1.4521508039059674,1.0277828550317876,2.095533522908895,6.890627845014831,4.80617818151284,-2.0817322158669986,1.0674871424388048
412,4.11,-27.945028135028636,-5.4075996054414155,145.3671978168308,-1.354870937577548,0.8760793184323024,1.9415227541173858,-1.4123425464302986,-1.5518666790445308,0.6384161541446491,-1.432649942423381,1.0121166324888853,2.07780768459898,6.900827081553892,4.827044804361891,-2.07106609656803,1.0654434356850835
413,4.12,-25.37456293355268,-5.406131264424063,146.81340982757652,-0.7905819029251901,0.8620922123092367,1.9252712386498365,-1.3300893739755877,-1.4925823281014579,0.6471067825917431,-1.4133147551768295,0.9967639235572255,2.0601819576888056,6.910871222742154,4.84773466895182,-2.0604215377685726,1.0631790263405998
414,4.13,-22.8872950145246,-5.4043128374991145,148.18128485258976,-0.23228959972102636,0.8489273404894967,1.9096238039472964,-1.250688601703849,-1.435864450528296,0.6556616516778673,-1.3941390812870058,0.9817254194097486,2.0426566758361657,6.920763407404179,4.868248778372125,-2.049800732964873,1.0606964634577998
415,4.14,-20.490207933929106,-5.402371028376285,149.4634444870037,0.31979018348320043,0.8365562492257967,1.8945543984624733,-1.174320683861036,-1.3819144064843913,0.6640888413573298,-1.3751170095676912,0.9670015423268123,2.0252318161551957,6.930506779914901,4.888588137246106,-2.039205850925021,1.0579981492366766
416,4.15,-18.18953816733828,-5.4005777304792835,150.6532351543426,0.8653964204512068,0.8249486942963853,1.8800349899322617,-1.1011420150806928,-1.3309136222144937,0.6723961380715486,-1.356242899306457,0.9525924654398203,2.007907022737971,6.940104487610294,4.908753748283935,-2.0286390373780057,1.0550862956358764
417,4.16,-15.990768488726415,-5.399243121956121,151.7447416080113,1.4042286371899557,0.8140728797118314,1.8660357644649046,-1.0312849979468315,-1.2830231704807762,0.6805910180409762,-1.3375113990758865,0.9384981314308114,1.9906816291193503,6.9495596783902505,4.928746609065636,-2.0181024171168627,1.051962884753073
418,4.17,-13.898625789003082,-5.3987083738888275,152.73279553099533,1.9359532236473678,0.8038956957623534,1.8525253293227446,-0.964858243840236,-1.2383834431101648,0.6886806329407731,-1.318917463534609,0.9247182702130892,1.9735546797221113,6.958875498503321,4.948567709043563,-2.007598096475382,1.0486296335603913
419,4.18,-11.917083193240474,-5.399338109976526,153.61297936479787,2.4602101283236033,0.7943829550859678,1.8394709185606102,-0.9019469023909492,-1.1971139219156457,0.6966717979469973,-1.3004563681855592,0.9112524156194963,1.9565249503209352,6.968055090503287,4.9682180267544025,-1.9971281661325566,1.0450879634746424
420,4.19,-10.049366313634012,-5.4015127533719065,154.38162552433295,2.976619798699198,0.7854996254832308,1.8268386006154822,-0.842613114090729,-1.1593130535474767,0.7045709821271433,-1.2821237220675388,0.8980999211262086,1.9395909675650236,6.977101591367764,4.987698527231068,-1.986694704194682,1.0413389751322515
421,4.2,-8.2979634548904,-5.405620891103036,155.03581117927462,3.4847902348229987,0.7772100582576146,1.8145934868843132,-0.7868965798737886,-1.125058232848581,0.7123843011363628,-1.2639154783655153,0.8852599746407753,1.9227510275998405,6.986018130769346,5.007010159605298,-1.9762997795018782,1.0373834286266987
422,4.21,-6.664639570421826,-5.412051779354998,155.5733488037934,3.9843240297804954,0.7694782109212671,1.8026999402766053,-0.7348152407827329,-1.0944058982129299,0.7201175121688237,-1.2458279429349501,0.8727316123838126,1.9060032138290994,6.994807829490072,5.026153854892123,-1.9659454551037738,1.033221729355338
423,4.22,-5.150453751263818,-5.42118810358736,155.99277271590714,4.474825279309281,0.7622678631736381,1.7911217826879022,-0.6863660601908301,-1.0673917411481575,0.7277760111023619,-1.2278577807458106,0.8605137318940712,1.8893454138582997,7.003473797970295,5.04513052394783,-1.9556337918481725,1.028853919514264
424,4.23,-3.755780015405918,-5.433399096895619,156.29332184445485,4.955906252677539,0.7555428251346581,1.779822500312006,-0.6415259004812425,-1.0440310309346856,0.7353648317640731,-1.2100020202625403,0.8486051041868018,1.8727753356611643,7.012019134983349,5.063941055593437,-1.9453668520266136,1.024279675177348
425,4.24,-2.48033115300883,-5.449034107867279,156.47491897623348,5.427193728412245,0.7492671368941886,1.768765445693998,-0.6002524855764394,-1.0243190537921036,0.74288864723467,-1.192258055787205,0.8370043850952693,1.8562905230100928,7.020446926427698,5.0825863148961385,-1.935146703021875,1.0194983087998095
426,4.25,-1.3231853731051402,-5.468416696497558,156.53814674778982,5.888334910505394,0.7434052585246177,1.7579140354248322,-0.5624854402966712,-1.0082316645709992,0.7503517731005125,-1.1746236478039391,0.8257101258251413,1.8398883702114346,7.02876024422852,5.101067141601516,-1.9249754209044516,1.0145087769002146
427,4.26,-0.2828154894703001,-5.491839322943548,156.48422065614756,6.339002853909829,0.737922249792884,1.7472319423908211,-0.5281473971834083,-0.9957259474470891,0.7577581725540997,-1.1570969213738167,0.814720782751075,1.823566136185761,7.036962145341041,5.119384348709816,-1.9148550939279163,1.0093096925979372
428,4.2700000000000005,0.6428796221497945,-5.519558680332937,156.31495936992505,6.778901341150245,0.7327839389010864,1.7366832815192825,-0.49714516118840396,-0.9867409807473532,0.7651114632366641,-1.139676362639911,0.8040347264844518,1.8073209579326788,7.045055670848157,5.137538721189914,-1.904787825876575,1.0038993426181961
429,4.28,1.456541566751845,-5.551791708904686,156.03275262728968,7.207769165318526,0.7279570796801705,1.726232788003315,-0.4693709224774749,-0.9811986996439453,0.7724149257102714,-1.1223608135127272,0.7936502502406524,1.7911498634188876,7.0530438451452095,5.155531014825004,-1.8947757392229985,0.9982757083231445
430,4.29,2.1613172453492036,-5.588712315305089,155.64052700985852,7.625383787746338,0.723409496758053,1.715845987044626,-0.44470350754837706,-0.9790048492178142,0.7796715134415643,-1.1051494646160267,0.7835655775336484,1.7750497839272341,7.060929675205045,5.173361955184451,-1.8848209780575909,0.9924364902865731
431,4.3,2.7608222148553967,-5.630448807960676,155.14170988227906,8.031564351184892,0.7191102183209902,1.705489354222165,-0.4230096589046685,-0.9800500192886037,0.7868838641749726,-1.0880418465823674,0.7737788692250629,1.7590175659035259,7.068716149916783,5.191032236716598,-1.8749257107573403,0.9863791359011748
432,4.3100000000000005,3.2591028618699003,-5.677082047227366,154.54019178552076,8.426174041255056,0.7150295961840204,1.6951304656746997,-0.40414533366963706,-0.9842107514317102,0.7940543125699145,-1.0710378197961543,0.7642882299541275,1.743049982336697,7.076406239491931,5.2085425219576535,-1.865092132366069,0.9801008694906793
433,4.32,3.660597655499842,-5.72864429782991,153.840287568676,8.809121799902357,0.7111394129819565,1.6847381373763242,-0.3879570117467981,-0.9913507078154478,0.8011849039741176,-1.054137562689678,0.7550917139742267,1.7271437437067432,7.0840028949318405,5.225893440852222,-1.8553224666637957,0.9735987243943677
434,4.33,3.9700977380213165,-5.785118761014541,153.04669653853628,9.180363404551716,0.7074129763858192,1.674282552883235,-0.37428300445398727,-1.0013218908897934,0.8082774092038141,-1.0373415587042922,0.746187330421009,1.7112955085335548,7.091509047550652,5.243085590181281,-1.8456189679081065,0.9668695764974158
435,4.34,4.192707104791915,-5.8464397549791824,152.1644618995084,9.539901935464474,0.7038252003398351,1.663735379036262,-0.36295475494366114,-1.0139659025444694,0.8153333402010118,-1.0206505820346161,0.7375730480362888,1.695501893558458,7.098927608548172,5.260119533093767,-1.835983922235628,0.9599101786964268
436,4.3500000000000005,4.333802615703908,-5.912493504516481,151.19892974787342,9.887787661466028,0.7003526734004686,1.653069869214548,-0.35379812218640655,-1.0291152311197735,0.8223539664384779,-1.0040656822781786,0.7292467993712071,1.6797594835888447,7.1062614686273795,5.2769957987382865,-1.8264196487166569,0.9527171958140794
437,4.36,4.398994070297402,-5.983119494620959,150.15570787468423,10.224117380513576,0.6969737143406739,1.6422609538497952,-0.3466346408168776,-1.0465945546404336,0.8293403319442604,-0.9875881681164557,0.7212064844914264,1.6640648410348238,7.113513497651458,5.2937148819917175,-1.8169285000607163,0.9452872395091213
438,4.37,4.39408456727397,-6.058112337968469,149.04062462056336,10.549033256618484,0.6936684152590128,1.6312853180252402,-0.34128274971879846,-1.066222048816165,0.8362932728196086,-0.9712195901555126,0.7134499742064521,1.648414515165347,7.12068654433546,5.310277243281721,-1.8075128629751216,0.9376169027662274
439,4.38,4.325031357108189,-6.137224102463657,147.8596880138577,10.862721198628558,0.6904186725039783,1.620121466097232,-0.33755898283573044,-1.0878106886437622,0.8432134351268902,-0.9549617230557345,0.7059751128444637,1.6328050511096697,7.127783435968007,5.326683308500552,-1.7981751581826249,0.9297027935932538
440,4.39,4.19790738328345,-6.220167042846425,146.61904541056586,11.165408828936085,0.687208205788428,1.6087497733885547,-0.3352791163491196,-1.1111695329726612,0.8501012930275411,-0.9388165470801174,0.6987797205934728,1.617232998628398,7.134806978158517,5.342933469007695,-1.7889178401076586,0.9215415676001267
441,4.4,4.018863694373865,-6.306616679263632,145.32494384117078,11.457363091685727,0.6840225659270529,1.597152525109203,-0.3342592670270047,-1.1361049820414209,0.8569571670541155,-0.9227862291896091,0.6918615954290254,1.6016949206767794,7.14175995460579,5.359028081719154,-1.7797433962437248,0.91312995918215
442,4.41,3.7940928950602304,-6.396215165473418,143.98369125528902,11.7388875507819,0.680849131681207,1.5853139427608276,-0.334316937227328,-1.1624219986956368,0.8637812424051013,-0.9068731038119281,0.6852185146481188,1.5861874017810922,7.148645126883872,5.374967469281438,-1.7706543462170297,0.9044648110796206
443,4.42,3.5297937899783083,-6.488574890548082,142.6016188406697,12.010319427339791,0.6776770962400209,1.573220198374891,-0.33527200271981533,-1.1899252849340558,0.8705735871562178,-0.8910796534072355,0.6788482360285837,1.5707070562473753,7.155465234241365,5.390751920328442,-1.7616532405634535,0.8955431021348701
444,4.43,3.232137359919518,-6.58328225944429,141.1850445783967,12.272026425310106,0.67449744390455,1.560859417019356,-0.33694764015684514,-1.2184204062874824,0.8773341702874081,-0.8754084889501466,0.6727484986327074,1.5552505362198183,7.162222993410547,5.406381689819654,-1.7527426592375548,0.8863619731148059
445,4.44,2.9072341954244574,-6.679901600521331,139.74023818127057,12.524403391924485,0.6713029175728759,1.54822166808509,-0.3391711916808762,-1.2477148575921255,0.8840628794305522,-0.8598623304428099,0.666917023273562,1.5398145396044312,7.168921098422817,5.421856999458261,-1.7439252098733622,0.8769187505122141
446,4.45,2.5611034985130177,-6.777979150942315,138.27338754754658,12.767868857411045,0.6680879776487341,1.5352989459291506,-0.34177496478181785,-1.277619064681149,0.89075953824903,-0.844443987568373,0.6613515126621721,1.5243958178715988,7.175562220427201,5.437178038187876,-1.7352035258174032,0.8672109682804165
447,4.46,2.1996437491296317,-6.877047074617105,136.79056684744256,13.002861495383899,0.6648487530146615,1.5220851405084899,-0.3445969661188764,-1.3079473176142153,0.8974239233665969,-0.8291563405880576,0.6560496512534562,1.5089911837493497,7.182149007508809,5.452344962766742,-1.7265802639546548,0.8572363874938284
448,4.47,1.828605119023441,-6.976627470968733,135.29770634528163,13.229836542373995,0.66158298472314,1.508575998683126,-0.3474815685822717,-1.3385186320303577,0.9040557807694811,-0.8140023215785687,0.65100910480868,1.493597518817094,7.1886840845043025,5.467357898418347,-1.7180581023480501,0.8469930139599859
449,4.48,1.453563702335725,-7.076236336980013,133.80056404590513,13.44926221148408,0.6582899630661281,1.4947690769035442,-0.3502801113931718,-1.3691575362496315,0.9106548416122099,-0.7989848960995404,0.6462275196920723,1.4782117810076565,7.195170052811667,5.482216939557518,-1.7096397377117505,0.8364791138374161
450,4.49,1.0798976190770415,-7.175387448936654,132.30469924004603,13.66161613187207,0.6549704586851427,1.4806636860224034,-0.35285143351975656,-1.3996947826590669,0.9172208373642553,-0.7841070453734835,0.6417025219191759,1.4628310120233483,7.201609490191679,5.496922150591126,-1.701327882737739,0.8256932273372607
451,4.5,0.7127650350776671,-7.273596134560467,130.81544800980902,13.867381842156412,0.6516266483810861,1.4662608289866306,-0.35506234112457047,-1.4299679828659766,0.92375351424124,-0.7693717490531945,0.6374317159745878,1.4474523446698104,7.20800495055869,5.511473566792492,-1.6931252632944345,0.8146341806055445
452,4.51,0.3570841300683636,-7.370382909958151,129.33790074248438,14.067045362746908,0.6482620362757677,1.451563132172445,-0.35678801014279626,-1.4598221668512112,0.9302526468709427,-0.7547819686440332,0.6334126834167241,1.4320730101091865,7.2143589637585155,5.525871195248771,-1.6850346155149758,0.8033010958966772
453,4.5200000000000005,0.017515033989967677,-7.465276959894762,127.87688168828988,14.261091868634274,0.644881370966038,1.4365747711245374,-0.3579123254390701,-1.4891102671784957,0.9367180511508609,-0.7403406316408144,0.6296429812874592,1.4166903450321282,7.220674035331371,5.54011501588044,-1.6770586827916754,0.7916934001584993
454,4.53,-0.30155625915878614,-7.5578194432683325,126.43693058573692,14.450002481379517,0.6414905592970361,1.4213013914509625,-0.35832815828529707,-1.5176935299145657,0.9431495962603902,-0.7260506164315309,0.6261201403446116,1.4013017987459546,7.2269526462580185,5.5542049825320925,-1.669200212691921,0.7798108321539263
455,4.54,-0.5960320009414044,-7.6475666090622285,125.02228636683978,14.634251196179275,0.6380965773637535,1.4057500256093687,-0.35793758415936383,-1.5454418545145305,0.9495472157968768,-0.7119147380126657,0.6228416631354923,1.3859049401741375,7.233197252687406,5.568141024133681,-1.6614619538095425,0.7676534482456152
456,4.55,-0.8621148320698602,-7.73409271106591,123.63687294370588,14.81430195735745,0.6347073793303294,1.3899290062981264,-0.35665204307459836,-1.572234065412493,0.9559109180107784,-0.6979357345536309,0.6198050219299959,1.370497464760143,7.239410285644347,5.581923045931287,-1.6538466525644093,0.755221626967797
457,4.5600000000000005,-1.0963179795921096,-7.81699271231715,122.28428706768767,14.990605893411699,0.6313318046346663,1.3738478771387017,-0.35439244482814025,-1.5979581184470026,0.9622407951209693,-0.6841162548408459,0.6170076565320226,1.3550772012665222,7.245594150715892,5.595550930786395,-1.6463570499618152,0.7425160725040354
458,4.57,-1.2954735355259372,-7.895884772486406,120.96778824283948,15.163598720863712,0.6279794841224178,1.3575173013043955,-0.3510892216904927,-1.6225112455333235,0.9685370316967635,-0.6704588466252883,0.6144469719883111,1.3396421184579546,7.2517512277152925,5.609024540542614,-1.638995878322052,0.7295378171819777
459,4.58,-1.4567388526212088,-7.9704125136834,119.690290666343,15.333698324239986,0.6246607456295771,1.3409489687162581,-0.34668233116773045,-1.6458000412856435,0.9747999120985714,-0.6569659458909263,0.6121203362141635,1.3241903316549317,7.257883870322618,5.622343717458574,-1.6317658579894978,0.716288223086681
460,4.59,-1.5776010999636214,-8.040247061623463,118.45435716030312,15.501302518334048,0.6213865195070419,1.3241555023896954,-0.34112121153990693,-1.667740495364659,0.9810298269741354,-0.6436398670554867,0.6100250775558378,1.3087201091426799,7.2639944057013,5.635508285705657,-1.6246696940296221,0.7027689828826534
461,4.6000000000000005,-1.655880027714185,-8.10508886074185,117.26219505150638,15.66678699748198,0.6181682445539869,1.3071503644770184,-0.3343646929310821,-1.6882579744659711,0.9872272788121205,-0.6304827941092948,0.6081584823097886,1.2932298784179013,7.27008513409006,5.6485180529290195,-1.6177100729214153,0.6889821199230315
462,4.61,-1.6897289961093187,-8.16466926295284,116.11565394870111,15.83050347565183,0.6150177747998642,1.2899477625114997,-0.3263808666890936,-1.7072871578606268,0.9933928865593483,-0.6174967726927287,0.6065177922192587,1.2777182322540586,7.2761583283699105,5.661372811870199,-1.6108896592520772,0.6749299877116355
463,4.62,-1.6776343293277152,-8.218751890726306,115.01622536029717,15.99277802030102,0.6119472875476307,1.272562556318672,-0.31714691586213756,-1.7247719303678515,0.9995273893122333,-0.6046837031079202,0.6051002019690561,1.2621839345640937,7.282216233606085,5.674072342049368,-1.6042110924201536,0.6606152687710413
464,4.63,-1.6184130594827484,-8.267133775947933,113.96504408958575,16.153909582241965,0.6089691930635237,1.255010166021125,-0.30664890954325946,-1.7406652365646411,1.0056316490969663,-0.5920453342559261,0.6039028566996621,1.2466259260377412,7.2882610665650045,5.686616411505114,-1.5976769833528923,0.6460409729576013
465,4.64,-1.5112091304181785,-8.309646276567651,112.96289133905736,16.314168723254088,0.606096046271586,1.237306481524179,-0.29488156383114905,-1.7549288998957564,1.0117066527567053,-0.5795832584864783,0.6029228495620361,1.2310433295290808,7.29429501520656,5.69900477858937,-1.5912899112431838,0.631210435252593
466,4.65,-1.355488134604399,-8.346155773751018,112.01019945071627,16.4737965424635,0.603340460784263,1.2194677738324189,-0.2818479721135112,-1.7675334102597478,1.017753512967484,-0.5672989073437595,0.6021572193347369,1.2154354551685438,7.300320238152245,5.711237193814843,-1.5850524203112437,0.6161273130481559
467,4.66,-1.151030659793506,-8.376564152321297,111.1070582049217,16.633003802393706,0.6007150255739335,1.2015106085105376,-0.2675593073324899,-1.7784576833791859,1.0237734684077213,-0.5551935481883298,0.6016029481250406,1.1998018051723451,7.306338864129856,5.723313401752109,-1.5789670165960512,0.6007955829366041
468,4.67,-0.8979243248645186,-8.400809068026971,110.25322259655893,16.791970254764614,0.5982322245642205,1.1834517615680749,-0.2520344988350158,-1.7876887951887543,1.029767883109147,-0.5432682816723412,0.6012569591758641,1.1841420783213379,7.312352991395719,5.7352331429731365,-1.573036164781488,0.5852195370038543
469,4.68,-0.5965545865898703,-8.41886400512617,109.4481220041507,16.950844166049016,0.5959043593944827,1.1653081380146728,-0.23529988634622592,-1.7952216941728316,1.0357382450195975,-0.53152404004259,0.6011161148001961,1.1684561740803974,7.318364687135603,5.746996156037852,-1.5672622850621876,0.5694037786201901
470,4.69,-0.247594401045359,-8.430738128392257,108.69087066469369,17.109742042046186,0.593743475586044,1.1470966933024733,-0.2173888535388807,-1.801058894466843,1.0416861638105686,-0.5199615862435849,0.6011772144646392,1.1527441963289724,7.324375986845703,5.758602179519958,-1.5616477500541537,0.5533532177164293
471,4.7,0.14800717520090378,-8.43647593374527,107.98027936482349,17.2687485504701,0.5917612923145145,1.1288343578436608,-0.19834144359786476,-1.8052101522686472,1.0476133679645518,-0.5085815137908354,0.6014369930433805,1.137006456673042,7.330388893695296,5.77005095406801,-1.5561948817553874,0.5370730655291464
472,4.71,0.5890373577709718,-8.436156702279563,107.31486825699069,17.427916639804728,0.5899691359690487,1.1105379647652192,-0.1782039591080814,-1.8076921279663705,1.0535217011791294,-0.49738424738276904,0.6018921192635379,1.1212434773087716,7.336405377872877,5.7813422244973856,-1.5509059485618986,0.5205688287961705
473,4.72,1.0740328940264665,-8.429893762734386,106.69288070803893,17.58726785220569,0.5883778776565588,1.0922241810386573,-0.15702854851643752,-1.808528036161559,1.0594131181264754,-0.4863700442182249,0.6025391943623002,1.1054559934084107,7.342427375917788,5.79247574190852,-1.5457831623447005,0.5038463033820985
474,4.73,1.6012941220314048,-8.417833567942079,106.1122980865507,17.746792827532296,0.5869978747867984,1.0739094421004147,-0.13487278134424835,-1.8077472855945984,1.0652896796083975,-0.4755389959851784,0.6033747509756028,1.0896449549995533,7.34845679003956,5.803451265826496,-1.540828675593576,0.4869115673136163
475,4.74,2.1688997414565647,-8.400154591308729,105.57085539480222,17.906451994856475,0.5858389168528415,1.0556098900585695,-0.11179921424909345,-1.8053851108125618,1.0711535471482887,-0.46489103148530764,0.6043952522772743,1.0738115283098217,7.354495487427382,5.81426856635679,-1.5360445786335966,0.469770973205728
476,4.75,2.7747222091366486,-8.377066050013193,105.06605765090382,18.06617644694233,0.5849101755008109,1.037341315563074,-0.08787494996092422,-1.8014821972814246,1.0770069770624209,-0.4544259198581327,0.6055970913866,1.0579570965503016,7.360545299552286,5.824927426351654,-1.5314328969205535,0.45243114006226304
477,4.76,3.41644367266144,-8.348806462087966,104.59519692699516,18.225868992486596,0.5842201589627489,1.019119103399965,-0.06317119103862749,-1.7960843014613532,1.0828523140538207,-0.44414327436779755,0.6069765910611017,1.0420832601126278,7.36660802146482,5.8354276435814425,-1.5269955884216184,0.434898944437216
478,4.7700000000000005,4.0915723561027795,-8.315642045363148,104.15536994975868,18.38540537986817,0.5837766709072862,1.0009581818550428,-0.03776279032128799,-1.7892418672778052,1.0886919843726441,-0.4340425567150102,0.6085300036900336,1.026191836156607,7.372685411091145,5.845769032904868,-1.5227345410876545,0.4171815109477566
479,4.78,4.797459313122154,-8.277864966829785,103.74349617039721,18.544635685356646,0.5835867737442209,0.9828729758786378,-0.0117277998732834,-1.7810096402687894,1.094528488587391,-0.42412308183628095,0.6102535116026083,1.010284857567526,7.378779188530619,5.855951428432007,-1.518651570423672,0.3992862021344169
480,4.79,5.531315464048858,-8.235791451821594,103.35633621235691,18.703385857669225,0.5836567564012674,0.9648773640707414,0.014852979850869972,-1.7714462806176723,1.1003643940115937,-0.41438402315234524,0.6121432277033392,0.9943645712649651,7.384891035358101,5.865974685673644,-1.514748417163939,0.3812206076694741
481,4.8,6.290228835112178,-8.189759763078508,102.99051060651713,18.861459409888674,0.583992106574086,0.9469846394943457,0.041896448968409154,-1.760613976166852,1.1062023268306935,-0.4048244182275272,0.6141951964450838,0.978433435847883,7.391022593934286,5.875838683670399,-1.5110267450582207,0.3629925329202598
482,4.8100000000000005,7.071181919694625,-8.140128060524798,102.64251872514227,19.018639248782126,0.5845974874342262,0.9292074743144982,0.06931765367151167,-1.748578056433556,1.1120449639737626,-0.3954431748017611,0.6164053951484242,0.9624941185640334,7.397175466727487,5.8855433270949336,-1.507488138775524,0.344609986880272
483,4.82,7.871069083642079,-8.087272153344694,102.30875782800251,19.174689630615383,0.5854767187637933,0.9115578882511571,0.09703022676112984,-1.7354066085835467,1.1178950247744806,-0.3862390771570861,0.6187697356739406,0.9465494915953381,7.403351215650381,5.89508854832044,-1.5041341019315668,0.3260811694873639
484,4.83,8.686713938648772,-8.031583156668221,101.98554213603023,19.329358231643646,0.5866327624705284,0.8940472208251232,0.12494682176462366,-1.7211700962622645,1.1237552624654084,-0.37721079278055414,0.6212840664517135,0.9306026276547192,7.40955136141526,5.904474309448543,-1.5009660552459625,0.3074144583545948
485,4.84,9.51488661024249,-7.973465065826712,101.66912185041275,19.48237832063951,0.5880677124224862,0.8766861073682164,0.15297953926265662,-1.7059409821226723,1.1296284555490366,-0.36835687928578786,0.6239441748700558,0.9146567948939638,7.415777382911366,5.913700604289719,-1.4979853348348247,0.28861839494573016
486,4.8500000000000005,10.352320829302597,-7.913332261788875,101.35570203747871,19.633471020006557,0.5897827885276741,0.8594844587612663,0.1810403441154777,-1.6897933548509665,1.1355173990884446,-0.3596757915557147,0.6267457900230677,0.8987154511264813,7.422030716607913,5.922767460289368,-1.4951931906441596,0.26970167023359226
487,4.86,11.195730778784796,-7.851606961971591,101.04146130257077,19.782347641294873,0.5917783349708282,0.8424514448563747,0.2090414723477872,-1.6728025614580035,1.1414248959595577,-0.3511658890694254,0.6296845858140966,0.882782237373288,7.428312755986373,5.931674940392722,-1.492590785028983,0.2506731098855465
488,4.87,12.041827630010182,-7.788716631097392,100.72257017889262,19.928712080320444,0.5940538225069755,0.8255954815330309,0.2368958265145975,-1.6550448455665687,1.1473537481060834,-0.34282544337656545,0.6327561844096351,0.8668609707451431,7.434624851005542,5.940423144841872,-1.4901791914826488,0.2315416590260554
489,4.88,12.887335705951998,-7.725091367214532,100.39520916054165,20.07226325652296,0.5966078546995162,0.8089242213312383,0.2645173584406977,-1.636596992406202,1.153306747837115,-0.3346526456832149,0.6359561600356158,0.8509556366783829,7.440968307602873,5.949012212898383,-1.4879593935203301,0.21231636663172215
490,4.89,13.729008211860194,-7.661161278357554,100.05558631200383,20.212697580723294,0.5994381779793463,0.7924445475984242,0.29182143828871426,-1.617535981214412,1.159286669206235,-0.32664561451381086,0.6392800431054798,0.8350703805467411,7.447344387235445,5.957442324485111,-1.4859322837200457,0.1930063696190779
491,4.9,14.56364247673816,-7.597353865463252,99.69995438975039,20.34971143520646,0.6025416953909242,0.7761625720806758,0.31872520897698126,-1.5979386456978977,1.165296259509644,-0.3188024034143207,0.6427233246668305,0.819209498676014,7.4537543064638045,5.965713701741136,-1.484098662923965,0.17362087668975168
492,4.91,15.388094652479701,-7.534091427423462,99.32462741506666,20.483003649702237,0.6059144838812307,0.7600836358829863,0.3451479250361208,-1.5778813432318155,1.1713382309394766,-0.3111210086626184,0.646281461150993,0.8033774287930681,7.460199236581815,5.973826610483992,-1.482459239602095,0.15416915200175563
493,4.92,16.199293820714402,-7.471788504123166,98.92599664070055,20.61227795679404,0.609551814978297,0.7442123137169748,0.3710112750567645,-1.557439633446694,1.177415252426942,-0.3035993769527832,0.6499498794073618,0.7875787399451196,7.4666803032954325,5.981781361573692,-1.4810146293797253,0.1346604987386778
494,4.93,16.994255460876538,-7.410849373222506,98.50054585761134,20.737245410312134,0.6134481786973169,0.7285524213486203,0.39623968694875294,-1.5366879668421958,1.1835299417083909,-0.2962354130209042,0.6537239820021172,0.7718181219293879,7.473198586453176,5.989578312173471,-1.4797653547292953,0.11510424265130337
495,4.94,17.770094236408028,-7.351665616265313,98.04486599173312,20.857626750390523,0.6175973105044015,0.7131070261525255,0.4207606152968031,-1.5156993840652242,1.1896848576457175,-0.2890269871808553,0.6575991527586968,0.7561003742773142,7.479755119830793,5.997217866902563,-1.4787118448265728,0.09550971564812405
496,4.95,18.524036059652616,-7.294613769464487,97.55566894455974,20.973154699055264,0.6219922211607126,0.697878460673225,0.4445048101681062,-1.494545226506464,1.1958824928307885,-0.28197194273950227,0.6615707625154119,0.7404303948411614,7.486350890972466,6.0047004788767815,-1.4778544355702907,0.07588623951251239
497,4.96,19.25342939940089,-7.2400530739408335,97.02980063501369,21.083576170752345,0.626625229263115,0.6828683390876966,0.46740656678935966,-1.4732948588200654,1.2021252665017899,-0.27506810326179054,0.6656341750737519,0.7248131680341917,7.492986841090545,6.012026650633201,-1.4771933697635804,0.05624310982458158
498,4.97,19.955755798855712,-7.1883233398648,96.46425320413545,21.18865438252437,0.6314879962914958,0.6680775764573659,0.48940395558454913,-1.4520154040262072,1.2084155177974867,-0.2683132796572985,0.6697847533093156,0.7092537527786006,7.49966386502561,6.019196934935722,-1.4767287974547854,0.036589580165870106
499,4.98,20.628639575321184,-7.1397429381598325,95.85617634792519,21.288170849319535,0.6365715639676874,0.6535064106512637,0.5104390321292851,-1.4307714918078949,1.2147554993735032,-0.2617052770609443,0.6740178654159165,0.6937572702178699,7.506382811268339,6.0262119354588926,-1.4764607764344477,0.016934846683576255
500,4.99,21.26985667668243,-7.0946069327835755,95.20288774770953,21.381927250548145,0.6418663937263449,0.639154426815839,0.5304580266489685,-1.409625020637912,1.221147371402722,-0.25524190148178266,0.6783288912522866,0.678328891252287,7.5131444820443525,6.033072307347931,-1.4763892728845045,-0.002711966910505903
501,5.0,21.877342673333978,-7.053185365682079,94.50188257126808,21.469747154920107,0.647362408094292,0.625020584260343,0.5494115127540281,-1.3886349343430682,1.2275931959799231,-0.24892096619508244,0.6827132287599094,0.6629738239579547,7.519949633462896,6.039778757653449,-1.4765141621750058,-0.022341823833949004
502,5.01,22.449199868163706,-7.015721705713107,93.75084202219402,21.551477591398132,0.6530490337716618,0.6111032456203884,0.5672545551821176,-1.3678570137462949,1.2340949319486927,-0.24274029785424056,0.6871663004199473,0.6476973009506612,7.526798975729947,6.0463320456400576,-1.4768352298029335,-0.04194578815127337
503,5.0200000000000005,22.98370351061312,-6.982431471588136,92.94764091865645,21.62699045535615,0.6589152462057748,0.5974002081554516,0.5839468363780321,-1.347343683952831,1.2406544301665867,-0.23669774230046886,0.6916835597168931,0.6325045667564526,7.533693173425924,6.05273298296858,-1.4773521724670555,-0.06151503805032321
504,5.03,23.479307104891166,-6.9535010380624485,92.09035428709097,21.69618373986488,0.6649496154469087,0.5839087370299842,0.5994527618227451,-1.3271438379183034,1.2472734292224072,-0.23079117004968744,0.6962604975765675,0.6174008652508174,7.540632845847957,6.058982433752272,-1.4780645992720949,-0.08104087841692442
505,5.04,23.93464680580345,-6.929086633091175,91.17726296002203,21.758982583555266,0.671140353074168,0.5706256004208324,0.6137415440833248,-1.307302676824645,1.2539535516173719,-0.2250184814375767,0.7008926487463395,0.6023914272277202,7.547618567416252,6.065081314488022,-1.4789720330549487,-0.10051475265333554
506,5.05,24.348544899631065,-6.909313532696004,90.20685817150803,21.815340127503816,0.6774753599792984,0.5575471062878093,0.6267872656346403,-1.2878615678501482,1.2606963004197929,-0.21937761140535209,0.7055755980859909,0.587481458158719,7.55465086814386,6.071030593864156,-1.4800739118251451,-0.11992825369148907
507,5.0600000000000005,24.720012370918496,-6.894275458779086,89.17784514743762,21.865238175115685,0.6839422747967656,0.5446691406376658,0.6385689205667738,-1.2688579198363192,1.2675030564007972,-0.21386653391048707,0.7103049867384812,0.5726761262007231,7.561730234168757,6.076831292447016,-1.4813695903112842,-0.1392731341590998
508,5.07,25.04825055982317,-6.884034183843724,88.08914569202268,21.908687650284726,0.6905285227694951,0.5319872071059494,0.6490704353666882,-1.2503250773477317,1.274375075656496,-0.20848326594833047,0.7150765181509348,0.5579805505088599,7.568857108346922,6.0824844822491,-1.4828583416048264,-0.15854131566354568
509,5.08,25.33265191810432,-6.878619345113957,86.93989977559407,21.945728850605544,0.6972213648415339,0.5194964676754453,0.6582806690274385,-1.2322922335639275,1.2813134877199155,-0.20322587117235028,0.719885963917524,0.5433997899083406,7.576031890904755,6.087991286182087,-1.484539358892266,-0.17772489716608852
510,5.09,25.572799875421815,-6.8780284691240645,85.7294661327431,21.976431493864336,0.7040079467713714,0.5071917843447036,0.6661933928084719,-1.214784362402093,1.2883192941639225,-0.19809246310257955,0.7247291694174675,0.5289388319762035,7.583254940148915,6.093352877398581,-1.4864117572665023,-0.19681616242666777
511,5.1000000000000005,25.768467831002084,-6.88222720639145,84.45742188359128,22.000894557524852,0.7108753480628833,0.4950677615552594,0.6728072500359121,-1.1978221702167366,1.2953933676943412,-0.19308120791371078,0.7296020592231598,0.5146025825803927,7.590526573231415,6.098570478526924,-1.488474575608052,-0.21580758650762394
512,5.11,25.91961728913147,-6.891149774257233,83.12356119474339,22.01924591248833,0.7178106305147067,0.4831187891818445,0.6781256963980398,-1.1814220673459388,1.3025364517304296,-0.18819032679624328,0.7345006422553885,0.50039585591988,7.597847066967548,6.1036453608038785,-1.490726778526673,-0.23469184133286225
513,5.12,26.026395160099568,-6.904699604539511,81.7278930000125,22.031641753880066,0.7248008861933924,0.47133908588627466,0.6821569212521751,-1.1655961597145417,1.3097491604679472,-0.18341809788603874,0.7394210166647196,0.4863233651055277,7.605216658704017,6.108578843110365,-1.493167258353986,-0.2534618003071178
514,5.13,26.08913025148496,-6.92275019115397,80.27063780467276,22.038265833140837,0.7318332846407951,0.45972274263275703,0.6849137505236698,-1.150352260621406,1.3170319794180763,-0.17876285775966072,0.7443593744204005,0.4723897133169844,7.612635547234425,6.11337229091588,-1.495794837177737,-0.2721105420080381
515,5.14,26.10832897765054,-6.945146131418562,78.75222360036221,22.03932849717525,0.7388951191319512,0.44826376616019176,0.6864135318353188,-1.135693922754893,1.324385266413644,-0.17422300249490186,0.7493120055904671,0.4585993855665571,7.62010389375913,6.118027115137482,-1.498608268908546,-0.2906313529717594
516,5.15,26.08467031821765,-6.971704353314367,77.17328092107931,22.035065541790118,0.7459738518060336,0.4369561222057935,0.6866780025619827,-1.12162049037975,1.331809253072247,-0.16979698829795112,0.754275302299203,0.4449567410961969,7.627621822886284,6.122544770919567,-1.5016062413701983,-0.3090177296002401
517,5.16,26.01900005919776,-7.00221551970488,75.53463707404275,22.025736887962502,0.7530571574998716,0.4257937782741319,0.6857331415633572,-1.108127171568632,1.3393040467041606,-0.16548333170071075,0.7592457623505724,0.43146600642917476,7.635189423670811,6.12692675634087,-1.5047873784048713,-0.32726337922573967
518,5.17,25.912324352862093,-7.036445599037927,73.83730958201966,22.011625090992126,0.7601329661210197,0.41477074574619366,0.6836090053926015,-1.0952051301987256,1.346869632651249,-0.16128060933382327,0.7642199925087535,0.4181312690931432,7.64280675068788,6.131174611055328,-1.5081502419850725,-0.345362220374826
519,5.18,25.765802635206658,-7.074137591021346,72.08249887694514,21.993033693662873,0.7671895034052536,0.4038811211252099,0.6803395498358106,-1.0828415973861163,1.3545058770414895,-0.15718745728302455,0.7691947114294174,0.40495647202661733,7.650473825137471,6.135289914873584,-1.511693334324514,-0.3633083822800437
520,5.19,25.580739941901765,-7.115013394440261,70.27158028713283,21.9702854358984,0.7742153299118787,0.3931191262186047,0.6759624376746735,-1.071020001870992,1.362212529942219,-0.15320257003843565,0.7741667522378406,0.39194540867621397,7.658190635976458,6.139274286292001,-1.5154150999806548,-0.381096203693274
521,5.2,25.358578666031562,-7.1587758033535565,68.40609536324588,21.943720334364127,0.7811993781190655,0.3824791470597607,0.6705188336146966,-1.0597201187931065,1.3699892288937991,-0.14932469904841586,0.7791330647523815,0.37910171878746346,7.665957141074736,6.1431293809761245,-1.519313927942215,-0.39872023105930476
522,5.21,25.10088980260591,-7.205110616829701,66.48774259032457,21.913693646581734,0.7881309874907839,0.37195577137839964,0.664053187352258,-1.048918236149235,1.3778355028040614,-0.14555265089151018,0.7840907173541543,0.36642888488757963,7.673773268391782,6.146856890205505,-1.5233881536955716,-0.4161752161123843
523,5.22,24.80936372684669,-7.253688846647188,64.5183675356511,21.880573734893794,0.7949999373965243,0.36154382443508926,0.6566130057961443,-1.0385873381446953,1.3857507761826386,-0.14188528508192125,0.7890368985059777,0.3539302294544494,7.681638917170176,6.150458539286797,-1.5276360612645599,-0.43345611296143505
524,5.23,24.48580055465024,-7.304169006575928,62.49995248407336,21.844739846460705,0.8017964777750669,0.35123840304292187,0.6482486154860452,-1.0286973045161103,1.393734373693184,-0.13832151152573796,0.7939689179257933,0.3416089127620919,7.689553959142559,6.153936085941927,-1.5320558852189219,-0.45055807473214504
525,5.24,24.13210013508287,-7.356199466319363,60.43460561432097,21.806579826044253,0.8085113574438616,0.34103490760843336,0.6390129162809971,-1.0192151248128447,1.4017855250004174,-0.13486028764687077,0.7988842074217164,0.329467931389169,7.697518239748653,6.157291318678061,-1.5366458126472882,-0.46747644983542824
526,5.25,23.75025172582257,-7.409420852683263,58.324549771337885,21.76648777888027,0.8151358499662047,0.33092907203379107,0.6289611274121365,-1.010105126506751,1.4099033698880246,-0.1315006152032734,0.8037803213977117,0.3175101173737605,7.705531579358947,6.160526055145884,-1.5414039850912982,-0.4842067779324136
527,5.26,23.342323403508303,-7.463468480263935,56.17211089113805,21.72486170125022,0.8216617769991967,0.32091699133356216,0.6181505270174779,-1.0013292157169957,1.4180869636225908,-0.1282415368155692,0.8086549370405689,0.305738137994457,7.713593774501863,6.163642140492595,-1.5463285004381602,-0.5007447856656346
528,5.2700000000000005,22.91045126153739,-7.5179747937047186,53.979706135677205,21.682101096638,0.8280815290565356,0.31099514683150864,0.6066401862889963,-0.9928471292274611,1.4263352825380629,-0.12508213223158496,0.8135058542003518,0.29415449615511646,7.721704599091227,6.1666414457157375,-1.5514174147696478,-0.517086382225027
529,5.28,22.456828448443865,-7.572571803643147,51.74983179622966,21.638604595316583,0.8343880836313494,0.30116042881622346,0.5944906993775814,-0.9846166964224154,1.4346472298146018,-0.1220215143515893,0.8183309949778288,0.2827615313481671,7.729863805651086,6.1695258660238,-1.556668744166191,-0.533227654815126
530,5.29,21.983694100120566,-7.62689349841692,49.48505102425738,21.594767595293835,0.8405750206356104,0.2914101565483431,0.5817639102061176,-0.9765941096441711,1.4430216414252255,-0.11905882504016521,0.8231284030335532,0.27156142116922105,7.738071126534975,6.172297319209229,-1.5620804664653907,-0.5491648640872673
531,5.3,21.493322219321154,-7.680578214078282,47.18798144928799,21.550979942094305,0.8466365351240159,0.2817420955273466,0.5685226373494493,-0.9687342014759882,1.4514572922232352,-0.11619323075165447,0.8278962426342614,0.2605561833540591,7.74632627513697,6.174957744039218,-1.5676505229748896,-0.5648944395966693
532,5.3100000000000005,20.98801055549464,-7.73327094542684,44.86128274325361,21.507623664720796,0.8525674472816983,0.27215447194123893,0.5548303981353123,-0.9609907273298273,1.4599529021431754,-0.11342391799694364,0.8326327974530409,0.249747678307566,7.754628947091942,6.17750909866936,-1.573376820140119,-0.5804129753404594
533,5.32,20.470069537692815,-7.784625581514448,42.50764419072231,21.46507078442153,0.8583632096665165,0.2626459842390703,0.5407511331202434,-0.9533166517328413,1.4685071424879241,-0.11075008868005679,0.837336469140402,0.23913761209309575,7.762978821462663,6.179953359084918,-1.579257231167981,-0.5957172254274461
534,5.33,19.941811312555856,-7.834307049664901,40.12977232397678,21.423681212323164,0.8640199117081152,0.2532158117827604,0.5263489320850195,-0.9456644366488057,1.477118642274467,-0.10817095533352487,0.8420057756838316,0.22872753985002475,7.771375561911546,6.182292517574144,-1.585289597607992,-0.6108040999253548
535,5.34,19.40553893846514,-7.88199335281462,37.73037868119714,21.38380075124806,0.8695342814772447,0.2438636205519085,0.5116877626823052,-0.9379863301376459,1.4857859946110012,-0.10568573628186886,0.8466393495737509,0.21851886960670555,7.779818817854995,6.184528581237803,-1.59147173089287,-0.6256706609253362
536,5.3500000000000005,18.863535785895568,-7.927377486082088,35.312167745130836,21.34575921595178,0.8749036847500731,0.23458956589279376,0.49683120285559285,-0.9302346536966157,1.4945077630781884,-0.10329365076269983,0.851235935793965,0.20851286645588546,7.788308225598528,6.186663570538639,-1.5978014138408883,-0.6403141188572793
537,5.36,18.318055192593086,-7.970169219340228,32.87782511836345,21.309868685167125,0.8801261214033043,0.22539429231998925,0.48184217812783153,-0.9223620865793675,1.5032824880876932,-0.10099391403494033,0.8557943896547349,0.19871065705969734,7.796843409451005,6.188699517894287,-1.6042764021226334,-0.6547318290833151
538,5.37,17.77131042058452,-8.010096733754335,30.430005989777815,21.27642189766695,0.8852002191868279,0.21627893039668797,0.46678270483385564,-0.9143219454160046,1.5121086931915622,-0.09878573250350377,0.8603136744864899,0.18911323445168896,7.805423982816458,6.190638466316748,-1.610894425695066,-0.6689212887901399
539,5.38,17.225464960443116,-8.046908101662819,27.97132394526306,21.245690803154655,0.8901252249312867,0.20724509073732633,0.45171364034905087,-0.9060684575335872,1.5209848913164883,-0.09666829888942832,0.8647928592120053,0.17972146310389153,7.81404954926226,6.19248246810122,-1.6176531902059166,-0.6828801341939603
540,5.39,16.682623226011707,-8.080372600201235,25.5043401735066,21.2179252777771,0.8949009932584353,0.1982948551927727,0.4366944413303958,-0.8975570263291235,1.5299095908976745,-0.09464078747392815,0.8692311158145356,0.17053608422769134,7.822719703562462,6.194233583566818,-1.6245503783716027,-0.6966061380656626
541,5.4,16.144821680819987,-8.110281850792312,23.03155311570215,21.193352012338227,0.8995279728722864,0.18943076529555872,0.4217829309574266,-0.8887444871902719,1.5388813018877012,-0.09270234944414948,0.8736277167189869,0.16155772127821744,7.831434032715363,6.195893879851318,-1.6315836513318507,-0.7100972075767277
542,5.41,15.61402043499256,-8.136450777834447,20.555388605469563,21.172173580085072,0.9040071905188978,0.18065580805839665,0.4070350761217446,-0.8795893524499289,1.5478985416166553,-0.0908521083675622,0.8779820321027099,0.15278688563306558,7.840192116934547,6.19746542976187,-1.6387506499842175,-0.7233513824605011
543,5.42,15.092095348837532,-8.15871838151121,18.07819054253732,21.154567689348216,0.9083402327121615,0.17197339923506128,0.3925047754710935,-0.870052043958042,1.5569598404807026,-0.08908915582090705,0.8822935271519154,0.1442239824174151,7.84899353061272,6.198950310683225,-1.6460489963016096,-0.7363668334771002
544,5.43,14.580830676775802,-8.176948321202005,15.602212141025348,21.14068662475829,0.9125292253320219,0.16338736416760885,0.3782436591746908,-0.8600951119419863,1.5660637474372903,-0.08741254719845529,0.8865617592791029,0.13586931644895495,7.857837843257911,6.200350603544851,-1.6534762946357455,-0.749141861164413
545,5.44,14.081912282272013,-8.191029307434372,13.129607789932136,21.13065687929476,0.9165768112102827,0.15490191635784759,0.3643009012257358,-0.8496834388911843,1.575208835286286,-0.08582129772303151,0.8907863753161813,0.12772309827753633,7.866724620401714,6.201668391847989,-1.6610301330093176,-0.7616748948524351
546,5.45,13.596921451526978,-8.20087530198137,10.66242556025232,21.124578977752282,0.9204861258273773,0.14652163391429768,0.35072304504889446,-0.8387844273304487,1.5843937057175494,-0.08431437868179906,0.894967108697279,0.11978545029593574,7.875653424479404,6.202905760753478,-1.6687080843993485,-0.7739644919130797
547,5.46,13.127329330483306,-8.206425527074778,8.202600389620782,21.122527490831953,0.924260771251253,0.13825143403784215,0.33755384312553377,-0.8273681704010861,1.5936169941067122,-0.08289071390724459,0.8991037766444464,0.1120564128997768,7.884623815681881,6.204064796230949,-1.6765077080139568,-0.7860093372134109
548,5.47,12.674492006544169,-8.207644286386383,5.751947971871525,21.124551237370827,0.9279047884567422,0.13009654572070234,0.3248341112947761,-0.8154076043255973,1.6028773740422684,-0.08154917652210372,0.9031962773687207,0.10453595067625832,7.893635352779528,6.205147584269784,-1.684426550564372,-0.7978082427360398
549,5.48,12.239646253000258,-8.204520601786601,3.312159375088804,21.130673670850793,0.9314226281705115,0.12206248084314407,0.3126015983277179,-0.8028786419120497,1.6121735615685189,-0.08028858596517832,0.907244587298226,0.09722395860300358,7.90268759391822,6.206156210152022,-1.6924621475336972,-0.8093601473273674
550,5.49,11.823905950791957,-8.197067671396452,0.8847964079279986,21.140893444804504,0.9348191203927898,0.11415500386129711,0.3008908713110164,-0.789760286395133,1.6215043191303804,-0.07910770531310908,0.9112487583442003,0.09012026824002846,7.911780097387792,6.207092757787239,-1.7006120244434895,-0.8206641165314927
551,5.5,11.428259198622271,-8.18532215567237,-1.5287122500977652,21.15518515049396,0.938099442752602,0.10638010028695268,0.2897332173085457,-0.7760347249925678,1.6308684592076161,-0.0780052389111934,0.915208915215059,0.08322465389947348,7.920912422363391,6.207959309109242,-1.7088736981188095,-0.8317193424656494
552,5.51,11.05356611906303,-8.169343299785226,-3.9270741425375704,21.17350021869573,0.9412690878580873,0.09874394416686795,0.2791565617054764,-0.7616874017445044,1.6402648476276258,-0.07697983032429814,0.9191252527878474,0.0765368387794328,7.930084129620256,6.208757943534299,-1.717244677951924,-0.8425251436912193
553,5.5200000000000005,10.700557364510754,-8.149211901511766,-6.309135346614841,21.195767976448792,0.9443338298077188,0.0912528647737846,0.2691854035646728,-0.7467070692577793,1.6496924065475873,-0.07603006061682141,0.9229980335456719,0.07005650104977845,7.9392947822225315,6.209490737480465,-1.7257224671644087,-0.8530809650339343
554,5.53,10.369833323410937,-8.125029135161077,-8.673881996994492,21.22189684829516,0.9472996900317296,0.08391331272549772,0.259840768255888,-0.7310858191561255,1.6591501170983907,-0.07515444696851262,0.9268275850889741,0.0637832798795464,7.94854394618682,6.210159763947496,-1.7343045640669033,-0.8633863773062319
555,5.54,10.061864023423606,-8.096915242987734,-11.020441023485933,21.25177569059204,0.9501729026358625,0.07673182575056467,0.25114017753975326,-0.7148190911395345,1.668637021684552,-0.07435144163078825,0.9306142977278152,0.05771678139694637,7.957831191121253,6.210767092156697,-1.7429884633153403,-0.8734410768852978
556,5.55,9.776989724681872,-8.065008106468852,-13.3480801075501,21.28527524652672,0.9529598794215838,0.0697149943204664,0.24309763721304056,-0.6979056606862247,1.6781522259359754,-0.07361943122598216,0.9343586221616511,0.051856584574539275,7.967156090840899,6.211314787250007,-1.7517716571619575,-0.8832448851011174
557,5.5600000000000005,9.515422192709044,-8.029461710671914,-15.65620686666267,21.322249708593606,0.9556671747581867,0.06286942736786198,0.23572364234114201,-0.6803476055708836,1.6876949003092239,-0.07295673638978631,0.9380610672524533,0.04620224703366131,7.9765182239604515,6.211804910047529,-1.7606516366990101,-0.8927977473903248
558,5.57,9.277246637072611,-7.9904445155435155,-17.94436727965878,21.36253837466832,0.9583014504826749,0.056201718308995334,0.22902520002373147,-0.6621502514743157,1.6972642813376904,-0.07236161175493575,0.9417221978964251,0.04075331076345127,7.985917174465126,6.2122395168626925,-1.769625893092626,-0.9020997321736796
559,5.58,9.062424298354577,-7.948137748607764,-20.21224337028135,21.405967383134623,0.9608694410029953,0.049718411585639125,0.22300586955444873,-0.6433220971102847,1.7068596725318244,-0.07183224627202757,0.9453426329989815,0.035509307751227945,7.995352532260789,6.212620659374153,-1.778691918803852,-0.9111510294173562
560,5.59,8.87079566275003,-7.902733633896197,-22.45965017001266,21.45235151216752,0.9633779187789991,0.043425969937772584,0.21766581975468802,-0.623874719384332,1.716480444932319,-0.07136676386124055,0.9489230435571534,0.03046976552222785,8.004823893704373,6.21295038455355,-1.7878472087935595,-0.9199519488412266
561,5.6000000000000005,8.702084280305279,-7.854433572338115,-24.686531985156172,21.501496027851104,0.9658336603535171,0.03733074261302955,0.21300190317441514,-0.6038226592436847,1.7261260373208986,-0.07096322438662142,0.9524641508530778,0.02563421258787198,8.01433086211566,6.2132307346482065,-1.7970892617075203,-0.9285029177404875
562,5.61,8.55590115977376,-7.803446289021276,-26.892957996740293,21.55319856561257,0.9682434131030571,0.03143893471234653,0.20900774676989173,-0.5831832889882003,1.7357959560950496,-0.07061962494258747,0.9559667247617973,0.02100218380290043,8.023873048271586,6.2134637472178476,-1.806415581037637,-0.9368044783907106
563,5.62,8.431749709978098,-7.749985962653483,-29.079117225469325,21.60725102951916,0.9706138628739158,0.025756577863456875,0.20567385858110696,-0.5619766618818326,1.7454897748147233,-0.07033390144033573,0.959431582176176,0.016573225632777112,8.033450070884186,6.213651455224447,-1.815823676255059,-0.944857285010459
564,5.63,8.329031194940562,-7.694270352721211,-31.245312897108832,21.663441493807294,0.9729516026648937,0.020289502405398164,0.20298774984943999,-0.5402253450730539,1.7552071334306676,-0.07010393047997111,0.9628595855513872,0.012346901333748205,8.0430615570634,6.2137958871743075,-1.8253110639106387,-0.9526621002594955
565,5.64,8.24705066729219,-7.636518939459169,-33.39195624696721,21.72155609138572,0.9752631025123665,0.015043311256960764,0.20093407193063603,-0.5179542368763163,1.764947737205622,-0.06992753149239153,0.9662516415710952,0.008322796048923668,8.052707142765918,6.213899067311513,-1.8348752686980134,-0.9602197912554057
566,5.65,8.185023342138242,-7.576951091501638,-35.51955980496244,21.78138087429048,0.9775546807271641,0.010023355631328505,0.1994947672777058,-0.49519036957721774,1.7747113553411642,-0.06980246913329083,0.9696086999371781,0.004500521824632249,8.062386473231319,6.213963015861949,-1.844513824474455,-0.9675313250958356
567,5.66,8.142081371353893,-7.515784275717019,-37.628730205422954,21.842703631434205,0.9798324766255756,0.0052347127473405825,0.1986492336874668,-0.47196269902619536,1.7844978193244019,-0.0697264559100719,0.972931752284578,0.0008797225520604474,8.072099203406715,6.213989749327097,-1.8542242752344738,-0.974597763878235
568,5.67,8.117280976257534,-7.4532323230366515,-39.720160568246676,21.905315649680627,0.9821024248888514,0.0006821656749253017,0.19837450092735254,-0.44830188232059737,1.794307021010164,-0.06969715502102707,0.9762218312226794,-0.0025399211598891042,8.081844998361188,6.213981280826911,-1.864004176031191,-0.9814202592139261
569,5.68,8.109609895005743,-7.38950376366565,-41.794622500024815,21.96901340469888,0.9843702316768265,-0.0036298145609724142,0.19864541878559133,-0.4242400450090267,1.8041389104555579,-0.06971218338482757,0.9794800095044218,-0.005758687174041145,8.091623533691267,6.213939620491082,-1.8738510938403854,-0.9880000462377989
570,5.69,8.117995099483377,-7.324800244039165,-43.852957765685915,22.03360016907946,0.986641352611799,-0.007697084508271049,0.19943485551846094,-0.39981053923466686,1.8139934935250464,-0.06976911483720306,0.9827073993242382,-0.008776807069348552,8.101434495918753,6.213866775898159,-1.8837626083622494,-0.99433843712007
571,5.7,8.141310735382735,-7.2593150373714055,-45.89606968260246,22.098887525715316,0.9889209727385848,-0.011515841352186197,0.20071390560172314,-0.3750476943813483,1.8238708292852388,-0.06986548347065405,0.985905151745794,-0.01159446143244085,8.111277582882156,6.213764752561951,-1.8937363127558928,-1.0004368140907711
572,5.71,8.178386238105828,-7.193231658335519,-47.92491429045826,22.16469677576819,0.9912139885557826,-0.015082633436922156,0.20245210563445623,-0.34998656172114573,1.833771027209671,-0.06999878709218015,0.9890744562604369,-0.01421177518779123,8.121152504123078,6.213635554464835,-1.9037698143018513,-1.0062966219927048
573,5.72,8.228014576700904,-7.126722591798629,-49.94049135081809,22.23086023116412,0.9935249922017744,-0.018394368180628257,0.20461765718939748,-0.3246626547092092,1.8436942442146615,-0.07016649077327777,0.992216540477235,-0.016628812957451763,8.131058981268826,6.213481184637601,-1.9138607349879395,-1.0119193603824026
574,5.73,8.28896057750269,-7.0599481441255385,-51.94383523109072,22.297222382984252,0.9958582578669378,-0.0214483173364426,0.2071776553552537,-0.29911168650157055,1.8536406815481745,-0.07036603046591354,0.9953326699454548,-0.018845574440837145,8.140996748412586,6.213303645785581,-1.924006712014088,-1.0173065752033805
575,5.74,8.359969279344536,-6.993055424650452,-53.936005727512,22.363640938044796,0.9982177304909716,-0.02424211956855611,0.2100983216791427,-0.2733693063482436,1.8636105815542157,-0.07059481665778325,0.9984241481103707,-0.020861989804452866,8.150965552492504,6.213104940960945,-1.9342053982119989,-1.0224598500595277
576,5.75,8.4397742722355,-6.926177463585281,-55.91807888186315,22.429987717305288,1.0006070167912926,-0.026773780329138023,0.21334524017998216,-0.2474708364799414,1.8736042243358724,-0.07085023803994275,1.001492316403318,-0.022677915071046054,8.160965153670976,6.212887074281064,-1.9444544623758153,-1.0273807971204307
577,5.76,8.52710597219557,-6.8594324714659205,-57.891137845879044,22.496149410927607,1.0030293786551066,-0.029041669038531094,0.2168835950846685,-0.22145101111486365,1.883621924340433,-0.07112966515982969,1.0045385544669838,-0.02429312749724325,8.170995325715523,6.212652051693057,-1.9547515895002627,-1.0320710476936377
578,5.7700000000000005,8.620699785614638,-6.79292324389944,-59.85626384664787,22.56202818616309,1.0054877289142194,-0.03104451358780338,0.22067840891900825,-0.19534371917450602,1.893664026890343,-0.07143045403281816,1.0075642805170115,-0.025707320928276264,8.181055856382597,6.21240188178465,-1.9650944809231614,-1.036532242502023
579,5.78,8.719304117890259,-6.726736714253767,-61.81452730486123,22.6275421453839,1.0079846295078811,-0.03278139219904573,0.22469477958224796,-0.16918175231242943,1.903730904683829,-0.07174994968569884,1.0105709518411137,-0.026920101117952847,8.1911465478057,6.212138576641651,-1.9754808543695281,-1.0407660217069268
580,5.79,8.821688182255482,-6.660943655292284,-63.766979156539676,22.692625633231216,1.0105222920251582,-0.03425172269527828,0.22889811503487767,-0.14299655972199118,1.9138229542890401,-0.07208548960592888,1.0135600654369996,-0.0279309810018157,8.201267216889162,6.211864152752466,-1.985908443894969,-1.0447740147204365
581,5.8,8.926649566745226,-6.595598529845903,-65.7146424266789,22.75722939278016,1.013102580604513,-0.03545524924692361,0.2332543642437719,-0.11681801124583795,1.923940592655377,-0.07243440707108585,1.0165331587905826,-0.02873937591085752,8.211417695709033,6.211580631960147,-1.9963749997264628,-1.0485578298514366
582,5.8100000000000005,9.033021519023276,-6.530739488991211,-67.65850410131384,22.821320572262017,1.0157270171545965,-0.03639202667748709,0.23773024305114748,-0.09067417014967467,1.934084253665407,-0.07279403433370238,1.0194918107960882,-0.029344598712933802,8.22159783192243,6.2112900424626725,-2.0068782879991094,-1.0521190438320835
583,5.82,9.13967991115654,-6.466388515144317,-69.59950734190664,22.884882584959747,1.0183967888467915,-0.03706240242516123,0.24229345366570187,-0.06459107690718553,1.9442543847503175,-0.07316170563755289,1.022437642819845,-0.029745854868696166,8.23180748918683,6.2109944198622165,-2.0174160903878704,-1.0554591912719526
584,5.83,9.245549848883972,-6.4025517060591675,-71.53854408324223,22.947914826328415,1.0211127578169044,-0.03746699627100372,0.24691289651959045,-0.03859254520175688,1.954451443591324,-0.07353476004251672,1.025372319909739,-0.02994223738841311,8.24204654759071,6.210695808264353,-2.0279862036338407,-1.058579754087908
585,5.84,9.349611892608234,-6.339219694649345,-73.4764480530231,23.010432253476118,1.023875473000678,-0.037606677956855246,0.2515588732839063,-0.01269997129157957,1.9646758949287315,-0.07391054403628175,1.0282975521524786,-0.02993272167590468,8.252314904097032,6.210396261428237,-2.0385864389650132,-1.0614821509575334
586,5.8500000000000005,9.450907860293501,-6.276368198308457,-75.41398824806224,23.072464833397007,1.026685184015596,-0.03748254282809472,0.25620327990047714,0.013067842253594732,1.9749282074995642,-0.07428641391247062,1.0312150961810294,-0.02971616024538966,8.262612473001026,6.210097843968973,-2.049214621412035,-1.0641677268436907
587,5.86,9.548546185593953,-6.2139586904142785,-77.35186289844448,23.134056867348598,1.0295418569898578,-0.03709588564687185,0.2608197885582879,0.038694847525734676,1.9852088511237083,-0.07465973789615912,1.034126756834768,-0.02929127729681361,8.272939186403846,6.209802632613514,-2.0598685890198674,-1.0666377426367297
588,5.87,9.641706807589667,-6.151939185494637,-79.29069394757273,23.195266199981305,1.0324451922285451,-0.036448172731092805,0.26538401762139124,0.06416789622398641,1.9955182939575127,-0.07502789799926315,1.0370343889750844,-0.028656663135011015,8.283294994703567,6.209512717511567,-2.070546191956776,-1.068893364959638
589,5.88,9.729645572170353,-6.090245128846772,-81.23102207189989,23.256163322520955,1.035394643596895,-0.03554101258225965,0.2698736886058414,0.08947686789958317,2.0058569999326004,-0.07538829158986296,1.0399398994593763,-0.027810768417733903,8.293679867105148,6.209230203603159,-2.081245291522463,-1.0709356561791548
590,5.89,9.811698128356339,-6.028800380363708,-83.17330226043833,23.316830380347323,1.0383894394914244,-0.03437612517242048,0.2742687693961502,0.11461478102124817,2.0162254263964225,-0.07573833266120047,1.042845249276534,-0.026751898217438928,8.304093792150931,6.208957212044633,-2.0919637590576228,-1.0727655646638448
591,5.9,9.887283306539674,-5.967518281612416,-85.11789996994966,23.37736009602266,1.0414286052613893,-0.032955310065691155,0.27855160299691706,0.13957788651915073,2.0266240219697487,-0.07607545278780962,1.0457524558471918,-0.025478205881560093,8.314536778273315,6.208695881695034,-2.102699474757558,-1.0743839153270804
592,5.91,9.95590596931406,-5.906302794780749,-87.06508786752386,23.437854619251194,1.0445109869358613,-0.03128041355362025,0.28270702121991204,0.16436574355090067,2.0370532246348603,-0.07639710175801742,1.0486635954921917,-0.02398768667574678,8.325008854371287,6.208448370664942,-2.1134503263928774,-1.0757914004894815
593,5.92,10.01715932892797,-5.8450497010992475,-89.01504316836896,23.49842431625872,1.0476352761055585,-0.029353294986597424,0.28672244282364956,0.18898127752529892,2.0475134600667726,-0.0767007478738571,1.0515808060727603,-0.02227817119471903,8.335510070412463,6.20821685793005,-2.1242142079406294,-1.0769885710921558
594,5.93,10.070726729496071,-5.783647846642381,-90.96784557198903,23.559186510777486,1.0508000358035745,-0.027175792483487754,0.290587955734858,0.21343082036500716,2.058005140218228,-0.0769838779112553,1.0545062898060937,-0.020347318525034713,8.346040498062436,6.208003545011835,-2.134989018129483,-1.0779758282870622
595,5.94,10.116382895261022,-5.721980422452733,-92.92347579623532,23.620264189774886,1.0540037272253104,-0.02474968820215852,0.2942963831044171,0.23772413333540152,2.0685286621676706,-0.07724399673518104,1.05744231626,-0.01819260914444583,8.356600231343153,6.207810657727924,-2.1457726589028514,-1.078753415427469
596,5.95,10.15399465009066,-5.659926266270521,-94.88181470427082,23.6817846867153,1.0572447371252898,-0.022076673350558348,0.297843333068694,0.26187441276923595,2.0790844072377688,-0.07747862656625706,1.0603912255303118,-0.015811337542496466,8.36718938732215,6.207640448014836,-2.1565630338040256,-1.0793214104758482
597,5.96,10.183521116668338,-5.597361172887161,-96.84264301567953,23.74387835539596,1.0605214057271193,-0.019158313114924906,0.3012272322089869,0.28589827922589794,2.089672740390464,-0.07768530589710947,1.0633554316047267,-0.013200604547262944,8.377808106834504,6.2074951958259845,-2.167358046287573,-1.0796797188420442
598,5.97,10.205013407289009,-5.534159200371502,-98.8056415889437,23.80667724715288,1.0638320549826523,-0.015996011676490764,0.304449342822011,0.30981575072207324,2.100294009902816,-0.07786158805847547,1.06633742591657,-0.010357309343685256,8.388456555239351,6.2073772111079295,-2.1781555979612914,-1.079828066659143
599,5.98,10.218613821367883,-5.470193959618275,-100.77039225880672,23.87031380401548,1.0671750170174308,-0.012590977481801916,0.3075137642332063,0.33365020080630214,2.1109485473263727,-0.07800503943676974,1.0693397810918355,-0.0072781411692648965,8.399134923212923,6.207288835858065,-2.1889535867631427,-1.0797659944992326
600,5.99,10.224554567787347,-5.405339875088377,-102.736379208488,23.93491957994992,1.070548662601686,-0.008944188924115942,0.3104274184974238,0.35742830234674966,2.1216366677310816,-0.07811323734642642,1.072365154892485,-0.003959570673900317,8.409843427580022,6.207232446266999,-2.199749905077508,-1.079492851525802
601,6.0,10.223156033093606,-5.3394734050437265,-104.70299085334628,24.00062400187737,1.0739514294895378,-0.0050563605846592145,0.31320002094469723,0.38117995802303917,2.132358670233246,-0.07818376756185444,1.075416294358638,-0.00039784093131655995,8.420582312185925,6.20721045494909,-2.210542437795101,-1.079007790074197
602,6.01,10.214824619202467,-5.272474210364408,-106.66952220945268,24.067553181346675,1.0773818504735062,-0.0009279101725832127,0.31584403612869344,0.40493821854758605,2.143114838805434,-0.07821422151529347,1.0784960401516774,0.0034110419089951184,8.431351848810714,6.207225313264633,-2.221329060320728,-1.0783097606460894
603,6.0200000000000005,10.200050176683305,-5.204226261587941,-108.6351777176795,24.13582878716495,1.0808385810069725,0.003441073707905494,0.31837461983859316,0.42873918977056946,2.153905443364747,-0.07820219316819468,1.081607331099621,0.0074713183390693536,8.442152338128043,6.207279513737381,-2.232107636532942,-1.077397507299067
604,6.03,10.179403061846127,-5.134618874824581,-110.5990744913282,24.205566988250727,1.0843204262537558,0.008050862846458035,0.32080954791983984,0.4526219298232544,2.1647307411344445,-0.07814527556496056,1.0847532089452006,0.011787485586773278,8.452984110710382,6.207375592571121,-2.2428760166994053,-1.0762695634072978
605,6.04,10.153530847710424,-5.063547668075374,-112.56024595307615,24.276877475075032,1.0878263674313946,0.012902119666529417,0.32316913273099757,0.4766283375115512,2.1755909782725293,-0.07804105707901356,1.0879368232959816,0.01636430809262811,8.463847528082741,6.2075161322690855,-2.2536320353515427,-1.0749242477648653
606,6.05,10.123154720624616,-4.9909154305800785,-114.5176458249657,24.34986256692821,1.0913555873229466,0.01799592632372459,0.3254761281353225,0.5008030331701714,2.1864863917595923,-0.07788711736212253,1.0911614367745148,0.0212068283719094,8.474742983826912,6.207703764360077,-2.2643735091217145,-1.073359660999222
607,6.0600000000000005,10.089065595471624,-4.916632898864903,-116.47015243367484,24.424616411178732,1.0949074948410975,0.023333812582357963,0.32775562398373426,0.5251932332024304,2.1974172115370396,-0.07768102300881388,1.0944304303648422,0.026320378261399557,8.485670904738175,6.207941172235124,-2.2750982345458537,-1.0715736822587396
608,6.07,10.052119983565323,-4.840619434535598,-118.4165732918465,24.501224279285545,1.098481748537925,0.028917782402656175,0.3300349310930461,0.5498486194494185,2.2083836628856797,-0.07742032294839721,1.0977473089497665,0.03171059054630926,8.496631752036457,6.2082310940985215,-2.285803985834077,-1.069563966135269
609,6.08,10.01323564774761,-4.7628035998446006,-120.35564991560751,24.579761963311633,1.102078278963716,0.034750339182912295,0.3323434577594194,0.5748212045582997,2.219385969033666,-0.07710254357778394,1.101115707030873,0.03738341095799472,8.507626022633769,6.208576326037,-2.2964885126114503,-1.0673279397808038
610,6.09,9.973387079769068,-4.6831236286470235,-122.28606283761603,24.660295275069604,1.1056973097886478,0.04083450961305018,0.33471257886657985,0.6001651943593601,2.2304243539818365,-0.0767251836487575,1.1045393946205742,0.0433451105276727,8.518654250459711,6.208979725210659,-2.307149537630594,-1.0648628001755975
611,6.1000000000000005,9.933600834824041,-4.601527791431792,-124.20643677502937,24.74287964892614,1.109339377611787,0.047173866106681575,0.3371754986588133,0.6259368482384874,2.241499045533723,-0.07628570892373457,1.108022283292136,0.049602298274671996,8.529717007846704,6.2094442131691485,-2.317784754457458,-1.0621655115051054
612,6.11,9.894950757952682,-4.517974654756518,-126.11534591180332,24.82755984761726,1.1130053503925985,0.053772547789134525,0.33976710823819395,0.6521943382793156,2.2526102785167565,-0.07578154661435324,1.1115684323698374,0.056161934200187655,8.540814906976458,6.209972779296279,-2.32839182513111,-1.059232802603464
613,6.12,9.858553135918946,-4.432433236365219,-128.0113192557592,24.914369769441826,1.1166964444508185,0.060635280027259375,0.342523838826263,0.678997607917935,2.26375829818066,-0.07521007961738427,1.1151820552368434,0.06303134254827855,8.551948601388904,6.210568484385928,-2.338968377798044,-1.0560611644235591
614,6.13,9.825561807627569,-4.3448830590869125,-129.89284603133692,25.00333235334729,1.120414239991015,0.06776739249481803,0.3454835117931457,0.7064082305433846,2.2749433637584597,-0.07456864056258118,1.1188675257332972,0.07021822528580832,8.563118787554746,6.211234464351726,-2.349512004321041,-1.052646847496197
615,6.140000000000001,9.797163264122212,-4.255314107511232,-131.75838107096808,25.09445957748749,1.1241606951182768,0.07517483577222012,0.34868518640195534,0.7344892683965208,2.286165752175227,-0.07385450568712162,1.1226293846109128,0.07773067574045626,8.574326206512243,6.2119739340723585,-2.360020257862349,-1.0489858593460566
616,6.15,9.774571767835472,-4.163726693059133,-133.6063501693912,25.18775254517397,1.1279381583210342,0.08286419648348922,0.35216900614955804,0.763305131802501,2.297425761889318,-0.07306488855127594,1.1264723460035049,0.08557719232230837,8.585571645568699,6.212790191373758,-2.370490650440594,-1.0450739618375449
617,6.16,9.759024518286697,-4.070131234162666,-135.4351553677608,25.283201651007904,1.1317493794059381,0.09084271097432496,0.35597604449646064,0.7929214385605154,2.308723716850734,-0.07219693360991666,1.1304013038647671,0.09376669223820211,8.596855940066522,6.213686621148538,-2.3809206504606504,-1.040906668431613
618,6.17,9.751776888973328,-3.9745479594939237,-137.24318013693403,25.380786818714633,1.1355975188777412,0.0991182775339393,0.36014815067978095,0.8234048730310349,2.3200599705610596,-0.07124770965444173,1.1344213383153834,0.10230852508948485,8.60817997521325,6.214666699612107,-2.391307680215501,-1.036479241343802
619,6.18,9.754097757265745,-3.877006543455619,-139.028794432372,25.480477800889346,1.1394861557641904,0.10769946715936232,0.36472779617999024,0.8548230441105188,2.3314349102194654,-0.07021420313969289,1.1385377218310524,0.11121248622278532,8.619544687974342,6.2157339986936275,-2.4016491133591584,-1.0317866886048281
620,6.19,9.767264945668419,-3.7775456840834165,-140.7903595966696,25.58223452988268,1.1434192938917533,0.11659553285336237,0.3697579222783039,0.8872443409893809,2.342848960939225,-0.0690933114104795,1.1427559251908699,0.12048882967891494,8.63095106902669,6.216892190558622,-2.4119422723497044,-1.026823761038391
621,6.2,9.792560789242133,-3.6762126347283486,-142.52623308945698,25.686007507792706,1.1474013666224894,0.12581641743662236,0.375281788985125,0.9207377851584908,2.3543025900193193,-0.06788183584248245,1.1470816230919076,0.1301482805576688,8.642400164770056,6.218145052258309,-2.4221844258618015,-1.021584949185867
622,6.21,9.831267839764157,-3.573062701717844,-144.234773028809,25.79173822265389,1.1514372400653012,0.13537275983998492,0.38134282545010345,0.9553728767632688,2.365796311255813,-0.0665764749125686,1.1515206993203047,0.14020204658496013,8.653893079392532,6.219496470498792,-2.432372786168382,-1.0160644802253163
623,6.22,9.88466471267293,-3.4681587211325304,-145.91434253301585,25.89935957692758,1.1555322147760185,0.1452758998240063,0.3879844817723886,0.9912194329485158,2.377330689277812,-0.06517381721398709,1.1560792513516387,0.1506618286332288,8.665430976984954,6.2209504465209085,-2.442504506491799,-1.0102563149520123
624,6.23,9.954022078044456,-3.3615705287189046,-147.56331385656878,26.00879631346622,1.15969202596007,0.1555378810499381,0.3952500819228325,1.0283474153462075,2.388906343892953,-0.06367033443255934,1.1607635942337544,0.1615398299064683,8.677015083697878,6.222511101078863,-2.4525766783255127,-1.0041541449101319
625,6.24,10.040598791448518,-3.2533744377006624,-149.18007231981937,26.119965423330022,1.1639228421887298,0.16617145239812545,0.40318267726160073,1.066826743347905,2.400523954427523,-0.06206237430087683,1.1655802635831356,0.17284876345639685,8.688646689933114,6.22418267950267,-2.4625863287284,-0.9977513897906043
626,6.25,10.145638154672154,-3.143652739765379,-150.7630200378423,26.232776519268253,1.1682312626348645,0.1771900673965688,0.4118248998932376,1.1067270893087762,2.4121842640463593,-0.06034615354872511,1.17053601750129,0.18460185764624681,8.70032715255996,6.225969556825831,-2.4725304175950846,-0.9910411952382957
627,6.26,10.270364290421252,-3.032493245436918,-152.3105794601155,26.34713215768982,1.172624312826626,0.1886078815840978,0.421218814833763,1.1481176511494242,2.4238880840377273,-0.0585177508695234,1.1756378371904443,0.19681285912343702,8.712057897144334,6.227876242955588,-2.482405834907251,-0.9840164312425282
628,6.2700000000000005,10.415978608252319,-2.9199888802561302,-153.82119673970047,26.46292809168085,1.1771094389073793,0.20043974758750546,0.43140576968853944,1.1910668973044347,2.43563629804829,-0.05657309992453932,1.1808929260176024,0.2094960328005986,8.723840420176492,6.229907387858391,-2.4922093979728297,-0.9766696913198738
629,6.28,10.58365633215963,-2.8062373538178753,-155.2933449576315,26.580053436946365,1.181694500377231,0.21270120764160183,0.4424262402405318,1.2356422782698724,2.4474298662531058,-0.0545079824091135,1.1863087067429972,0.22266615827696828,8.735676291280484,6.2320677867278755,-2.5019378486622195,-0.9689932927356292
630,6.29,10.774543052775387,-2.6913409190459925,-156.7255272358895,26.698390732164647,1.186387761275605,0.22540848322378698,0.45431967003508505,1.2819098983401038,2.4592698294452826,-0.05231802120810272,1.1918928165929095,0.23633852205824307,8.747567155385392,6.234362385096626,-2.5115878506533855,-0.960979278051818
631,6.3,10.989751259374714,-2.575406239335587,-158.11627978028363,26.81781587494188,1.191197879745239,0.23857846141063832,0.46712430172269354,1.329934140444569,2.471157313029378,-0.0499986736713798,1.1976530998176853,0.2505289048524976,8.75951473483503,6.236796283846133,-2.521155986700758,-0.9526194183346006
632,6.3100000000000005,11.230356798741958,-2.4585443813055052,-159.46417490288283,26.938197914389956,1.1961338958956755,0.2522286774931252,0.4808769975866068,1.3797772363150802,2.483093530901964,-0.047545225044492136,1.2035975973339816,0.2652535631336359,8.771520831409006,6.239374744061787,-2.5306387559464563,-0.9439052184025503
633,6.32,11.497395199496218,-2.340870951039198,-160.76782408226558,27.059398681168695,1.2012052178586445,0.26637729330925575,0.4956130463328352,1.4314987734852491,2.495079789201808,-0.04495278209460832,1.2097345330056246,0.28052920407136145,8.783587328223794,6.242103191671101,-2.5400325712964165,-0.9348279245493888
634,6.33,11.79185779175651,-2.2225063913520637,-162.0258811287421,27.18127223613296,1.2064216058985802,0.28104307066786915,0.5113659528828495,1.4851551300273984,2.5071174899109105,-0.04221626697771555,1.2160722960708106,0.2963729528297562,8.795716191477764,6.244987221793979,-2.5493337568886263,-0.925378535230711
635,6.34,12.114687543243985,-2.103576457484091,-163.23704553064107,27.303664118832902,1.2117931544089715,0.29624533914610524,0.528167207561116,1.5407988272477444,2.5192081342860866,-0.039330411399760366,1.2226194191750124,0.3128023111354172,8.807909471998993,6.2480326027232405,-2.558538545685847,-0.9155478152628662
636,6.3500000000000005,12.466774524000556,-1.9842128877350707,-164.40006606684298,27.42641037797661,1.2173302715892391,0.31200395744508885,0.5460460307542022,1.598477790121692,2.5313533260989423,-0.036289751132072355,1.2293845514199055,0.3298351059130315,8.820169306548996,6.25124527944225,-2.567643077231015,-0.9053263141441503
637,6.36,12.848950903208278,-1.8645542848622076,-165.51374477960005,27.549336366656796,1.2230436565576528,0.3283392673858552,0.5650290888068106,1.6582345047580425,2.543554774659808,-0.03308862095009359,1.23637642579002,0.3474894266830763,8.83249791882938,6.254631376573805,-2.576643395609902,-0.8947043891717976
638,6.37,13.261985373212548,-1.7447472224190852,-166.5769414102568,27.672255286798606,1.2289442736135439,0.34527203952012164,0.5851401766718084,1.720105062044005,2.5558142975985763,-0.02972115007413769,1.2436038202722235,0.3657835503164493,8.844897620131835,6.258197200641029,-2.585535447672714,-0.8836722340934222
639,6.38,13.706576888108968,-1.6249475885350972,-167.5885784084355,27.79496646900376,1.2350433233173008,0.3628234092215842,0.6063998626176708,1.7841180765502611,2.5681338233722513,-0.02618125820172004,1.2510755119404184,0.3847358516474826,8.857370809564737,6.2619492415063585,-2.5943150815739715,-0.8722199140957166
640,6.390000000000001,14.183347597553775,-1.5053221769665837,-168.54764663220658,27.91725337670356,1.24135221000978,0.38101480201381427,0.6288250901804123,1.8502934701337874,2.5805153934655194,-0.022462652232866167,1.2588002232416786,0.404364698365702,8.869919973782288,6.2658941728394195,-2.6029780456983858,-0.8603374079959658
641,6.4,14.692834850962178,-1.3860505319606475,-169.45321186256038,28.03888132692917,1.2478825053447327,0.39986784678466625,0.6524287325206728,1.9186411103589756,2.592961164246581,-0.01855882380279563,1.2667865596931613,0.4246883285427781,8.882547686134227,6.270038851448386,-2.611519988049377,-0.8480146585600664
642,6.41,15.23548214377941,-1.2673270491894817,-170.30442225935528,28.15959492444152,1.2546459073596026,0.41940427543779857,0.6772190944600046,1.989159295050838,2.605473408436017,-0.014463047750364024,1.2750429381855115,0.44572470911263984,8.895256605146198,6.274390315292775,-2.619936456186381,-0.835241631921804
643,6.42,15.811628876621043,-1.1493633297390171,-171.1005168872689,28.279115211440914,1.2616541945629187,0.43964580744437026,0.7031993577483351,2.061833076042635,2.618054516141443,-0.010168381665581339,1.283577505092287,0.46749137361776294,8.908049472232872,6.2789557799787765,-2.6282228978070243,-0.8220083871185484
644,6.43,16.421498799934643,-1.0323907771909058,-171.84083543901107,28.397136542288255,1.2689191744722337,0.4606140176879611,0.7303669656016574,2.1366324177538147,2.6307069954052973,-0.005667666675239569,1.2923980434109819,0.49000523757286335,8.920929108537914,6.283742633521474,-2.636374662080537,-0.8083051567842725
645,6.44,17.065187023258012,-0.9166634199421209,-172.52482927735704,28.513323200904573,1.2764526259971436,0.48233018595131744,0.7587129432766854,2.213510189483483,2.6434334722072417,-0.0009535296419740609,1.301511868215915,0.5132823898915064,8.933898410787519,6.288758429142261,-2.644387001849216,-0.7941224400458262
646,6.45,17.742645478915932,-0.8024609307914043,-173.15207390768626,28.627305789055875,1.2842662350298348,0.5048151263815022,0.7882211524795325,2.292399994695423,2.6562366898564114,0.003981613031339681,1.3109257097920146,0.5373378589823149,8.946960346037347,6.294010875854948,-2.652255076825072,-0.7794511086483327
647,6.46,18.453666746797648,-0.6900918041271575,-173.72228297701753,28.73867742594686,1.292371522583862,0.5280889953018466,0.818867478769226,2.373213845977077,2.669119507702319,0.00914554978349067,1.3206455839490812,0.5621853523652216,8.960117945187044,6.299507826581244,-2.6599739579188286,-0.7642825272820153
648,6.47,19.197866170661328,-0.5798966372507652,-174.23532387305846,28.846989813978606,1.3007797648137471,0.5521710758247406,0.8506189528788352,2.4558397010349617,2.682084899086538,0.01454626623887443,1.33067664919524,0.5878369689983249,8.97337429513238,6.305257263526487,-2.6675386328476636,-0.7486086889890066
649,6.48,19.9746622280081,-0.4722514467207728,-174.6912349668021,28.95174924192644,1.3095019042575768,0.5770795378717256,0.883432809054082,2.540138883004694,2.6951359484506727,0.02019193527452032,1.3410230506834222,0.614302883957514,8.986732529422971,6.311267280540461,-2.6749440131761526,-0.7324223663858512
650,6.49,20.78325515607251,-0.36757093241971406,-175.09024450361989,29.052412615862814,1.3185484516761048,0.6028311724386357,0.917255486178172,2.6259434178257948,2.7082758475097157,0.026090904558483816,1.351687751142572,0.6415910056881388,9.000195817294015,6.3175460621874215,-2.682184942951232,-0.7157172792374691
651,6.5,21.622603887374847,-0.26631158268318744,-175.43279109916574,29.148383628540532,1.327929377919944,0.6294410992694419,0.9520215805917509,2.7130533320488794,2.7215078903939243,0.03225168129787435,1.3626723493724238,0.6697066067643446,9.013767350944574,6.3241018592550615,-2.68925620909605,-0.698488278650502
652,6.51,22.49140140937227,-0.16897449234810624,-175.71954573794966,29.239009200613207,1.3376539953458644,0.6569224475341793,0.98765276316774,2.8012339665384425,2.7348354676570596,0.03868291392860688,1.3739768873204166,0.6986519299544093,9.027450330942605,6.330942960445694,-2.696152553728453,-0.6807315478116851
653,6.5200000000000005,23.388048735629496,-0.0761077434968449,-175.95143510260803,29.323576350483858,1.347730828429191,0.6852860096589144,1.0240566773304016,2.8902133746254526,2.748262059044739,0.0453933704776721,1.3855996472749852,0.7284257724075565,9.04124794964985,6.338077660015893,-2.702868688567067,-0.6624448187702765
654,6.53,24.31062775987356,0.011691823601378548,-176.12966598142037,29.401309673336684,1.3581674733864875,0.7145398691387919,1.061125839258019,2.9796798871426504,2.761791224913908,0.05239191333362545,1.3975369412982646,0.7590230519443751,9.055163372577843,6.34551422116467,-2.709399311580283,-0.6436276042476956
655,6.54,25.25687335910525,0.09377764331721661,-176.25575041072403,29.471369633009875,1.3689704468353971,0.7446890039869084,1.0987365664026558,3.069279941028618,2.7754265961936766,0.05968747017341934,1.4097828956780174,0.7904343607403596,9.069199717610685,6.3532608350165445,-2.7157391260202575,-0.6242814428484887
656,6.55,26.22414521688887,0.16945347364871743,-176.3315311082634,29.532851890564118,1.380145023779981,0.7757348684355635,1.136747965531506,3.158616281904829,2.7891718627792943,0.0672890008150515,1.4223292338917108,0.8226455131183518,9.083360032061739,6.361325575105767,-2.721882861964243,-0.6044101553444176
657,6.5600000000000005,27.209399949820945,0.23797468869469762,-176.35920664638513,29.584787910211812,1.3916950655220395,0.8076749566073284,1.175001016579086,3.2472466638093,2.8030307602555573,0.07520545979717917,1.4351650623264287,0.8556370956748838,9.097647267569835,6.369716347342646,-2.7278253004583783,-0.5840201089147111
658,6.57,28.2091642376201,0.29855104945321065,-176.34135570165324,29.626147092736968,1.4036228384616627,0.8405023531016642,1.2133177934045594,3.3346831795085534,2.817007054853661,0.08344575453016365,1.4482766637619209,0.88938402950986,9.112064252887045,6.378440835532877,-2.7335613003234975,-0.5631204853599985
659,6.58,29.21950977418055,0.3503511872565812,-176.28095960597358,29.655840687983062,1.4159288251609523,0.874205276773469,1.2515008667894574,3.420392361852095,2.8311045265573145,0.09201869891915024,1.4616473043661249,0.9238551558412074,9.126613664663733,6.387506442626068,-2.7390858276381644,-0.5417235483874833
660,6.59,30.23603096996903,0.3925090216207461,-176.1814223168698,29.672727727388384,1.428611529497659,0.908766625380753,1.2893329383145666,3.503796198728982,2.8453269502898073,0.1009329624295254,1.4752570606317947,0.9590128576855868,9.141297996397672,6.396920227989665,-2.744393987860282,-0.5198449041169059
661,6.6000000000000005,31.253826437018372,0.42413230806863655,-176.04658682934777,29.675623193150795,1.441667278221153,0.9441635302006891,1.3265767556963832,3.584274200150864,2.8596780751345423,0.11019701464901098,1.4890826732505864,0.9948127314763674,9.156119525781167,6.406688841137357,-2.7494810604855315,-0.49750374802046393
662,6.61,32.267485370753526,0.44431346881620426,-175.8807469743459,29.66330859954426,1.4550900217278875,0.9803669310950339,1.3629753603501211,3.6611666443726967,2.874161601567095,0.11981906549854825,1.5030974353222173,1.031203323362293,9.171080280752342,6.416818452484557,-2.754342536068547,-0.47472309063285356
663,6.62,33.27107999841359,0.4521427985958004,-175.688653498479,29.63454510259428,1.468871137379899,1.0173411837721773,1.3982527159255065,3.733779109598301,2.8887811567076436,0.1298070013552832,1.5172711224739297,1.0681259453704492,9.186182004631736,6.427314681853461,-2.7589741553523606,-0.45152995360772175
664,6.63,34.25816528484826,0.44672405822909766,-175.4755133034484,29.58808917552618,1.482999239175727,1.0550437120562492,1.4321147619995924,3.8013883678317404,2.9035402676382236,0.14016831747372893,1.5315699723625293,1.1055145865113145,9.201426120800894,6.438182525602101,-2.763371950164495,-0.4279555271194777
665,6.640000000000001,35.22178706401276,0.42719237014472444,-175.2469807498033,29.522710789300707,1.4974599980231653,1.0934247187383213,1.4642509296983273,3.8632496774051654,2.9184423328695916,0.15091004722314746,1.5459567205962308,1.1432959331477508,9.216813697452531,6.449426283399341,-2.7675322856464444,-0.40403527928484406
666,6.65,36.15449969166209,0.39273421502086237,-175.0091400053106,29.437213922179694,1.5122359772289125,1.1324269689502666,1.494336145641222,3.918605461070062,2.9334905920867924,0.16203868879673045,1.560390699305658,1.1813895114599222,9.232345413008373,6.461049485804176,-2.771451903290062,-0.37980900827864583
667,6.66,37.04839418654693,0.3426092001470149,-174.76847754772155,29.330459092529658,1.5273064880819902,1.171985659872921,1.522033337284147,3.966695298198202,2.9486880943500124,0.173560130186958,1.5748280033892819,1.2197079625648954,9.248021522857508,6.473054823925293,-2.7751279641630546,-0.3553208282090692
668,6.67,37.89513764070831,0.2761731341685447,-174.5318441180463,29.20138747109892,1.5426474705363247,1.2120283898798185,1.5469964367678068,4.006767094878357,2.964037664976663,0.1854795733560228,1.589221727856153,1.2581574577840817,9.263841828110612,6.4854440825278346,-2.7785580916206403,-0.33061908065650614
669,6.68,38.68602443430533,0.19290180667714818,-174.30640566324078,29.049045989791132,1.5582314039669274,1.2524752388625748,1.5688738622427418,4.038089227350621,2.9795418713806145,0.1978014586544787,1.6035222777139542,1.2966382577406148,9.279805647090003,6.498218078010654,-2.781740412726136,-0.30575616510435255
670,6.69,39.4120394919804,0.09241474384666937,-174.0995831010256,28.872612732669374,1.5740272527619794,1.2932389694479578,1.5873124361405828,4.0599633862713835,2.995202988193119,0.21052939064850282,1.6176777495590229,1.335045414517771,9.295911790278844,6.511376602692512,-2.784673597544616,-0.2807882833140216
671,6.7,40.06393347289847,-0.0255018964362419,-173.91898107739414,28.671421782138896,1.590000451106424,1.3342253561042123,1.6019616799546907,4.071737786378033,3.0110229620355926,0.22366606659969054,1.631634381502838,1.3732696111833103,9.312158539431808,6.524918376813553,-2.7873568954359023,-0.25577509500221174
672,6.71,40.63230940894955,-0.16087420453230195,-173.77230625544672,28.444986609226678,1.606112930707524,1.3753336457955814,1.6124784059720012,4.072820353121616,3.0270033763549633,0.23721320889456599,1.6453370654323727,1.4111981278080405,9.328543631502782,6.538841009575738,-2.7897901674603975,-0.23077928491194255
673,6.72,41.10771991017727,-0.31352212647590694,-173.66727605749827,28.1930210522448,1.622323194417128,1.4164571499779848,1.6185315093195034,4.062691459850986,3.043145416765776,0.2511715027381933,1.6587299129862079,1.4487159179461273,9.345064247971997,6.553140970411223,-2.791973914027583,-0.20586604443914314
674,6.73,41.48077366215537,-0.483044740683769,-173.61151916217042,27.9154569311626,1.6385864377398534,1.457483963485754,1.6198068498989746,4.040915770532008,3.0594498373680135,0.26554054040299113,1.671756864186249,1.4857067746973742,9.361717010056358,6.567813571482732,-2.7939092969650225,-0.18110247425409942
675,6.74,41.74224956702215,-0.6688100808659003,-173.61246941435206,27.612457401935917,1.6548547191137815,1.49829780143191,1.6160121044323785,4.0071527473533495,3.075916928523934,0.28031877325713034,1.6843623255499562,1.5220545612404295,9.378497980165223,6.582852962189369,-2.795598155266804,-0.15655691768187152
676,6.75,41.88321654842968,-0.8699502614618382,-173.6772551185827,27.284425267485652,1.671077178655152,1.5387789408620296,1.6068814647770366,3.9611654116561437,3.0925464865801344,0.2955034726862224,1.6964918228632928,1.5576444773935618,9.395402669823529,6.598252136182716,-2.797043013893912,-0.13229823779312233
677,6.76,41.89515676897464,-1.0853624872560141,-173.812585937795,26.932005628666758,1.6872003038235721,1.578805249809928,1.592180060456424,3.9028270008203183,3.1093377860117637,0.3110907008688526,1.7080926527394733,1.5923643315638183,9.412426054130043,6.614002951101604,-2.7982470851429113,-0.10839505401364402
678,6.7700000000000005,41.77008981293875,-1.3137163083287051,-174.02463979377157,26.5560824715062,1.7031682392479663,1.6182532828526053,1.5717079910489011,3.8321252407036783,3.126289554444305,0.32707529217524534,1.719114516707946,1.626105786557008,9.429562592657362,6.630096160921917,-2.79921426226906,-0.08491495639536106
679,6.78,41.50069527809153,-1.5534672255467452,-174.318952252999,26.15776903617349,1.718923136814562,1.656999419477977,1.5453038673766897,3.749164049384861,-3.1397853562045612,0.3434508457353435,1.729510121911151,1.6587655482219863,9.446806256538828,6.646521460504002,-2.7999491052396817,-0.06192371733658519
680,6.79,41.08043120322793,-1.8028764765756433,-174.70031087712755,25.73839208270146,1.7344055411125479,1.6949210197528617,1.5128477784621512,3.6541625971244374,-3.1225187590073937,0.3602097294765956,1.7392357335249997,1.6902464677816829,9.46415056133277,6.663267541618067,-2.800456818695597,-0.039484521359686164
681,6.8,40.503645834216016,-2.0600365548072874,-175.17265692042366,25.299470441760477,1.7495548045073712,1.7318975710388738,1.4742636228669705,3.547451762868098,-3.1050989891026224,0.3773430956728514,1.7482516657054061,1.7204585318534882,9.481588605113757,6.6803221594514115,-2.8007432224041127,-0.017657233468497457
682,6.8100000000000005,39.76568039362167,-2.322901752698625,-175.7389965750423,24.842688496954814,1.7643095255020325,1.7678117999121201,1.4295207667644232,3.4294681411964056,-3.0875296847071074,0.3948409077853367,1.75652270009587,1.7493197183881026,9.499113111119184,6.697672208361586,-2.8008147146871423,0.003502274410087658
683,6.82,38.86296075777969,-2.589322793835369,-176.40132370890058,24.369865471256762,1.7786080036734735,1.8025507249793244,1.37863501539706,3.3007458579266418,-3.069815099560119,0.4126919781258748,1.7640184235739265,1.7767567017965518,9.516716474182921,6.715303805446572,-2.8006782294935926,0.023942721305850956
684,6.83,37.79307624547214,-2.857084440247415,-177.16055572591904,23.882921568687898,1.7923887043397846,1.836006628855311,1.3216689078251629,3.1619065404080606,-3.0519601035897375,0.43088401564237677,1.7707134798089432,1.8027053960830546,9.534390810118714,6.733202380363188,-2.800341187947472,0.043617924515526374
685,6.84,36.554844067727245,-3.123944843964299,-178.0164838212541,23.383842142301784,1.8055907262135455,1.868077931009593,1.258731365718421,3.01364785457482,-3.033970178917713,0.44940368292645755,1.7765877321834227,1.8271113305326567,9.55212800717683,6.751352769741772,-2.7998114453354157,0.06248720479604741
686,6.8500000000000005,35.14835835973895,-3.387675361057507,-178.96773852409768,22.874641114243627,1.8181542656031717,1.8986699472857813,1.1899767442309437,2.856731061297362,-3.015851411205141,0.4682366613806985,1.7816263385322832,1.8499298581008063,9.569919778687446,6.7697393145188745,-2.799097234593747,0.08051568168260959
687,6.86,33.57502309681089,-3.64609956349522,-180.01177103458986,22.357324861944363,1.8300210712018363,1.9276955263915763,1.115603346024549,2.6919680581242127,-2.9976104764033296,0.48736772336358025,1.7858197408356788,1.871126201836617,9.587757716022557,6.7883459585375725,-2.7982071074126766,0.09767445518973994
688,6.87,31.83756856953506,-3.8971302649112305,-181.1448504864755,21.83385771021985,1.8411348841100241,1.9550755582815402,1.035851467904238,2.5202083598245366,-2.979254623030734,0.5067808100563294,1.7891635753434916,1.8906753492131025,9.605633341051533,6.80715634684165,-2.797149874092523,0.1139406741715161
689,6.88,29.940051446320304,-4.138803512656075,-182.36207691614553,21.30613004011663,1.8514418584268584,1.9807393538484883,0.951001053376666,2.3423264348311434,-2.9607916501470073,0.5264591137676085,1.7916585105290115,1.9085618079700526,9.623538157330218,6.826153922207949,-2.7959345432649707,0.12929749542162994
690,6.890000000000001,27.887838772620867,-4.369308677683281,-183.6574094028063,20.775929854042907,1.8608909584719941,2.004624899467982,0.8613690241603106,2.159209759186871,-2.9422298812381436,0.5463851634069268,1.7933100217166311,1.9247792399019679,9.641463699345108,6.845322018612283,-2.794570262534516,0.1437339409959879
691,6.9,25.68757653874134,-4.587013982245569,-185.02370857060333,20.24491843643913,1.8694343294230469,2.026678993513656,0.7673063599326684,1.971747880083825,-2.923578134262501,0.5665409119109694,1.794128112188947,1.9393299909145725,9.659401579227747,6.864643950498758,-2.793066261006116,0.15724466409060933
692,6.91,23.347143687666705,-4.790487028024359,-186.45279241561002,19.71461053471381,1.8770276388391873,2.046857274840865,0.6691949892559266,1.7808227034162827,-2.904845688136135,0.5869078244927388,1.794126991068556,1.9522245366588604,9.677343530455403,6.884103096911247,-2.7914317945507126,0.16982963600167755
693,6.92,20.875592629721606,-4.978510109481049,-187.93550423968986,19.186359270875307,1.883630387164017,2.0651241553422643,0.5674445466304016,1.5873001398546827,-2.886042245958134,0.6074669666939136,1.793324718328918,1.9634808632076175,9.695281448157655,6.903682979740353,-2.7896760945275387,0.18149376817824736
694,6.93,18.283077482261923,-5.150090306553801,-189.46179133878607,18.661345792384328,1.8892061858441933,2.0814526699907074,0.46248904184367795,1.392023166853617,-2.8671778952929086,0.628199091348536,1.7917428269763374,1.973123801680181,9.713207425750788,6.923367335531503,-2.787808320538142,0.19224648414651413
695,6.94,15.58077136349545,-5.304464536556952,-191.02079300142958,18.14057349186861,1.8937230021568645,2.095824258331331,0.35478347907502517,1.1958062943198196,-2.8482630658377635,0.6490847237030345,1.7894059318302395,1.981184334579584,9.731113787719488,6.943140180483677,-2.7858375176387886,0.2021012561744664
696,6.95,12.780774142764928,-5.44109990017283,-192.60093632099543,17.624866476487387,1.897153370209868,2.108228491241,0.24480045518014076,0.999431362473061,-2.829308484811311,0.6701042440765173,1.7863413334854679,1.987698890024724,9.748993118455465,6.9629858684382135,-2.7837725782917584,0.2110751210311319
697,6.96,9.896012090295203,-5.559689775976762,-194.19003830703463,17.11487185363989,1.899474567870744,2.1186627560447517,0.13302675973747444,0.8036445539868823,-2.810325130402117,0.691237967579889,1.7825786250413358,1.9927086381799255,9.766838287143674,6.982889141809876,-2.7816222091975806,0.21918818817400765
698,6.97,6.940130881661609,-5.6601462010377634,-195.77541279235803,16.61106532134054,1.900668759605866,2.127131911893069,0.01995999401713842,0.609154469472589,-2.7913241836183773,0.7124662205372256,1.7781493080946427,1.9962588021337726,9.784642468757188,7.002835175545089,-2.7793949030239835,0.22646315228720293
699,6.98,3.9273834006668515,-5.74258912217942,-197.3439806684624,16.11375950855462,1.900723105383645,2.1336479257949237,-0.09389477782082234,0.4166310958806718,-2.7723169788786497,0.7337694133644266,1.7730864233765062,1.9983979933720257,9.802399161281214,7.022809614304402,-2.77709891493651,0.2329248204112786
700,6.99,0.872513753025439,-5.807333117582925,-198.88238203790127,15.62311449902862,1.8996298359313275,2.138229498004342,-0.20802833439284585,0.22670549005217433,-2.7533149536815356,0.7551281097555538,1.767424200315067,1.9991775799198797,9.820102199334963,7.042798603157085,-2.774742243742497,0.23859966207301464
701,7.0,-2.209361143855059,-5.854872175143799,-200.3770889439908,15.139149988123833,1.8973862947477376,2.1409016836936887,-0.3219305497699402,0.03997000321472718,-2.734329597688675,0.7765230921054405,1.7611977287648521,1.998651093268312,9.837745764397715,7.062788812146796,-2.772332617385471,0.24351538894595115
702,7.01,-5.302871089626571,-5.885863079057851,-201.81451742242402,14.661758559219315,1.8939949473776552,2.1416955161231073,-0.43509358334803094,-0.14302111582379265,-2.715372401550978,0.7979354231577873,1.7544426551874648,1.9968736784017385,9.855324391872891,7.0827674551391,-2.7698774824708208,0.2477005687454521
703,7.0200000000000005,-8.392512013034615,-5.901107904352432,-203.1811377128997,14.190719619591334,1.889463358557286,2.1406476349157697,-0.547014996344893,-0.3217508825252514,-2.696454805802356,0.8193465039120694,1.7471949047139708,1.9939015896416459,9.872832975242465,7.102722303396669,-2.767383997465161,0.2511842763584837
704,7.03,-11.462764109348168,-5.90153605711532,-204.4635815684507,13.725713598723427,1.8838041379519925,2.1377999216371713,-0.6572007831620146,-0.4957386247090635,-2.6775881501386434,0.8407381278515308,1.7394904297774947,1.9897917336329254,9.89026676757458,7.122641694348098,-2.764859029189412,0.2539957836851787
705,7.04,-14.498207629084114,-5.888186230969206,-205.6487457045433,13.266336079817895,1.8770348553313267,2.133199143693241,-0.7651683045091077,-0.6645390134837615,-2.6587836233915323,0.862092531570609,1.731364985377218,1.9846012596297722,9.907621380650804,7.142514536023342,-2.762309152217445,0.2561642883619144
706,7.05,-17.48363533124211,-5.862188582341998,-206.72389053601256,12.812111603444668,1.8691779261636627,2.126896606625918,-0.8704491078991425,-0.827741148677573,-2.640052214498255,0.8833924418854876,1.722853930519575,1.9783871962807598,9.924892781977501,7.16233030762554,-2.7597406507958437,0.2577186804622551
707,7.0600000000000005,-20.40416070497941,-5.824747362323213,-207.6767334570225,12.36250694675649,1.8602604687625928,2.118947814198852,-0.9725916201431283,-0.9849677467730267,-2.6214046647571636,0.9046211195088368,1.7139920549726966,1.9712061333554864,9.942077289939014,7.18207905669694,-2.757159522913586,0.25868734543625904
708,7.07,-23.245321155420594,-5.777124183838378,-208.49553602490641,11.916943740072465,1.850314134276483,2.109412135216231,-1.0711636958890096,-1.1358744579318671,-2.602851421647245,0.9257623993613887,1.7048134301568871,1.9631139462801588,9.959171567340197,7.201751393318149,-2.7545714861709527,0.2590980009397479
709,7.08,-25.993175442253367,-5.7206220515362505,-209.16918451286375,11.47481033287017,1.8393749109770532,2.098352475781287,-1.1657550061943478,-1.2801493203929974,-2.584402594475885,0.9468007275812346,1.6953512827660986,1.9541655609348971,9.97617261357271,7.221338481756246,-2.751981985122467,0.25897756480423384
710,7.09,-28.634394751610202,-5.6565702388377215,-209.68726339662646,11.03547286267563,1.8274829044672145,2.085834955646142,-1.255979251563076,-1.4175123455608416,-2.566067912103847,0.9677211952784207,1.6856378895620205,1.944414755890671,9.99307775562478,7.240832029950557,-2.749396199797318,0.25835205117892746
711,7.1000000000000005,-31.156346873353826,-5.586310062657507,-210.04012143713294,10.59828551239299,1.8146820955875678,2.07192858739723,-1.3414761848807124,-1.547715215835838,-2.5478566829793956,0.9885095690694149,1.675704491691907,1.9339139991055938,10.009884638137883,7.260224277195578,-2.746819055130776,0.2572464918096624
712,7.11,-33.54717304453181,-5.5111815807869835,-210.21893011221866,10.162599964890914,1.8010200779493608,2.0567049574232725,-1.4219134311157715,-1.670541069361478,-2.5297777576949945,1.0091523184143818,1.665581226843041,1.9227143160392752,10.026591212697229,7.279507980350509,-2.74425523107021,0.2556848794739117
713,7.12,-35.79585710691646,-5.4325112188920555,-210.21573423684936,9.727774079111153,1.7865477771549436,2.0402379078913158,-1.4969880925117336,-1.7858043411581048,-2.5118394942600433,1.0296366397710899,1.6552970775500213,1.9108651861588215,10.043195726525918,7.298676398874397,-2.741709173148453,0.25369013073637214
714,7.13,-37.89228670953497,-5.351600323102312,-210.02349469095068,9.293179820059217,1.771319153880753,2.022603219278813,-1.566428130146273,-1.8933506283061132,-2.494049726261976,1.0499504775730464,1.644879834008056,1.8984144648866546,10.059696710736064,7.317723278955922,-2.739185103344564,0.25128406539806014
715,7.140000000000001,-39.82730636715988,-5.269714627878486,-209.63612324780786,8.858210478185141,1.7553908930895394,2.0038782933468178,-1.6299935150841933,-1.993056547135046,-2.476415734065793,1.070082542036658,1.634356069806525,1.8854083281600102,10.07609296827395,7.336642836978066,-2.7366870310771354,0.24848740025727833
716,7.15,-41.592762261386014,-5.188074627224948,-209.0485095630787,8.422287211939482,1.738822081706154,1.9841418367701251,-1.6874771448357915,-2.084829552689513,-2.458944219179131,1.0900223238026636,1.623751129077033,1.871891236925217,10.092383561680805,7.35542974253019,-2.7342187641977915,0.2453197550639712
717,7.16,-43.18153874237165,-5.107846838040331,-208.25654044513138,7.9848649430715835,1.7216738771333087,1.9634735459442714,-1.7387055233219049,-2.1686076942185726,-2.4416412818863695,1.109760105420794,1.6130891236420886,1.8579059190636096,10.108567800776179,7.374079101154208,-2.7317839198724228,0.2417996688109627
718,7.17,-44.5875865557015,-5.030135946907466,-207.25711158114217,7.545437628152918,1.7040091690004988,1.9419537937552953,-1.7835392049730223,-2.2443592848006433,-2.4245124022314966,1.1292869696930743,1.602392938850291,1.8434933664327258,10.124645230357336,7.392586436987485,-2.7293859352550154,0.2379446247547965
719,7.18,-45.805942881164064,-4.955977834827796,-206.04813194148107,7.1035429230007265,1.6858922365312383,1.9196633193171142,-1.8218730059230401,-2.312082468099476,-2.4075624244054894,1.1485948049002128,1.5916842468873438,1.8286928448983295,10.140615617995296,7.410947675442743,-2.727028077873884,0.23377108278587588
720,7.19,-46.83274332679903,-4.886333477114424,-204.6285211260229,6.65876625040458,1.6673884038821036,1.896682921848476,-1.853635987368341,-2.3718046700762874,-2.39079554457031,1.1676763069463516,1.5809835264565,1.8135419154251304,10.156478941996744,7.429159126045149,-2.7247134556629247,0.22929451796637235
721,7.2,-47.665226073897024,-4.822083717924475,-202.998199952002,6.210744275822341,1.6485636957539904,1.8730931599774119,-1.878791218105233,-2.423581928322687,-2.3742153021283383,1.1865249784697913,1.5703100878246952,1.798076464481865,10.17223537959035,7.447217465528245,-2.7224450265814566,0.22452946422342146
722,7.21,-48.301728415683385,-4.764024919581389,-201.15807461317905,5.759167791722827,1.6294844955032155,1.8489740578260976,-1.897335324931541,-2.4674980959931663,-2.35782457442339,1.2051351249805289,1.5596821023301057,1.7823307421973746,10.187885295386597,7.465119721273919,-2.7202256077756672,0.21948956232288208
723,7.22,-48.74167597481956,-4.7128654862160335,-199.11001476537842,5.303784008754391,1.6102172078905144,1.8244048192488087,-1.9092978410405488,-2.503663921198548,-2.341625574837693,1.2235018480990552,1.5491166355414638,1.7663374068751705,10.203429230151523,7.482863255166806,-2.718057884242838,0.21418761135829434
724,7.23,-48.985564922365235,-4.66922325894259,-196.8568259139134,4.844398251348488,1.5908279285017668,1.7994635515746442,-1.9147403637168205,-2.532216005952261,-2.3256198542282633,1.2416210359845503,1.5386296833491468,1.7501275746351272,10.218867889927358,7.500445747920459,-2.7159444169667726,0.20863562307287742
725,7.24,-49.03493755428532,-4.633623775910811,-194.40221649517832,4.380875056632679,1.5713821217583108,1.7742270001521039,-1.9137555336001124,-2.5533156513699846,-2.3098083056264174,1.2594893510538332,1.5282362103512257,1.733730873099215,10.234202135525967,7.517865183920966,-2.713887650499336,0.20284487839379306
726,7.25,-48.89235160998295,-4.6064993854468606,-191.7507600569882,3.9131386783406024,1.5519443093090817,1.7487702949107808,-1.906465848498187,-2.5671475978067324,-2.294191172105546,1.2771042151050662,1.5179501899751717,1.7171754981757894,10.249432972415331,7.535119836623688,-2.711889919968974,0.19682598560169917
727,7.26,-48.56134374232048,-4.588189194001546,-188.90785295196378,3.4411730018982416,1.5325777704642185,1.7231667100533272,-1.8930223252526106,-2.5739186699573438,-2.278768057705078,1.294463791971816,1.5077846458466369,1.7004882731214122,10.264561541013814,7.5522082545298375,-2.7099534575026922,0.19058893958910872
728,7.2700000000000005,-48.04638756902382,-4.578939823565631,-185.87966796439378,2.9650208822375834,1.5133442561919368,1.6974874378749474,-1.8736030234968852,-2.573856337818349,-2.2635379412825825,1.3115669678437043,1.4977516939818227,1.6836947091732999,10.279589107402584,7.569129247762079,-2.7080803980532995,0.18414318168301058
729,7.28,-47.352846752398634,-4.578906945349037,-182.6731042948877,2.4847829223848077,1.494303718059522,1.6718013775833642,-1.8484114453192453,-2.5672072047245584,-2.2484991931514906,1.3284133293992268,1.4878625854384138,1.6668190671471257,10.294517054462538,7.585881875251752,-2.7062727846288688,0.17749765952384222
730,7.29,-46.486923567747326,-4.588157548734673,-179.29573432865425,2.000615717596757,1.4755140533567217,1.6461749398651413,-1.8176748248936179,-2.5542354336940045,-2.23364959434878,1.3450031399044717,1.4781277491134106,1.6498844194871858,10.309346873438685,7.602465432544715,-2.7045325729263343,0.1706608865084196
731,7.3,-45.4556034306961,-4.606672896756381,-175.75574761243436,1.5127295968201961,1.4570308674970438,1.6206718678179575,-1.781642322064112,-2.5352211229663224,-2.218986358365337,1.3613373134382607,1.4685568344237059,1.63291271233756,10.324080155932155,7.618879440228141,-2.7028616353759887,0.16364100032091367
732,7.3100000000000005,-44.26659586086934,-4.634352112075457,-172.06189246304203,1.0213859000368037,1.4389072546505963,1.5953530747465836,-1.740583133720617,-2.510458641086617,-2.2045061551614187,1.3774173874099158,1.4591587536478854,1.6159248272756226,10.338718586317455,7.635123632976578,-2.701261764608252,0.1564458200959873
733,7.32,-42.9282723629308,-4.6710163309272135,-168.22341562609154,0.5268938363320723,1.4211935974220777,1.5702764992052942,-1.6947845365618923,-2.4802549311820914,-2.1902051372808224,1.3932454935402123,1.4499417237457604,1.5989406424138006,10.353263934580701,7.6511979492124444,-2.6997346763585517,0.14908290178321648
734,7.33,-41.449601707418516,-4.716413357059879,-164.25000039826625,0.029606972973670764,1.403937386250089,1.5454969775628795,-1.6445498745725504,-2.444927793358022,-2.176078967869913,1.4088243274794479,1.4409133075057565,1.5819790926321078,10.367718049572767,7.667102521373334,-2.6982820118302255,0.1415595913127905
735,7.34,-39.84008309203342,-4.770222743164965,-160.15170361936475,-0.4700805894871074,1.3871830590695797,1.5210661342688914,-1.5901965041977164,-2.404804153283757,-2.16212285040157,1.4241571172387812,1.4320804538999334,1.5650582287536057,10.382082852670068,7.682837666776533,-2.696905339539235,0.13388307519931164
736,7.3500000000000005,-38.10967766027649,-4.832061224386486,-155.93889193246488,-0.9717382977897837,1.3709718616484758,1.497032289912367,-1.532053709860815,-2.360218324354612,-2.1483315598993387,1.4392475906124174,1.423449537552664,1.5481952755186785,10.396360331834487,7.698403879069357,-2.6956061566678304,0.12606042826389108
737,7.36,-36.26873884756303,-4.901488426787504,-151.62217770080872,-1.474903421678873,1.3553417288825202,1.47344038708568,-1.470460602077678,-2.3115102700960923,-2.134699475453625,1.4540999417686933,1.4150263972518962,1.531406688251893,10.410552536063298,7.713801820252794,-2.6943858899572684,0.11809865820315979
738,7.37,-34.32794201681217,-4.978012773210727,-147.2123549599538,-1.97908546313616,1.3403271872094493,1.4503319339964265,-1.4057640100346482,-2.2590238728431373,-2.1212206138194856,1.468718797187942,1.4068163734517798,1.5147082081478014,10.424661570219165,7.729032313264948,-2.693245896172159,0.11000474678697714
739,7.38,-32.29821383431608,-5.061097510358703,-142.72033577161545,-2.4837706381575813,1.3259592781849092,1.4277449657087098,-1.3383163800910978,-2.2031052143101686,-2.1078886638846304,1.4831091811240913,1.3988243447330238,1.4981149161309149,10.438689590229979,7.74409633511023,-2.692187462170865,0.10178568752380057
740,7.390000000000001,-30.190661824262733,-5.15016678311595,-138.15708733311197,-2.988426371489135,1.3122655031479995,1.4057140228392975,-1.2684736912475085,-2.1441008732131284,-2.094697021796325,1.497276480765533,1.3910547632021562,1.4816412852690661,10.452638798648008,7.758995010519942,-2.691211804617728,0.09344851969129797
741,7.4,-28.016504525497886,-5.244611686073397,-133.5335701822496,-3.4925057478133414,1.2992697887942928,1.3842701474844044,-1.1965933982022767,-2.0823562449252013,-2.081638826537214,1.5112264112687626,1.3835116888240415,1.4653012317408438,10.466511440557722,7.773729606129741,-2.69032006937361,0.08500035869011158
742,7.41,-25.7870026579754,-5.343796226729136,-128.86067782272178,-3.9954518665027545,1.2869924733684337,1.363440896106158,-1.1230324121785271,-2.018213887903631,-2.0687069957423767,1.5249649808358423,1.3761988226927604,1.4491081643749784,10.480309799821592,7.7883015251596355,-2.6895133306013674,0.07644842273772423
743,7.42,-23.513391687985763,-5.4470631409927694,-124.14917807870721,-4.4967020523048795,1.2754503130873145,1.3432503690648099,-1.048145129266594,-1.9520119017007382,-2.055894261553384,1.538498456003771,1.3691195392557542,1.4330750327954613,10.494036195653374,7.802712302582336,-2.688792589622431,0.06780005597749539
744,7.43,-21.206816161941113,-5.5537395078091745,-119.40965647047932,-4.995691879609044,1.2646565083081127,1.3237192564398204,-0.9722815155594873,-1.8840823412870888,-2.0431932063094362,1.5518333273105174,1.3622769175137612,1.4172143742182846,10.507692979508484,7.8169636007663055,-2.688158773559633,0.05906274813170764
745,7.44,-18.878266157357395,-5.66314211714074,-114.65246188455598,-5.491858974475393,1.2546207488635994,1.3048648997416692,-0.895785257896115,-1.8147496726090457,-2.0305962978810066,1.564976275498666,1.3556737712259095,1.4015383589567,10.521282532281372,7.831057205580252,-2.687612733799914,0.05024415087806977
746,7.45,-16.538516177326045,-5.77458255298513,-109.88765479274568,-5.984646565171625,1.2453492778999145,1.286701369073495,-0.8189919885294965,-1.7443292744043972,-2.0180959244576493,1.5779341384134173,1.3493126781547606,1.3860588347005351,10.534807261800118,7.844995022946496,-2.68715524430852,0.04135209117358052
747,7.46,-14.198066791312346,-5.8873719609883635,-105.12495825440577,-6.4735067590011734,1.2368449734697764,1.2692395552581284,-0.742227591535764,-1.673125991517482,-2.005684428608634,1.5907138787470767,1.3431960083906611,1.3707873696424981,10.548269600608839,7.858779075831294,-2.686786999823876,0.03239458178835197
748,7.47,-11.867089300433143,-6.000825477915472,-100.37371191516553,-6.957903530092714,1.2291074470569365,1.2524872764005115,-0.6658065982401035,-1.6014327450944223,-1.9933541404429964,1.6033225527770305,1.337325951798214,1.3557352945298728,10.561672004028896,7.872411501660975,-2.6865086139595595,0.023379829343574965
749,7.48,-9.555373679767776,-6.114266307980776,-95.64282919350075,-7.437315409781782,1.2221331581358414,1.2364493983082587,-0.5900306783842981,-1.5295292052366554,-1.981097409704145,1.6157672802387102,1.3317045446305682,1.3409137437247511,10.575016948490408,7.885894550153598,-2.6863206172367313,0.014316240172417283
750,7.49,-7.272280024087529,-6.227029438334686,-90.94075782420745,-7.91123787776404,1.2159155438041458,1.2211279681436487,-0.515187233186185,-1.4576805318231918,-1.9689066366434784,1.6280552154689845,1.3263336953592475,1.3263336953592453,10.588306930125896,7.89923058155658,-2.6862234550671236,0.0052124243395028635
751,7.5,-5.026693696109529,-6.338464992863502,-86.2754439044089,-8.379185458349967,1.2104451624650363,1.2065223606289446,-0.4415480958283825,-1.3861361892843516,-1.9567743015273913,1.640193519948913,1.321215209768603,1.312006010674416,10.601544463618549,7.912422065281739,-2.686217485703282,-0.003922801836091727
752,7.51,-2.826984349024375,-6.447941229614096,-81.65429956425879,-8.84069353162877,1.205709850481741,1.1926294360742475,-0.36936834428567894,-1.3151288411040027,-1.9446929926425676,1.6521893363676952,1.316350815364822,1.2979414726331602,10.614732081297939,7.925471578930017,-2.6863029781693237,-0.013080414407493413
753,7.5200000000000005,-0.6809689670836292,-6.554847192783098,-77.08417436039659,-9.295319874335025,1.2016948906781546,1.1794437094435601,-0.2988852307495403,-1.244873329799173,-1.9326554326754413,1.6640497643221293,1.3117421851496844,1.284150823897843,10.627872332476613,7.938381807699068,-2.686480110182016,-0.022251181234594464
754,7.53,1.4041209601909799,-6.658595034846115,-72.57133046582919,-9.742645949231465,1.19838319151752,1.1669575296207018,-0.2303172312220929,-1.175565747936408,-1.9206545033532234,1.6757818377577152,1.3073909608089898,1.2706448042632121,10.640967783021472,7.9511555441678485,-2.686748966068648,-0.03142566189681828
755,7.54,3.4216680425254165,-6.758622028216088,-68.12142170578052,-10.182277965049279,1.1957554757558413,1.155161267983558,-0.1638632181594194,-1.1073826054926634,-1.9086832682457122,1.6873925042489357,1.3032987753647844,1.2574341876339925,10.654021015154276,7.963795688453155,-2.6871095346849385,-0.0405942077722834
756,7.55,5.365693312857234,-6.854392288842126,-63.73947646441583,-10.613847731485208,1.1937904773382926,1.1440435153436064,-0.0997017583189535,-1.040480098525447,-1.8967349936393068,1.6988886062070303,1.299467275339335,1.244529818634804,10.667034627476243,7.976305248734064,-2.6875617073332494,-0.0497469619946862
757,7.5600000000000005,7.230876238866934,-6.945398236115596,-59.42988446361381,-11.037013335169185,1.1924651452855943,1.1335912862584951,-0.03799053724136373,-0.9749934836508136,-1.8848031674070502,1.7102768640939263,1.29589814247701,1.2319426489373018,10.680011235211985,7.988687342140948,-2.68810527567861,-0.058873859027099185
758,7.57,9.012570417774102,-7.031161814608078,-55.19638739099791,-11.451459663150809,1.1917548533032043,1.1237902296800537,0.02113408895397272,-0.9110365622649232,-1.8728815158111467,1.7215638617108338,1.2925931150679013,1.2196837733856838,10.692953470668678,8.000945196006722,-2.688739929657606,-0.06796462362315059
759,7.58,10.706814976541267,-7.1112355035107155,-51.042073331542056,-11.856898800291706,1.1916336138394579,1.1146248448594076,0.07755741451712247,-0.848701277832088,-1.8609640181870781,1.732756033619445,1.2895540089143822,1.2077644659975781,10.70586398390662,8.013082149478638,-2.6894652553730634,-0.07700876898005027
760,7.59,12.310341725663365,-7.185203139074825,-46.9693749345349,-12.253070325888276,1.1920742953193737,1.106078701395503,0.13118657857195376,-0.7880574288013941,-1.84904491947121,1.743859654742694,1.2867827379782266,1.1961962159113098,10.718745443617852,8.025101655489784,-2.6902807329656824,-0.0859955939238708
761,7.6000000000000005,13.820578139410578,-7.252680574188286,-42.98007122644298,-12.639741533206303,1.1930488412888938,1.0981346622848105,0.18195063471745734,-0.7291524989467485,-1.8371187405464462,1.754880832180797,1.284281334741985,1.1849907633440904,10.731600538209777,8.03700728309003,-2.6911857344523433,-0.09491417900408328
762,7.61,15.23564625941518,-7.313316197368791,-39.07529295959833,-13.0167075932875,1.194528490219614,1.0907751088085413,0.22980049800042354,-0.6720116060522098,-1.8251802863930835,1.7658254992667233,1.2820519703135167,1.1741601356174904,10.744431977091102,8.048802720136885,-2.6921795215197797,-0.10375338141107271
763,7.62,16.55435764071811,-7.36679133123066,-35.25553136777438,-13.383791681710653,1.1964839947466437,1.083982166080464,0.27470877222051027,-0.616637569031719,-1.8132246520443869,1.7766994118736201,1.280096974297053,1.163716683297057,10.757242492157625,8.06049177634712,-2.6932612432615795,-0.11250182866617964
764,7.63,17.776204480643052,-7.412820527602615,-31.520650181797116,-13.740845083665263,1.1988858391416355,1.0777379280731858,0.3166694612165775,-0.5630110925988021,-1.8012472263585484,1.7875081469748328,1.2784188544476853,1.1536731164816667,10.770034839475644,8.072078386710515,-2.694429933846205,-0.12114791106844969
765,7.640000000000001,18.901347090332422,-7.451151773721509,-27.869900742171133,-14.087747289514887,1.2017044538593187,1.0720246809449907,0.3556975684057564,-0.5110910677857057,-1.789243693630484,1.7982571034454613,1.2770203161187395,1.1440425412650685,10.782811801160884,8.08356661526735,-2.695684510103641,-0.12967977291432797
766,7.65,19.93059788644109,-7.481566620544755,-24.30194003130869,-14.424406089225723,1.2049104260383525,1.0668251235016877,0.391828589448176,-0.4608149856429752,-1.7772100330783265,1.8089515050826142,1.2759042815026918,1.1348384963763332,10.79557618745085,8.094960659251417,-2.697023769018646,-0.13808530253666484
767,7.66,20.865402096623864,-7.503880241461358,-20.814851435048556,-14.750757670871744,1.2084747048858548,1.062122583649982,0.4251179034365695,-0.4120994607437736,-1.7651425162504109,1.81959640581004,1.275073908656593,1.1260749899885465,10.808330838968537,8.10626485360028,-2.6984463851191354,-0.14635212123587293
768,7.67,21.707815386382133,-7.517941426303842,-17.406168032434298,-15.066766724661125,1.2123688009287554,1.057901229728227,0.45564006850726535,-0.3648408602251336,-1.7530377024090176,1.830196697021483,1.2745326102911345,1.117766536663392,10.821078629175227,8.11748367583435,-2.699950907749086,-0.15446757120052834
769,7.68,22.460478626884406,-7.5236325131000426,-14.072898203834232,-15.372426551096947,1.2165649781739483,1.0541462756389617,0.48348802816888087,-0.3189160335412239,-1.7408924319569707,1.8407571170062071,1.2742840722896054,1.1099281943757424,10.833822467009862,8.128621751305847,-2.7015357582164086,-0.16241870253498658
770,7.69,23.126590033298132,-7.52086925730957,-10.811553340691955,-15.667759168839071,1.2210364382820622,1.050844178752173,0.5087722350034537,-0.27418313744943645,-1.7287038179824852,1.8512822623895917,1.274332271907641,1.1025756015338577,10.846565299712058,8.139683858818088,-2.7031992268075093,-0.17019225952988926
771,7.7,23.70987491085912,-7.509600636479363,-7.618177435577159,-15.952815415693426,1.225757495926157,1.0479828295998308,0.5316196986494034,-0.23048255039714138,-1.716469236006271,1.8617766015116481,1.2746814955874919,1.095725013878779,10.859310115825265,8.150674936614477,-2.7049394696616673,-0.17777466632632621
772,7.71,24.214553251317493,-7.4898085864583575,-4.488378328792233,-16.227675034051536,1.2307037445757463,1.0455517324379235,0.552172965173841,-0.18763787009254845,-1.7041863120228187,1.8722444896568073,1.2753363563006581,1.0893933411091776,10.872059948375767,8.16160008873526,-2.70675450549996,-0.18515201213782273
773,7.72,24.64530542574417,-7.461507664680567,-1.4173603873826686,-16.49244673118581,1.2358522120176652,1.043542175812427,0.5705890350290299,-0.14545698802980175,-1.691852908935083,1.8826901860393899,1.2763018103103663,1.083598183035584,10.884817878222327,8.17246459173835,-2.7086422122051133,-0.19231003620523812
774,7.73,25.00723622038825,-7.424744635242897,1.6000416054874549,-16.747268203759738,1.2411815049973831,1.0419473923266354,0.587038226816433,-0.10373323463514815,-1.6794671114882438,1.8931178724408253,1.2775831732195966,1.0783578650189773,10.897587037570013,8.183273901778367,-2.7106003232505174,-0.19923411267074775
775,7.74,25.305837460754987,-7.379597971140384,4.569327568574696,-16.992306116309106,1.2466719424367645,1.0407627068700172,0.6017029939802079,-0.06224658906549507,-1.6670272098140804,1.9035316733870127,1.279186135141519,1.0736914723935218,10.910370613640232,8.194033662035231,-2.7126264239784934,-0.20590923556674734
776,7.75,25.546949465466717,-7.326177269736545,7.496296459591441,-17.227756023947432,1.2523056767557605,1.0399856726285552,0.6147767013978004,-0.02076494802301629,-1.6545316817025335,1.9139356777470835,1.2811167747965708,1.0696188835105918,10.923171852487332,8.204749710480433,-2.7147179477299694,-0.2123200041272053
777,7.76,25.73672156492448,-7.2646225789684715,10.387010033799289,-17.453842230775358,1.2580668028954887,1.0396161942536877,0.62646236856314,0.0209545514649004,-1.641979173721444,1.9243339616283153,1.2833815723033293,1.0661608009696144,10.9359940629498,8.215428087965083,-2.716872171829827,-0.218450608641801
778,7.7700000000000005,25.88157191160669,-7.1951036342651875,13.247756216238388,-17.670817577777314,1.2639414547074936,1.039656637618908,0.6369713856927233,0.06316415944090967,-1.629368481309117,1.9347306124359898,1.2859874203896065,1.063338780522337,10.948840620721754,8.226075046609076,-2.7190862134344798,-0.2242848170885856
779,7.78,25.988146797737134,-7.117819008431536,16.085012266416804,-17.878963156104184,1.2699178884377091,1.040111925636541,0.6465222086488449,0.10612409387790182,-1.6166985279674173,1.9451297539614776,1.288941633703762,1.06117525704659,10.961714972527322,8.236697058465214,-2.7213570252506916,-0.22980596280116816
780,7.79,26.063279683103644,-7.032995180292567,18.90540789937431,-18.078587945040262,1.2759865530930667,1.0409896196426782,0.6553390380219456,0.15010107699637618,-1.603968343685486,1.9555355723567405,1.2922519558558332,1.0596935668871998,10.9746206403771,8.247300824425507,-2.72368139113736,-0.23499693345038852
781,7.8,26.113950120618146,-6.940885531272167,21.715688510054154,-18.270028377198443,1.2821401475326302,1.0422999858812305,0.6636504871081544,0.19536682777790557,-1.5911770427260739,1.9659523428486183,1.2959265637615984,1.058917965750606,10.98756122588196,8.257893283329409,-2.7260559216048943,-0.23984016165139965
782,7.8100000000000005,26.147242749521116,-6.841769283185428,24.522678628656926,-18.45364783746799,1.2883736641730719,1.0440560466288504,0.6716882427978746,0.24219650983776858,-1.578323800907779,1.9763844570416393,1.299974068801437,1.0588736412189999,11.000540414594736,8.268481621224886,-2.728477049230168,-0.24431761754422143
783,7.82,26.170306507189633,-6.7359503945295,27.333245714315282,-18.629836106119917,1.2946844192390459,1.046273615497817,0.6796857226433998,0.29086713227454725,-1.5654078325173963,1.9868364506534701,1.304403514239137,1.0595867188176127,11.013561980345367,8.279073280723397,-2.73094102400872,-0.24841080374122892
784,7.83,26.190314188827692,-6.623756437098982,30.15426437156308,-18.799008760890054,1.3010720695223261,1.048971316434041,0.6878767305082372,0.34165589925925793,-1.5524283669871193,1.9973130315224057,1.309224368273981,1.0610842604257915,11.026629789528885,8.28967597037827,-2.7334439086700613,-0.25210075308828506
785,7.84,26.214422461748676,-6.505537478636669,32.992581050513394,-18.961606556608054,1.3075386156382192,1.0521705858889558,0.6964941123466737,0.39483850248359303,-1.5393846254715684,2.0078191077212377,1.3144465120229085,1.0633942536694208,11.039747805299244,8.300297674003357,-2.7359815739867805,-0.2553680297492633
786,7.8500000000000005,26.249732416155737,-6.381665001544601,35.85497926606166,-19.11809480510678,1.3140883917839077,1.0558956575892238,0.7057684127094334,0.4506873486570643,-1.5262757974596473,2.0183598156063733,1.3200802216491876,1.0665455907705865,11.05292009161434,8.310946659834197,-2.7385496941135656,-0.2581927341946839
787,7.86,26.303250709149918,-6.252530891396413,38.748145345630476,-19.268962781694874,1.3207280420099756,1.060173529253967,0.7159265316408356,0.5094697124908969,-1.513101017556178,2.0289405476249467,1.3261361437709716,1.0705680351621711,11.06615081706952,8.321631489418,-2.741143741998462,-0.2605545127560087
788,7.87,26.381851331593786,-6.118546531803215,41.67863468743926,-19.414723187095838,1.3274664830136766,1.0650339105172997,0.7271903806857777,0.5714458040440872,-1.4998593425681155,2.0395669796956586,1.3326252631983044,1.0754921740020704,11.079444258447623,8.332361026100902,-2.7437589849158126,-0.26243257249637697
789,7.88,26.49223800091052,-5.980142045093451,44.652838484430184,-19.555911696448383,1.3343148534503098,1.0705091512060987,0.7397755357918644,0.636866737682181,-1.4865497290301897,2.05024509797116,1.3395588619639751,1.0813493545502846,11.092804803903755,8.343144442961446,-2.7463904801782366,-0.26380570224421107
790,7.890000000000001,26.640907155504934,-5.8377657192528964,47.67695084146334,-19.693086627701806,1.3412864497375663,1.0766341489985547,0.753889884036487,0.70597238887683,-1.4731710113048941,2.060981224780615,1.346948468533444,1.0881716022047896,11.106236955692237,8.353991230018016,-2.749033071094077,-0.2646523007390116
791,7.9,26.834111500244706,-5.691883662115571,50.756936187114846,-19.8268287620098,1.3483966482976095,1.0834462353540002,0.769732260318614,0.7789891242033828,-1.4597218803922094,2.0717820435407113,1.354805796006607,1.095991517837806,11.119745332331636,8.364911200515172,-2.751681383246666,-0.2649504129436093
792,7.91,27.077824026983155,-5.542979722224084,53.898496856068704,-19.957741346847904,1.3556628141436644,1.0909850384603403,0.787491069513394,0.8561273897767139,-1.4462008635851338,2.082654622411519,1.363142668062997,1.1048421519397247,11.133334670091564,8.375914496069516,-2.7543298211829335,-0.26467777568332407
793,7.92,27.377702411385265,-5.391555713194607,57.107040695565594,-20.08645030966792,1.363104195673443,1.099292321799569,0.8073428891033723,0.9375791436973222,-1.4326063051082998,2.0936064364603637,1.37197093135853,1.114756852975736,11.147009823672311,8.387011590430237,-2.7569725656109227,-0.26381187387387417
794,7.930000000000001,27.739053667028955,-5.238131972863003,60.38764852938796,-20.213604703996314,1.370741805482473,1.1084117967888683,0.8294510470758641,1.0235151195821413,-1.4189363478785428,2.1046453880821345,1.381302353061172,1.1257690872999846,11.16077576593521,8.398213291583248,-2.759603571218909,-0.2623300086936047
795,7.94,28.166798922299186,-5.083248281470976,63.745041297792724,-20.33987740251216,1.3785982869588453,1.1183889078263063,0.8539641699154951,1.1140819105022002,-1.4051889165284455,2.115779825408413,1.3911485022240206,1.1379122279714666,11.174637586528618,8.409530741901156,-2.7622165652427277,-0.26020937913253905
796,7.95,28.66543817528204,-4.92746515278526,67.18354668199238,-20.46596604092877,1.3866977663697857,1.1292705879636913,0.881014695946055,1.209398866378513,-1.3913617018364772,2.1270185584205534,1.4015206137446397,1.151219309889212,11.188600489241594,8.420975416015112,-2.7648050469225556,-0.2574271784060944
797,7.96,29.239014878760372,-4.7713654992782795,70.7070650192704,-20.59259420342045,1.3950656901035388,1.1411049833594764,0.9107173501110524,1.3095548028725215,-1.3774521467105498,2.138370872463698,1.4124294337593384,1.1657227488316633,11.202669787905213,8.432559116059416,-2.767362288005339,-0.25396070674406235
798,7.97,29.891080212722088,-4.615556656095454,74.3190343208876,-20.720512823670997,1.4037286466915682,1.1539411446444368,0.9431675776458984,1.4146045265974032,-1.3634574338752938,2.1498465388401917,1.4238850454804919,1.181454022266208,11.216850900650794,8.444293963917003,-2.7698813344641007,-0.2497875020471314
799,7.98,30.624656917525115,-4.46067272924624,78.02239422158465,-20.850501756154202,1.4127141732111834,1.1678286833801612,0.9784399360199653,1.5245651899189874,-1.3493744754172945,2.161455822142374,1.4358966747151443,1.1984433102116818,11.231149342325443,8.456192390074524,-2.7723550096199183,-0.2448854898310222
800,7.99,31.442202588058123,-4.307377210409191,81.81954871785227,-20.983371449158923,1.4220505456631027,1.1828173919218659,1.016586447104456,1.639412499113269,-1.3351999043465228,2.173209483967211,1.4484724746142468,1.2167190950094329,11.245570714859122,8.468267118681243,-2.7747759188658527,-0.23923315374123688
801,8.0,32.34557237061226,-4.15636577483065,85.71232759499617,-21.119964625277493,1.4317665529386654,1.1989568252332845,1.0576349148006865,1.7590768120327638,-1.3209300683361396,2.185118782639543,1.461619289605154,1.2363077196096335,11.260120695375015,8.480531148398203,-2.7771364562039036,-0.2328097277053809
802,8.01,33.33598105999367,-4.00836914956344,89.70194650070333,-21.261157846181927,1.441891254044361,1.2162958435612752,1.101587217378947,1.883439175903956,-1.3065610258065026,2.1971954685579664,1.475342398962599,1.257232904923465,11.274805021836755,8.492997728624658,-2.7794288128151177,-0.22559541048308573
803,8.02,34.413964666944395,-3.864155908017297,93.78896569776441,-21.407862807855395,1.4524537183445054,1.2348821153823955,1.1484175885366865,2.0123273720824946,-1.2920885445219814,2.2094517747689917,1.4896452410830836,1.2795152279444912,11.289629476033735,8.505680330699937,-2.7816449878886136,-0.21757160296210998
804,8.03,35.57934161518257,-3.724535013997343,97.97324762087074,-21.561027180610722,1.4634827487235724,1.254761580700294,1.198070906650003,2.1455120523302176,-1.2775081028709345,2.221900402372601,1.5045291202448547,1.303171563705596,11.304599863719766,8.518592613702515,-2.7837768019360514,-0.20872116802327834
805,8.040000000000001,36.83117383390593,-3.590357905497621,102.25391347276337,-21.721634776684503,1.4750065877649952,1.27597787561688,1.2504610177940891,2.282703069933916,-1.2628148939991868,2.2345545003672775,1.5199928984588031,1.3282144957094493,11.319721991742249,8.53174838450644,-2.7858159128131224,-0.19902871214811513
806,8.05,38.16772813450289,-3.4625198773465593,106.62929922267313,-21.89070479886788,1.4870526072994568,1.2985717201320157,1.3054691246915548,2.4235461279805848,-1.2480038329651202,2.2474276395570345,1.5360326759336949,1.3546517012298447,11.335001642029592,8.545161551810308,-2.7877538346574315,-0.18848088716744105
807,8.06,39.58643839744968,-3.3419604942028336,111.09691151311527,-22.069289898418326,1.4996469819976386,1.3225802723485487,1.362942280612872,2.5676198854863435,-1.2330695670792946,2.260533780168611,1.5526414646745954,1.3824853197958964,11.350444542344755,8.558846073927453,-2.789581959931681,-0.17706670964908988
808,8.07,41.08386924437792,-3.229662744771611,115.65338413725125,-22.258472752847872,1.5128143480726812,1.3480364536654517,1.4226920340859748,2.714433678359393,-1.2180064895829,2.2738872328657624,1.5698088607786194,1.411711315188309,11.366056333763165,8.572815900219009,-2.7912915847309243,-0.16477789440722956
809,8.08,42.655682026051814,-3.126650636146411,120.294435913406,-22.459360865847334,1.5265774486160752,1.3749682511111723,1.484493276762003,2.863426025364221,-1.202808756806324,2.28750261290131,1.5875207220486702,1.4423188433230392,11.381842534894245,8.587084906165256,-2.7928739374719527,-0.15160919750490298
810,8.09,44.29660411365448,-3.033984928501754,125.01483095017979,-22.673079297231595,1.540956767613583,1.403398004670604,1.5480833524173103,3.0139640971818693,-1.1874703089312946,2.3013947872175993,1.6057588585656342,1.474289640380294,11.397808502937103,8.601666822204278,-2.7943202110306924,-0.13755876294297886
811,8.1,46.00040263090017,-2.9527567271962374,129.80834245761025,-22.900761052619227,1.555970155266593,1.4333416892400666,1.6131614894116917,3.165344327973308,-1.1719848944567066,2.315578814393483,1.6245007447836965,1.5075974473426483,11.413959391742061,8.616575156619792,-2.7956215983293973,-0.12262846602652644
812,8.11,47.75986389899805,-2.884078684975977,134.66772140803647,-23.143534903849982,1.5716324478659276,1.4648082026390354,1.6793886214126748,3.3167943417027046,-1.1563460984388425,2.3300698774412143,1.6437192624751837,1.5422074886055732,11.430300107139367,8.631823112929485,-2.7967693312995294,-0.10682424522689216
813,8.120000000000001,49.5667799754441,-2.8290736241575187,139.58467147472766,-23.40251047460597,1.5879550861109797,1.4977986728304509,1.746387661279705,3.4674763481738395,-1.1405473745410402,2.3448832095796206,1.663382484378492,1.5780760233775528,11.44683525989248,8.647423502407495,-2.797754723058926,-0.09015641328052881
814,8.13,51.41194374070048,-2.788860468169796,144.5498317666304,-23.678760511988024,1.6049457364129927,1.5323057990516593,1.8137442902340284,3.6164921353446973,-1.1245820808856632,2.3600340132490767,1.6834535086224491,1.615149989053917,11.463569116733387,8.663388652564816,-2.7985692130448463,-0.07263993736133334
815,8.14,53.2851540125868,-2.764537474499562,149.55276892213982,-23.97330037462563,1.6226079203388062,1.5683132428247035,1.881008318337962,3.7628897440126314,-1.1084435196527278,2.3755373727872953,1.7038903538438437,1.653366755494608,11.480505550037487,8.67973031260243,-2.799204414739563,-0.05429467751410266
816,8.15,55.17523213874276,-2.757162884383657,154.58198011544187,-24.287064898541267,1.6409406579068833,1.6057950856764565,1.9476956627280912,3.9056718589342845,-1.0921249803152784,2.391408161348792,1.7246459243249925,1.6926540080508774,11.49764798679236,8.696459557036837,-2.799652165515516,-0.0351455722304268
817,8.16,57.070051422839185,-2.7677332454599357,159.62490845542396,-24.620882950158084,1.659938130906492,1.6447153707411657,2.0132909768244307,4.0438058875306275,-1.0756197863420742,2.407660942821028,1.7456680534159854,1.7329297751933557,11.514999357603044,8.713586688866695,-2.799904578016484,-0.01522276016532631
818,8.17,58.956580576680075,-2.797159815227457,164.66797211525025,-24.975450134451897,1.6795893727368034,1.6850277451308187,2.0772509471742957,4.176235626042188,-1.0589213451348631,2.424309869660426,1.7668996319564785,1.7741026136642348,11.532562046551666,8.731121143794068,-2.799954092384297,0.005438372394015234
819,8.18,60.82094215585663,-2.8462436082419496,169.69660831784034,-25.35130028767142,1.6998779914223512,1.7266752189592283,2.1390082550999874,4.301894336215753,-1.0420232009017387,2.441368577735376,1.7882788263925136,1.8160719602444326,11.550337842786854,8.74907139712451,-2.7997935285424713,0.026797227536877077
820,8.19,62.6484866333199,-2.9156497971619233,174.69533302015518,-25.74877653662954,1.720781932425578,1.7695900551388455,2.1979761787274312,4.419718978012338,-1.0249190901016534,2.458850079413313,1.8097393888437197,1.8587286545870356,11.568327894753272,8.767444875038569,-2.79941613766462,0.04880812271326751
821,8.2,64.4238824012632,-3.005882307119001,179.6478167947884,-26.168002840034763,1.7422732876253502,1.813693801527225,2.2535537882597825,4.52866526999271,-1.0076029990302175,2.476766656257467,1.831211058603797,1.9019556322929527,11.586532667980665,8.78624787194584,-2.7988156518919016,0.07142051390187487
822,8.21,66.13122157812288,-3.117259541203854,184.53697701121513,-26.608857028159353,1.7643181563514305,1.8588974737206374,2.3051316648193922,4.627723184962525,-0.9900692230556011,2.495129752798229,1.8526200515695739,1.945628781720512,11.604951907331726,8.805485475596281,-2.797986331325756,0.09457931736920688
823,8.22,67.7541410511342,-3.249892232202467,189.34508598720618,-27.070946415123757,1.7868765636610426,1.90510189287335,2.35209805212982,4.715932439238232,-0.972312426957981,2.513949872907435,1.8738896310391127,1.9896179522147668,11.623584604557855,8.825161501529417,-2.79692300731417,0.11822532921230744
824,8.23,69.27595772434768,-3.403664422146857,194.05389433129415,-27.553587063059098,1.8099024401302368,1.952198178511681,2.393845332125473,4.792397504694545,-0.9543277057786033,2.5332364803256584,1.8949407503602322,2.0337880958299523,11.642428971931244,8.845278438290432,-2.7956211210753246,0.14229573838144427
825,8.24,70.67981648981365,-3.5782185210562645,198.64476825153722,-28.055787723547436,1.833343666338543,2.000068391611831,2.429776701514641,4.856301667290963,-0.9361106455473948,2.552997904868677,1.915692755216076,2.0780005195255926,11.661482422612808,8.865837404636954,-2.7940767567635145,0.1667247252732882
826,8.25,71.9488490168138,-3.772945286907725,203.0988391847345,-28.576239366461586,1.857142183992442,2.0485863184582476,2.4593129173718684,4.906919676376671,-0.917657383232282,2.5732412557682873,1.936064131064907,2.1221142205537764,11.680741558281674,8.88683811970805,-2.792286668179017,0.19144413446580555
827,8.26,73.06634108183887,-3.9869794039029793,207.3971637244344,-29.113311033199185,1.881234174312453,2.0976183812545144,2.481898976605525,4.943628575659315,-0.8989646652406447,2.5939723434850204,1.9559732795439626,2.165987274584034,11.700202164397872,8.908278886837099,-2.790248298453921,0.2163842069420614
828,8.27,74.015905858553,-4.219201121601701,211.5208915134294,-29.665052526603965,1.905550302957871,2.1470246573818437,2.497010596931203,4.9659163778968,-0.8800299038037543,2.615195611169607,1.975339306604956,2.2094782442292797,11.71985921330234,8.930156591375297,-2.787959792206225,0.24147435442397258
829,8.28,74.78166036593221,-4.468244167117574,215.45143853045766,-30.229204187500052,1.9300160294424984,2.196659985836374,2.504160375430172,4.973388336475184,-0.860851230588978,2.6369140767521944,1.994082804830127,2.2524475751496573,11.73970687518378,8.952466712565524,-2.785419999838414,0.2666439563938754
830,8.290000000000001,75.34840214251864,-4.732509870571189,219.17066305003874,-30.80321372232219,1.9545519777607576,2.246375136924434,2.502903514261809,4.965770672740358,-0.8414275469111208,2.659129286411298,2.012126612791724,2.294758947832981,11.759738536767763,8.975203349181431,-2.7826284738571676,0.2918231591636764
831,8.3,75.70178317933247,-5.010187169327773,222.66104149299417,-31.384259757183088,1.9790743638465451,2.2960180198998086,2.492843020534183,4.9429117307767525,-0.8217585699526411,2.6818412799282654,2.0293965354251498,2.3362805553984844,11.779946827417268,8.99835925833792,-2.77958545729868,0.31694365605326347
832,8.31,75.82847819975794,-5.299277897194621,225.90584140998513,-31.969281519300925,2.0034954745663773,2.3454349029593184,2.4736343073746228,4.904780643650193,-0.8018448744507869,2.7050485681785754,2.0458220111014898,2.376886281173561,11.80032365218151,9.021925906598732,-2.776291864550224,0.3419394283929411
833,8.32,75.71634451547484,-5.597626538426503,228.8892889456065,-32.555013805184004,2.0277241922290474,2.39447162086581,2.444989144448245,4.851463699258115,-0.7816879293664046,2.72874812275956,2.061336713289271,2.4164567541136535,11.820860231197495,9.045893532265278,-2.772749255053622,0.3667474286367627
834,8.33,75.35457090127125,-5.902953448200332,231.5967283049067,-33.138026201894114,2.0516665580878573,2.442974747358782,2.4066789270598488,4.783158682844201,-0.761290129111814,2.752935377516415,2.0758790772439517,2.4548802650896886,11.84154714474019,9.070251217535992,-2.7689598005513574,0.3913081892709247
835,8.34,74.73381320442894,-6.21289042109896,234.01477097437808,-33.71476539340373,2.075226368014231,2.4907927122879,2.358537252304246,4.700167541838868,-0.7406548189819292,2.7776042415137563,2.0893927449006227,2.4920535323491073,11.862374383135139,9.094986969081948,-2.764926246683901,0.41556634427366923
836,8.35,73.84631472083765,-6.525017433865887,236.13143272076792,-34.281599315642566,2.098305793417386,2.5377768468600803,2.300461807422134,4.602887763104508,-0.7197863145015321,2.8027471228166205,2.1018269239189946,2.5278823097702072,11.88333140069298,9.120087805494187,-2.7606518698614337,0.43947105344269444
837,8.36,72.6860097148999,-6.836899398330898,237.93625668908896,-34.83486192163269,2.1208060205466928,2.583782344283483,2.23241558893463,4.491802871707744,-0.6986899144706099,2.8283549622982043,2.1131366594993004,2.5622818366027795,11.904407172798383,9.14553985002011,-2.756140430410772,0.4629763237367901
838,8.370000000000001,71.24860881794675,-7.146121830640428,239.42042123108482,-35.370897378001686,2.1426279015082472,2.6286691271673774,2.1544274809144204,4.367472454609851,-0.6773719075572804,2.8544172765848805,2.1232830200362245,2.595177131996137,11.925590255284467,9.171328427016682,-2.7513961230374253,0.4860412256591302
839,8.38,69.5316653989328,-7.450324465541414,240.5768314065383,-35.886102628037335,2.1636726106183595,2.6723026170472273,2.066592226977771,4.230522084632667,-0.6558395723531469,2.880922209182667,2.132233199816811,2.626503141591029,11.94686884524557,9.19743816060176,-2.746423525643772,0.5086300064288678
840,8.39,67.53462234872707,-7.747232007305538,241.40019340016977,-36.37696741219198,2.1838423000684952,2.714554405126829,1.9690698335393255,4.081633473737213,-0.6341011708678352,2.9078565888017915,2.13996054373785,2.6562047466840544,11.968230842482233,9.223853074074228,-2.7412275475099595,0.5307121050583339
841,8.4,65.25883905022619,-8.034681398289623,241.88707138206655,-36.84011102089838,2.203040749255659,2.7553028265808783,1.8620844422472709,3.9215351251789157,-0.6121659354979809,2.9352059939030695,2.146444500391316,2.684236648916229,11.989663910829522,9.250556688791857,-2.735813377778536,0.5522620773252194
842,8.41,62.7075986113514,-8.310645187963628,242.03592660107995,-37.27231525253882,2.2211740025140227,2.794433443412241,1.7459227078971258,3.750993686647053,-0.5900440495603535,2.9629548225267377,2.1516705108399923,2.710563145092045,12.011155538688197,9.277532121334028,-2.730186435092495,0.5732594408982181
843,8.42,59.88609571643608,-8.573250785912467,241.84713873886128,-37.670553247764204,2.2381509903475543,2.831839442828888,1.6209317153995548,3.570806136580705,-0.567746621529699,2.9910863665241663,2.155629841002448,2.7351578076539864,12.032693098154947,9.30476217792776,-2.724352319125721,0.593688452481334
844,8.43,56.80140569949677,-8.820795569267403,241.32300976397568,-38.03201405746391,2.2538841295990517,2.8674219593735377,1.4875164662483447,3.3817928684318095,-0.5452856531691919,3.019582889388999,2.1583193658225284,2.7580030865958842,12.054263902228556,9.332229445272583,-2.7183167646213953,0.613537829774486
845,8.44,53.46243566105491,-9.051757979279618,240.4677507122797,-38.35412296651748,2.2682898982944533,2.9010903296309283,1.3461369620482213,3.1847916765777744,-0.5226740017855076,3.0484257069696343,2.159741313364383,2.779089848302037,12.075855259650696,9.359916377056553,-2.7120855984244443,0.632800431336475
846,8.45,49.879858638470424,-9.264804876081323,239.28745198218337,-38.63455773174599,2.2812893811753745,2.9327622883189246,1.1973049105219042,2.9806525960104415,-0.49992533688176677,3.077595270433205,2.159902976703123,2.798416866057013,12.097454527020254,9.387805375607082,-2.7056646998646148,0.6514729071435501
847,8.46,46.0660319997793,-9.45879552108324,237.7900378738952,-38.87126099619795,2.2928087821852845,2.962364114037172,1.0415800783755633,2.7702335078230313,-0.4770540915202202,3.1070712509367264,2.1588164010292226,2.8159902758966404,12.119049157896645,9.415878868262688,-2.6990599647226396,0.6695553318518876
848,8.47,42.03490136395644,-9.6327826218769,235.98520622208528,-39.062449211992906,2.302779900416815,2.9898307320174875,0.8795663156031831,2.55439639467405,-0.4540754087426753,3.136832625539206,2.156498052804968,2.8318230101709694,12.140626748679068,9.444119378182158,-2.692277272897705,0.6870508316006725
849,8.48,37.801891457204384,-9.786010906486053,233.88435407300227,-39.20661844194922,2.311140566272097,3.0151057800182297,0.7119072772102343,2.334004114579175,-0.43100508343029864,-3.116327543223472,2.152968477150752,2.845934219758828,12.162175081113544,9.47250958942403,-2.6853224597931735,0.7039652137461325
850,8.49,33.383785398644285,-9.917913694961955,231.50049044368637,-39.30254741876269,2.3178350348466505,3.0381416421519676,0.5392818708927479,2.109917556988935,-0.4078595000157592,-3.086060791367418,2.148251948939094,2.8583486943935252,12.183682161338114,9.501032406231518,-2.678201291351659,0.720306607305317
851,8.5,28.798593968601693,-10.02810791195996,228.84813727176612,-39.349298224888756,2.322814333832084,3.0588994540482983,0.3623994625505862,1.8829930502808103,-0.3846555664889971,-3.055575009090044,2.142376122367444,2.8690962890933576,12.205136255427709,9.529671006545197,-2.670919442601047,0.7360851202162144
852,8.51,24.06541645154978,-10.116387939355542,225.94321972244052,-39.34621492176664,2.3260365635512814,3.077349081427796,0.1819948754055355,1.6540799028384614,-0.36141064516344606,-3.024893124683644,2.1353716830934153,2.8782113632903226,12.226525921444395,9.5584088898385,-2.663482479520198,0.7513125178765145
853,8.52,19.204294664459674,-10.182718649043387,222.80294706527906,-39.29292040942897,2.3274671470974098,3.0934690729787673,-0.0011767774237335367,1.4240179787326608,-0.33814248069158076,-2.9940383246877347,2.127272006366333,2.8857322379501946,12.247840038036376,9.587229919430575,-2.655895843996154,0.7660019258813575
854,8.53,14.236061780427178,-10.22722788880106,219.44568536764845,-39.189311742746064,2.3270790289466796,3.1072465874439734,-0.18634538313797167,1.1936352315020191,-0.3148691258369643,-2.9630339674593444,2.118112823988677,2.8917006747983764,12.269067829660322,9.616118359477921,-2.64816484162238,0.7801675584972938
855,8.540000000000001,9.182187538875297,-10.25019862411769,215.89082327519927,-39.035554074032106,2.324852820852375,3.1186772940762775,-0.37273119509712715,0.9637451436713237,-0.2916088655240761,-2.9319034976022498,2.1079319023984877,2.8961613807228965,12.290198888527229,9.645058906881971,-2.6402946320781737,0.7938244732239026
856,8.55,4.064621398125958,-10.252060870343582,212.1586321628611,-38.832073337446076,2.3207768942992026,3.127765245126496,-0.5595502244375529,0.7351440439098078,-0.2683801396967956,-2.900670361527523,2.096768733679923,2.8991615395180377,12.311223193392404,9.674036718375964,-2.6322902218307274,0.8069883508272935
857,8.56,-1.0943648648476412,-10.233383487139891,208.27012194268266,-38.57954774303419,2.314847419294981,3.134522718784206,-0.74601960592641,0.5086082963931994,-0.24520146552105485,-2.869357924432317,2.084664240885656,2.900750372360178,12.33213112532616,9.703037433072064,-2.624156458911262,0.8196752994892251
858,8.57,-6.272333667558925,-10.19486585315299,204.24689380800368,-38.278898109254094,2.3070683497910993,3.1389700309856505,-0.931362885892401,0.2848913771912258,-0.22209135946696051,-2.837989388999891,2.071660498687305,2.900978727760169,12.352913480613623,9.7320471907602,-2.6158980295329304,0.8319016811945512
859,8.58,-11.446835885514073,-10.137329395901507,200.11099117698106,-37.931277034870206,2.297451356543187,3.1411353147071157,-1.1148151806397153,0.06472086929150597,-0.19906825980004378,-2.8065877161386124,2.0578004700557204,2.899898701206107,12.373561480940745,9.761052646254903,-2.6075194563385686,0.8436839581639286
860,8.59,-16.595561591749064,-10.061708920152679,195.88475007275053,-37.53805689399336,2.286015708737093,3.1410542657406695,-1.2956281554530984,-0.1512045788990023,-0.17615045000067703,-2.7751755480898503,2.043127759405574,2.8975632842815444,12.394066781029197,9.790040980086328,-2.5990250980891734,0.8550385570035766
861,8.6,-21.69648609519892,-9.969043659393417,191.59065014290832,-37.10081663323153,2.272788106201239,3.138769854464855,-1.4730747771532753,-0.3622182777821439,-0.15335598361494235,-2.7437751342421604,2.0276863824146143,2.8940260427075497,12.414421473885962,9.818999905827582,-2.590419150627218,0.8659817482636156
862,8.61,-26.728010204991513,-9.860467966930608,187.251167477935,-36.62132735465996,2.2578024644931793,3.1343320037310174,-1.6464537969490245,-0.5676884442620541,-0.13070261101969344,-2.7124082599911365,2.0115205525395217,2.8893408224952943,12.434618093834667,9.847917674343861,-2.581705648971443,0.876529539237838
863,8.620000000000001,-31.66909375736555,-9.73720156697473,182.88863033712846,-36.101536683596755,2.2410996555764893,3.127797233649772,-1.8150939250237326,-0.7670210122102822,-0.10820770855949974,-2.6810961789799053,1.9946744840954302,2.8835614832023695,12.454649617495043,9.876783075239468,-2.5728884704204056,0.8866975780732829
864,8.63,-36.49938155481058,-9.600539298307865,178.52507883232903,-35.54355194225933,2.222727207185003,3.119228274739323,-1.97835766360187,-0.9596622464680017,-0.08588821048415746,-2.649859549044122,1.9771922116371015,2.876741657143976,12.474509462875005,9.90558543576826,-2.5639713385599645,0.8965010675543201
865,8.64,-41.19932098232386,-9.451840303864545,174.18212955398837,-34.94962217911524,2.202738964298753,3.1086936515572035,-2.135644771092685,-1.1451011056792026,-0.06376054408269433,-2.6187183721674576,1.9591174252753216,2.8689345333149148,12.494191486736488,9.934314617460736,-2.5549578280847633,0.9059546872584505
866,8.65,-45.75027067969266,-9.292516645413729,169.88084605366214,-34.322119135627084,2.1811947164247294,3.096267239547214,-2.2863953359665823,-1.322871305667199,-0.04184056837440457,-2.5876919387295545,1.9404933214763873,2.8601926647174385,12.51368998039234,9.962961010708554,-2.54585137035515,0.9150725231224848
867,8.66,-50.134599762892364,-9.124021352818446,165.641616019612,-33.66351726631753,2.1581597945834248,3.0820277983733475,-2.430092445256731,-1.492553043396068,-0.020143516679260776,-2.556798776298326,1.921362468824099,2.850567797758357,12.532999664086432,9.99151552753374,-2.5366552596190655,0.9238680037899227
868,8.67,-54.335777197605985,-8.94783594929387,161.48403590175016,-32.97637296185213,2.13370464204788,3.066058485462059,-2.566264438669926,-1.6537743507820737,0.0013160566495459922,-2.5260566031837173,1.901766688169105,2.840110722369446,12.552115680103855,10.019969592756636,-2.5273726598332633,0.9323538434141789
869,8.68,-58.338451034648656,-8.765457526404674,157.4268036572061,-32.263303156899646,2.1079043629668566,3.0484463538233455,-2.6944867451828634,-1.806212057514189,0.02252432508916819,-2.4954822869310918,1.8817469465480534,2.8288711415132384,12.571033584751957,10.04831513376306,-2.51800661202026,0.9405419908564889
870,8.69,-62.128517318396234,-8.578385473269968,153.4876202005508,-31.526963533007947,2.0808382530301346,3.029281838462264,-2.8143833044966646,-1.9495923519517981,0.04346823420642339,-2.465091807890581,1.8613432642226881,2.8168975587573555,12.58974933934677,10.076544569058004,-2.5085600420970042,0.9484435854321296
871,8.700000000000001,-65.69317857515793,-8.388107992667116,149.68310005328652,-30.770026550860464,2.0525893163057596,3.008658235825199,-2.9256275807658247,-2.083690938899426,0.06413554115398541,-2.434900227954959,1.8405946341659158,2.8042371826319417,12.608259300332572,10.104650795779964,-2.4990357691089446,0.9560689195194394
872,8.71,-69.02099187727057,-8.196088560354609,146.02869159742383,-29.995159564156125,2.0232437723010146,2.986671180750948,-3.0279431804533004,-2.208332801911933,0.08451484928544724,-2.404921664514124,1.8195389533059254,2.7909358465229293,12.62656020865574,10.132627176337637,-2.4894365137995713,0.9634274084499332
873,8.72,-72.1019065616898,-8.003752503471361,142.53860724710972,-29.205003279708926,1.9928905571769193,2.9634181253243006,-3.1211040900569094,-2.323391586061724,0.10459563781125021,-2.3751692696297817,1.798212964830783,2.77703794289779,12.644649178506885,10.160467524318136,-2.479764907441032,0.9705275681473813
874,8.73,-74.92729175647916,-7.812473887062588,139.22576376348775,-28.402150833201325,1.9616208228860528,2.9389978238656176,-3.20493455262504,-2.4287886239445164,0.12436828645584039,-2.345655214390986,1.77665221085279,2.7625863707078326,12.662523685538437,10.188166089804305,-2.4700235008468265,0.9773770009795648
875,8.74,-77.4899539372463,-7.623562905597869,136.1017328495732,-27.589127748570277,1.9295274378120004,2.9135098280483844,-3.2793086045748767,-2.524491633574758,0.1438240951132967,-2.316390678369832,1.7548909947340707,2.747622494860808,12.680181554657743,10.215717544227298,-2.460214773483129,0.983982390236384
876,8.75,-79.78414479624074,-7.438253977790521,133.17670207672876,-26.76837304054611,1.896704492272175,2.8870539958287327,-3.3441492962533133,-2.6105131212739607,0.16295529853329022,-2.287385844058296,1.7329623523816635,2.7321861167089483,12.697620947488868,10.24311696486985,-2.4503411425915864,0.9903495035565577
877,8.76,-81.80555976099895,-7.257694738749776,130.45944611169108,-25.942221705314434,1.8632468120103467,2.8597300175112568,-3.39942762104426,-2.686908525936192,0.18175507610170477,-2.25864989613209,1.7108980318313727,2.716315454549782,12.714840349589327,10.270359819125282,-2.440404972233795,0.9964832055009101
878,8.77,-83.55132754651875,-7.082936113240801,127.95730813447672,-25.11288882363056,1.8292494825567363,2.831636961876978,-3.445161178623095,-2.753774142983139,0.20021755681027417,-2.2301910253560924,1.6887284804540645,2.700047133189409,12.731838557501321,10.29744194860758,-2.4304085821663666,1.0023874793202419
879,8.78,-85.01999116578023,-6.914923638385173,125.6761912629581,-24.282455475012103,1.7948073870775136,2.802872844876541,-3.4814125982799244,-2.811244867116134,0.21833781953707596,-2.202016436918719,1.666482839135614,2.68341618166985,12.748614665710454,10.324359553198706,-2.420354256455795,1.0080654577990273
880,8.790000000000001,-86.21148085817158,-6.754490184376394,123.62055973010847,-23.45285663194822,1.760014760076731,2.7735342229571587,-3.508287748147391,-2.8594917928288806,0.2361118887846607,-2.1741323629596416,1.644188942802382,2.6664560383143385,12.765168053578465,10.351109175110398,-2.4102442517443023,1.0135194628804276
881,8.8,-87.12707942427265,-6.602350197335016,121.79344949543018,-22.62587116919876,1.7249647590561408,2.743715812655981,-3.5259337556928885,-2.8987197103204356,0.2535367260449024,-2.146544079036723,1.6218733266863459,2.6491985622946146,12.781498372310429,10.377687683029714,-2.4000808050816254,1.0187510535998403
882,8.81,-87.76938047934053,-6.459095561575645,120.19648791277393,-21.803114087647323,1.6897490559856485,2.7135101376681683,-3.5345368641165074,-2.929164532622764,0.2706102169795303,-2.119255924263657,1.5995612377489812,2.631674050974879,12.797605532010866,10.404092256409722,-2.3898661412431874,1.0237610816825198
883,8.82,-88.14224015645236,-6.325193148641439,118.82992202357498,-20.986031014280627,1.654457450192205,2.68300720419156,-3.5343201483140287,-2.95109068704516,0.28733115462246367,-2.0922713248398375,1.577276650708965,2.6139112623355287,12.813489688877572,10.43032036995959,-2.379602479462301,1.028549753999355
884,8.83,-88.2507228048905,-6.200984089472472,117.69265499671533,-20.175895001753183,1.6191775040395726,2.652294204970607,-3.5255411129582592,-2.964788501019528,0.3036992188251121,-2.0655928206875864,1.5550422881462314,2.5959374418274246,12.829151232576507,10.456369778381564,-2.3692920395126986,1.0331167009310345
885,8.84,-88.10104123931741,-6.086684773910767,116.7822901949517,-19.373805612626555,1.5839942025475946,2.62145525211487,-3.5084891940038267,-2.9705716088894674,0.31971495217831014,-2.039222094909461,1.5328796441831265,2.577778353053579,12.844590773836048,10.482238501396163,-2.358937047087771,1.0374610495672754
886,8.85,-87.70049210207836,-5.9823895502193025,116.09518231199186,-18.580690236567584,1.5489896378882186,2.5905711384574794,-3.4834831836562263,-2.9687744026415483,0.33537973265502913,-2.0131600057789734,1.5108090112724357,2.5594583117199234,12.859809132293952,10.507924809090929,-2.3485397384340025,1.0415815005692608
887,8.86,-87.05738690390544,-5.888075065884157,115.62649499484107,-17.797307553036042,1.5142427194969579,2.559719126947484,-3.450868597522593,-2.959749545683729,0.35069574322636177,-1.9874066209817713,1.4888495096510224,2.5410002223395867,12.874807324625879,10.533427207622902,-2.338102364208133,1.045476407450526
888,8.870000000000001,-86.18097930834978,-5.803606161858599,115.37026434219302,-17.024253019437413,1.4798289103532203,2.5289727673410143,-3.4110150013940537,-2.94386556516329,0.3656659387097476,-1.96196125383041,1.467019119047227,2.5224256172168777,12.889586552980045,10.558744425299865,-2.3276271925401577,1.049143856987794
889,8.88,-85.08138922231664,-5.728743204640985,115.319467651658,-16.261966234367485,1.4458199898105075,2.4984017392674662,-3.3643133138489203,-2.9215045345373123,0.3802940101130558,-1.9368225011841536,1.4453347122589304,2.5037546972763907,12.90414819373865,10.583875399061094,-2.3171165112972094,1.0525817494569587
890,8.89,-83.76952424990962,-5.663150716598575,115.46609677575329,-15.51073999981081,1.4122838431975824,2.468071720600277,-3.3111730997222635,-2.893059854890062,0.3945843467411989,-1.9119882828150438,1.423812090248137,2.48500637434104,12.91849378662289,10.608819261373837,-2.3065726295562428,1.0557878774026945
891,8.9,-82.25699905847064,-5.60640714272882,115.80123543975664,-14.770730882889419,1.3792842782636772,2.438044279952538,-3.252019868343408,-2.858934140033094,0.4085419963333296,-1.8874558819728766,1.4024660184254776,2.466198314498355,12.932625024155177,10.633575327558406,-2.2959978783062063,1.058760001688861
892,8.91,-80.55605319602304,-5.55801557499378,116.31513987185966,-14.041971060301472,1.3468808684038898,2.408376792047478,-3.187292389470929,-2.8195372078348746,0.42217262349880386,-1.863221986913644,1.3813102638256805,2.4473469822291363,12.946543741488876,10.658143083550938,-2.285394610412448,1.0614959236435881
893,8.92,-78.67946788700264,-5.5174152406758825,116.99732209873584,-13.324381214083733,1.3151288224741549,2.379122374674876,-3.117440038896522,-2.7752841774779777,0.4354824667187738,-1.8392827331688033,1.360357632901051,2.4284676850044917,12.9602519066131,10.68252217411005,-2.274765199887577,1.0639935522007213
894,8.93,-76.64048231915031,-5.48399355167466,117.83663526653872,-12.61778423847068,1.2840788808878965,2.3503298459378223,-3.0429201848663303,-2.726593670343021,0.4484782941777783,-1.8156337463455867,1.3396200096855293,2.409574618088134,12.973751610937494,10.706712391470658,-2.264112040523365,1.066250965049926
895,8.94,-74.45270991850074,-5.457098505447666,118.82136035852236,-11.921919512485715,1.253777237577558,2.3220437005124666,-2.9641956256930135,-2.6738861103337803,0.461167358686072,-1.792270185261437,1.3191083941058732,2.3906809093092227,12.987045060259579,10.730713664445924,-2.253437543947509,1.0682664629349086
896,8.950000000000001,-72.13005509208696,-5.436051226891525,119.93929369517608,-11.23645749290213,1.2242654873030823,2.294304103685157,-2.881732088264454,-2.6175821181919536,0.47355735194878384,-1.769186785228213,1.2988329402397976,2.3717986635982222,13.000134566115078,10.754526047975817,-2.242744137176997,1.0700386163820745
897,8.96,-69.6866308984848,-5.420158442405443,121.1778346215821,-10.561014385826745,1.1955805976950495,2.2671469019901416,-2.795995796510104,-2.558100993219962,0.48565635843227234,-1.7463779013139136,1.2788029943423331,2.3529390071028855,13.013022537509839,10.778149713119177,-2.232034259746186,1.071566304295092
898,8.97,-67.13667808615796,-5.40872468405269,122.52407280788066,-9.895166663687016,1.1677549053321261,2.240603649344983,-2.7074511183496344,-2.495859275366546,0.4974728090715863,-1.7238375514209765,1.259027132482527,2.334112130725209,13.02571147303016,10.80158493748408,-2.221310360492563,1.0728487440128567
899,8.98,-64.49448591703144,-5.401064031187386,123.96487461378173,-9.238465205846616,1.1408161350700594,2.2147016476632757,-2.6165582990963703,-2.4312693802002676,0.5090154350553955,-1.7015594590310088,1.2395131976515614,2.3153273329415147,13.038203953326978,10.824832096090143,-2.2105748940864043,1.0738855125932163
900,8.99,-61.77431516976986,-5.3965112104317425,125.48696799477548,-8.590448856652,1.114787441762129,2.1894640010137993,-2.5237712888197548,-2.3647382994487938,0.5202932219166291,-1.679537095475443,1.2202683362214377,2.2965930617878216,13.050502633967952,10.847891652654928,-2.199830317392072,1.0746765592516703
901,9.0,-58.99032369234936,-5.39443189111648,127.07702545741702,-7.950657213036281,1.0896874734385225,2.1649096824861096,-2.4295356706920175,-2.296666360112338,0.531315364148058,-1.6577637216005674,1.2012990336500122,2.27791695591111,13.062610238650482,10.870764151295623,-2.1890790857486255,1.0752222090475871
902,9.01,-56.15649484794694,-5.394232032172663,128.7217446023091,-7.318642474768168,1.065530454944173,2.14105361301214,-2.3342866968912386,-2.2274460357842947,0.5420912205523822,-1.6362324287033378,1.1826111493435805,2.2593058846038327,13.074529552767611,10.89345020863619,-2.17832364925572,1.075523158067967
903,9.02,-53.286569171335,-5.395366157363735,130.40792582659898,-6.693980213382797,1.0423262909710687,2.117906751478273,-2.2384474381698087,-2.1574608046169024,0.5526302705260782,-1.6149361786215217,1.1642099506023598,2.240765986754351,13.086263417318019,10.915950506309498,-2.1675664491476,1.0755804605072044
904,9.03,-50.393979525149305,-5.397344458570608,132.12254679248156,-6.0762789406393445,1.0200806873619244,2.095476195540226,-2.1424270527316494,-2.0870840494400813,0.5629420714653093,-1.593867842867994,1.1461001455872153,2.22230270866002,13.097814723150643,10.93826578384333,-2.1568099143333033,1.0753955081783015
905,9.040000000000001,-47.49179001698472,-5.399738650760377,133.8528333038152,-5.465188383172763,0.9987952895074245,2.073765292620787,-2.046619179582862,-2.0166779967385278,0.5730362174706936,-1.5730202407045994,1.1282859152579185,2.2039208406623603,13.10918640553385,10.960396831918622,-2.146056458175293,1.0749700031133624
906,9.05,-44.59263890891061,-5.402186526461583,135.5863262697306,-4.860406396011517,0.9784678366090978,2.0527737606261947,-1.9514004609996398,-1.9465926923630563,0.5829222995156953,-1.552386176055974,1.110770944243806,2.185624552574932,13.120381439038677,10.982344485988076,-2.1353084755716694,1.074305924017097
907,9.06,-41.708685721237394,-5.404395182625388,137.31094447136147,-4.261684474399113,0.9590923305345741,2.0324978179604503,-1.8571291982330556,-1.8771650133087803,0.5926098672309208,-1.5319584731681002,1.09355845061758,2.167417427885058,13.131402832725325,11.004109620242911,-2.124568340399021,1.0734054874258763
908,9.07,-38.85156270195086,-5.406142916801926,139.0150428857251,-3.668831849020319,0.9406592179518157,2.0129303224451434,-1.7641441439860084,-1.8087177161486685,0.6021083924436073,-1.5117300109206053,1.076651214551664,2.1493024967196024,13.142253625621812,11.025693141915468,-2.1138384033642126,1.0722711044933275
909,9.08,-36.032330802957524,-5.407279813106491,140.68746635840833,-3.0817181747820745,0.9231555843940428,1.9940609187665603,-1.6727634345989573,-1.7415585240478073,0.611427234598357,-1.4916937557055605,1.060051605844322,2.1312822675730705,13.152936882483537,11.047095985905255,-2.1031209903039176,1.0709053343725174
910,9.09,-33.261440273248624,-5.407727060671386,142.31759845494156,-2.5002748469329727,0.9065653588781046,1.9758761940713498,-1.5832836642237835,-1.6759792555120663,0.6205756081714795,-1.4718427927894475,1.043761610309654,2.1133587578036273,13.16345568982245,11.068319109716152,-2.092418400960927,1.0693108351932452
911,9.1,-30.548695948878635,-5.40747506785948,143.8954053578854,-1.9244950002017904,0.890869527676265,1.9583598413172902,-1.4959791025938354,-1.6122549991703452,0.6295625521774587,-1.4521703560787995,1.0277828550317898,2.095533522908898,13.173813152194416,11.089363488692424,-2.0817329082562583,1.0674903136410252
912,9.11,-27.90322728892355,-5.406580454002041,145.41147471403343,-1.354432266356624,0.8760463558250654,1.9414928299575374,-1.411101057267426,-1.5506433398460426,0.6383969018519582,-1.4326698562141602,1.0121166324888846,2.077807684598978,13.184012388733478,11.110230111541478,-2.0710667580661184,1.065446474132472
913,9.120000000000001,-25.33346317685038,-5.405162016701626,146.85704937218512,-0.7901983830200878,0.8620716149456847,1.9252535834968254,-1.3288773804791043,-1.4913836420005666,0.6470872625815693,-1.4133349069213907,0.996763923557225,2.0601819576888034,13.19405652992174,11.130919976131407,-2.06042216950296,1.0631819685511408
914,9.13,-22.847111477191675,-5.40339578625133,148.22405598744038,-0.23195976117839923,0.8489188159482101,1.9096181634077016,-1.2495121199457546,-1.4346963971800741,0.6556419861362665,-1.3941593495543132,0.9817254194097459,2.0426566758361635,13.203948714583767,11.151434085551715,-2.0498013356905798,1.0606993474594915
915,9.14,-20.45114330899458,-5.401509290129924,149.50512850198882,0.32006686874217394,0.8365594451978463,1.8945604588366476,-1.1731853121904214,-1.38078264261901,0.6640691492462588,-1.3751372757679907,0.9670015423268116,2.0252318161551934,13.213692087094486,11.171773444425693,-2.0392064250142496,1.0580010136388012
916,9.15,-18.151781969619627,-5.3997751580810105,150.69362654547746,0.8656196038254018,0.8249632027345498,1.8800523814644334,-1.100052916110928,-1.3298234581154078,0.6723765345507798,-1.3562630482681244,0.9525924654398199,2.007907022737969,13.22328979478988,11.191939055463521,-2.0286395828189043,1.0550891787298835
917,9.16,-15.954496416320318,-5.398504204142407,151.78364882902054,1.4043971734447913,0.814098241159094,1.8660640648175564,-1.0302468837249956,-1.2819795483842407,0.680571613932409,-1.33753131958863,0.9384981314308118,1.990681629119351,13.232744985569836,11.211931916245222,-2.018102933521039,1.0519658236584624
918,9.17,-13.863999187559594,-5.398038124247417,152.77004163686195,1.936065263520934,0.8039314038281239,1.85256406725736,-0.9638753641938275,-1.2373909176955629,0.6886615342367625,-1.3189370488568817,0.9247182702130887,1.9735546797221093,13.242060805682907,11.23175301622315,-2.0075985830936443,1.048632663429236
919,9.18,-11.88424862256231,-5.3987419477974585,153.64840254725965,2.4602632212599875,0.7944284610384896,1.8395195778052131,-0.9010230364323556,-1.196176643065812,0.6966531053640312,-1.3004755165142208,0.9112524156194988,1.956524950320937,13.251240397682873,11.251403333933986,-1.997128621878252,1.0450911167667236
920,9.19,-10.018455215434674,-5.400996378866196,154.4150795400896,2.9766110032821604,0.7855543429268278,1.8268966238976332,-0.8417515648360261,-1.1584347515294122,0.7045527907058644,-1.2821423369679974,0.8980999211262076,1.9395909675650214,13.260286898547351,11.270883834410656,-1.9866951276738618,1.0413422809708055
921,9.200000000000001,-8.269091920069659,-5.4051901575716155,155.06716567220354,3.4847162343633133,0.777273367863838,1.8146602801066964,-0.7861001719183227,-1.1242422060887587,0.7123666998886419,-1.26393346916081,0.8852599746407753,1.9227510275998392,13.269203437948933,11.290195466784885,-1.976300169049452,1.0373869122428583
922,9.21,-6.637908203490973,-5.4117125645669395,155.60248952326364,3.984181250817689,0.7695494651835866,1.8027748768105827,-0.7340863209464247,-1.093655003741041,0.720100583772243,-1.2458452250525078,0.8727316123838125,1.906003213829099,13.277993136669659,11.30933916207171,-1.9659458088247508,1.033225411626996
923,9.22,-5.1259476292608515,-5.420946182843167,156.01960163361898,4.474610010559147,0.7623463911561357,1.7912042077595454,-0.6857065010407126,-1.0667083878621324,0.7277598316422345,-1.2278742760207675,0.8605137318940718,1.8893454138582997,13.28665910514988,11.328315831127416,-1.955634107663002,1.0288578166034097
924,9.23,-3.733568737934034,-5.433260019810704,156.31775717300175,4.9556147623787945,0.7556279371861394,1.7799117354535603,-0.6409371066086994,-1.0434171757212964,0.7353494705227628,-1.2100176571968952,0.8486051041868005,1.8727753356611618,13.295204442162936,11.347126362773025,-1.945367127719658,1.0242837982674209
925,9.24,-2.46046897977571,-5.449003080934411,156.4968950928805,5.426822377989402,0.7493581293003068,1.7688607932332354,-0.599735402499439,-1.0237762005731794,0.742874166527748,-1.1922727697642501,0.8370043850952698,1.8562905230100946,13.303632233607285,11.365771622075725,-1.9351469362919982,1.0195026639329288
926,9.25,-1.3057114447913456,-5.4684984730725805,156.55761402756193,5.887880262862174,0.7435014180719073,1.7580147829839585,-0.5620405658340815,-1.007760866250418,0.7503382281589891,-1.1746373812577677,0.8257101258251431,1.8398883702114341,13.311945551408105,11.3842524487811,-1.924975609416757,1.0145133649120512
927,9.26,-0.2677541274532569,-5.492038102329477,156.50114521866453,6.338461774623395,0.7380228582201089,1.7473373673667008,-0.5277747951411534,-0.9953278107801221,0.7577456114517296,-1.1571096239139256,0.8147207827510743,1.8235661361857607,13.320147452520628,11.402569655889403,-1.9148552353656552,1.0093145091465918
928,9.27,0.6555185419192426,-5.519878017156854,156.32932274468976,6.778271091301699,0.7328882772149078,1.7367926555164084,-0.49684447718315,-0.9864156740527193,0.7650999268610882,-1.1396879911312419,0.8040347264844534,1.8073209579326808,13.328240978027743,11.420724028369499,-1.90478791799233,1.0039043783015007
929,9.28,1.4667621708608802,-5.552234433789827,156.0445513426126,7.207047484873724,0.7280644323138673,1.726345381191606,-0.4691414017100138,-0.9809459632625793,0.7724044477765317,-1.1223713321117548,0.7936502502406532,1.7911498634188885,13.336229152324796,11.43871632200459,-1.8947757798882865,0.9982809488777388
930,9.290000000000001,2.1691371562675643,-5.589280467738944,155.64977211074492,7.624568968489254,0.7235191555539043,1.715961072414977,-0.4445440143363513,-0.9788240086388724,0.7796621205463138,-1.1051588447637841,0.7835655775336471,1.7750497839272328,13.344114982384633,11.45654726236404,-1.884820965310098,0.9924419168610726
931,9.3,2.7662719859331,-5.631143581733921,155.14842638281027,8.030655298719424,0.7192214863188221,1.7056062117133326,-0.4229186977735973,-0.9799400007537002,0.7868755758895418,-1.0880500669555784,0.7737788692250633,1.7590175659035265,13.35190145709637,11.474217543896184,-1.8749256428451204,0.9863847253945105
932,9.31,3.262225359632076,-5.677903748829194,154.54441806152045,8.425170325570413,0.7151417912004143,1.695248386146875,-0.4041210717987084,-0.9841700998757512,0.7940471415702137,-1.0710448662178451,0.7642882299541289,1.7430499823366996,13.359591546671517,11.491727829137238,-1.8650920077880588,0.9801065949464607
933,9.32,3.661447394831219,-5.729592317789789,153.84207469643042,8.8080236943813,0.7112518709666582,1.684856426408072,-0.38799730256495835,-0.9913776069327611,0.8011788562052183,-1.0541434280009505,0.7550917139742265,1.7271437437067438,13.367188202111429,11.50907874803181,-1.855322284206169,0.9736045554414139
934,9.33,3.9687401760154395,-5.786191558061759,153.046107585553,9.179171913411638,0.7075250545439162,1.6744005343704953,-0.3743854121794543,-1.001414185120489,0.8082724840769119,-1.03734624259913,0.7461873304210099,1.7112955085335555,13.374694354730238,11.526270897360867,-1.845618726676042,0.9668754798265791
935,9.34,4.189217898964614,-5.847634852611428,152.16157117324303,9.5386188098951,0.7039362800103287,1.6638523985740628,-0.3631165798628554,-1.0141211207359544,0.8153295308203988,-1.0206540908597792,0.7375730480362903,1.6955018935584594,13.382112915727756,11.54330484027335,-1.8359836216801781,0.959916118563734
936,9.35,4.328266852242391,-5.913807499481805,151.19382200836,9.886415404807803,0.7004621626839023,1.6531852972444827,-0.3540164264730724,-1.0293306116309955,0.822351259856036,-1.0040680288004649,0.7292467993712088,1.679759483588848,13.389446775806965,11.56018110591787,-1.826419288656501,0.9527231345605804
937,9.36,4.3915054679346195,-5.984548076588537,150.1484775169412,10.222659243046762,0.697081050470459,1.642374188558574,-0.34690627469684404,-1.0468670716248283,0.8293387094389513,-0.9875893712597289,0.721206484491426,1.664064841034821,13.396698804831043,11.576900189171305,-1.8169280806986805,0.9452931380881151
938,9.370000000000001,4.384744662341999,-6.059650319652787,149.0313748326375,10.547493220541265,0.69377306671303,1.6313957879822438,-0.34160437779243014,-1.066548439447126,0.8362927101993746,-0.971219674710055,0.7134499742064526,1.648414515165347,13.403871851515047,11.593462550461307,-1.8075123849094297,0.9376227212692139
939,9.38,4.313948675088753,-6.138865459137211,147.84852991615384,10.861103954131227,0.6905201408549013,1.620228632621321,-0.3379271103785473,-1.0881874809801744,0.8432139030503544,-0.9549607193625911,0.705975112844463,1.6328050511096674,13.410968743147594,11.60986861568014,-1.7981746224129456,0.9297084917664198
940,9.39,4.185196602082941,-6.221904960480051,146.60609718203463,11.163719741976882,0.6873060272929918,1.608853132637389,-0.3356901154233343,-1.1115930742743438,0.8501027573429127,-0.9388144906931424,0.6987797205934729,1.6172329986283982,13.417992285338103,11.626118776187282,-1.7889172480360553,0.9215471053443971
941,9.4,4.004644804323821,-6.308443610054082,145.31032983772195,11.455608164554599,0.6841163128561599,1.5972516098862573,-0.33470940224331336,-1.1365714672267369,0.856959589152685,-0.9227831605180427,0.6918615954290261,1.6016949206767792,13.424945261785377,11.642213388898739,-1.7797427496707279,0.9131352970300973
942,9.41,3.7784903604443087,-6.3981228898198905,143.96754112561126,11.737073376241895,0.680938413394347,1.5854083240383479,-0.3348023910115578,-1.1629274987390215,0.8637845795867521,-0.9068690677463249,0.68521851464812,1.5861874017810942,13.431830434063459,11.658152776461023,-1.7706536473330772,0.9044699106440008
943,9.42,3.512935716669008,-6.490554584373964,142.58406664443172,12.008453137307065,0.6777615600089285,1.5733094865330952,-0.33578889994895517,-1.1904657749675396,0.8705777930044267,-0.8910746989315776,0.6788482360285835,1.5707070562473735,13.438650541420952,11.673937227508029,-1.7616524919360046,0.8955479265241667
944,9.43,3.214154673440006,-6.585324565829065,141.1662279115477,12.270115634971681,0.6745767754923565,1.560943262804556,-0.3374920720428822,-1.2189917932018988,0.8773391950512573,-0.8754026687429755,0.6727484986327077,1.55525053621982,13.445408300590133,11.68956699699924,-1.752741863794233,0.8863664873121996
945,9.44,2.888259833506468,-6.681996704546078,139.72029731292207,12.522456140263388,0.67137684157622,1.5482997632914977,-0.33973923879248874,-1.248313006924309,0.8840686704113446,-0.8598557004701584,0.666917023273562,1.5398145396044292,13.452106405602404,11.705042306637848,-1.743924370881503,0.8769229217152776
946,9.450000000000001,2.541271621947383,-6.78011685690908,138.25246457264836,12.765893544861333,0.6681562576113749,1.5353710238112888,-0.3423627191090268,-1.2782398266536146,0.8907660401891823,-0.8444366066712115,0.6613515126621711,1.5243958178715977,13.45874752760679,11.720363345367465,-1.7352026468603938,0.8672147661999139
947,9.46,2.179088974451826,-6.879216884564832,136.76880485921598,13.000866819584905,0.6649111913220825,1.5221509759325424,-0.34520055209523376,-1.3085865521287263,0.8974310788385645,-0.8291482700669469,0.6560496512534558,1.5089911837493484,13.465334314688395,11.735530269946329,-1.7265793489055117,0.8572397846104599
948,9.47,1.8074617762672274,-6.978818663741393,135.27524863106,13.227831432673558,0.66163942228846,1.5086354080275242,-0.34809716299493926,-1.3391722325147184,0.904063530562593,-0.8139936247780252,0.6510091048086805,1.4935975188170956,13.471869391683889,11.750543205597932,-1.7180571553406185,0.8469959857390642
949,9.48,1.4319651208133388,-7.078438046992264,133.77755330976242,13.44725576296036,0.6583402788183325,1.4948219177202042,-0.3509039621215111,-1.369821452225127,0.9106631251153606,-0.7989756379946055,0.646227519692072,1.478211781007655,13.478355359991253,11.765402246737105,-1.7096387631099663,0.8364816389018718
950,9.49,1.0579754438642786,-7.177588743976648,132.28127685530055,13.659617539462936,0.6550145688712233,1.480709856471346,-0.35347987705555983,-1.4003650409504547,0.9172295929425573,-0.7840972921608056,0.6417025219191764,1.4628310120233485,13.484794797371265,11.780107457770711,-1.701326885103363,0.8256952876001226
951,9.5,0.6906485766118853,-7.275786091909453,130.791753304221,13.865400335556686,0.6516645056941425,1.466300267057568,-0.3556918188367644,-1.4306407073561127,0.9237626796048181,-0.7693615677488351,0.6374317159745881,1.4474523446698098,13.491190257738275,11.794658873972077,-1.6931242473536532,0.8146357613634255
952,9.51,0.3348997489793115,-7.37255069039684,129.31407031866223,14.065090142456594,0.6482936288214799,1.4515958147079095,-0.3574150832615369,-1.4604935967625536,0.9302621594342012,-0.7547714266900419,0.6334126834167232,1.4320730101091865,13.497544270938102,11.809056502428358,-1.6850335861242431,0.8033021858864297
953,9.52,-0.004614437042715913,-7.467411878988406,127.85304878148465,14.259172043730375,0.6449067210801714,1.436600712659352,-0.3585336887434178,-1.4897767738088543,0.9367278483806712,-0.7403297965224921,0.6296429812874588,1.4166903450321309,13.503859342510959,11.823300323060026,-1.6770576449031633,0.7916939915791806
954,9.53,-0.32351205489864476,-7.559911039583955,126.41322446102009,14.448127009334879,0.6415097222267878,1.421320642883598,-0.3589406524862623,-1.518351631824771,0.9431596160117722,-0.726039555307136,0.6261201403446122,1.4013017987459548,13.510137953437605,11.837390289711678,-1.6691991713189083,0.7798109206568102
955,9.540000000000001,-0.6176999231372493,-7.649604708999869,124.99883175732275,14.632428825034738,0.638109639825832,1.4057626727207921,-0.3585382069794646,-1.5460882311695383,0.9495573966348706,-0.7119035173571687,0.6228416631354919,1.3859049401741343,13.516382559866992,11.851326331313269,-1.6614609139920393,0.7676530328949601
956,9.55,-0.8833857080444485,-7.736067489971821,123.61378953113986,14.812541170578271,0.6347144579586464,1.3899351681337417,-0.35723795903326905,-1.572865569269159,0.9559211995173497,-0.6979244198179716,0.6198050219299961,1.3704974647601436,13.522595592823933,11.865108353110873,-1.6538456193353213,0.7552207101750953
957,9.56,-1.117088079032802,-7.818894751670802,122.2616890066094,14.988914857646042,0.6313330443304199,1.3738477042690427,-0.35496099374701745,-1.598571785512331,0.9622511181859016,-0.6841049101279659,0.6170076565320223,1.3550772012665242,13.528779457895478,11.878736237965981,-1.6463560283138676,0.7425146599386228
958,9.57,-1.3156449449354346,-7.897705113049769,120.9457837291021,15.161985236733313,0.6279750563192186,1.3575109739800386,-0.351637925940426,-1.6231043044406583,0.968547338791628,-0.6704475343840834,0.6144469719883112,1.3396421184579532,13.534936534894879,11.892209847722201,-1.6389948731757116,0.72953591766082
959,9.58,-1.4762198070887411,-7.972142704400231,119.66898155064855,15.33216978040235,0.6246508464860483,1.3409366949319343,-0.34720890168328544,-1.646369920903257,0.9748101475329823,-0.656954726629119,0.6121203362141645,1.3241903316549337,13.541069177502205,11.90552902463816,-1.6317648741621014,0.716285848445886
960,9.59,-1.5963062721625065,-8.04187920422833,118.4338386070831,15.499865848892096,0.6213713680390711,1.324137515872419,-0.3416235526331227,-1.6682848309966718,0.9810399371336331,-0.6436287990722237,0.6100250775558388,1.3087201091426837,13.547179712880887,11.91869359288524,-1.624668736205857,0.7027661478333478
961,9.6,-1.673730774189941,-8.106615650046678,117.24255524331618,15.66544864281504,0.6181480807184987,1.3071269226124675,-0.3348409059386805,-1.6887746127041987,0.9872372123771326,-0.6304719332481796,0.6081584823097895,1.2932298784179048,13.553270441269646,11.931703360108603,-1.6177091456253123,0.6889788418939689
962,9.61,-1.7066535612004552,-8.16608402273995,116.09697383598971,15.829269346787074,0.614992857541647,1.2899191442222673,-0.3268292524927638,-1.7077741601317655,0.9934025947048054,-0.6174861721158273,0.6065177922192586,1.2777182322540581,13.559343635549498,11.944558119049786,-1.6108887668206329,0.6749262866806203
963,9.620000000000001,-1.6935680071886061,-8.2200486052743,114.99857845626224,15.991653466851833,0.611917892820367,1.272529059907569,-0.3175659763230866,-1.7252275752451038,0.9995368258875275,-0.60467341309116,0.6051002019690559,1.262183934564093,13.565401540785672,11.957257649228955,-1.6042102389786876,0.6606111670872019
964,9.63,-1.6332983148559022,-8.268307117140793,113.94849630962189,16.1528993640196,0.6089356118357686,1.2549721069920001,-0.3070373478945125,-1.7410880208883421,1.0056407707860402,-0.5920354020061845,0.6039028566996615,1.2466259260377384,13.57144637374459,11.969801718684703,-1.5976761727922248,0.6460364951562315
965,9.64,-1.5249956790265196,-8.310691626720745,112.94750088405327,16.31327698547949,0.606058582528011,1.2372641903922286,-0.29523828407502173,-1.7553175387974218,1.0117154192181874,-0.5795737279805012,0.6029228495620369,1.2310433295290797,13.577480322386146,11.982190085768956,-1.5912891471986885,0.6312056078642175
966,9.65,-1.3681329841232714,-8.3470692440338,111.99601673334745,16.473026794761225,0.6032994295320295,1.219421593935051,-0.28217207747105627,-1.7678868361086253,1.0177618869548541,-0.5672898191889898,0.6021572193347363,1.2154354551685431,13.58350554533183,11.99442250099443,-1.5850517061438438,0.6161221644030215
967,9.66,-1.1624981125579192,-8.377342597005743,111.09412581786026,16.632358901403148,0.6006707508635927,1.2014608938295868,-0.26785009779503105,-1.7787750437678003,1.0237814158696188,-0.5551849395055589,0.6016029481250406,1.1998018051723451,13.58952417130944,12.006498708931694,-1.5789663553751776,0.6007901429659941
968,9.67,-0.9081859435707162,-8.401450094405739,110.24157532139486,16.791452390588553,0.5981850375340566,1.1833988745730204,-0.2522914678675049,-1.7879694499611807,1.029775373270009,-0.5432601860000461,0.6012569591758646,1.1841420783213379,13.595538298575306,12.018418450152723,-1.5730355592700551,0.5852138370389638
969,9.68,-0.6055891244175382,-8.419365979296456,109.43778685963152,16.950454852408065,0.5958545963467254,1.1652524475364188,-0.23552271679464978,-1.7954652115973917,1.035745250440898,-0.5315164872626803,0.6011161148001966,1.168456174080398,13.601549994315189,12.030181463217437,-1.5672617377035785,0.5693978511896933
970,9.69,-0.2553876976343905,-8.431100176902618,108.68186699285398,17.10948211020528,0.5936914761028677,1.1470385724462338,-0.21757741279131526,-1.8012650465952433,1.0416926604330228,-0.5199546025282219,0.6011772144646392,1.1527441963289702,13.60756129402529,12.041787486699546,-1.5616472629612446,0.5533470963433661
971,9.700000000000001,0.14146233019867172,-8.436697941187443,107.97261895327142,17.268618146917426,0.5917073974212578,1.128774181949034,-0.1984957780541643,-1.8053789095447412,1.0476193351317167,-0.5085751215698804,0.6014369930433804,1.13700645667304,13.613574200874883,12.053236261247598,-1.556194456701597,0.5370667845277762
972,9.71,0.5837413919675072,-8.436239304837144,107.30855549571892,17.427915227731166,0.5899136863515533,1.110476109420928,-0.17832428800757852,-1.8078236531244278,1.0535271216429059,-0.4973784653313734,0.6018921192635378,1.12124347730877,13.619590685052463,12.064527531676973,-1.5509055869742792,0.5205624230693746
973,9.72,1.069979648530961,-8.429838337831052,106.68791277883284,17.587394216700673,0.5883212119390347,1.092161020158935,-0.1571152571780955,-1.8086226774876577,1.0594179780350994,-0.4863648872639446,0.6025391943623006,1.105455993408412,13.625612683097375,12.075661049088104,-1.545782865299044,0.5038398082199002
974,9.73,1.5984710748340736,-8.417642219986277,106.10866518311774,17.74704508455376,0.5869403278761001,1.0738453460693602,-0.13492641386997759,-1.8078055695793285,1.065293968477531,-0.4755344753340053,0.6033747509756034,1.0896449549995515,13.631642097219146,12.086636573006082,-1.5408284438115363,0.48690501819326015
975,9.74,2.1672882560165196,-8.399830133723308,105.5685409715813,17.90682760383929,0.585780818354534,1.0555452239484289,-0.11182046574259921,-1.805407734273745,1.071157257815924,-0.46488715466587266,0.604395252277274,1.0738115283098222,13.637680794606968,12.097453873536377,-1.5360444124817967,0.4697644055938949
976,9.75,2.7742978062144985,-8.376611983527305,105.06503869849169,18.066672227116154,0.5848518482118968,1.0372764374316596,-0.08786465831313925,-1.801470018970819,1.0770101056283263,-0.45442269078334496,0.6055970913866001,1.0579570965503025,13.643730606731872,12.10811273353124,-1.5314327964116714,0.4524245892197628
977,9.76,3.417176323394089,-8.348226949483116,104.59544427206555,18.226481142757077,0.5841619174454192,1.01905436267224,-0.06313032833013335,-1.7960383332258787,1.0828548598043206,-0.4441406934130812,0.6069765910611021,1.0420832601126278,13.649793328644407,12.118612950761028,-1.526995553217402,0.4348924452268207
978,9.77,4.093426794241717,-8.314941882778415,104.15684857726062,18.386129502197946,0.5837188201475668,1.0008939177932155,-0.03769245389267832,-1.789163264815984,1.0886939496915613,-0.4340406208122816,0.6085300036900335,1.0261918361566098,13.655870718270732,12.128954340084453,-1.522734570503843,0.41717509764564864
979,9.78,4.800395364385857,-8.277049551727188,103.74616556583649,18.545466811583122,0.583529607898881,0.9828095161446861,-0.011629203112323974,-1.7808996935167685,1.094529878854025,-0.4241217845827668,0.6102535116026084,1.0102848575675252,13.661964495710205,12.139136735611594,-1.518651663436792,0.39927990824580517
980,9.790000000000001,5.535288390539749,-8.23486674783689,103.36015072195684,18.704318479567906,0.5836005576358753,0.964815023384968,0.014978516957850083,-1.771306403829474,1.1003652174866183,-0.414383354933293,0.6121432277033394,0.9943645712649629,13.668076342537688,12.149159992853232,-1.5147485724199115,0.3812144657490928
981,9.8,6.29518969263021,-8.188732261837316,102.99541981292276,18.86248751243251,0.5839371439946263,0.9469237183929101,0.042047509471043305,-1.7604456977060825,1.1062025945309073,-0.4048243663518361,0.6141951964450844,0.9784334358478833,13.674207901113872,12.159023990849985,-1.5110269608827434,0.36298657439828386
982,9.81,7.07707792595521,-8.139004740667799,102.64846783650287,19.0197563463796,0.5845440161142008,0.9291482580086855,0.06949273343191467,-1.7483830083355614,1.1120446895366327,-0.39544372364953034,0.6164053951484242,0.9624941185640341,13.680360773907072,12.168728634274519,-1.507488413186163,0.3446042418944847
983,9.82,7.877843995257516,-8.086060436993348,102.31568807811097,19.1758888061189,0.5854249788682905,0.9115006455906095,0.09722774432526503,-1.7351865159374538,1.1178942243134489,-0.38624020833804146,0.6187697356739408,0.946549491595338,13.686536522829968,12.178273855500027,-1.5041344326514903,0.326075666722319
984,9.83,8.694308434843222,-8.030290863493228,101.99339119330556,19.33063217798508,0.5865829784782771,0.8939922033667539,0.1251651282847663,-1.720926766437298,1.1237539544169226,-0.3772124853023216,0.621284066451714,0.9306026276547185,13.692736668594845,12.187659616628128,-1.5009664397192441,0.3074092248884768
985,9.84,9.523238681314128,-7.972100365005918,101.67782423354821,19.483719384822237,0.5880200924464748,0.8766335485522835,0.1532169284291273,-1.7056762938933958,1.1296266605123004,-0.3683591097309394,0.6239441748700557,0.9146567948939659,13.698962690090951,12.196885911469304,-1.4979857702432398,0.2886134561058087
986,9.85,10.361366167773733,-7.911903622108851,101.36518953550454,19.63487124921233,0.5897375237344978,0.8594345731955756,0.18129506205412213,-1.689509247461225,1.135515139658867,-0.3596785342665077,0.6267457900230675,0.8987154511264837,13.705216023787498,12.205952767468952,-1.4951936739253746,0.26969704946107775
987,9.86,11.205403171358874,-7.850123100352613,101.05166339725665,19.783798830835202,0.591735599098493,0.8424044277091791,0.20931172744474422,-1.6725010236662017,1.141422196556888,-0.35116911633916154,0.6296845858140966,0.8827822373732873,13.71149806316596,12.21486024757231,-1.4925913128960495,0.25066882861068607
988,9.870000000000001,12.05205934839273,-7.787186459847739,100.73341446735111,19.930205823133306,0.5940137714805003,0.8255515080348085,0.23717979912839365,-1.6547279047173553,1.1473506347982163,-0.3428291256464698,0.6327561844096352,0.8668609707451429,13.717810158185129,12.223608452021459,-1.4901797604446863,0.2315377365543082
989,9.88,12.898057894740656,-7.723523940294308,100.40662177604274,20.073790993938438,0.5965706263432758,0.8088834463850825,0.26481321046556505,-1.6362667035623824,1.1533032481605345,-0.33465675174376003,0.635956160035616,0.8509556366783823,13.72415361478246,12.232197520077971,-1.4879599999042945,0.21231282004180663
990,9.89,13.740151271679057,-7.659565737027729,100.06749234098238,20.214250654124005,0.5994038918247376,0.7924071054984382,0.29212732253242746,-1.6171944164061123,1.1592828119840557,-0.3266501117093861,0.6392800431054799,0.835070380546741,13.730529694415031,12.240627631664697,-1.4859329236934418,0.19300321367370055
991,9.9,14.575136440948377,-7.59573938360062,99.71227828314423,20.351281138301054,0.6025104525775611,0.7761285763372633,0.31903927832016676,-1.5975878833158326,1.165292074668208,-0.3188072578501875,0.6427233246668308,0.8192094986760153,13.736939613643392,12.248899008920722,-1.4840993325183955,0.1736181237597022
992,9.91,15.399869555786317,-7.5324671568643975,99.33729339211834,20.484581281046253,0.6058863671495501,0.7600531791536241,0.34546834133963156,-1.5775234576119537,1.1713337493244054,-0.3111261854130843,0.6462814611509932,0.8033774287930678,13.7433845437614,12.257011917663577,-1.4824599347374896,0.154166812004074
993,9.92,16.211280058180566,-7.470163520425244,98.93892908354475,20.61385487216421,0.6095268887511124,0.7441854678406378,0.37133621778860937,-1.5570766846993667,1.177410505619569,-0.3036048402695487,0.6499498794073622,0.7875787399451193,13.74986561047502,12.264966668753278,-1.4810153458891175,0.1346585790895254
994,9.93,17.00638413575556,-7.409232622079498,98.51366969487611,20.738813074692217,0.6134264892475744,0.7285292374814787,0.39656736149827987,-1.5363219909324142,1.1835249618434385,-0.29624112654055823,0.6537239820021168,0.7718181219293898,13.756383893632762,12.272763619353057,-1.4797660883839967,0.11510274823390432
995,9.94,17.78229749554928,-7.350065861075928,98.05810706973352,20.859176789060392,0.6175788862060637,0.7130875350025059,0.42108926095367966,-1.5153323832269332,1.1896796772310652,-0.28903291413051996,0.6575991527586977,0.7561003742773131,13.762940427010381,12.28040317408215,-1.4787125913615853,0.09550864879644216
996,9.950000000000001,18.536247415047356,-7.293039540261537,97.5689543844749,20.974678947567476,0.6219770728194706,0.6978626728301872,0.4448327077367978,-1.4941791599878866,1.195877144570154,-0.2819780461396478,0.6615707625154122,0.7404303948411592,13.769536198152053,12.28788578605637,-1.4778551907098016,0.07588560001071665
997,9.96,19.265584034785043,-7.238512618147263,97.04305917479849,21.085066723319272,0.6266133505233219,0.6828562454460586,0.4677320458197039,-1.472931634033193,1.2021197831210872,-0.27507434612529785,0.6656341750737526,0.7248131680341903,13.776172148270131,12.295211957812787,-1.477194129246385,0.05624289492273671
998,9.97,19.96779086016457,-7.1868245750787985,96.47741552379556,21.190103638602917,0.6314793641155394,0.6680691487272147,0.4897254011940314,-1.451656868097773,1.2084099318756298,-0.2683196251838394,0.6697847533093154,0.7092537527786025,13.782849172205196,12.302382242115307,-1.4767295570594694,0.03658978461167528
999,9.98,20.64049444405356,-7.138293407393014,95.86917537706077,21.289571557957164,0.6365661391837467,0.6535016019541007,0.5107548913999219,-1.4304194235952472,1.2147498431783348,-0.261711688825836,0.674017865415917,0.6937572702178695,13.789568118447926,12.309397242638479,-1.476461532004171,0.01693546277035396
1000,9.99,21.281473225232574,-7.093213762390727,95.21565895423309,21.383272552239454,0.6418641216403195,0.6391531723604187,0.530766814580312,-1.4092811232217846,1.2211416767327468,-0.25524834361848336,0.6783288912522866,0.6783288912522859,13.796329789223938,12.316257614527517,-1.4763900203512303,-0.0027109492799007873
1001,10.0,21.888665501547877,-7.05185522632179,94.51436423041258,21.47103062062163,0.6473632191614941,0.6250228020939839,0.5497118177588877,-1.3883008280415905,1.2275874940124551,-0.24892740357055182,0.6827132287599089,0.6629738239579549,13.803134940642481,12.322964064833036,-1.476514897583007,-0.02234041706751022
1002,10.01,22.460176520351727,-7.014460776542519,93.76297546490588,21.552693258484844,0.6530528443237319,0.6111088374506607,0.5675450441096623,-1.3675342296584376,1.2340892530949943,-0.24274669623643466,0.6871663004199474,0.6476973009506604,13.809984282909532,12.329517352819643,-1.476835949331429,-0.041944006873071205
1003,10.02,22.99428467249295,-6.981245407982528,92.95937075871991,21.62813286021543,0.6589219592281186,0.5974090602370825,0.5842262590551447,-1.3470336580692772,1.2406488039345291,-0.23670406851729325,0.6916835597168925,0.6325045667564545,13.81687848060551,12.335918290148166,-1.4773528724518226,-0.06151289899103607
1004,10.03,23.489446779928635,-6.952394943045592,92.10162862632902,21.697247946928442,0.6649591214018645,0.583920721111421,0.5997199551032294,-1.3268479058116898,1.2472678840871398,-0.23079739213878675,0.6962604975765677,0.6174008652508162,13.823818153027542,12.342167740931858,-1.4780652762259265,-0.08103840029044351
1005,10.040000000000001,23.944302470628177,-6.928065032687036,91.18803357113961,21.75996421054488,0.6711525307650007,0.5706405747447932,0.6139954353996496,-1.3070220689437246,1.2539481149004188,-0.22502456878638863,0.7008926487463402,0.6023914272277181,13.830803874595839,12.348266621667609,-1.4789726836868073,-0.10051195602020746
1006,10.05,24.357677638201437,-6.908380355343868,90.21708065814704,21.81623536673511,0.677490077450064,0.5575649166398886,0.6270268760459194,-1.2875974054276356,1.2606909981769703,-0.2193835348809175,0.7055755980859908,0.5874814581587201,13.837836175323448,12.354215901043743,-1.4800745330578877,-0.11992516081017535
1007,10.06,24.728586987313594,-6.8934340189504395,89.18747908122313,21.866043810708444,0.6839593902630321,0.544689621436935,0.6387933673015352,-1.268611211425324,1.2674979133192852,-0.21387226597856263,0.7103049867384807,0.5726761262007236,13.844915541348342,12.360016599626602,-1.4813701792978478,-0.1392697688260971
1008,10.07,25.05623566958115,-6.883287169955176,88.09815472643245,21.909401071172084,0.6905478855748758,0.5320101825313662,0.6492789338593407,-1.2500967159947611,1.2743701149613476,-0.2084887807814249,0.7150765181509354,0.5579805505088582,13.852042415526508,12.365669789428686,-1.4828588957427726,-0.15853770304350956
1009,10.08,25.340020018132737,-6.877968811788215,86.94825173659872,21.94634805927731,0.6972428164349812,0.5195217528217738,0.6584725344494758,-1.2320829946206195,1.281308731090229,-0.20323114474634402,0.719885963917524,0.5433997899083408,13.859217198084341,12.371176593361673,-1.4845398758365729,-0.1777210636132074
1010,10.09,25.579527392650913,-6.877475833851743,85.7371330863155,21.976955110778984,0.704031321700194,0.5072191864016025,0.6663680410988696,-1.214594901984568,1.288314761658865,-0.19809747328167632,0.7247291694174667,0.5289388319762046,13.8664402473285,12.376538184578166,-1.4864122349405413,-0.19681213529859154
1011,10.1,25.774535150000965,-6.881773250565271,84.4643801802437,22.00132182120654,0.7109004749764847,0.49509708100310745,0.6729641984356631,-1.1976530243044077,1.2953890776891597,-0.1930859345235168,0.7296020592231591,0.5146025825803937,13.873711880411,12.38175578570651,-1.4884750122126764,-0.21580339397337722
1012,10.11,25.925008758995837,-6.890794648544812,83.12979149134847,22.019576675330914,0.7178373331740968,0.48314982099792364,0.6782645634957157,-1.1812736515165225,1.3025324208625277,-0.1881947516848351,0.7345006422553886,0.5003958559198786,13.881032374147134,12.386830667983466,-1.4907271725473628,-0.23468751217617317
1013,10.120000000000001,26.031099081066223,-6.904442838543129,81.73338025932165,22.031876473698492,0.7248289844815853,0.4713716207549621,0.6822774265508476,-1.1654687695135115,1.309745403593055,-0.18342220497295483,0.7394210166647198,0.4863233651055276,13.888401965883604,12.391764150289951,-1.4931676085660097,-0.2534573637266232
1014,10.13,26.093138841780007,-6.922590707226034,80.27537127300354,22.038405560590327,0.7318625955693089,0.45975656815337007,0.6850157135402581,-1.1502460725473538,1.3170285095765055,-0.1787666330728031,0.7443593744204011,0.47238971331698515,13.895820854414014,12.396557598095466,-1.4957951426493086,-0.2721060274159388
1015,10.14,26.111638321114928,-6.945082262489056,78.75619676397383,22.039374859171737,0.7389254578387492,0.4482986680462824,0.6864968707440254,-1.1356089958445441,1.324382094806571,-0.17422643419540454,0.7493120055904673,0.4585993855665558,13.903289200938715,12.401212422317068,-1.4986085290019755,-0.2906267897924668
1016,10.15,26.087280293480596,-6.971733864622337,77.17649144199447,22.035020721030104,0.7460050325403357,0.43699188546987117,0.6867427323994122,-1.1215567683930086,1.3318063890478995,-0.16980006669313366,0.7542753022992031,0.44495674109619565,13.91080713006587,12.405730078099152,-1.5016064557410331,-0.3090131470704645
1017,10.16,26.02091425101378,-7.002335634136375,75.53708670592466,22.025603598830788,0.7530889945894637,0.4258301883917383,0.6857793720078319,-1.1080844857242313,1.3393014977537727,-0.16548604924528348,0.7592457623505717,0.43146600642917676,13.918374730850397,12.410112063520456,-1.5047875469990561,-0.32725880619772535
1018,10.17,25.913549946538506,-7.0366530259332984,73.83900406703836,22.011406551985896,0.7601652749177947,0.41480758979375915,0.6836369381388611,-1.0951832024630117,1.3468674044145739,-0.16128296061959138,0.7642199925087537,0.418131269093144,13.925992057867468,12.414359918234915,-1.5081503650341652,-0.3453576851240356
1019,10.18,25.766350294934625,-7.074428558146906,72.08344782445981,21.992733596629137,0.7672221012049422,0.40391818888605946,0.6803494755824901,-1.0828400442733594,1.354503973321639,-0.1571894390173694,0.7691947114294171,0.4049564720266162,13.933659132317056,12.41847522205317,-1.5116934123390084,-0.3633039123188827
1020,10.19,25.580623674013193,-7.115383682894805,70.27179703523811,21.969907912306972,0.7742480368440897,0.3931562112519008,0.6759547327476478,-1.0710383387398312,1.3622109527295545,-0.1532041810119283,0.7741667522378409,0.3919454086762135,13.941375943156046,12.422459593471588,-1.5154151337414827,-0.3810918255921889
1021,10.200000000000001,25.357815668028817,-7.159220785041004,68.40559682406311,21.943269918978118,0.781232018003996,0.38251604772729925,0.6704939562441256,-1.0597577645868546,1.3699879783985547,-0.14932594009194716,0.779133064752382,0.37910171878746124,13.949142448254323,12.426314688155712,-1.5193139184905018,-0.39871597027669675
1022,10.21,25.099500299214828,-7.205625294307011,66.48654908033649,21.913175238710355,0.7881633886591152,0.37199229182471233,0.6640116736324223,-1.0489745185827435,1.3778345774973402,-0.14555352482339196,0.7840907173541543,0.36642888488757785,13.956958575571369,12.430042197385092,-1.523388102320732,-0.41617109683440284
1023,10.22,24.807370793996263,-7.254267894865762,64.51650259203123,21.87999255770383,0.7950319334693428,0.36157977551622544,0.6565554653469837,-1.0386614992584706,1.3857501728454227,-0.1418857966454437,0.789036898505977,0.3539302294544514,13.964824224349762,12.433643846466383,-1.5276359694908663,-0.4334521579531173
1024,10.23,24.483229932612737,-7.304806816306842,62.497442668313816,21.844101404551537,0.8018279084008009,0.3512736032001195,0.6481757268448498,-1.028788506599041,1.3937340874729158,-0.13832166731771395,0.7939689179257936,0.3416089127620901,13.972739266322145,12.437121393121513,-1.5320557547906297,-0.45055430520068135
1025,10.24,24.128980031887547,-7.35689018883352,60.4314803043399,21.80588986171129,0.8085420689895323,0.34106918368283123,0.6389254220489207,-1.0193224566328756,1.4017855494747304,-0.13486009603773624,0.7988842074217165,0.32946793138916775,13.980703546928238,12.440476625857647,-1.5366456455124666,-0.46747288530670106
1026,10.25,23.746612612166995,-7.410158445375625,58.320840943376496,21.76575222737411,0.8151656961605184,0.33096226001896284,0.6288598291834765,-1.0102276098233987,1.4099036971351349,-0.13150008624935922,0.8037803213977112,0.3175101173737596,13.988716886538532,12.44371136232547,-1.541403783384494,-0.48420343614155553
1027,10.26,23.33819780032926,-7.464246752825698,56.167852892695144,21.724086645425054,0.8216906195252968,0.320948937062893,0.6180362801178644,-1.0014658120249522,1.4180875842978753,-0.12824068216416556,0.8086549370405686,0.30573813799445726,13.99677908168145,12.446827447672181,-1.5463282664620408,-0.5007416824624038
1028,10.27,22.90587352146516,-7.5187874545024735,53.97493545080592,21.68129272132796,0.82810923809248,0.31102570659795553,0.6065138943504885,-0.9929967466957418,1.4263361859563015,-0.12508096501947333,0.8135058542003516,0.29415449615511824,14.004889906270813,12.449826752895323,-1.5514171509757748,-0.5170835314945246
1029,10.28,22.451834532406455,-7.57341250594431,51.74458680456807,21.63776914179938,0.8344145383366673,0.30118946992234785,0.594353308779888,-0.9847781969865262,1.4346484040373553,-0.1220200490977264,0.8183309949778288,0.28276153134816845,14.013049112830673,12.452711173203387,-1.5566684531350816,-0.5332250684143195
1030,10.290000000000001,21.978321350282258,-7.627755886129773,49.4793717550913,21.593911316172527,0.8406001095825705,0.2914375577849453,0.5816164044111022,-0.9767663162150086,1.4430230733527973,-0.11905707753321919,0.8231284030335538,0.27156142116921916,14.021256433714562,12.455482626388816,-1.5620801508860165,-0.5491625517976252
1031,10.3,21.487609129611705,-7.6814559666379845,47.181909332021505,21.55010905696556,0.8466601566725165,0.28176774757939094,0.5683660311581511,-0.9689159052161965,1.4514589676906635,-0.11619121793312154,0.8278962426342612,0.26055618335405784,14.029511582316555,12.458143051218805,-1.5676501856237852,-0.5648924090931255
1032,10.31,20.981996540921543,-7.734157821506271,44.85486035560325,21.50674431695127,0.8525895098969846,0.27217827772024805,0.5546657318952419,-0.9611806949587228,1.4599548060196965,-0.11342165784056718,0.8326327974530404,0.24974767830756653,14.037814254271527,12.460694405848947,-1.5733764638602636,-0.5804112321767365
1033,10.32,20.46379470364148,-7.785515461243941,42.50091500597313,21.464188999349197,0.8583836321791918,0.2626678591415852,0.5405794669112536,-0.9535136328189964,1.4685092587793165,-0.11074760006829236,0.8373364691404022,0.23913761209309561,14.04616412864225,12.463138666264504,-1.579256858847609,-0.5957157730376066
1034,10.33,19.935316225266476,-7.8351939750545,40.12278045862368,21.422802857191485,0.864038623516201,0.25323568387487105,0.5261713399119018,-0.9458671708480136,1.477120954227707,-0.10816825793179113,0.8420057756838317,0.22872753985002506,14.054560869091132,12.46547782475373,-1.5852892121594984,-0.6108029396413299
1035,10.34,19.39886439785464,-7.882871566142768,37.72316864427753,21.382931497111084,0.8695512226903302,0.24388143068028492,0.5115053267019483,-0.9381935543494837,1.48578848482065,-0.10568285041131857,0.8466393495737501,0.21851886960670608,14.06300412503458,12.46771388841739,-1.5914713352319687,-0.6256697920100454
1036,10.35,18.85672260183071,-7.928241465963182,35.30478419049774,21.344904501840272,0.8749188062758632,0.23460526772293908,0.49664500766519304,-0.9304451090932655,1.4945104135939302,-0.10329059727223516,0.8512359357939642,0.2085128664558875,14.071493532778113,12.469848877718224,-1.5978010108661653,-0.640313538552924
1037,10.36,18.311143965680643,-7.97101371417771,32.8703126011069,21.30903368481188,0.8801393849771428,0.22540785230290095,0.4816533051399761,-0.9225745254534894,1.503285280522458,-0.10099071417321119,0.8557943896547352,0.19871065705969712,14.080028716630592,12.471884825073873,-1.6042759946956693,-0.6547315326742419
1038,10.370000000000001,17.764341328568367,-8.0109167924853,30.42240872803108,21.275611488876596,0.8852115973450285,0.21629032766567033,0.46659222676510936,-0.9145351378459126,1.512111608829661,-0.09878240779158047,0.8603136744864903,0.18911323445168876,14.088609289996045,12.473823773496333,-1.6108940166212413,-0.6689212696793582
1039,10.38,17.218477551218047,-8.047699101540129,27.963685588548586,21.244909540105663,0.8901347009293673,0.20725431693672103,0.45152261584705594,-0.9062811978124232,1.5209879112211993,-0.09666487099484704,0.8647928592120058,0.17972146310389275,14.09723485644185,12.475667775280806,-1.6176527822160462,-0.6828803839926463
1040,10.39,16.675656218131795,-8.081130271445303,25.496703578641295,21.21717736638762,0.8949085609356131,0.198301914240909,0.4365039097613248,-0.8977681391236795,1.5299126960177545,-0.09463727808677419,0.8692311158145355,0.17053608422768987,14.105905010742047,12.477418890746403,-1.6245499741045286,-0.6966066466947041
1041,10.4,16.137912772522455,-8.111002298050597,23.023960131428694,21.19264128879189,0.8995336364637894,0.18943567308460998,0.4215939073797102,-0.8889528334191091,1.5388844731622746,-0.09269878015582349,0.8736277167189868,0.16155772127821744,14.114619339894949,12.479079187030905,-1.631583253318098,-0.7100979633791794
1042,10.41,15.607206122450313,-8.13713049827155,20.547879866666356,21.171503492686153,0.9040109644179265,0.18065859209391918,0.4068485464644119,-0.8797938348318719,1.5479017600779748,-0.09084850055284882,0.8779820321027096,0.15278688563306758,14.123377424114134,12.480650736941456,-1.6387502606308235,-0.7233523723240073
1043,10.42,15.085410754527672,-8.15935427950858,18.070805275030775,21.15394128373356,0.908342141183505,0.17197409821851542,0.3923216919399375,-0.8702516122204018,1.5569630873542901,-0.08908553052392647,0.8822935271519158,0.14422398241741363,14.132178837792306,12.482135617862811,-1.6460486178782165,-0.7363680429649896
1044,10.43,14.57430938863401,-8.177537719616168,15.594987977808282,21.14010653252152,0.912529302179575,0.16338602752526496,0.37806493590415197,-0.8602887676635843,1.5660670042389824,-0.08740892502306125,0.8865617592791024,0.1358693164489551,14.141023150437496,12.483535910724436,-1.6534759292620436,-0.74914327465431
1045,10.44,14.075586204317359,-8.191569955407408,13.122580599600726,21.13012531003362,0.9165750994008851,0.15489860371975392,0.3641274101952037,-0.8498702399621545,1.575212083915733,-0.08581769872816251,0.8907863753161818,0.12772309827753286,14.1499099275813,12.484853699027576,-1.6610297826438956,-0.7616764956811312
1046,10.450000000000001,13.590820666486191,-8.201365379281821,10.65562928830974,21.124097714565153,0.9204826770735892,0.14651641454716927,0.3505556122785506,-0.838963492001018,1.584396928547759,-0.08431082228227155,0.8949671086972794,0.11978545029593232,14.15883873165899,12.486091067933065,-1.6687077508300305,-0.77396626252642
1047,10.46,13.121481975023597,-8.206863645083839,8.196066913377745,21.12209788915329,0.9242556455558236,0.13824438623603968,0.3373932451690414,-0.8275386809248092,1.5936201740692133,-0.08288721878041955,0.8991037766444463,0.11205641289977485,14.167809122861467,12.487250103410537,-1.6765073928496328,-0.7860112593197839
1048,10.47,12.668924159464867,-8.208029485716573,5.7457069693955845,21.124174227162243,0.9278980536217223,0.1300877561593899,0.3246810720401966,-0.8155688101615839,1.602880494707557,-0.08154576052083456,0.9031962773687202,0.10453595067625682,14.176820659959112,12.48833289144937,-1.6844262552283915,-0.7978102974623325
1049,10.48,12.234381836819763,-8.204852346681212,3.3062382087424123,21.13034976200356,0.931414359274057,0.1220520438981199,0.3124567861202473,-0.8030298624915638,1.6121766072214316,-0.08028526603738989,0.9072445872982262,0.09722395860300194,14.185872901097806,12.489341517331608,-1.6924618732588215,-0.8093623153759372
1050,10.49,11.818966646978046,-8.197345841022353,0.8792200228358862,21.140622735644648,0.9348093992368558,0.11414302089991672,0.300754896406688,-0.7899009134438757,1.6215072748400838,-0.07910449742832043,0.9112487583442003,0.09012026824002824,14.194965404567379,12.490278064966825,-1.7006117722684042,-0.8206663783369391
1051,10.5,11.42366437672252,-8.185547032423868,-1.5339214123164453,21.154967339275657,0.9380883572848123,0.10636667893467819,0.2896066296688113,-0.776164224397124,1.6308713108919544,-0.07800215799425429,0.9152089152150584,0.08322465389947357,14.204097729542976,12.491144616288828,-1.7088734688862086,-0.8317216783501341
1052,10.51,11.049332779869525,-8.169515554805029,-3.9318962145614123,21.17333461788005,0.9412567315711742,0.09872919755408517,0.2790398491392541,-0.7618053149735362,1.640267582111567,-0.07697689019655357,0.9191252527878471,0.07653683877943117,14.213269436799841,12.491943250713884,-1.7172444723081206,-0.842527534017089
1053,10.52,10.696700097305655,-8.149332577552858,-6.313553090629949,21.195653529646894,0.9443203011199919,0.09123691076744035,0.2690789902230406,-0.7468130143220701,1.649695011615575,-0.07602727394488135,0.9229980335456716,0.07005650104977854,14.222480089402117,12.492676044660051,-1.7257222855604564,-0.8530833903525515
1054,10.53,10.366364277309547,-8.125099627039278,-8.677880844251778,21.221832149628433,0.9472850916520902,0.0838962731502666,0.25974501348345175,-0.7311794911249926,1.659152581540423,-0.07515182522076153,0.9268275850889741,0.0637832798795463,14.231729253366407,12.493345071127083,-1.7343044067611846,-0.8633888185018236
1055,10.540000000000001,10.058792892721568,-8.09693727580505,-11.02400909825686,21.251759006291266,0.9501573409169216,0.07671382560409183,0.2510553750845657,-0.7149002622094248,1.6686393353358517,-0.07434899504170517,0.930614297727816,0.05771678139694646,14.24101649830084,12.493952399336283,-1.7429883303775568,-0.8734435153128298
1056,10.55,9.774323748056135,-8.064983711853523,-13.351208235598856,21.28530453852595,0.9529434637044653,0.06969616098727341,0.24302401479530347,-0.6979741798146212,1.678154379710143,-0.07361716876831764,0.934358622161651,0.05185658457453759,14.250341398020485,12.494500094429593,-1.7517715484784606,-0.8832473027171919
1057,10.56,9.513166166047537,-8.029393201264668,-15.658888568443686,21.32232265989049,0.9556500167126067,0.06284988983636486,0.23566136157929488,-0.6804033976831042,1.6876968862248325,-0.07295466575458369,0.938061067252453,0.04620224703366099,14.259703531140037,12.494990217227116,-1.7606515519794161,-0.8928001268762419
1058,10.57,9.275402939609446,-7.990334457975545,-17.946598748547064,21.36265241620628,0.9582836634458719,0.05618160639602726,0.22897435671398175,-0.6621933162552778,1.6972660925382619,-0.07235973933934098,0.9417221978964253,0.04075331076344939,14.269102481644712,12.495424824042278,-1.7696258318776028,-0.9021020570498446
1059,10.58,9.060992931775136,-7.947988935191786,-20.214023436175427,21.406119721985988,0.9608511393210514,0.049697855172740495,0.22296649429987409,-0.6433525073860727,1.706861303299211,-0.07183057717480117,0.9453426329989812,0.03550930775122775,14.278537839440375,12.495805966553739,-1.7786918804740122,-0.9111532841483109
1060,10.59,8.869774302812539,-7.902549053377617,-22.460980248775556,21.452539160670707,0.9633592171540607,0.04340509822345835,0.21763787893577083,-0.6238926191358131,1.7164818906935326,-0.07136530188581652,0.9489230435571527,0.030469765522227816,14.288009200883957,12.496135691733135,-1.787847192579349,-0.9199541189306023
1061,10.6,8.701468340511,-7.854216379857249,-24.687416014381675,21.50171583355066,0.9658146732003422,0.03730968338482816,0.212985300254306,-0.6038282612386382,1.7261272946484527,-0.07096197205155491,0.952464150853077,0.02563421258787166,14.297516169295244,12.496416041827793,-1.7970892667000076,-0.928504989815514
1062,10.61,8.555683866485197,-7.803199775616687,-26.893402358479946,21.553447241671527,0.9682242539182532,0.03141781364253158,0.20900232392238988,-0.5831768720725542,1.7357970227009356,-0.07061858349915488,0.9559667247617979,0.021002183802902297,14.307058355451174,12.496649054397434,-1.8064156062000905,-0.9368064402757216
1063,10.620000000000001,8.4319221883847,-7.749713524491875,-29.079130656561095,21.60752518541733,0.9705946436211146,0.025735517831991746,0.20567939863065748,-0.5619585679305412,1.7454906495381617,-0.07033307089704671,0.9594315821761766,0.016573225632779222,14.316635378063774,12.496836762404033,-1.8158237204352083,-0.9448591257891228
1064,10.63,8.329582565280047,-7.693975460428815,-31.244906387748642,21.663737665949483,0.9729324331790034,0.020268622853600524,0.20300397851047108,-0.5401959756579644,1.755207816219794,-0.07010330963369654,0.9628595855513876,0.012346901333748226,14.326246864242988,12.496981194353895,-1.8253111258534904,-0.9526638103254028
1065,10.64,8.24796815048593,-7.636205107646033,-33.39114292843091,21.721870773527158,0.9752440899259247,0.015022727574810314,0.20096066032953344,-0.5179140496314639,1.764948229093347,-0.06992711796578858,0.9662516415710952,0.008322796048923414,14.335892449945504,12.497084374491099,-1.8348753470591355,-0.9602213623511144
1066,10.65,8.186292374215377,-7.57662184885135,-35.51835482716401,21.78171054740534,0.9775359289216384,0.01000317858154911,0.1995313347431994,-0.4951398743242375,1.7747116584154017,-0.0698022594181667,0.9696086999371779,0.004500521824632353,14.345571780410905,12.497148323041534,-1.8445139178335683,-0.9675327503400893
1067,10.66,8.14368572574221,-7.515443135750576,-37.62715060531571,21.8430447929169,0.9798140857103279,0.005215047928740257,0.198695350789675,-0.47190245365260763,1.784497936692968,-0.06972644541631871,0.9729317522845774,0.0008797225520585213,14.3552845105863,12.497175056506684,-1.8542243821092868,-0.9745990377815876
1068,10.67,8.119202893245959,-7.452882755924229,-39.71822512983792,21.90566484150432,0.9820844907102805,0.0006631130275569646,0.19842969274822683,-0.44823248848202524,1.794306956760598,-0.06969733813070939,0.9762218312226794,-0.002539921159890666,14.365030305540774,12.497166588006497,-1.8640042948913074,-0.9814213776827235
1069,10.68,8.111830217368576,-7.3891491690748605,-41.79235160711185,21.969367240540763,0.9843528453600354,-0.0036481612069919895,0.19870916839918756,-0.4241621436220818,1.804138669610214,-0.06971255351100374,0.9794800095044213,-0.005758687174043088,14.374808840870852,12.497124927670669,-1.8738512231212177,-0.9880010065670274
1070,10.69,8.120493413546548,-7.324443925464186,-43.850373248122516,22.033955359966633,0.9866246001369169,-0.0077146378381124136,0.19950660766086653,-0.3997248058609218,1.8139930819917605,-0.06976966448703031,0.9827073993242389,-0.008776807069348254,14.38461980309834,12.497052083077746,-1.8837627464787907,-0.9943392379750293
1071,10.700000000000001,8.144065516434761,-7.258960177856233,-45.89319465730148,22.099240904276122,0.9889049345536732,-0.01153252092467265,0.20079307050650974,-0.3749548344573783,1.82387025380396,-0.06986620431231266,0.9859051517457945,-0.011594461432440266,14.394462890061744,12.496950059741538,-1.8937364581162726,-1.000437455478346
1072,10.71,8.181374999443703,-7.192881298007303,-47.92177299793775,22.1650453186713,0.9911987392280105,-0.015098365994299555,0.20253806301252597,-0.34988730573626226,1.8337702952953925,-0.06999967002514267,0.9890744562604377,-0.0142117751877891,14.404337811302666,12.496820861644423,-1.903769965320535,-1.00629710522231
1073,10.72,8.23121402120135,-7.126379607149946,-49.93710898851849,22.231201079804837,0.9935106001083457,-0.018409087909168637,0.20470976032701393,-0.32455775330345504,1.843693364097081,-0.07016752600142567,0.9922165404772344,-0.016628812957453838,14.41424428844841,12.496666491817187,-1.9138608900985066,-1.0119196880175143
1074,10.73,8.292346750942524,-7.059615229302452,-51.94023778434425,22.297552862159648,0.9958447849269788,-0.021461966077024736,0.20727523530786263,-0.2990019055502227,1.853639662108452,-0.07036720757301622,0.9953326699454547,-0.018845574440839025,14.424182055592173,12.496488952965167,-1.9240068696814685,-1.0173067510040035
1075,10.74,8.363517724377568,-6.992735074732015,-53.93221979937842,22.36395857263064,0.9982052319393724,-0.0242546469770481,0.2102006915330799,-0.27325542202947795,1.8636094322592789,-0.07059612468483549,0.9984241481103707,-0.020861989804452745,14.43415085967209,12.49629024814053,-1.9342055569441143,-1.0224598789164205
1076,10.75,8.443460182278507,-6.925871960090513,-55.91413152268877,22.43029024669756,1.0005955409952099,-0.02678514398637264,0.21345169935889866,-0.24735363039618968,1.873602955170655,-0.07085166556384918,1.001492316403318,-0.022677915071044545,14.444150460850562,12.496072381460651,-1.9444546207345041,-1.0273806849815825
1077,10.76,8.530904344197365,-6.859143870049733,-57.887056383726176,22.49643480128615,1.0030189669736072,-0.02905183451038219,0.21699343367324536,-0.2213312654672878,1.8836205457385051,-0.07113120037294655,1.0045385544669834,-0.024293127497247338,14.454180632895108,12.495837358872643,-1.9547517461114516,-1.0320708014839894
1078,10.77,8.624585570892984,-6.79265336431083,-59.852075719523775,22.562294640383282,1.0054784156012637,-0.031053454435868724,0.22079091197979384,-0.1952222120250263,1.8936625496633517,-0.07143208482284938,1.0075642805170113,-0.025707320928274543,14.464241163562184,12.495587188964235,-1.965094634486201,-1.0365318700371324
1079,10.78,8.72325237011271,-6.726487132585013,-61.810259895786025,22.627788110767185,1.007976441658607,-0.032789089942795384,0.22480923143823767,-0.169059252961786,1.9037293399501816,-0.07175166371545721,1.0105709518411132,-0.026920101117953125,14.474331854985286,12.495323883821237,-1.9754810036656387,-1.0407655316014024
1080,10.790000000000001,8.825674201793898,-6.660715698568964,-63.76265963233814,22.69284980680437,1.0105152495651473,-0.034258166726817224,0.22901380349344855,-0.14287382424140022,1.9138213134022712,-0.07208727439248414,1.0135600654369992,-0.02793098100181931,14.484452524068749,12.495049459932051,-1.9859085877947553,-1.0447734162919644
1081,10.8,8.930649040575167,-6.595393272878969,-65.71029758143335,22.757430724342054,1.0130966963214738,-0.03546043669990183,0.2333705847374875,-0.1166957781676752,1.9239388871326137,-0.07243625006383653,1.0165331587905824,-0.02873937591085752,14.494603002888619,12.494765939139732,-1.9963751371964502,-1.0485571330213757
1082,10.81,9.037010655403366,-6.530557753531818,-67.65416020535282,22.821498265117462,1.0157222967716601,-0.03639596225175207,0.23784630266967535,-0.0905531563621767,1.9340824951163618,-0.07279592299091014,1.0194918107960873,-0.029344598712936303,14.504783139102015,12.494475349642258,-2.006878418107272,-1.0521182590234122
1083,10.82,9.143635568396324,-6.466230871244094,-69.59518999712434,22.88503609443818,1.018393231136347,-0.03706509816920263,0.24240867505699362,-0.0644719737604848,1.9442525848072196,-0.07316362750092202,1.0224376428198447,-0.029745854868697737,14.514992796366416,12.494179727041802,-2.0174162123081416,-1.0554583293055497
1084,10.83,9.249449657496811,-6.402418475582383,-71.53427808554864,22.948043856141723,1.021110354753681,-0.037468471324321774,0.24702662163660533,-0.03847601485045365,1.9544496138401786,-0.07353670280939589,1.0253723199097389,-0.029942237388413426,14.525231854770297,12.493881115443939,-2.0279863166495744,-1.058578826078003
1085,10.84,9.353434370275004,-6.339110956903116,-73.47225726259578,23.010536749950447,1.0238742099525502,-0.03760695825464356,0.25167046695563045,-0.012586643306864494,1.9646740468423023,-0.07391249562909913,1.0282975521524784,-0.029932721675905542,14.535500211276617,12.493581568607823,-2.0385865424714016,-1.0614811682071938
1086,10.85,9.454632519061178,-6.2762837976297,-75.40989546806068,23.07254497774091,1.0266850399703613,-0.037481660770965174,0.2563121332080011,0.013177374003440052,1.97492635237244,-0.07428836254505149,1.0312150961810287,-0.02971616024539068,14.54579778018061,12.493283151148558,-2.0492147149174915,-1.0641667007413265
1087,10.86,9.552153630771688,-6.213898245614713,-77.34788976280886,23.13411306605761,1.0295428048160533,-0.037093879738343605,0.26092532199598373,0.038800027705950514,1.9852070000098112,-0.0746616721365752,1.0341267568347687,-0.029291277296811306,14.556124493583434,12.4929879397931,-2.0598686721463864,-1.0666366845543969
1088,10.870000000000001,9.645178827916045,-6.151902101054008,-79.286860818405,23.19529907349024,1.0324471989681558,-0.03644508718578046,0.2654856840261099,0.06426821055671972,1.9955164576103708,-0.0750298068289124,1.0370343889750853,-0.028656663135008597,14.566480301883155,12.492698024691153,-2.070546264439283,-1.0688922861539363
1089,10.88,9.732965220913027,-6.090230607747316,-81.22734794683447,23.256173692212485,1.0353976707876413,-0.03553689690788559,0.26997097583899365,0.08957184535970601,2.005855188748693,-0.07539016445850294,1.0399398994593767,-0.027810768417733205,14.576865174284736,12.492415510782745,-2.081245353207196,-1.0709345676955269
1090,10.89,9.814849794946202,-6.028807438317019,-83.1698046904601,23.316819254167456,1.0383934435161633,-0.03437103372898434,0.274361202764871,0.11470399572355804,2.01622365036189,-0.07574015953768991,1.0428452492765339,-0.026751898217439105,14.587279099330518,12.49214251922422,-2.09196380989958,-1.0727644772451477
1091,10.9,9.890252778557485,-5.96754576263856,-85.1145949878911,23.377328652744943,1.041433537722015,-0.03294930160494859,0.27863874740155287,0.13966095925502153,2.02662229061071,-0.0760772242063426,1.045752455847193,-0.025478205881555954,14.597722085452903,12.49188118887462,-2.1026995148170524,-1.0743828393269637
1092,10.91,9.958680484544047,-5.906349387806653,-87.06198992757257,23.43780419172452,1.044516795048971,-0.03127355074244582,0.28278848301899207,0.16444234301773245,2.0370515469715875,-0.0763988088596777,1.0486635954921908,-0.023987686675749777,14.608194161550871,12.49163367784453,-2.113450355831265,-1.0757903457914169
1093,10.92,10.01972761750518,-5.845113957644132,-89.01216509658965,23.49835637357274,1.0476419031170503,-0.02934564391738047,0.28679787140653534,0.18905112117555034,2.047511844571909,-0.07670238244333531,1.0515808060727598,-0.022278171194721093,14.618695377592049,12.491402165109635,-2.124214227015244,-1.0769875470344308
1094,10.93,10.073079045924871,-5.783728199130067,-90.96519852811011,23.559102639807634,1.0508074214192489,-0.027167422175445134,0.2906570447982895,0.21349367495674607,2.0580035947792292,-0.07698543240862903,1.054506289806094,-0.020347318525033176,14.629225805242022,12.49118885219142,-2.134989027187858,-1.077974843594694
1095,10.94,10.118511040437728,-5.722075203177401,-92.92106924658539,23.62016607608213,1.0540118080545062,-0.024740670096634148,0.29435887162730384,0.2377798151252035,2.068527194053624,-0.07724546432268346,1.0574423162600006,-0.018192609144444895,14.639785538522741,12.49099596490751,-2.1457726583763073,-1.0787524781511404
1096,10.950000000000001,10.155891983308486,-5.660033726703739,-94.87965640589465,23.68167409511456,1.0572534471345267,-0.02206708080397328,0.2978990059838476,0.2619227873888191,2.0790830230706994,-0.07748000112997792,1.0603912255303123,-0.015811337542495623,14.650374694501737,12.490825755194424,-2.1565630242006772,-1.0793205279385
1097,10.96,10.185182557842332,-5.597479503235903,-96.84073901139169,23.743757110284978,1.0605306767006986,-0.019148220892637215,0.301275920772493,0.28593926122267316,2.0896714461211974,-0.07768658206363681,1.0633554316047262,-0.013200604547265338,14.66099341401409,12.49068050300557,-2.167358028184834,-1.0796788975933358
1098,10.97,10.206435429494398,-5.534286549072864,-98.80399621322485,23.80654721291726,1.0638418169871853,-0.015985495451012476,0.3044909246831973,0.3098493028107331,2.1002928107914864,-0.07786276120650064,1.06633742591657,-0.010357309343683539,14.671641862418937,12.490562518287517,-2.178155571997987,-1.0798273124381979
1099,10.98,10.21979443399632,-5.470328452720197,-100.76900815421388,23.87017686556199,1.0671851988672791,-0.012580113338365066,0.3075481632074861,0.3336763328037387,2.110947447927566,-0.07800610570370607,1.069339781091835,-0.007278141169266851,14.68232023039251,12.49047414303765,-2.188953553631272,-1.0797653122056443
1100,10.99,10.225493290628119,-5.405479635232502,-102.73525735225051,23.934777623652927,1.070559192322328,-0.008933052876846691,0.3104546040513913,0.35744706983744823,2.1216356718836287,-0.07811419363013755,1.0723651548924849,-0.003959570673900252,14.693028734759608,12.490417753446586,-2.199749865513766,-1.0794922451991749
1101,11.0,10.22385386169593,-5.33961656998081,-104.70213059375628,24.00047889700906,1.0739622347759608,-0.005045028106155434,0.3132200073987285,0.3811914607389104,2.132357781054624,-0.0781846115176124,1.0754162943586385,-0.00039784093131479313,14.703767619365511,12.490395762128676,-2.2105423925722363,-1.0790072628821161
1102,11.01,10.21528398193503,-5.272618950725572,-106.6689213115935,24.06740676226842,1.077392859140784,-0.000916455739844405,0.3158568815907972,0.4049425985159221,2.143114058690704,-0.07821495154811636,1.0784960401516779,0.0034110419089952576,14.7145371559903,12.49041062044422,-2.2213290102388203,-1.0783093148806284
1103,11.02,10.200274883922301,-5.204370797839264,-108.63483241801545,24.13568283635301,1.0808497214303159,0.0034525770487816277,0.3183804248783504,0.4287366292232603,2.1539047739899586,-0.07820280842073275,1.0816073310996202,0.007471318339065924,14.725337645307627,12.490464820916968,-2.2321075824106913,-1.0773971443815342
1104,11.03,10.179398247834293,-5.134761493243123,-110.59897956055696,24.205423220318423,1.0843316277954185,0.008062343894335352,0.32080845399791413,0.4526126488954066,2.1647301834643673,-0.07814577590113864,1.0847532089452003,0.011787485586772613,14.736169417889968,12.490560899750708,-2.242875959365506,-1.0762692839010832
1105,11.040000000000001,10.153302905567308,-5.063686735595474,-112.56039476670418,24.27673752194279,1.087837560851965,0.012913509455852042,0.32316132039836615,0.47661259175652126,2.1755905325725733,-0.07804144306364741,1.087936823295982,0.01636430809262933,14.74703283526233,12.490701439448673,-2.253631975636221,-1.074924051396113
1106,11.05,10.122711231125958,-4.991049408425496,-114.51803044092398,24.349727964225814,1.0913667051746987,0.018007158489774005,0.32546181501917176,0.5007811109051431,2.1864860576117535,-0.0778873902367541,1.0911614367745146,0.021206828371909223,14.757928291006499,12.490889071539662,-2.2643734478485076,-1.0733595466849246
1107,11.06,10.088415250174766,-4.916760354838101,-116.47076367632921,24.42448858600825,1.094918471841251,0.02334482369938164,0.327735062577991,0.5251654527161295,2.1974169878596785,-0.07768118466403044,1.0944304303648411,0.02632037826139631,14.76885621191776,12.49112647941471,-2.275098172523709,-1.0715736481418694
1108,11.07,10.051272502887333,-4.840739053905341,-118.41740084172118,24.50110453940321,1.0984925219198318,0.02892851229340976,0.3300084063709602,0.5498153260866436,2.208383547956925,-0.07742037589291022,1.0977473089497676,0.0317105905463125,14.779817059216045,12.491416401278109,-2.2858039238498353,-1.069564009626422
1109,11.08,10.012201694619115,-4.7629141947027165,-120.35668240412102,24.57965148785736,1.1020887888041717,0.03476073119831587,0.33231128462934534,0.5747827677240216,2.2193859605182076,-0.07710249090456195,1.1011157070308726,0.03738341095799443,14.790811329813355,12.491761633216585,-2.2964884514227695,-1.067328057605856
1110,11.09,9.9721781695979,-4.6832241457718915,-122.28728794601662,24.660195106805553,1.1057074993097418,0.04084451088109933,0.33467509949070073,0.6001220044399835,2.2304244489608656,-0.07672502899851225,1.1045393946205737,0.04334511052767132,14.801839557639296,12.492165032390245,-2.3071494779593777,-1.0648629884286425
1111,11.1,9.932229242355417,-4.601617318578954,-124.20784133685993,24.74279068806308,1.1093491934558959,0.04718342774972982,0.337133079654797,0.625889313475549,2.241499240537752,-0.07628545644607826,1.1080222832921371,0.04960229827467577,14.81290231502629,12.492629520348736,-2.3177846969838303,-1.062165765706166
1112,11.11,9.893429421676124,-4.518052425297414,-126.11691601816509,24.82748284730657,1.1130147428693324,0.05378162510903089,0.339720137786695,0.6521428816380569,2.252610569561058,-0.0757812009269388,1.1115684323698367,0.05616193420018566,14.824000214156044,12.493158086475866,-2.328391770487997,-1.0592331177603016
1113,11.120000000000001,9.856895560776602,-4.432498632382287,-128.01304036253313,24.914305332823588,1.1167053677549608,0.06064383265825079,0.34247272370453996,0.6789426639407,2.2637586808030234,-0.07520964576335536,1.1151820552368426,0.06303134254827654,14.83513390856849,12.493753791565513,-2.3389683265663788,-1.05606153509671
1114,11.13,9.823781966626344,-4.34493561286704,-129.8947030676771,25.00328093221111,1.1204226523906933,0.06777538452403792,0.34542867435701335,0.7063502422313992,2.2749438330589764,-0.07456812396665363,1.1188675257332965,0.07021822528580629,14.846304094734332,12.49441977153131,-2.34951195702563,-1.0526472678666554
1115,11.14,9.795275499490796,-4.255353501463444,-131.76035854834677,25.09442147251871,1.1241685591128403,0.07518223582803918,0.34862706153731593,0.734428684142296,2.2861663028578145,-0.07385391211062013,1.1226293846109128,0.07773067574045585,14.85751151369183,12.495159241251946,-2.3600202149684346,-1.0489863232848011
1116,11.15,9.772590692418802,-4.163752758182104,-133.60843229041672,25.187727907658036,1.1279454407683114,0.0828709777922183,0.3521080382132292,0.7632424023684017,2.2974263883046624,-0.0730642240464428,1.126472346003505,0.08557719232230865,14.868756952748285,12.495975498553344,-2.370490612351105,-1.045074462976093
1117,11.16,9.756964917761902,-4.0701439470019585,-135.4373261341088,25.28319048605143,1.1317560516187544,0.09084885138573187,0.35591268427033973,0.7928570141606907,2.3087244130403533,-0.07219620447380543,1.1304013038647656,0.09376669223819796,14.880041247246107,12.496871928328124,-2.3809206175141586,-1.0409072002330224
1118,11.17,9.749653625511435,-3.9745474377605783,-137.2454234556911,25.38078898980981,1.135603556689821,0.09912375951663023,0.3600828523554359,0.823339200502646,2.320060730302186,-0.0712469223827115,1.1344213383153823,0.10230852508948214,14.891365282392837,12.497852006791694,-2.3913076526848975,-1.0364797971731907
1119,11.18,9.751925675190588,-3.876993040356713,-139.0310942201652,25.480493035769317,1.1394915395657368,0.10770427776693574,0.3646610143936062,0.8547565642010255,2.331435727070424,-0.07021336438058384,1.1385377218310513,0.11121248622278174,14.902729995153926,12.498919305873214,-2.4016490914510076,-1.031787261798801
1120,11.19,9.765058779719071,-3.777519581461708,-140.79269988090888,25.582262427569177,1.1434240086351992,0.11659966366252376,0.36969010921634227,0.8871774857766698,2.342849828285027,-0.06909242791927511,1.142755925190868,0.12048882967891035,14.914136376206276,12.500077497738207,-2.411942256204302,-1.0268243449726755
1121,11.200000000000001,9.79033507588294,-3.6761744351015313,-142.5285981061801,25.68604754674353,1.1474054017991253,0.12581986445862975,0.3752133915766222,0.9206709756194644,2.3543035011171685,-0.06788091443671589,1.1470816230919083,0.13014828055767055,14.925585471949644,12.501330359437896,-2.4221844155538843,-1.0215855373404956
1122,11.21,9.829036832098105,-3.573013019402782,-144.23714731651262,25.7917897698233,1.151440589653635,0.13537552340693615,0.38127428266152935,0.9553065204813356,2.3657972592802294,-0.06657552242824187,1.151520699320304,0.14020204658495827,14.937078386572118,12.502681777678378,-2.4323727817084713,-1.016065066246699
1123,11.22,9.88244229938462,-3.4680982724754728,-145.91671102199336,25.899421897716834,1.1555348771628993,0.14527798445143192,0.3879162220238595,0.9911539220029268,2.3773316673651097,-0.0651728404630441,1.1560792513516371,0.15066182863322436,14.948616284164538,12.504135753700494,-2.442504507828154,-1.0102568927114675
1124,11.23,9.951821706781526,-3.3615001216571017,-147.56566195329475,26.00886858233728,1.159694003835783,0.15553929527755317,0.3951825206357292,1.0282831243580277,2.3889073451848004,-0.0636693401618396,1.1607635942337557,0.16153982990647164,14.960200390877466,12.50569640825845,-2.4525766853466404,-1.0041547085582299
1125,11.24,10.038433396975211,-3.2532949606793315,-149.1823859860037,26.120046735056857,1.1639241424173814,0.16617220861038123,0.403116214553715,1.0667640277238242,2.4005249721133266,-0.06206136915276388,1.1655802635831356,0.17284876345639655,14.9718319971127,12.507367986682256,-2.462586341266091,-0.9977519338070002
1126,11.25,10.143520092244174,-3.1435651502810913,-150.76528586366646,26.232865900553243,1.168231896101534,0.17719018162503875,0.4117599184309373,1.1066662836455685,2.4121852914042394,-0.060345144023676904,1.1705360175012907,0.18460185764624876,14.983512459739547,12.509154864005417,-2.4725304354279167,-0.9910417144764954
1127,11.26,10.268305274542723,-3.0323985582057844,-152.31278473145804,26.347228579145426,1.1726242942628606,0.18860737329338276,0.4211556778529425,1.1480590678431732,2.423889114473855,-0.05851674329066419,1.1756378371904443,0.19681285912343716,14.99524320432392,12.511061550135175,-2.482405857764519,-0.9840169209694779
1128,11.27,10.413989657139178,-2.919888155235706,-153.8233294990012,26.463030479946344,1.1771087866967276,0.20043863944677373,0.43134481919145745,1.1910108253367433,2.435637325134377,-0.05657210040445775,1.1808929260176007,0.2094960328005937,15.007025727356076,12.513092695037976,-2.492209425538835,-0.9766701472499538
1129,11.28,10.581747718101031,-2.8061316841626938,-155.2953940581838,26.58016068685847,1.181693236342583,0.2126995252836144,0.44236779537761994,1.2355889821882742,2.447430883761867,-0.05450699681901177,1.186308706742997,0.22266615827696837,15.01886159846007,12.515253093907463,-2.501937880580879,-0.9689937110589686
1130,11.290000000000001,10.77272425852225,-2.691231419149831,-156.72748238941645,26.6985017188279,1.1863859104501946,0.22540625499341818,0.4542640256753725,1.2818596174212111,2.459270831383681,-0.052317055149405926,1.1918928165929104,0.2363385220582451,15.03075246256498,12.517547692276212,-2.5115878865330874,-0.9609796554567764
1131,11.3,10.988030940716165,-2.5752940330443286,-158.11813159762968,26.817929465613812,1.191195470129207,0.23857571810479408,0.4670717272203848,1.3298870880527944,2.4711582936695082,-0.049997732449903284,1.1976530998176853,0.2505289048524979,15.042700042014616,12.51998159102572,-2.521156026119412,-0.9526197520244128
1132,11.31,11.228742753316222,-2.45843059047981,-159.46591492777492,26.938312980001072,1.1961309582001718,0.2522254520941079,0.48082773574295296,1.3797335994300843,2.4830944848094516,-0.04754431364724226,1.2035975973339827,0.2652535631336382,15.054706138588593,12.522560051241372,-2.5306387984566943,-0.9439055061060639
1133,11.32,11.495894341858403,-2.3407566844817818,-160.76944481812183,27.059514107461595,1.2012017852394283,0.2663736207133204,0.49556731255879877,1.4314587124257256,2.495080711261587,-0.04495190516927088,1.209734533005623,0.2805292040713578,15.06677263540338,12.525288498850689,-2.5400326164308584,-0.934828164526108
1134,11.33,11.790476134735917,-2.222392734320844,-162.02737605850515,27.1813869341988,1.2064177136811411,0.28103898741100664,0.5113239345584961,1.4851187783251465,2.507118375350293,-0.042215428814877984,1.2160722960708108,0.29637295282975595,15.07890149865735,12.528172528973565,-2.5493338041651707,-0.9253787262701345
1135,11.34,12.113430185479523,-2.103464461742499,-163.23840912976468,27.30377703509334,1.2117888398071555,0.2962408831286345,0.5281290635949986,1.5407662917116882,2.5192089786950573,-0.03932961591787581,1.222619419175011,0.31280231113541385,15.091094779178578,12.531217909902827,-2.5585385946129335,-0.915547956678521
1136,11.35,12.465645643636837,-1.9841035623591408,-164.40129380946522,27.42652050339122,1.2173255734193886,0.3119991676570157,0.5460118913360918,1.5984491510392589,2.5313541254476144,-0.036289001865176966,1.229384551419905,0.32983510591302895,15.10335461372858,12.534430586621834,-2.5676431273127918,-0.9053264057623729
1137,11.36,12.847953757551988,-1.8644485877258532,-165.51483313813017,27.549442745234405,1.2230386149502155,0.3283341836344417,0.564999055354679,1.6582098162752188,2.5435555253130095,-0.03308792103826135,1.2363764257900207,0.3474894266830779,15.115683226008969,12.537816683753393,-2.5766434463512713,-0.8947044313157737
1138,11.370000000000001,13.261122304210193,-1.744646052549459,-166.57788784854168,27.67235702322036,1.2289389297241,0.34526670216149913,0.5851143219625997,1.7200843526700291,2.555814996327549,-0.029720502256639626,1.243603820272223,0.365783550316448,15.128082927311421,12.541382507820616,-2.585535498584189,-0.8836722275626009
1139,11.38,13.70584933353538,-1.624851779339509,-167.58938136864722,27.795062735356634,1.2350377190388608,0.3628178588977063,0.6063782311008992,1.784101349798752,2.5681344673634596,-0.02618066481283825,1.2510755119404187,0.384735851647483,15.140556116744323,12.545134548685944,-2.5943151321762983,-0.8722198601411546
1140,11.39,14.182756107532391,-1.5052324903053749,-168.54830551586895,27.91734341834993,1.2413463876882032,0.3810090793961839,0.6288076984655815,1.8502807053063428,2.5805159803266084,-0.022462115200303993,1.258800223241678,0.4043646983657006,15.153105280961874,12.549079480019007,-2.602978095526913,-0.8603373082920193
1141,11.4,14.692379109673915,-1.3859676531910115,-169.45372700589326,28.0389644673878,1.24787650749901,0.39986199232628045,0.6524155700294365,1.91863226343192,2.592961692009511,-0.018558344648616432,1.266786559693161,0.4246883285427772,15.165732993313814,12.553224158627973,-2.6115200366581277,-0.8480145151727294
1142,11.41,15.235160996053354,-1.2672515831315012,-170.3047949032852,28.15967056932902,1.2546397764086634,0.41939832913437697,0.6772101242365406,1.989154299677077,2.605473875557427,-0.014462627594359168,1.2750429381855117,0.44572470911263945,15.178441912325784,12.557575622472362,-2.619936503151786,-0.8352414472742864
1143,11.42,15.811440359084795,-1.1492957975850149,-171.1007491424729,28.279182851453175,1.261647972560561,0.4396398086060603,0.7031945174169346,2.061831844652084,2.618054921500329,-0.010168021230974978,1.283577505092287,0.4674913736177625,15.191234779412458,12.562141087158363,-2.6282229427313037,-0.8220081639545007
1144,11.43,16.42144017640932,-1.0323316143596162,-171.8409302463524,28.39719575522093,1.2689129028516555,0.4606080047225204,0.7303661684612454,2.1366348427404254,2.6307073382980866,-0.0056673662966209475,1.2923980434109803,0.4900052375728597,15.204114415717498,12.56692794070106,-2.636374704594708,-0.8083048981291351
1145,11.44,17.06525482408965,-0.9166129748738872,-172.5247903640677,28.513373652717213,1.276446345326458,0.48232419615965555,0.75871607952199,2.213516144466527,2.6434337523403615,-0.0009532892753392655,1.3015118682159155,0.5132823898915087,15.217083717967107,12.571943736321849,-2.644387041615701,-0.7941221491668025
1146,11.450000000000001,17.742835543765125,-0.8024194645873672,-173.15190573982406,28.627347234077625,1.284259984779848,0.5048091957663491,0.7882280905371939,2.2924093358653344,2.656236907336488,0.0039817937965706636,1.3109257097920164,0.5373378589823187,15.230145653216935,12.577196183034534,-2.6522551135399173,-0.7794507890134988
1147,11.46,18.45397427069042,-0.6900594911094071,-173.72199070843928,28.738709706147738,1.292365340909256,0.5280831583903584,0.8188780667373433,2.3732264134850465,2.6691196630241025,0.009145671710610379,1.3206455839490805,0.5621853523652199,15.24330325236663,12.58269313376083,-2.6599739913134925,-0.7642821825188976
1148,11.47,19.198285752782617,-0.5798735663398835,-174.23491329147893,28.847012857411116,1.3007736883487333,0.5521653655055386,0.8506330200563575,2.45585532043226,2.682084993118728,0.014546330428318165,1.3306766491952398,0.5878369689983244,15.256559602311967,12.588442570706073,-2.6675386626904096,-0.7486083228431947
1149,11.48,19.975187922886526,-0.47223762356859433,-174.69071243733643,28.95176306040087,1.3094959679269034,0.5770739852468086,0.8834501675497143,2.5401573667292747,2.6951359824197647,0.020191943146750057,1.341023050683417,0.6143028839575027,15.269917836602556,12.594452587720047,-2.674944039273015,-0.7324219826800947
1150,11.49,20.783880526786923,-0.36756628228351573,-175.08961691022745,29.052417301871433,1.3185426885222313,0.6028258066906587,0.9172759325849876,2.6259645667133156,2.7082758229820523,0.02609085783545546,1.3516877511425736,0.6415910056881411,15.283381124473602,12.600731369367006,-2.6821849651465968,-0.7157168818315727
1151,11.5,21.623322060348404,-0.2663159539527227,-175.43206578447405,29.148379351520656,1.3279238189470355,0.6294359475445643,0.9520448977151038,2.7130769368675898,2.721507809256083,0.032251581983265123,1.3626723493724242,0.6697066067643453,15.29695265812416,12.607287166434647,-2.6892562272728178,-0.6984878714024711
1152,11.51,22.492205130392563,-0.16898766068871307,-175.71873044186765,29.238996202587572,1.3376486693811471,0.6569175348407227,0.9876787217935872,2.801259809530654,2.7348353320947854,0.03868276428694046,1.3739768873204163,0.6986519299544084,15.310635638122191,12.614128267625281,-2.696152567807845,-0.6807311345404244
1153,11.52,23.38893042668275,-0.07612941652913596,-175.95053790018204,29.323554941159422,1.3477257620020717,0.6852813587818579,1.0240850380214601,2.890241231050193,2.7482618715205698,0.045393173012514734,1.3855996472749903,0.7284257724075673,15.324433256829439,12.621262967195479,-2.7028686985080554,-0.6624444032202138
1154,11.53,24.311579576392294,0.011662001196988125,-176.12869522037656,29.40128022477545,1.3581626906257225,0.7145355005701038,1.0611563541671802,2.9797095268255767,2.7617909881436864,0.05239167076500402,1.3975369412982628,0.7590230519443713,15.338348679757429,12.628699528344258,-2.709399317378683,-0.6436271900556186
1155,11.540000000000001,25.25788724732707,0.09374008420637292,-176.25471464903816,29.471332573808827,1.368965969384474,0.7446849358717363,1.0987689810867587,3.069311129864468,2.7754263131221153,0.05968718541462388,1.4097828956780243,0.7904343607403753,15.352385024790275,12.636446142196132,-2.715739127707492,-0.6242810335127377
1156,11.55,26.225212970814837,0.16940864207173334,-176.33043905230835,29.532807699858676,1.3801408707307177,0.7757311165337732,1.1367820207617254,3.1586487833852535,2.789171536554794,0.06728867694896709,1.42232923389171,0.8226455131183501,15.366545339241325,12.644510882285354,-2.7218828596058273,-0.6044097541969444
1157,11.56,27.210513267605773,0.23792309429491176,-176.35806708985825,29.584737111281882,1.3916912533663777,0.8076715342706496,1.1750364501269066,3.247280240469061,2.803030394204448,0.07520510005232192,1.4351650623264267,0.8556370956748797,15.380832574749421,12.652901654522234,-2.727825294152126,-0.584019719095728
1158,11.57,28.210314776849987,0.2984932410477481,-176.34017746586102,29.626090246560523,1.4036193810613973,0.8404992712655512,1.2133543418001032,3.334717594371854,2.8170066524540593,0.08344536225655605,1.4482766637619215,0.8893840295098615,15.395249560066631,12.661626142712462,-2.7335612901975033,-0.563120109795846
1159,11.58,29.22068920588852,0.35028774646170824,-176.27975148165217,29.65577838665166,1.4159257337351154,0.8742025439636393,1.2515382670390867,3.420427379822777,2.8311040914127523,0.09201827756418575,1.4616473043661244,0.9238551558412057,15.409798971843319,12.670691749805655,-2.7390858138485665,-0.5417231897714762
1160,11.59,30.237231030969337,0.3924405564091793,-176.18019300798838,29.672660587464456,1.428608812627158,0.9087642477338278,1.289370929564423,3.5038315879149997,2.8453264861028305,0.10093251551397436,1.4752570606317954,0.9590128576855864,15.424483303577256,12.680105535169249,-2.744393970588856,-0.5198445648933303
1161,11.6,31.255038980333726,0.42405944643510995,-176.04534489914442,29.67555184914543,1.441664941870112,0.9441615114982232,1.3266150808408688,3.5843097331613847,2.859677585680435,0.11019654574329202,1.489082673250585,0.9948127314763636,15.439304832960751,12.689874148316942,-2.7494810399371428,-0.4975034303718887
1162,11.61,32.26870241382169,0.44423685245462696,-175.87950079393096,29.663233697421344,1.4550880692811419,0.9803652728106416,1.363013767566116,3.6612020995200063,2.8741610906679003,0.11981857819941541,1.5030974353222188,1.0312033233622968,15.45426558793193,12.700003759664144,-2.754342512468485,-0.4747227964705003
1163,11.620000000000001,33.27229376881973,0.45206307682406077,-175.68741119827794,29.634467293539643,1.4688695696958916,1.0173398851307411,1.3982909601340094,3.7338142720649325,2.888780628206639,0.12980649926303606,1.5172711224739244,1.068125945370437,15.46936731181132,12.710499989033046,-2.7589741289436027,-0.4515296845651504
1164,11.63,34.25936826349514,0.4466418820321616,-175.4742827275859,29.58800910985496,1.48299805465407,1.0550427701048284,1.432152606241962,3.8014230307368675,2.903539725374983,0.140167804170074,1.5315699723625305,1.105514586511317,15.48461142798048,12.721367832781686,-2.763371921204909,-0.4279552845492416
1165,11.64,35.22297202528348,0.42710838657373795,-175.24576941388835,29.522629110743246,1.4974591926860308,1.0934241284277664,1.4642881464224835,3.8632836428225135,2.918441780655813,0.15090952624982587,1.5459567205962295,1.1432959331477481,15.499999004632118,12.732611590578928,-2.767532254405987,-0.4040350642582644
1166,11.65,36.1556597406163,0.39264906183047454,-175.00795505758921,29.43713126243071,1.5122355448153264,1.1324267232269791,1.494372517890512,3.918638540944779,2.9334900336829945,0.16203816363501342,1.5603906993056567,1.1813895114599196,15.515530720187959,12.744234792983763,-2.771451870047981,-0.3798088215883473
1167,11.66,37.049522792901854,0.34252350082628613,-174.76732573385172,29.33037606621852,1.5273064201540538,1.1719857497797193,1.5220686597870068,3.9667273151975855,2.948687533443232,0.17355960423809996,1.5748280033892832,1.2197079625648974,15.531206830037094,12.756240131104878,-2.775127929205132,-0.35532067037433457
1168,11.67,37.89622866948819,0.2760874933462443,-174.5307317496152,29.20130467116416,1.5426477565963752,1.2120288046652532,1.5470305169213534,4.006797883154524,2.9640371051592704,0.18547904992277206,1.5892217278561533,1.2581574577840817,15.547027135290199,12.76862938970742,-2.7785580552364983,-0.330618951931122
1169,11.68,38.68707217306506,0.19281680592388994,-174.30533859011797,29.048963983283816,1.5582320315845677,1.2524759660977753,1.5689065209867807,4.03811863321138,2.979541316130351,0.19780094092371264,1.6035222777139564,1.296638257740617,15.562990954269587,12.781403385190238,-2.7817403752066383,-0.30575606548679235
1170,11.69,39.413038674542086,0.09233093794647207,-174.09856668761046,28.87253205705981,1.574028207709875,1.293239995150075,1.5873435087228358,4.059991268777792,2.995202440854445,0.21052888167506853,1.617677749559021,1.3350454145177686,15.579097097458432,12.794561909872101,-2.7846735591793763,-0.2807882125598
1171,11.700000000000001,40.064879299462945,-0.025583982794019633,-173.918020182889,28.67134294207918,1.5900017175037877,1.3342266648657397,1.601991016578577,4.071764017838451,3.011022425802444,0.22366556929151166,1.6316343815028398,1.373269611183314,15.595343846611396,12.80810368399314,-2.7873568565109323,-0.255775052638048
1172,11.71,40.63319756271673,-0.16095407956597807,-173.77140521801203,28.44491007384513,1.6061144911700787,1.3753352209184373,1.612505872335323,4.072844819515442,3.027002854254952,0.2372127259990555,1.6453370654323747,1.4111981278080443,15.611728938682369,12.822026316755323,-2.7897901282558966,-0.23077927025164136
1173,11.72,41.108546570304824,-0.31359933368722004,-173.66643868244898,28.192947252915083,1.622325030212498,1.4164589736117608,1.6185569870341705,4.062714061149605,3.043144911645944,0.25117103683004544,1.6587299129862099,1.448715917946131,15.628249555151584,12.836326277590809,-2.7919738748158984,-0.2058660566007373
1174,11.73,41.4815355131692,-0.48311886075371735,-173.61074871408294,27.915386259790647,1.638588528947154,1.4574860167690065,1.6198302367980426,4.0409364209397065,3.0594493518821415,0.26554009387335625,1.671756864186249,1.4857067746973736,15.644902317235944,12.850998878662319,-2.793909258008785,-0.18110251217814755
1175,11.74,41.74294380469312,-0.6688807331157953,-173.61176861304978,27.612390209719045,1.6548570447862976,1.498300064635761,1.616033314762306,4.007171375453683,3.0759164651214728,0.280318348304227,1.6843623255499562,1.5220545612404295,15.66168328734481,12.866038269368955,-2.7955981168172457,-0.15655698015053665
1176,11.75,41.883840882185375,-0.8700171048382721,-173.67662613890883,27.28436186418445,1.6710797169849416,1.5387813935350942,1.6069004292802276,3.9611819604860314,3.092546047496769,0.2955030713073809,1.6964918228632995,1.5576444773935758,15.678587977003117,12.881437443362303,-2.7970429761893882,-0.13229832344984738
1177,11.76,41.895709420913406,-1.085425220925762,-173.812030413081,26.931946282301958,1.6872030323069065,1.5788078709238984,1.592196726341867,3.9028414278470693,3.1093373732616256,0.3110903248540171,1.7080926527394695,1.592364331563809,15.695611361309627,12.897188258281188,-2.7982470484076085,-0.10839516138300809
1178,11.77,41.770569513623215,-1.3137746718651533,-174.02415882279593,26.55602740849673,1.7031711348504779,1.618256050947513,1.5717223218589345,3.8321375177268724,3.126289169813837,0.32707494310192636,1.7191145167079438,1.6261057865570043,15.712747899836948,12.913281468101504,-2.7992142267119107,-0.08491508390296487
1179,11.78,41.501101259097496,-1.5535209987610932,-174.31854641043049,26.157718441859267,1.7189261761350683,1.6570023128064244,1.5453158427466676,3.7491741623469914,-3.1397857111610876,0.34345052496502815,1.7295101219111535,1.6587655482219927,15.729991563718416,12.92970676768359,-2.7999490710534705,-0.06192386332864386
1180,11.790000000000001,41.08076318673319,-1.8029254789900362,-174.6999802271343,25.738346102250254,1.7344087005444662,1.6949240164222994,1.512857393784297,3.6541705458537628,-3.1225190829707405,0.3602094381525798,1.7392357335249988,1.6902464677816822,15.747335868512359,12.946452848797655,-2.800456786056266,-0.03948468412216677
1181,11.8,40.503904019748596,-2.06008064483465,-175.1724010332938,25.299429181389513,1.7495580603967658,1.7319006491512705,1.474270888859933,3.5474575607424534,-3.1050992809898585,0.3773428347194793,1.7482516657054032,1.7204585318534833,15.764773912293343,12.963507466630999,-2.8007431914702483,-0.017657411245495247
1182,11.81,39.765865442087375,-2.3229408265788454,-175.7388145466583,24.842652025412242,1.7643128543013669,1.7678149377003045,1.4295257089510653,3.42947181472248,-3.087529943671307,0.3948406779086339,1.7565227000958732,1.7493197183881084,15.78229841829877,12.980857515541171,-2.8008146855996454,0.00350208339893765
1183,11.82,38.86307377298406,-2.5893567843009,-176.401214182812,24.36983382158446,1.7786113820901306,1.8025539009391216,1.3786376735009556,3.3007474462637,-3.069815324988554,0.41269177981551536,1.7640184235739267,1.7767567017965524,15.799901781362507,12.998489112626158,-2.800678202375517,0.023942518848991012
1184,11.83,37.79311875335591,-2.8571133150361305,-177.16051691775442,23.882894740141623,1.7923921094785389,1.8360098218729426,1.321669335088005,3.161906094810069,-3.0519602951006193,0.43088384917494643,1.7707134798089343,1.8027053960830355,15.817576117298298,13.016387687542775,-2.8003411629040205,0.04361771239440371
1185,11.84,36.55481799351365,-3.1239686041675263,-178.01651354523125,23.38382010243413,1.8055941357122065,1.8680811204835646,1.2587296281474152,3.0136454377726065,-3.0339703363555413,0.44940354836996604,1.7765877321834211,1.8271113305326523,15.835313314356414,13.034538076921358,-2.799811422454079,0.062486984771358056
1186,11.85,35.1482660031752,-3.387694039345601,-178.96783422140777,22.874623801100846,1.818157657760688,1.898673113242651,1.1899729197814766,2.856726746820112,-3.0158515346347365,0.46823655860027763,1.7816263385322888,1.8499298581008163,15.85310508586703,13.052924621698457,-2.799097213944572,0.08051545548196315
1187,11.86,33.574867105752325,-3.646113222246683,-180.01192980336353,22.357312186343993,1.8300244250982172,1.927698649595026,1.1155975237267344,2.6919619295688335,-2.9976105661026176,0.48736765202831434,1.7858197408356786,1.871126201836617,15.870943023202145,13.07153126571716,-2.7982070890486543,0.09767422449680874
1188,11.870000000000001,31.83735191207322,-3.8971389943196932,-181.14506911308948,21.83384955802841,1.8411381797175062,1.9550786203342074,1.0358437469373385,2.520200510059417,-2.9792546794823793,0.5067807696471286,1.789163575343488,1.8906753492130937,15.888818648231117,13.090341654021234,-2.797149858050078,0.11394044061670128
1189,11.88,29.939777381799004,-4.138807428785896,-182.36235190748437,21.30612627454989,1.8514450767117947,1.9807423372859068,0.9509915421065133,2.3423169651674645,-2.9607916740289935,0.5264591035860628,1.7916585105290115,1.9085618079700521,15.906723464509804,13.109339229387535,-2.79593452956453,0.12929726057411206
1190,11.89,27.88751082154448,-4.369307920520238,-183.6577370194357,20.77593031793597,1.8608940814871069,2.004627787844335,0.8613578391380904,2.1591987785011177,-2.942229873413361,0.5463851825850656,1.793310021716632,1.9247792399019688,15.924649006524694,13.128507325791869,-2.7945702511811596,0.14373370635722793
1191,11.9,25.68719845202039,-4.5870087137714455,-185.0240848603743,20.244922954452043,1.869437340389638,2.026681771478806,0.7672936248702107,1.9717355039063589,-2.92357809576747,0.5665409594218338,1.7941281121889519,1.9393299909145811,15.942586886407334,13.147829257678342,-2.7930662519902825,0.15724443108916808
1192,11.91,23.34671941534956,-4.790477430317064,-186.45321324751288,19.714618915466115,1.877030522219072,2.0468599282083155,0.6691808339834235,1.7808090529929779,-2.9048456201689707,0.586907899161671,1.794126991068556,1.95222453665886,15.960528837634989,13.167288404090833,-2.7914317878489445,0.16982940598924356
1193,11.92,20.875126289411217,-4.9784963828692685,-187.93596533772742,19.186371308976106,1.8836331287210069,2.0651266711477745,0.5674291060426104,1.58728534118028,-2.8860421498658284,0.6074670672104872,1.7933247183289174,1.9634808632076162,15.97846675533724,13.186868286919939,-2.7896760901032707,0.18149354242676763
1194,11.93,18.282573327477092,-5.150072667789263,-189.46228831558258,18.661361270391534,1.8892087726950073,2.081455036541249,0.46247245484646643,1.3920073497030434,-2.8671777725580587,0.6281992162790178,1.7917428269763354,1.9731238016801769,15.996392732930373,13.206552642711088,-2.7878083183425098,0.19224626384624188
1195,11.94,15.580233752193084,-5.304443217065469,-191.02132139133698,18.140592182113785,1.8937254228114675,2.095826465244345,0.3547658875367789,1.195789591263473,-2.8482629180648407,0.6490848715032905,1.789405931830239,1.9811843345795834,16.014299094899076,13.226325487663265,-2.785837517611455,0.20210104243287752
1196,11.950000000000001,12.78020750614508,-5.441075144334828,-192.60149161255885,17.624888142813724,1.8971556146012858,2.1082305294737704,0.24478200289542934,0.9994139078978638,-2.8293083137125703,0.6701044131052725,1.7863413334854619,1.987698890024714,16.032178425635053,13.246171175617803,-2.7837725803617435,0.21107491487248464
1197,11.96,9.895420902274733,-5.559661839494723,-194.19061597442214,17.11489625299632,1.8994766273744683,2.118664617913905,0.13300759141354684,0.8036264831193202,-2.8103249377832933,0.6912381561122004,1.7825786250413354,1.992708638179925,16.05002359432326,13.266074448989462,-2.781622213284093,0.2191879905394365
1198,11.97,6.939519628964597,-5.660115349279393,-195.77600832579603,16.61109220534255,1.9006706270490843,2.1271335910842257,0.01994025428774453,0.6091359174383925,-2.7913239713641897,0.712466426778137,1.778149308094642,1.9962588021337722,16.067827775936774,13.286020482724675,-2.7793949090372596,0.22646296403514143
1199,11.98,3.9267565538849247,-5.742555628637658,-197.34458960332807,16.113788624873244,1.9007247750445604,2.1336494173628147,-0.093914945349954,0.4166121967636776,-2.772316748938302,0.7337696354626515,1.7730864233765198,1.9983979933720535,16.0855844684608,13.305994921483986,-2.7770989227786327,0.23292464231825427
1200,11.99,0.8718757386980247,-5.807297262305,-198.88299998242323,15.623145592757307,1.8996313035288859,2.1382307983633697,-0.20804878805675042,0.22668637600679467,-2.7533147080542517,0.7551283458171246,1.7674242003150638,1.9991775799198714,16.103287506514548,13.325983910336669,-2.77474225330821,0.23859949483448384
1201,12.0,-2.2100059698600525,-5.854834243236717,-200.37771160528914,15.139182803019775,1.89738755742218,2.140902790599437,-0.32195115071188896,0.039950803603440166,-2.7343293384093923,0.7765233402072034,1.7611977287648588,1.9986510932683261,16.120931071577303,13.345974119326383,-2.7723326285629906,0.2435152331772572
1202,12.01,-5.303518467507317,-5.88582335915977,-201.81514063097882,14.661792838933412,1.8939960036623469,2.1416964286450413,-0.43511419633837684,-0.14304027523387716,-2.715372130676273,0.7979356813606817,1.7544426551874646,1.9968736784017382,16.138509699052477,13.365952762318686,-2.769877495142632,0.2477004249826944
1203,12.02,-8.393157802859651,-5.901066687145762,-203.18175744510347,14.190755108816315,1.8894642083423112,2.1406483534016907,-0.547035490543046,-0.3217698803177191,-2.696454525396693,0.8193467702740834,1.7471949047139728,1.9939015896416499,16.156018282422053,13.385907610576256,-2.7673840115088097,0.25118414505937947
1204,12.030000000000001,-11.463404313386928,-5.9014936338454005,-204.46419396738293,13.72575004430119,1.8838047824400812,2.137800447669904,-0.6572210328239976,-0.49575734452054404,-2.6775878622610283,0.8407384004402777,1.7394904297774973,1.9897917336329303,16.173452074754167,13.405827001527683,-2.76485904447828,0.253995665229823
1205,12.040000000000001,-14.498838412388126,-5.888142891940951,-205.64934709872165,13.266373231840511,1.8770352969866682,2.133199480040073,-0.7651881896297518,-0.6645573446291546,-2.658783330082646,0.8620928084754074,1.731364985377214,1.984601259629766,16.190806687830392,13.425699843202931,-2.762309168621533,0.2561641830534047
1206,12.05,-17.484253040557252,-5.862144615494325,-206.7244774562286,12.812149216254022,1.86917816865425,2.1268967571815542,-0.8704685147978416,-0.8277589867407593,-2.6400519177681265,0.883392721228938,1.72285393051958,1.9783871962807689,16.208078089157087,13.445515614805124,-2.7597406681825216,0.25771858852730434
1207,12.06,-20.40476188582638,-5.824703051688784,-207.6773026511335,12.36254478004284,1.860260516896677,2.118947783922247,-0.9726104419768439,-0.9849849940820875,-2.6214043665734446,0.9046213994577718,1.713992054972701,1.9712061333554947,16.2252625971186,13.465264363876525,-2.7571595411483703,0.25868726702557
1208,12.07,-23.24590256734904,-5.777079808118968,-208.4960844706238,11.916981559847107,1.8503139939338613,2.10941193006244,-1.0711818331062208,-1.1358910240046847,-2.6028511239241476,0.925762678137182,1.7048134301569,1.9631139462801843,16.242356874519785,13.484936700497734,-2.754571505118257,0.2590979361285788
1209,12.08,-25.993734072221407,-5.720577882627587,-209.16970942852754,11.474847912485316,1.8393745890357922,2.098352102628663,-1.1657723669190916,-1.2801651222869288,-2.5844022990638402,0.9468010034693938,1.6953512827660937,1.9541655609348858,16.259357920752294,13.504523788935831,-2.7519820046463526,0.2589775135928709
1210,12.09,-28.634927825428356,-5.656526540435491,-209.6877622499399,11.035509983765598,1.8274824087265074,2.0858344222198393,-1.2559957519147458,-1.4175273081704505,-2.5660676207799047,0.967721466637442,1.6856378895620223,1.9444147558906741,16.276263062804365,13.524017337130141,-2.7493962197622395,0.2583520134933319
1211,12.1,-31.156851865298997,-5.586267088828434,-210.0405919520012,10.598321965858938,1.8146814346873759,2.0719279021895614,-1.341491749227019,-1.5477292720984526,-2.547856397438413,0.988509834338854,1.6757044916919206,1.9339139991056211,16.29306994531747,13.54340958437516,-2.7468190754023194,0.2572464675021855
1212,12.11,-33.5476476850594,-5.511139574598789,-210.21937027365584,10.162635551840626,1.8010192612875084,2.056704129611854,-1.4219279922619452,-1.6705541603987537,-2.5297774795416363,1.009152576122124,1.6655812268430397,1.9227143160392723,16.309776519876817,13.562693287530097,-2.744255251515826,0.25568486832434556
1213,12.120000000000001,-35.79629938847666,-5.43247041115984,-210.21614229399768,9.72780861170175,1.7865468148023165,2.0402369472556727,-1.4970015918295412,-1.7858164163718002,-2.5118392250016344,1.0296368885397853,1.6552970775500147,1.910865186158807,16.326381033705502,13.581861706053983,-2.741709193638167,0.25369013245335625
1214,12.13,-37.89269489053395,-5.351560931126875,-210.0238691582856,9.293213122371725,1.7713180564952105,2.0226021361159345,-1.5664405176374578,-1.8933616453801358,-2.4940494673022013,1.0499507161257013,1.6448798340080495,1.89841446488664,16.34288201791565,13.600908586135509,-2.7391851237516835,0.2512840796207241
1215,12.14,-39.827678974189524,-5.269676854306482,-209.6364629046834,8.85824238700446,1.7553896718291824,2.003877098386601,-1.630004749390153,-1.9930664719951778,-2.4764154866992603,1.070082769201398,1.6343560698065231,1.8854083281600065,16.359278275453537,13.619828144157653,-2.7366870512789276,0.24848742655741884
1216,12.15,-41.593098089691004,-5.188038658997685,-209.04881345161326,8.422317577476836,1.738820748142508,1.9841405410911834,-1.6874871931905828,-2.0848383594026827,-2.4589439845867966,1.0900225385166487,1.623751129077035,1.871891236925221,16.37556886886039,13.638615049709776,-2.734218784076141,0.24531979294867545
1217,12.16,-43.18183685460719,-5.107812845426252,-208.25680786651495,7.984893629637276,1.7216724431649963,1.9634721608907337,-1.7387143614502516,-2.1686153648287707,-2.4416410611318367,1.109760306733285,1.6130891236420783,1.857905919063591,16.391753107955765,13.657264408333798,-2.7317839393144645,0.24179971772573738
1218,12.17,-44.58784627908594,-5.030104082742959,-207.25734209049256,7.545464514656334,1.704007646767944,1.9419523308552513,-1.783546816943975,-2.244365809149801,-2.4245121962581746,1.1292871567676876,1.6023929388502953,1.8434933664327362,16.407830537536924,13.675771744167072,-2.7293859541537238,0.2379446840873074
1219,12.18,-45.806163803136,-4.95594823374057,-206.04832534137887,7.103567903505275,1.6858906383328567,1.9196617902028816,-1.82187938395054,-2.3120878435515895,-2.4075622340345904,1.1485949770163615,1.5916842468873391,1.8286928448983164,16.423800925174877,13.694132982622325,-2.7270280961286346,0.23377115187002495
1220,12.19,-46.83292528910703,-4.886306255032147,-204.62867745867223,6.658789234435512,1.6673867420925146,1.896681338179687,-1.8536411315730728,-2.3718089012502936,-2.3907953704996747,1.1676764634999048,1.5809835264565002,1.813541915425131,16.43966424917633,13.712344433224736,-2.7247134731800067,0.2292945960871724
1221,12.200000000000001,-47.66536916548323,-4.822058971669452,-202.9983194903922,6.210765188626772,1.6485619827446292,1.8730915333668352,-1.878795136239274,-2.423585026776608,-2.3742151449320734,1.1865251189729886,1.5703100878246987,1.7980764644818736,16.45542068676994,13.730402772707833,-2.722445043274524,0.22452955062220603
1222,12.21,-48.301832964139614,-4.764002726623295,-201.15815785103797,5.7591865744106885,1.6294827435657526,1.848972399768745,-1.8973380320620452,-2.467500079871848,-2.3578244345522887,1.2051352490611447,1.559682102330108,1.7823307421973786,16.471070602566183,13.748305028453505,-2.7202256235661526,0.21948965620299243
1223,12.22,-48.741742536710994,-4.712845904594265,-199.1100624062167,5.303800618306606,1.6102154291634454,1.8244031410546424,-1.9092993592034158,-2.5036648148632277,-2.3416254526203923,1.2235019554988997,1.5491166355414683,1.7663374068751811,16.48661453733111,13.766048562346393,-2.7180578990602946,0.214187711891197
1224,12.23,-48.98559427252363,-4.669206327322417,-196.85683885926966,4.84441266052843,1.590826134900517,1.7994618643051352,-1.9147407215419583,-2.532215839582797,-2.325619749873124,1.2416211265572943,1.5386296833491415,1.7501275746351155,16.502053197106942,13.783631055100045,-2.7159444307491682,0.20863572940461816
1225,12.24,-49.03493067403397,-4.633609513854275,-194.40219583202745,4.380887253717343,1.5713803249091125,1.7742253145608902,-1.9137547659113614,-2.5533144605665044,-2.3098082192240854,1.2594894247622377,1.5282362103512244,1.7337308730992098,16.51738744270555,13.80105049110055,-2.7138876631932636,0.20284498965177766
1226,12.25,-48.892309674538595,-4.6064877937776805,-191.75070704455834,3.913148666791302,1.5519425204868986,1.7487686213884632,-1.9064639958898402,-2.567145423158779,-2.2941911036321594,1.2771042720176253,1.5179501899751715,1.7171754981757894,16.532618279594917,13.818305143803274,-2.711889931529802,0.1968261009015646
1227,12.26,-48.56126810741743,-4.588180255352614,-188.90776900800012,3.4411807998796577,1.5325760005349347,1.7231650585767113,-1.8930194336490327,-2.5739155566158867,-2.2787680070260636,1.2944638322588713,1.5077846458466433,1.7004882731214255,16.547746848193402,13.835393561709424,-2.7099534678946515,0.19058905804177662
1228,12.27,-48.04627975685831,-4.5789335030548495,-185.87955465096428,2.9650265220370926,1.5133425155589881,1.6974858179607155,-1.8735991436956314,-2.5738523350560834,-2.2635379081570166,1.3115669917730801,1.4977516939818194,1.683694709173294,16.562774414582172,13.852314554941668,-2.70808040724949,0.18414330240172738
1229,12.280000000000001,-47.352708437014954,-4.578903191419381,-182.67296330384158,2.4847864496937797,1.49430201661512,1.671799798246274,-1.8484066325239537,-2.5672023655053833,-2.2484991772369627,1.3284133373314237,1.4878625854384158,1.666819067147129,16.577702361642125,13.869067182431337,-2.7062727926112,0.17749778163115404
1230,12.290000000000001,-46.48675655994443,-4.588156294049361,-179.29556746680436,2.0006171907608543,1.4755124004378066,1.6461734095807024,-1.8176691382334742,-2.5542298142166255,-2.2336495952067326,1.3450031322874518,1.4781277491134148,1.6498844194871953,16.592532180618274,13.885650739724303,-2.7045325796854023,0.17066100914289573
1231,12.3,-45.455409662658795,-4.606674059258897,-175.75555678665222,1.5127290859452094,1.4570292718460465,1.620670394489767,-1.7816358241130874,-2.5352147822353004,-2.218986375466806,1.361337290801902,1.4685568344237079,1.6329127123375637,16.60726546311174,13.902064747407726,-2.7028616409108785,0.16364112264372044
1232,12.31,-44.266377370433304,-4.634355596122308,-172.0616796651662,1.0213834860406452,1.4389057243810537,1.5953516656780997,-1.7405758900082884,-2.5104516404735913,-2.20450618789316,1.3774173503601452,1.4591587536478856,1.6159248272756233,16.62190389349704,13.918308940156164,-2.7012617689262814,0.15644594129704603
1233,12.32,-42.92803127779876,-4.67102202849945,-168.22318291794826,0.5268896099332689,1.4211921399891578,1.5702751610760963,-1.6947766150873342,-2.480247333998596,-2.1902051849517408,1.393245442752892,1.4499417237457677,1.598940642413816,16.63644924176029,13.93438325639203,-2.699734679474954,0.1490830210869385
1234,12.33,-41.449340229293206,-4.716421149004435,-164.24974989675619,0.029601033663398724,1.40393600842601,1.5454957164093177,-1.6445413453174949,-2.444919664422087,-2.17607902971777,1.408824263694036,1.4409133075057627,1.581979092632121,16.650903356752355,13.95028782855292,-2.6982820137677805,0.14155970798330775
1235,12.34,-39.83980348079117,-4.770232500525973,-160.15143748172366,-0.47008813455252074,1.3871817669239137,1.5210649554691509,-1.5901874386466328,-2.404795558511434,-2.162122925599914,1.4241570412518239,1.4320804538999254,1.5650582287535875,16.66526815984965,13.966022973956116,-2.6969053403278487,0.13388318854523718
1236,12.35,-38.1093822182258,-4.832072809772114,-155.9386123417268,-0.9717473349239327,1.3709706605332737,1.4970311981757,-1.5320441805265008,-2.360209330360815,-2.148331647564608,1.4392475032709142,1.4234495375526632,1.548195275518675,16.67954563901407,13.98158918624894,-2.6956061563440645,0.12606053764242642
1237,12.36,-36.26842990403618,-4.901501695678245,-151.62188685170258,-1.4749138317360844,1.3553406234221907,1.4734393864456867,-1.4704506820359906,-2.3115009437856657,-2.1346995746523705,1.4540998439633763,1.4150263972518953,1.5314066882518906,16.693737843242886,13.996987127432382,-2.69438588856384,0.11809876302349598
1238,12.370000000000001,-34.327621913025276,-4.978027575330457,-147.2120550451542,-1.9790971226415088,1.3403261812953111,1.4503310278084853,-1.4057537724727371,-2.259014281035501,-2.1212207235756724,1.4687186898465039,1.4068163734517833,1.5147082081478083,16.70784687739875,14.012217620444533,-2.6932458937574104,0.11000484651317421
1239,12.38,-32.29788490855814,-5.061113690993513,-142.72002896839462,-2.483783420383241,1.325958374974276,1.4277441566512115,-1.3383058978649975,-2.203095423360168,-2.10788878318698,1.4831090652044037,1.3988243447330189,1.4981149161309042,16.721874897409563,14.027281642289816,-2.6921874587882026,0.10178578167693542
1240,12.39,-30.19032639760384,-5.150184184464379,-138.1567757905635,-2.988440147563038,1.3122647050676843,1.4057133129186794,-1.2684630364602403,-2.144090948670926,-2.0946971496056372,1.4972763572489085,1.3910547632021628,1.4816412852690808,16.735824105827596,14.042180317699527,-2.691211800325041,0.09344860785099507
1241,12.4,-28.01616488808243,-5.244630148432838,-133.5332560091371,-3.4925203876662154,1.299269097548343,1.3842695380436134,-1.19658264179418,-2.0823462511682354,-2.081638961793627,1.5112262811532733,1.383511688824036,1.465301231740832,16.749696747737307,14.056914913309328,-2.6903200642326865,0.08500044049527045
1242,12.41,-25.78666105580254,-5.343815589776257,-128.86036307584197,-3.9954672399132827,1.2869918899499717,1.3634403878368127,-1.1230216235403225,-2.018203887831649,-2.0687071373725425,1.524964845129746,1.376198822692755,1.4491081643749677,16.763495107001177,14.071486832339222,-2.689513324677298,0.07644849788684094
1243,12.42,-23.513050310458826,-5.447083244883455,-124.14886475203248,-4.49671802977007,1.2754498377942443,1.343249962022406,-1.0481343758700383,-1.9520019564087583,-2.0558944084774966,1.5384983157190724,1.3691195392557491,1.4330750327954496,16.77722150283296,14.085897609761922,-2.6887925829830177,0.06780012422816184
1244,12.43,-21.206477130074063,-5.553760194283219,-119.40934648495755,-4.995708333226429,1.2646561407625199,1.3237189500622053,-0.9722708626116862,-1.8840725097792437,-2.0431933574480903,1.5518331834567003,1.362276917513767,1.4172143742182979,16.79087828668807,14.10014890794589,-2.688158766274796,0.05906280929968544
1245,12.44,-18.877931512787693,-5.66316323048075,-114.65215707870206,-5.49187577868754,1.2546204880346092,1.3048646928703707,-0.8957747680144487,-1.8147400115062653,-2.0305964521618387,1.5649761290766189,1.355673771225912,1.4015383589567065,16.804467839460962,14.11424251275984,-2.687612725941129,0.05024420483576142
1246,12.450000000000001,-16.538187872141098,-5.774603940973377,-109.88735691402162,-5.984663597518455,1.2453491221297903,1.2867012599779493,-0.8189817214450315,-1.7443198376993252,-2.0180960808217323,1.577933990409599,1.3493126781547635,1.3860588347005414,16.817992568979708,14.128180330126085,-2.6871552359482553,0.04135213784815894
1247,12.46,-14.197746678677792,-5.887393475728286,-105.12466895137074,-6.473523900746734,1.2368449205029919,1.2692395416623674,-0.7422176038173988,-1.6731168303267756,-2.0056845860166144,1.590713730127916,1.343196008390658,1.3707873696424906,16.831454907788423,14.14196438301088,-2.6867869910350564,0.032394621159375525
1248,12.47,-11.866779126125572,-6.000846976595264,-100.37343273048029,-6.957920666806029,1.2291074940719875,1.2524873555122853,-0.6657969430470554,-1.6014239074420997,-1.993354297880903,1.603322404483627,1.3373259517982152,1.3557352945298755,16.844857311208482,14.15559680884056,-2.6865086048150566,0.0233798614402978
1249,12.48,-9.55507507466804,-6.114287653508299,-95.64256155784086,-7.437332431800621,1.2221333017795342,1.2364495668503237,-0.590021405244915,-1.5295207358448732,-1.9810975661888797,1.6157671331818206,1.3317045446305682,1.3409137437247516,16.858202255669994,14.169079857333184,-2.686320607808886,0.014316265070789536
1250,12.49,-7.271994497542167,-6.227050499952336,-90.94050305098095,-7.911254680651823,1.2159157802280858,1.2211282223871243,-0.5151783878055394,-1.4576724719447613,-1.9689067912279483,1.6280550705243466,1.3263336953592477,1.3263336953592455,16.871492237305482,14.182415888736166,-2.6862234454272915,0.005212442159038488
1251,12.5,-5.026422630240468,-6.3384856466419,-86.27520318535434,-8.379201943244388,1.2104454873640367,1.2065226964283398,-0.441539719921821,-1.386128576543207,-1.956774453305276,1.640193377952897,1.3212152097686043,1.312006010674419,16.884729770798135,14.195607372461325,-2.6862174759214135,-0.003922790935696918
1252,12.51,-2.8267289940094855,-6.447961358868515,-81.65407396593474,-8.840709605527216,1.2057102591338849,1.1926298489040663,-0.3693604754413194,-1.315121709360033,-1.9446931407526804,1.6521891981133243,1.316350815364827,1.2979414726331713,16.897917388477527,14.208656886109603,-2.6863029683135817,-0.01308041022981854
1253,12.52,-0.680730437381527,-6.554866688423244,-77.08396482153485,-9.295335450327235,1.201695377986225,1.1794441944362553,-0.2988779023192163,-1.2448667090389434,-1.9326555763056923,1.6640496305554655,1.3117421851496887,1.2841508238978516,16.911057639656203,14.221567114878656,-2.6864801003184287,-0.02225118354996969
1254,12.530000000000001,1.4043416886566398,-6.658613795658441,-72.57113779555911,-9.742660946679285,1.1983837520515088,1.1669580816057092,-0.230310472241077,-1.1755596641892527,-1.920654641744158,1.6757817091746374,1.3073909608089853,1.2706448042632026,16.924153090201056,14.234340851347435,-2.686748956260791,-0.03142567044579958
1255,12.540000000000001,3.4218701343224254,-6.758639961107615,-68.12124658262277,-10.182292309742191,1.1957561037962567,1.155161881527186,-0.16385705329286931,-1.1073770807765018,-1.90868340069363,1.687392381492303,1.303298775364784,1.2574341876339916,16.937206322333864,14.246980995632743,-2.6871095249936534,-0.04059422226907072
1256,12.55,5.3658760739344835,-6.854409308957399,-63.73931943624426,-10.613861355683863,1.1937911669199883,1.144044184789453,-0.09969620783745252,-1.040475150800003,-1.8967351194989284,1.6988884898642573,1.29946727533934,1.2445298186348153,16.95021993465583,14.25949055591365,-2.6875616978164008,-0.04974698213053541
1257,12.56,7.231039116663407,-6.945414266960959,-59.42974594830328,-11.037026177670601,1.1924658902418361,1.133592005768349,-0.03798561702273673,-0.9749891268115412,-1.8848032860937607,1.710276754694957,1.2958981424770117,1.2319426489373047,16.96319654239157,14.271872649320533,-2.6881052663908687,-0.05887388447348707
1258,12.57,9.012713000394147,-7.031176788106075,-55.196267677902625,-11.451471669298368,1.1917556473097084,1.1237909932748613,0.02113836739545519,-0.9110328061567587,-1.8728816268027841,1.7215637597265316,1.292593115067897,1.219683773385674,16.976138777848263,14.284130503186308,-2.6887399206502707,-0.06796465403484708
1259,12.58,10.706936991109583,-7.111249360032712,-51.04197258369531,-11.856909921977486,1.191634450458129,1.1146256464601187,0.07756104397554917,-0.8486981282941364,-1.860964121025298,1.7327559394603855,1.2895540089143778,1.2077644659975681,16.989049291086204,14.296267456658224,-2.689465246693903,-0.07700880399801036
1260,12.59,12.310443035832353,-7.1852158273911115,-46.969293191591746,-12.253080521486922,1.1920751680414814,1.10607953486348,0.1311895560708976,-0.7880548877213772,-1.8490450137624037,1.743859568758365,1.2867827379782248,1.196196215911305,17.001930750797435,14.308286962669367,-2.690280724658818,-0.08599563317800141
1261,12.6,13.82065874213174,-7.252692051409726,-42.98000840825705,-12.639750767514098,1.1930497435774494,1.0981355214617095,0.18195296140728542,-0.7291505643463236,-1.8371188259622364,1.7548807546591987,1.284281334741988,1.184990763344097,17.014785845389362,14.320192590269613,-2.6911857265581514,-0.09491422211573997
1262,12.61,15.23570628093902,-7.313326428874634,-39.075248870467306,-13.016715837461195,1.1945294155507136,1.0907759875553518,0.22980217903079606,-0.6720102722031823,-1.8251803626703988,1.7658254304343752,1.2820519703135165,1.1741601356174889,17.02761728427069,14.331988027316473,-2.6921795140748124,-0.1037534279953618
1263,12.620000000000001,16.55439733191153,-7.366800290556186,-35.255505701266834,-13.38379891317856,1.196484936649524,1.0839830583154046,0.27470981659250177,-0.6166368265889701,-1.8132247189851298,1.7766993518959384,1.2800969742970485,1.1637166832970467,17.04042779933721,14.343677083526707,-2.693261236298518,-0.1125018783341194
1264,12.63,17.77622421174796,-7.412828196314503,-31.52064252604054,-13.740851286038279,1.1988867912372434,1.0777388278082862,0.3166698816171159,-0.5630109287540068,-1.8012472838288793,1.78750809595688,1.2784188544476924,1.1536731164816822,17.05322014665523,14.3552636938901,-2.694429927393827,-0.12114796342895717
1265,12.64,18.901347344988984,-7.45115814120334,-27.869910585773802,-14.087752452419565,1.2017054098972137,1.0720255823211398,0.3556973810222742,-0.5110914664233362,-1.7892437415597093,1.7982570614330657,1.277020316118735,1.144042541265058,17.06599710834047,14.366751922446936,-2.6956845041868114,-0.129679827576074
1266,12.65,19.93057925533128,-7.481571683901289,-24.30196676957022,-14.42441020826682,1.2049113799317481,1.0668260208221352,0.3918278137644273,-0.46081592755733264,-1.7772100714574435,1.8089514720638227,1.2759042815026893,1.1348384963763276,17.078761494630434,14.378145966431001,-2.6970237636583203,-0.13808535910961295
1267,12.66,20.86536527053333,-7.503884005256545,-20.814894376658586,-14.750760747438754,1.2084756507446053,1.0621234714116738,0.4251165620178397,-0.41210092382365704,-1.7651425451303033,1.8195963817168983,1.275073908656593,1.1260749899885472,17.091516146148123,14.389450160779866,-2.698446380332385,-0.14635217933293143
1268,12.67,21.707761148875694,-7.517943902372859,-17.406226406471266,-15.066768765818168,1.2123697330901868,1.0579021026512958,0.4556381867685456,-0.36484281968544713,-1.7530377218983382,1.8301966817321165,1.2745326102911294,1.1177665366633818,17.104263936354812,14.400668983013936,-2.699950903549132,-0.154467630438891
1269,12.68,22.4604078466339,-7.523633720316836,-14.072971167026452,-15.372427569436873,1.2165658912313602,1.0541471286938942,0.48348563413360013,-0.31891846215690245,-1.740892442219718,1.8407571103471922,1.2742840722896058,1.109928194375744,17.117007774189446,14.411807058485431,-2.701535754612676,-0.162418762537466
1270,12.69,23.126503656110508,-7.520869221336968,-10.811639984903444,-15.667759182327643,1.2210373271108064,1.0508450071846331,0.5087693590527536,-0.2741860058003269,-1.728703819235325,1.8512822641385782,1.2743322719076458,1.1025756015338668,17.129750606891648,14.422869165997676,-2.703199223805683,-0.17019231992617323
1271,12.700000000000001,23.709773951373258,-7.509599389469934,-7.618276795544556,-15.952814447471301,1.2257583557072003,1.0479836289530169,0.5316163732623548,-0.23048582711518917,-1.7164692285155787,1.8617766114002285,1.2746814955874912,1.0957250138787777,17.142495423004853,14.433860243794065,-2.704939467263779,-0.17777472675418338
1272,12.71,24.214438784673355,-7.489806166823354,-4.488489389830139,-16.22767311230985,1.23070457081662,1.0455524985724372,0.5521692246626185,-0.1876415221395243,-1.7041862961015404,1.8722445073735845,1.2753363563006608,1.089393341109183,17.155245255555354,14.444785395914845,-2.7067545037044614,-0.18515207224418284
1273,12.72,24.645178579003655,-7.46150411672406,-1.4174820932677221,-16.49244388891207,1.2358530005707626,1.0435429049233382,0.5705849152721756,-0.14546098094380752,-1.691852884939366,1.8826902112332369,1.2763018103103714,1.0835981830355954,17.168003185401915,14.455649898917937,-2.7086422110069837,-0.1923100956474244
1274,12.73,25.007098163904406,-7.424740008861641,1.5999103446336633,-16.74726447855347,1.2411822520755746,1.041948080958054,0.5870337649859203,-0.1037375328107102,-1.6794670798139115,1.8931179047243059,1.2775831732195995,1.0783578650189856,17.1807723447496,14.466459208957954,-2.710600322641369,-0.19923417111752073
1275,12.74,25.30568939956681,-7.379592321463058,4.569187868478938,-16.992301550139636,1.2466726446262764,1.0407633519268278,0.6016982282717382,-0.06225115601750473,-1.6670271708929618,1.9035317123399262,1.2791861351415246,1.0736914723935351,17.19355592081982,14.477218969214816,-2.7126264239466984,-0.20590929269944858
1276,12.75,25.54679263070185,-7.326170656738351,7.496149454071755,-17.227750662889306,1.2523063310263434,1.039986271385476,0.6147716707615527,-0.020769746649816897,-1.6545316359986806,1.9139357229201202,1.281116774796568,1.069618883510583,17.20635715966692,14.48793501766002,-2.7147179482607857,-0.21232005964086742
1277,12.76,25.736557205318398,-7.264615067094216,10.386856867160425,-17.453836124753153,1.258067406607886,1.0396167443616535,0.6264571124368025,0.020949558611889896,-1.641979121727261,1.9243340125467827,1.2833815723033295,1.0661608009696153,17.219179370129385,14.49861339514467,-2.7168721729055427,-0.21845066224623255
1278,12.77,25.88140128515086,-7.195095291997866,13.247598035826517,-17.670810780256335,1.2639420056182304,1.039657137108713,0.6369659437405663,0.06315900990428822,-1.6293684235414225,1.934730668603597,1.2859874203896065,1.063338780522335,17.232025927901343,14.509260353788665,-2.719086215034567,-0.22428486850951734
1279,12.780000000000001,25.987971163494493,-7.117809907850714,16.08485021536265,-17.87895572377019,1.2699183847012647,1.0401123729199016,0.6465166205056235,0.10611882504311854,-1.6166984649634741,1.9451298148641398,1.2889416337037591,1.0611752570465818,17.244900279706908,14.5198823656448,-2.7213570273519725,-0.22980601178136317
1280,12.790000000000001,26.063100293359653,-7.03298539661612,18.905243109684612,-18.078579937460756,1.275986993261472,1.040990013510735,0.6553333430478039,0.15009572585339914,-1.6039682759990306,1.9555356374663737,1.2922519558558385,1.0596935668872105,17.25780594755669,14.530486131605095,-2.723681393714182,-0.23499697975073697
1281,12.8,26.113768213176613,-6.940875142371761,21.715522095858123,-18.27001985645569,1.2821405305526137,1.042300325500615,0.6636447241482964,0.19536143068864123,-1.5911769709233503,1.9659524116269185,1.2959265637616064,1.0589179657506225,17.270746533061548,14.541078590508993,-2.7260559246293177,-0.23984020505199877
1282,12.81,26.14705954042289,-6.841758369072548,24.52251167987482,-18.453638867759253,1.288373989380791,1.0440563315353728,0.6716824499569125,0.2421911023255028,-1.578323725563618,1.9763845289438051,1.299974068801432,1.0588736412189887,17.28372572177432,14.551666928404472,-2.7284770526721633,-0.24431765784541826
1283,12.82,26.17012318375689,-6.735939036886962,27.333079290646463,-18.629826753399456,1.294684686352558,1.0462738455879979,0.679679937066805,0.2908617488023415,-1.5654077542113576,1.9868365251318543,1.304403514239137,1.059586718817614,17.29674728752495,14.562258587902981,-2.7309410278363746,-0.24841084076456021
1284,12.83,26.19013190307722,-6.623744718707236,30.15409949682892,-18.798999092401306,1.3010722786318667,1.0489714919543764,0.6878709881807957,0.3416505730560667,-1.5524282862997232,1.9973131080300681,1.3092243682739788,1.0610842604257882,17.30981509670847,14.572861277557855,-2.733443912849795,-0.25210078667749025
1285,12.84,26.214242324246694,-6.505525482858476,32.99241870742287,-18.961596640469022,1.3075387671944605,1.0521707074233941,0.6964884479014604,0.39483326536163094,-1.5393845429806319,2.0078191857153778,1.3144465120229005,1.063394253669404,17.32293311247883,14.583482981182945,-2.7359815784835764,-0.25536805977106636
1286,12.85,26.24955549031864,-6.38165281180143,35.8548203913963,-19.11808470988174,1.3140884865843043,1.0558957260447703,0.7057628592512386,0.4506822308461599,-1.5262757137367486,2.0183598945516414,1.32008022164919,1.0665455907705914,17.336105398793926,14.594131967013782,-2.7385496988911964,-0.258192760539534
1287,12.86,26.30307800598153,-6.252518590570499,38.747990825835096,-19.268952575885415,1.3207280811833442,1.0601735458445931,0.7159211205875026,0.5094647425147655,-1.5131009331632626,2.028940626996586,1.3261361437709716,1.0705680351621711,17.349336124249106,14.604816796597586,-2.7411437470197377,-0.26055453533875106
1288,12.870000000000001,26.381683804941925,-6.118534201757209,41.678485354693876,-19.41471293874328,1.3274664680031847,1.0650338767465726,0.7271851416197598,0.5714410085723796,-1.4998592580542656,2.0395670589825,1.3326252631982967,1.0754921740020533,17.36262956562721,14.615546333280491,-2.7437589901428208,-0.2624325912566121
1289,12.88,26.492076543228137,-5.980129766129649,44.65269511318172,-19.55590147266837,1.3343147859949782,1.070509068848297,0.7397704963315918,0.6368621414250071,-1.4865496449285842,2.0502451766784087,1.339558861963969,1.0813493545502715,17.37599011108334,14.626329750141032,-2.7463904855725936,-0.2638057171466812
1290,12.89,26.64075259410661,-5.837753569581294,47.67681414540962,-19.69307649422137,1.3412863318524928,1.076634020078705,0.7538850697234952,0.7059680144965915,-1.4731709281299394,2.0609813024324715,1.3469484685334503,1.0881716022048027,17.389422262871825,14.637176537197602,-2.7490330766171756,-0.2646523117737878
1291,12.9,26.833964594043703,-5.691871717331098,50.75680681661603,-19.826818782705676,1.3483964822530627,1.083446062127006,0.7697276945200571,0.7789849922441103,-1.4597217986368818,2.071782119682769,1.354805796006607,1.0959915178378061,17.402930639511222,14.648096507694758,-2.751681388859936,-0.26495042012605685
1292,12.91,27.077685463839174,-5.542968054866826,53.89837539611378,-19.957731583360662,1.3556626024432048,1.0909848233893844,0.78748677334059,0.8561235185918612,-1.4462007837185389,2.0826546966129587,1.3631426680629999,1.1048421519397302,17.41651997727115,14.6590998032491,-2.754329826848089,-0.2646777790538204
1293,12.92,27.37757280591364,-5.391544392263858,57.10692766414187,-20.086440820962235,1.3631039410312362,1.0992920675337827,0.807338881348565,0.9375755494173541,-1.4326062275734557,2.0936065083159217,1.3719709313585289,1.1147568529757355,17.430195130851896,14.670196897609822,-2.756972571290209,-0.2638118734974535
1294,12.93,27.738933558970324,-5.238121063422008,60.38754437635114,-20.213595546004456,1.3707415107999745,1.108411506140669,0.8294473441631843,1.0235118160774677,-1.4189362730903887,2.1046454572138518,1.381302353061174,1.1257690872999893,17.443961073114796,14.681398598762833,-2.759603576875346,-0.26233000465930556
1295,12.94,28.16668877536501,-5.083237844224042,63.74494640414966,-20.339868627742256,1.3785979553010055,1.1183885837483643,0.8539607858700174,1.114078909382406,-1.4051888448720866,2.1157798914671537,1.3911485022240204,1.1379122279714662,17.457822893708205,14.692716049080742,-2.762216570840346,-0.26020937155264123
1296,12.950000000000001,28.6653383765469,-4.927455243752288,67.18346135966641,-20.465957698163034,1.3866974009409487,1.1292702335258913,0.8810116423765838,1.2093961769861943,-1.391361633665668,2.1270186210872946,1.40152061374464,1.151219309889213,17.47178579642118,14.704160723194699,-2.764805052426624,-0.25742716741505745
1297,12.96,29.238925738561417,-4.771356169476126,70.70698951130566,-20.5925863374127,1.395065294223177,1.141104601725821,0.9107146362105696,1.3095524323047352,-1.3774520823464307,2.1383709314505803,1.4124294337593388,1.165722748831663,17.4858550950848,14.715744423239004,-2.7673622933825754,-0.25396069249735587
1298,12.97,29.891001964987506,-4.615547951264287,74.31896880202078,-20.72050547488226,1.4037282237700366,1.153940739050189,0.9431652102049263,1.4146024797371441,-1.3634573736053504,2.1498465938913554,1.4238850454804886,1.1814540222661987,17.50003620783038,14.72747927109659,-2.7698813396828807,-0.24978748471984757
1299,12.98,30.62458972063662,-4.460664689636329,78.02233879928121,-20.850494960541567,1.4127137267256127,1.1678282571093106,0.978437919455869,1.5245634694778465,-1.349374419494574,2.1614558730345546,1.4358966747151376,1.198443310211668,17.514334649505027,14.73937769725411,-2.772355014650458,-0.2448854696163021
1300,12.99,31.442146526122293,-4.3073698706095565,81.81950343368803,-20.983365237999468,1.4220500791335997,1.1828169482850497,1.0165847835034831,1.6394111056861536,-1.335199852989082,2.173209530510119,1.4484724746142403,1.2167190950094187,17.528756022038706,14.75145242586083,-2.7747759236803855,-0.23923313084855002
1301,13.0,32.345527455176004,-4.156359163651824,85.71229242641674,-21.11995902503989,1.4317660699049408,1.1989563675462742,1.0576336039734413,1.7590757441629166,-1.3209300217267355,2.1851188246760223,1.4616192896051536,1.2363077196096326,17.5433060025546,14.76371645557779,-2.7771364607768287,-0.2328097023586666
1302,13.01,33.33594723215303,-4.008363289959038,89.7019213631147,-21.26115287843051,1.4418907580429272,1.2162953751241468,1.1015862569285173,1.8834384301618559,-1.3065609840925105,2.1971955059639394,1.4753423989626042,1.2572329049234783,17.55799032901634,14.776183035804243,-2.7794288171231365,-0.22559538291878045
1303,13.02,34.41394179985417,-3.864150817067058,93.78895044696368,-21.407858489209936,1.4524532128865655,1.234881639459516,1.1484169739385208,2.012326943151166,-1.2920885078155357,2.2094518074532092,1.489645241083088,1.2795152279445008,17.572814783213325,14.788865637879526,-2.7816449919108415,-0.21757157342704958
1304,13.030000000000001,35.579329516865,-3.7245307029379005,97.9732420557173,-21.56102352274818,1.463482237273723,1.2547611005011996,1.1980706313407916,2.1455119330967265,-1.2775080712492837,2.2219004302761856,1.5045291202448512,1.3031715637055892,17.587785170899352,14.801777920882103,-2.7837768056541172,-0.20872113677252346
1305,13.040000000000001,36.831172250490106,-3.590354379815386,102.25391733822099,-21.72163178639748,1.4750060737208204,1.2759773942780828,1.250461073273632,2.2827032515895587,-1.2628148675052742,2.2345545234630797,1.519992898458798,1.3282144957094393,17.60290729892183,14.814933691686022,-2.7858159162112326,-0.1990286794427376
1306,13.05,38.16773675366256,-3.4625171368843466,106.62931221300292,-21.890702478132365,1.4870520939721714,1.2985712406998817,1.3054695006321557,2.423546600134953,-1.2480038116083356,2.2474276578488293,1.536032675933702,1.35465170122986,17.61818694920918,14.828346858989892,-2.7877538377224216,-0.1884808532722897
1307,13.06,39.586456852119944,-3.3419585333397395,111.09693327529257,-22.069288244529545,1.4996464725938186,1.322579797763316,1.3629429649757598,2.567620636277414,-1.233069550836437,2.2605337936901075,1.552641464674597,1.382485319795898,17.633629849524343,14.842031381107041,-2.789581962653042,-0.17706667483050254
1308,13.07,41.083897116749824,-3.2296615526561157,115.65341427461496,-22.258471758605392,1.5128138456771785,1.3480359867464,1.4226930132459072,2.7144346945671316,-1.218006478399311,2.273887241679471,1.569808860778619,1.4117113151883087,17.64924164094275,14.856001207398595,-2.7912915871008046,-0.16477785893077845
1309,13.08,42.65571885175354,-3.12665019694518,120.29447398945209,-22.459360519751996,1.5265769561761888,1.3749677945429573,1.4844945356389567,2.863427292536492,-1.2028087505971825,2.287502617097265,1.5875207220486696,1.4423188433230365,17.66502784207383,14.870270213344838,-2.7928739394851387,-0.15160916163323157
1310,13.09,44.29664938610114,-3.033985221684876,125.01487649248375,-22.673079583715314,1.5409562879245564,1.4033975609908813,1.5480848746134148,3.0139655997634973,-1.1874703075830666,2.301394786911952,1.6057588585656382,1.474289640380301,17.68099381011669,14.884852129383862,-2.7943202126845677,-0.1375587269336751
1311,13.1,46.00045580574847,-2.952757727863653,129.80839496182077,-22.900761952312827,1.5559696909584921,1.4333412608284368,1.6131632573508108,3.1653460494323995,-1.171984897828726,2.3155788097269734,1.6245007447836965,1.5075974473426483,17.697144698921647,14.899760463799378,-2.795621599623887,-0.12262843013005531
1312,13.11,47.75992439877095,-2.8840803642378843,134.66778034200541,-23.143536393902274,1.5716320013919216,1.4648077917072766,1.6793906164841885,3.316796264652688,-1.1563461063650287,2.330069868577545,1.6437192624751882,1.5422074886055817,17.713485414318953,14.91500842010907,-2.7967693322370124,-0.10682420968464501
1313,13.120000000000001,49.56684719417741,-2.829075949473192,139.58473628263818,-23.40251252895882,1.5879546597370697,1.497798281413997,1.746389863986679,3.467478454518297,-1.1405473868317137,2.344883196703733,1.6633824843784832,1.5780760233775348,17.730020567072064,14.930608809587081,-2.7977547236441396,-0.09015637832307277
1314,13.13,51.4120170486644,-2.788863403780706,144.5499018731766,-23.678763101743716,1.6049453322092295,1.5323054290025477,1.8137466803396736,3.616494406395889,-1.1245820973294591,2.3600339965653534,1.6834535086224476,1.615149989053914,17.74675442391297,14.9465739597444,-2.7985692132847735,-0.07263990320668179
1315,13.14,53.28523276100792,-2.7645409818341404,149.55284373668752,-23.97330346838427,1.6226075401719784,1.5683128958057255,1.8810108750147956,3.762892160625288,-1.1084435400185988,2.3755373525176973,1.7038903538438472,1.6533667554946154,17.76369085721707,14.962915619782013,-2.79920441464329,-0.054294644366252864
1316,13.15,55.17531566451544,-2.757166922481913,154.58205903616692,-24.287068462756864,1.640940303434703,1.6057947631566596,1.9476983647064536,3.9056744016348675,-1.092125004354554,2.3914081377309464,1.7246459243249943,1.69265400805088,17.78083329397195,14.979644864216425,-2.799652165094086,-0.0351455402780434
1317,13.16,57.070139053158584,-2.767737771401224,159.62499087336306,-24.62088694949675,1.6599378035732708,1.6447150739926608,2.0132938025388234,4.043808536643739,-1.0756198137905713,2.4076609161062654,1.7456680534159865,1.7329297751933572,17.79818466478263,14.996771996046283,-2.7999045772827493,-0.015222729580609995
1318,13.17,58.956671633655056,-2.797164784579609,164.6680574183254,-24.975454532171376,1.6795890737705947,1.6850274752268584,2.0772538749084246,4.176238361809837,-1.0589213757150382,2.424309840111813,1.7668996319564874,1.774102613664254,17.815747353731254,15.014306450973654,-2.7999540913527348,0.00543840145626362
1319,13.18,60.821035960959,-2.8462489754467635,169.69669589472133,-25.3513050459367,1.6998777218335461,1.7266749767734828,2.1390112631301905,4.30189713893245,-1.0420232343248523,2.4413685456257137,1.7882788263925045,1.816071960244413,17.83352314996644,15.032256704304096,-2.7997935272290206,0.026797254939936677
1320,13.19,62.64858251178886,-2.915655516006632,174.69542226407918,-25.748781616915238,1.7207816930069368,1.76958984134603,2.197979245459914,4.419721828125537,-1.0249191260699504,2.4588500450231474,1.8097393888437259,1.8587286545870485,17.851513201932864,15.05063018221816,-2.7994161360864886,0.048808148339093194
1321,13.200000000000001,64.42397968621378,-3.005888331108686,179.64790710709352,-26.168008203429338,1.74227307895341,1.8136936166047377,2.2535568923632976,4.52866814822331,-1.0076030372390938,2.4767666198731115,1.831211058603806,1.9019556322929727,17.869717975160253,15.069433179125426,-2.7988156500673806,0.07142053765132772
1322,13.21,66.13131961465955,-3.1172658239489115,184.53706780488838,-26.60886263568575,1.7643179787892211,1.8588973179513588,2.3051347853573683,4.627726072418845,-0.990069263195761,2.4951297147097935,1.8526200515695739,1.9456287817205102,17.88813721451131,15.088670782775864,-2.797986329274032,0.09457933916213768
1323,13.22,67.75423920014126,-3.2498987278030578,189.3451766901295,-27.0709522280595,1.7868764173621594,1.905101766349654,2.3521011686810915,4.715935317510837,-0.9723124687175406,2.513949833406916,1.8738896310391127,1.989617952214767,17.90676991173744,15.108346808709003,-2.7969230050551293,0.11822534898749448
1324,13.23,69.2760553660718,-3.40367108552464,194.05398438929907,-27.553593043205744,1.8099023250440809,1.9521980811403055,2.393848424900519,4.792400355956528,-0.9543277488451636,2.5332364397050475,1.8949407503602222,2.0337880958299293,17.925614279110825,15.128463745470013,-2.7956211186293753,0.14229575609622458
1325,13.24,70.67991302730874,-3.5782253082583315,198.64485713134778,-28.05579383347567,1.833343582216739,2.0000683231197804,2.4297797514682546,4.856304474398048,-0.9361106896100507,2.5529978634181356,1.9156927552160725,2.0780005195255855,17.944667729792396,15.149022711816544,-2.7940767541513996,0.16672474090304146
1326,13.25,71.94894387899889,-3.7729521554312972,203.09892637655008,-28.57624556978071,1.8571421303963747,2.0485862783996787,2.459315906300404,4.906922422933855,-0.9176574279835676,2.5732412137743887,1.9360641310649125,2.122114220553789,17.963926865461264,15.17002342688764,-2.7922866654216296,0.191444148003304
1327,13.26,73.06643372639195,-3.986986312896601,207.39724874438184,-29.113317294707304,1.8812341506217714,2.097618369018273,2.4819018872449967,4.943631246121192,-0.8989647103783872,2.5939723012290523,1.955973279543963,2.165987274584035,17.98338747157746,15.191464194016685,-2.7902482955721464,0.21638421839650168
1328,13.27,74.01599577453852,-4.219208032109756,211.52097390578257,-29.66505881248644,1.9055503083799676,2.1470246721999957,2.497013413042722,4.9659189576323985,-0.8800299490328463,2.615195568925965,1.9753393066049696,2.209478244229306,18.003044520481932,15.213341898554887,-2.787959789220775,0.24147436382002807
1329,13.280000000000001,74.78174707603546,-4.468251042253657,215.45151786950245,-30.229210465462167,1.93001606302284,2.19666002679338,2.5041630818748177,4.973390811833352,-0.8608512756230453,2.636914034786863,1.9940828048301227,2.252447575149649,18.022892182363368,15.235652019745114,-2.7854199967696776,0.26664396377054
1330,13.290000000000001,75.34848520516235,-4.7325166756827075,219.17073894185896,-30.803219961718725,1.9545520383939377,2.2463752029669264,2.5029060970710857,4.965773031107902,-0.8414275914741017,2.6591292449804067,2.012126612791724,2.294758947832981,18.04292384394735,15.258388656361017,-2.7826284707250775,0.29182316457298874
1331,13.3,75.70186219031744,-5.0101938720851225,222.66111357683087,-31.384265929079444,1.9790744502880744,2.2960181098470254,2.4928454669670304,4.942913960634399,-0.8217586137802122,2.6818412392767885,2.029396535425146,2.336280555398476,18.063132134596852,15.281544565517505,-2.7795854541225857,0.316943659558951
1332,13.31,75.82855279373257,-5.299284467680465,225.90590935946443,-31.969287596540642,2.0034955854449947,2.3454350155140062,2.4736366059674775,4.90478273461538,-0.8018449172917073,2.7050485285390944,2.045822011101486,2.376886281173552,18.083508959361094,15.305111213778316,-2.776291861348785,0.3419394300690115
1333,13.32,75.71641436704107,-5.597632949177811,228.88935246965423,-32.55501976241651,2.0277243260595452,2.3944717546255947,2.444991285054024,4.851465642122212,-0.7816879709837189,2.728748084351158,2.061336713289257,2.4164567541136224,18.104045538377076,15.329078839444861,-2.7727492518447097,0.36674742856604947
1334,13.33,75.35463572584229,-5.902959674238772,231.59678714846396,-33.138032015598434,2.0516667132842827,2.442974900827901,2.4066809008778796,4.78316046959775,-0.7612901692839251,2.7529353405436896,2.0758790772439393,2.454880265089663,18.124732451919773,15.353436524715576,-2.7689597973519717,0.3913081875436184
1335,13.34,74.73387275872403,-6.212896439887494,234.0148249188047,-33.71477104184604,2.0752265429033785,2.490792883889193,2.3585390519006584,4.7001691657024205,-0.740654857503533,2.7776042061659423,2.089392744900612,2.4920535323490878,18.145559690314727,15.37817227626154,-2.7649262435101107,0.41556634098581435
1336,13.35,73.84636880312421,-6.525023225300419,236.13148158404198,-34.28160477887674,2.0983059862524853,2.53777703494729,2.3004634267384088,4.602889218531098,-0.719786351184429,2.8027470892668367,2.1018269239189897,2.5278823097701983,18.166516707872567,15.403273112673777,-2.7606518667283204,0.4394710486948048
1337,13.36,72.68605816495865,-6.836904944655098,237.9363003257821,-34.834867181431925,2.1208062295211736,2.583782547153595,2.232417023289903,4.491804154398457,-0.6986899491443673,2.8283549307028273,2.113136659499296,2.562281836602769,18.187592479977965,15.428725157199693,-2.756140427332392,0.46297631763242153
1338,13.370000000000001,71.24865151679467,-7.146127116364243,239.42045953214458,-35.37090241780157,2.1426281247695194,2.628669343073127,2.154428726998194,4.367473561514936,-0.6773719400697623,2.854417247083036,2.1232830200362374,2.5951771319961665,18.20877556246406,15.454513734196272,-2.7513961200267882,0.4860412183036078
1339,13.38,69.53170226813458,-7.450329477352957,240.576864298708,-35.88610743287981,2.163672846281512,2.6723028442096326,2.066593282827701,4.230523013933456,-0.655839602570908,2.880922181895851,2.132233199816802,2.6265031415910096,18.230054152425154,15.480623467781346,-2.7464235227128277,0.5086299979281206
1340,13.39,67.53465334967163,-7.747236733977703,241.40022084542153,-36.376971968671356,2.1838425462297653,2.714554641747563,1.9690706985174755,4.081634224830116,-0.6341011986763733,2.9078565638336165,2.1399605437378475,2.656204746684046,18.251416149661818,15.507038381253812,-2.741227544669597,0.5307120955177975
1341,13.4,65.2588641829817,-8.03468583053304,241.88709337665728,-36.84011531706024,2.2030410040056565,2.755303070854502,1.8620851170038826,3.9215356986587504,-0.6121659608018611,2.935205971339131,2.146444500391307,2.684236648916208,18.272849218009107,15.533741995971443,-2.7358133750385942,0.5522620668488454
1342,13.41,62.7076179133875,-8.310649318335361,242.03594317451723,-37.272319277840836,2.221174263950585,2.7944336935382923,1.7459231943260987,3.7509940842655043,-0.5900440722831995,2.9629548024346017,2.151670510839999,2.7105631450920566,18.294340845867783,15.560717428513613,-2.7301864324617853,0.5732594295877074
1343,13.42,59.88610926108766,-8.573254608671377,241.8471499526495,-37.670556992989006,2.23815125658815,2.831839697023579,1.620932016587373,3.5708063612142165,-0.5677466416140583,2.99108634895348,2.1556298410024493,2.7351578076539855,18.31587840533453,15.58794748510734,-2.7243523166120482,0.5936884404354288
1344,13.43,56.801413594327954,-8.82079908028146,241.32301571029677,-38.03201751468837,2.2538843987926684,2.8674222158811515,1.487516586416291,3.3817929240288422,-0.5452856705762849,3.019582874371714,2.158319365822533,2.7580030865958944,18.337449209408145,15.615414752452173,-2.718316762231588,0.6135378170884831
1345,13.44,53.46243804588515,-9.051761175896145,240.46775151236858,-38.35412612904861,2.268290168632901,2.9010905867347163,1.3461369064845445,3.1847915681057124,-0.5226740164948439,3.048425694520341,2.159741313364378,2.779089848302028,18.359040566830284,15.643101684236143,-2.7120855961644015,0.6328004181018154
1346,13.450000000000001,49.879855683424836,-9.264807757044657,239.28744778475044,-38.63456059410677,2.2812896509039087,2.9327625443514957,1.1973046855120744,2.980652329390901,-0.49992534889067464,3.0775952605495767,2.1599029767031195,2.798416866057003,18.380639834199837,15.670990682786664,-2.7056646977393353,0.6514728934475871
1347,13.46,46.06602390315766,-9.45879808639849,237.7900288533891,-38.87126355406087,2.2928090496125177,2.9623643673902276,1.0415796911290927,2.7702330898817147,-0.4770541008432695,3.107071243600044,2.158816401029224,2.815990275896644,18.402234465076234,15.699064175442276,-2.699059962736273,0.6695553177777098
1348,13.47,42.03488834985034,-9.632784872768996,235.9851925767216,-39.06245146220919,2.302780163923914,2.989830981151127,0.8795657741663706,2.5543958330462315,-0.45407541541097346,3.1368326207150257,2.1564980528049764,2.831823010170988,18.423812055858658,15.727304685361746,-2.6922772710535874,0.6870508172272132
1349,13.48,37.801873773190174,-9.786012845285619,233.88433602287327,-39.206620382504234,2.311140824321084,3.0151060234692686,0.7119065903857631,2.3340034176503535,-0.4310050874907433,-3.116327545584618,2.1529684771507434,2.8459342197588104,18.44536038829313,15.755694896603616,-2.685322458093875,0.7039651991481848
1350,13.49,33.38376331336974,-9.917915325084659,231.50046822877079,-39.30254904882298,2.317835285987907,3.038141878541698,0.5392810481506198,2.109916733799103,-0.40785950153018724,-3.086060791329207,2.1482519489390866,2.8583486943935075,18.466867468517698,15.784217713411104,-2.67820128979902,0.7203065925537913
1351,13.5,28.798567769254156,-10.02810923783537,228.84811114981753,-39.349299544795784,2.3228145767109627,3.0588996820892906,0.3623985139379904,1.8829921104442828,-0.3846555655332694,-3.0555750067294842,2.1423761223674416,2.869096289093351,18.488321562607293,15.812856313724781,-2.670919441196215,0.7360851053783279
1352,13.51,24.065386441323746,-10.116388966364509,225.94318996686852,-39.346215933035126,2.3260367969138174,3.0773492999298995,0.18199381145653915,1.65407885646309,-0.3614106418264641,-3.0248931200901343,2.135371683093407,2.878211363290303,18.509711228623978,15.841594197018084,-2.6634824782636706,0.7513125030160821
1353,13.52,19.204261160040083,-10.182719383513295,222.8029139630324,-39.29292111479836,2.3274673697951243,3.093469280854296,-0.0011779457806641532,1.424016836320661,-0.3381424750742575,-2.994038317962064,2.1272720063663213,2.885732237950171,18.531025345215962,15.870415226610165,-2.655895842887807,0.7660019110591718
1354,13.530000000000001,14.236025109412374,-10.227228337976868,219.44564921702008,-39.189312146201985,2.327079239940463,3.107246783711892,-0.18634664467272485,1.1936340038578546,-0.3148691180511463,-2.963033958712645,2.1181128239886764,2.891700674798376,18.55225313683991,15.899303666657508,-2.648164840661499,0.7801675437714288
1355,13.540000000000001,9.18214803731803,-10.250198796119037,215.89078438372525,-39.03555418080771,2.324853019215442,3.1186774778654387,-0.3727325383653813,0.9637438418213676,-0.2916088556914545,-2.931903486954934,2.10793190239849,2.8961613807228965,18.57338419570681,15.928244214061552,-2.6402946312634796,0.7938244586499965
1356,13.55,4.064579408018165,-10.252060774171223,212.15859084513943,-38.83207315406541,2.320777079219177,3.1277654156780788,-0.5595516378722135,0.7351426790009459,-0.2683801279477443,-2.9006703491081383,2.096768733679921,2.8991615395180297,18.594408500571987,15.957222025555547,-2.6322902211603942,0.8069883364589017
1357,13.56,-1.094408997967868,-10.233383132649632,208.27007851828057,-38.579547277315974,2.3148475900750656,3.134522875453091,-0.7460210779224681,0.5086068796086068,-0.2452014519934956,-2.869357910376442,2.0846642408856577,2.900750372360186,18.61531643250575,15.986222740251653,-2.624156458382947,0.8196752853780254
1358,13.57,-6.272379597004949,-10.194865251051066,204.24684859932776,-38.278897370328906,2.307068505850403,3.1389701732409376,-0.931364404892406,0.2848899196567745,-0.2220913443052027,-2.837989373448985,2.0716604986873097,2.9009787277601773,18.63609878779321,16.015232497939785,-2.615898029143782,0.8319016673905346
1359,13.58,-11.446883265640384,-10.13732855769125,200.11094450731878,-37.93127603314131,2.297451497416199,3.1411354421316693,-1.1148167352089389,0.06471938200804135,-0.19906824315363356,-2.8065876992388827,2.057800470055714,2.899898701206092,18.65674678812033,16.04423795343449,-2.6075194560852495,0.8436839447154703
1360,13.59,-16.59561008016137,-10.061707858143887,195.88470226425372,-37.53805564115211,2.286015834072411,3.1410543780299562,-1.2956297343579521,-0.15120608514974013,-0.17615043202323905,-2.7751755299911136,2.043127759405569,2.8975632842815306,18.677252088208782,16.073226287265914,-2.599025097967875,0.8550385439575452
1361,13.6,-21.696535354797454,-9.969042386646354,191.59060151470354,-37.100815142199885,2.2727882157595163,3.138769951424802,-1.4730763694299187,-0.36221979250272773,-0.15335596446305716,-2.743775115096732,2.0276863824146143,2.8940260427075493,18.69760678106555,16.102185213007168,-2.590419150633675,0.8659817356652857
1362,13.61,-26.72805990592968,-9.860466497202136,187.2511183442795,-36.621325639527555,2.25780255814439,3.134332085275184,-1.6464553919685494,-0.5676899573047368,-0.1307025908517872,-2.7124082399527407,2.0115205525395154,2.8893408224952806,18.71780340101425,16.131102981523448,-2.581705649100954,0.8765295271307938
1363,13.620000000000001,-31.669143578831836,-9.737199914698813,182.88858100570317,-36.10153475958538,2.2410997332965485,3.127797299795828,-1.8150955125523376,-0.7670225138496096,-0.10820768753476957,-2.6810961582026143,1.9946744840954347,2.883561483202377,18.73783492467463,16.159968382419052,-2.572888470667845,0.8866975664992793
1364,13.63,-36.49943118674999,-9.60053747849685,178.52502960255384,-35.543549825601666,2.2227272690517887,3.1192283256047664,-1.9783592338542948,-0.9596637274459648,-0.08588818876153044,-2.6498595276813366,1.9771922116371095,2.876741657143984,18.757694770054588,16.18877074294784,-2.5639713389198064,0.8965010565529776
1365,13.64,-41.199370126938796,-9.451838332049324,174.1820807155207,-34.94961988696667,2.2027390104876003,3.108693687354591,-2.135646314779497,-1.1451025572574733,-0.06376052181983101,-2.6187183503709304,1.9591174252753263,2.8689345333149214,18.777376793916073,16.217499924640318,-2.5549578285510997,0.9059546768669908
1366,13.65,-45.75031905286695,-9.292514537568564,169.88079788493715,-34.32211668595706,2.181194747203455,3.0962672605788377,-2.2863968443374114,-1.3228727196739036,-0.0418405457267504,-2.5876919166484673,1.9404933214763875,2.8601926647174434,18.79687528757193,16.246146317888144,-2.545851370921717,0.9150725133753825
1367,13.66,-50.13464709546975,-9.124019125243542,165.64156878649624,-33.663514677754335,2.1581598103069277,3.082027805025409,-2.4300939101359065,-1.4925544122542345,-0.020143493799143666,-2.5567987540784256,1.921362468824104,2.85056779775837,18.816184971266022,16.27470083471333,-2.5366552602792822,0.9238679947184814
1368,13.67,-54.33582323646182,-8.947833618527623,161.4839898563717,-32.97637025355372,2.133704643152388,3.066058478198537,-2.566265852486064,-1.6537756675419324,0.0013160796137505072,-2.5260565809664977,1.9017666881691144,2.8401107223694653,18.835300987283443,16.30315489993622,-2.527372660580248,0.9323538350461491
1369,13.68,-58.33849554367745,-8.765455109067432,157.42675903684255,-32.263300348353475,2.107904349963883,3.0484463331795135,-2.6944881009918307,-1.8062133158605556,0.022524347993829227,-2.4954822648530564,1.8817469465480532,2.8288711415132344,18.85421889193154,16.331500440942644,-2.518006612846886,0.9405419832156303
1370,13.69,-62.128560079291596,-8.578382986000378,153.4875772267015,-31.526960643921417,2.0808382265002106,3.029281805038116,-2.814384596001514,-1.9495935462365612,0.043468256913367025,-2.4650917860825605,1.8613432642226881,2.816897558757355,18.872934646526357,16.35972987623759,-2.508560042995928,0.9484435785379053
1371,13.700000000000001,-65.6932193881308,-8.388105451954807,149.68305893078707,-30.770023600946665,2.0525892768919705,3.0086581902785334,-2.9256288023292707,-2.08369206413682,0.06413556353115907,-2.434900206541496,1.8405946341659114,2.8042371826319306,18.891444607512156,16.38783610295955,-2.4990357700726555,0.956068913386563
1372,13.71,-69.02103056152889,-8.196085982435154,146.02865251378307,-29.995156572981745,2.0232437207024163,2.9866711237904915,-3.027944327104838,-2.2083338537861117,0.08451487120750582,-2.4049216436129304,1.8195389533059207,2.790935846522922,18.909745515835326,16.415812483517225,-2.4894365148204365,0.9634274030880752
1373,13.72,-72.10194295586503,-8.00374990417765,142.5385703718876,-29.205000266498978,1.9928904941418888,2.963418057702747,-3.1211051574957778,-2.3233925609176023,0.1045956591600891,-2.3751692493512633,1.798212964830783,2.7770379428977896,18.92783448568647,16.443652831497722,-2.4797649085113527,0.9705275635608581
1374,13.73,-74.92732571886157,-7.812471281694022,139.2257292478558,-28.402147816663003,1.9616207492056097,2.9389977463727566,-3.2049355372174317,-2.428789518776507,0.12436830712105187,-2.34565519483784,1.7766522108527938,2.7625863707078375,18.94570899271802,16.471351396983888,-2.4700235019588916,0.9773769971671469
1375,13.74,-77.48998534590514,-7.623560308803512,136.10170082598466,-27.589124746732438,1.9295273543131617,2.9135097415043476,-3.2793095033477484,-2.524492446014908,0.14382411499256448,-2.3163906596367037,1.7548909947340747,2.7476224948608095,18.963366861837326,16.49890285140688,-2.460214774629268,0.9839823871911859
1376,13.75,-79.78417354901302,-7.4382514034493585,133.17667265871873,-26.768370070598337,1.8967043998113733,2.887053901077363,-3.3441501068835167,-2.610513849572449,0.16295531753271605,-2.287385826231511,1.7329623523816597,2.7321861167089394,18.980806254668455,16.52630227204944,-2.450341143764227,0.9903495012659895
1377,13.76,-81.80558577539405,-7.257692199883037,130.4594193937615,-25.942218783480904,1.8632467114669604,2.8597299154136846,-3.399428341846153,-2.686909168947711,0.18175509413607144,-2.2586498792894476,1.7108980318313731,2.716315454549783,18.998025656768913,16.55354512630487,-2.440404973425519,0.9964832039467242
1378,13.77,-83.55135075944027,-7.082933621875043,127.95728419216898,-25.11288596499796,1.8292493748267447,2.831636853305347,-3.4451618085279323,-2.753774700126731,0.20021757380323918,-2.230191009566725,1.6887284804540563,2.700047133189403,19.015023864680913,16.580627255787174,-2.430408583369964,1.0023874784786022
1379,13.780000000000001,-85.02001153323376,-6.914921205508806,125.67617015294566,-24.282452693454346,1.7948072730673539,2.8028727307081467,-3.4814131368187904,-2.8112453383640923,0.21833783542131185,-2.2020164222430063,1.6664828391356064,2.6834161816698394,19.03179997289004,16.607544860378297,-2.420354257664318,1.0080654576407928
1380,13.790000000000001,-86.21149835475157,-6.754487819826971,123.6205414905202,-23.452853939986156,1.7600146406973574,2.7735341040687462,-3.5082881954239515,-2.8594921786600973,0.2361119035019172,-2.1741323494492066,1.6441889428023788,2.666456038314329,19.04835336075805,16.634294482289985,-2.4102442529511237,1.0135194633713889
1381,13.8,-87.12709404267831,-6.602347909764195,121.79343414615424,-22.625868577940302,1.7249646352172958,2.743715689918475,-3.525934112360437,-2.8987200116985656,0.25353673954604544,-2.1465440667344327,1.621873326686346,2.6491985622946106,19.064683679490013,16.6608729902093,-2.400080806280478,1.0187510547011793
1382,13.81,-87.76939222973235,-6.459093358389834,120.19647545593511,-21.80311160670847,1.6897489285904257,2.7135100119417013,-3.5345371313488907,-2.9291647509564083,0.27061022922448713,-2.119255913203731,1.5995612377489812,2.631674050974878,19.080790839190453,16.68727756358931,-2.389866142428218,1.0237610833512756
1383,13.82,-88.14224906575534,-6.325191036029443,118.82991244407863,-20.986028651796445,1.6544573201318706,2.6830070763208926,-3.534320327778473,-2.951090824171795,0.2873311655801302,-2.092271315047964,1.577276650708972,2.6139112623355376,19.096674996057157,16.71350567713917,-2.379602480628094,1.028549756189022
1384,13.83,-88.2507289160159,-6.200982072336925,117.69264826288739,-20.17589276429694,1.6191773721886664,2.652294075780744,-3.5255412067817953,-2.964788559150752,0.30369922847321645,-2.0655928121811025,1.555042288146233,2.595937441827422,19.11233653975609,16.739555085561147,-2.3692920406543188,1.0331167035920774
1385,13.84,-88.10104461030843,-6.086682855933057,116.78228625927085,-19.37380350526604,1.5839940697593642,2.6214551224072435,-3.5084892047428737,-2.970571590594695,0.3197149605032187,-2.0392220876975715,1.5328796441831256,2.577778353053579,19.127776081015636,16.76542380857575,-2.35893704820079,1.0374610526478794
1386,13.85,-87.70049280525913,-5.982387733866479,116.09518111183428,-18.580688262866804,1.5489895049903584,2.5905710090063256,-3.483483114264043,-2.9687743108091142,0.3353797396515141,-2.0131599998630003,1.5108090112724355,2.5594583117199243,19.14299443947354,16.791110116270517,-2.3485397395145142,1.0415815040159673
1387,13.86,-87.05738502490085,-5.888073352468726,115.62649645337093,-17.7973057151135,1.514242587287671,2.5597189984966295,-3.4508684513149532,-2.959749383491769,0.3506957488973221,-1.9874066163554438,1.4888495096510286,2.541000222339594,19.157992631805463,16.816612514802483,-2.338102365252766,1.0454764112089585
1388,13.870000000000001,-86.18097494509303,-5.803604551556152,115.37026836928109,-17.024251317985282,1.4798287795976235,2.528972640600978,-3.411014782013233,-2.9438653360335643,0.36566594306589834,-1.9619612504801835,1.4670191190472177,2.522425617216862,19.17277186015963,16.841929732479457,-2.327627193546082,1.0491438610033545
1389,13.88,-85.08138248406041,-5.728741696654649,115.31947414481249,-16.261964668820614,1.4458198612373934,2.498401614913044,-3.3643130252335633,-2.9215042421351685,0.3802940131725833,-1.9368224990895555,1.4453347122589335,2.503754697276395,19.187333500918236,16.86706070624068,-2.317116512262139,1.0525817536756505
1390,13.89,-83.76951525616398,-5.663149309136317,115.46610562113973,-15.510738568331188,1.4122837174964824,2.468071599268147,-3.3111727460682117,-2.893059503057939,0.3945843485293807,-1.91198828194904,1.4238120902481344,2.4850063743410367,19.201679093802476,16.892004568553425,-2.3065726304784206,1.0557878817716644
1391,13.9,-82.25698793793437,-5.606405833190253,115.80124651323943,-14.770729582562828,1.3792841560823126,2.438044162239548,-3.252019454072541,-2.8589337327911535,0.4085419968821277,-1.8874558823022667,1.402466018425478,2.4661983144983517,19.21581033133476,16.91676063473799,-2.2959978791843945,1.0587600061572355
1392,13.91,-80.55604008550092,-5.558014360028118,116.31515304007097,-14.041969887207031,1.3468807503459337,2.4083766785089433,-3.187291919195072,-2.8195367493375207,0.4221726228464383,-1.86322198839946,1.3813102638256756,2.4473469822291256,19.22972904866846,16.941328390730526,-2.2853946112458985,1.0614959281630096
1393,13.92,-78.67945293031788,-5.517414116346786,116.99733722016366,-13.324380163472654,1.3151287090973514,2.379122265823325,-3.1174395173854617,-2.7752836720044107,0.43548246490926984,-1.8392827357667378,1.3603576329010574,2.4284676850044993,19.243437213792685,16.96570748128963,-2.2747652006760077,1.0639935567259735
1394,13.93,-76.64046566606015,-5.483992513490232,117.83665219262295,-12.61778330481158,1.2840787727024987,2.3503297422418457,-3.0429196170115933,-2.726593122243823,0.44847829126050276,-1.815633750006424,1.3396200096855269,2.4095746180881283,19.25693691811708,16.989897698650246,-2.2641120412669267,1.066250969539347
1395,13.94,-74.4526917236128,-5.457097548589829,118.82137893476234,-11.921918689710743,1.2537771350451243,2.322043602396113,-2.9641950164790694,-2.673885524042327,0.4611673547152499,-1.7922701899314972,1.3191083941058812,2.3906809093092356,19.270230367439165,17.013898971625505,-2.253437544646747,1.0682664673509885
1396,13.950000000000001,-72.13003551378394,-5.436050346227006,119.9393137622397,-11.236456774435808,1.2242653908355594,2.2943040115272164,-2.8817314427330496,-2.6175814981661643,0.47355734698300656,-1.7691867908498018,1.298832940239798,2.3717986635982222,19.283319873294662,17.037711355155402,-2.2427441378328083,1.070038620691657
1397,13.96,-69.68661009785319,-5.420157632695477,121.1778560164197,-10.561013764814357,1.195580507654208,2.26714681612402,-2.795995119732024,-2.5581003439494117,0.4856563525340001,-1.746377907825775,1.2788029943423302,2.352939007102883,19.296207844689427,17.061335020298767,-2.232034260359775,1.0715663084698117
1398,13.97,-67.13665622599237,-5.408723940031979,122.52409536477182,-9.89516613309274,1.1677548220292777,2.2406035700585014,-2.7074504153946983,-2.495858601341318,0.4974728023066454,-1.7238375587587427,1.2590271324825224,2.3341121307252006,19.308896780209746,17.08477024466367,-2.221310361065388,1.0728487480292237
1399,13.98,-64.49446316078328,-5.401063347681845,123.96489816544471,-9.238464758591299,1.1408160587660707,2.2147015751987866,-2.616557575003608,-2.4312686858925585,0.5090154274924708,-1.701559467127663,1.239513197651564,2.315327332941518,19.321389260506564,17.108017403269727,-2.210574894620134,1.073885516432716
1400,13.99,-61.77429168060023,-5.39651058241295,125.48699237337787,-8.5904484856876,1.1147873726677309,2.18946393556848,-2.5237705485692534,-2.364737589279933,0.5202932136267642,-1.679537104261773,1.22026833622144,2.2965930617878243,19.333687941147538,17.131076959834513,-2.1998303178885372,1.074676562900749
1401,14.0,-58.99029963218345,-5.39443131385593,127.07705049559004,-7.950656911519953,1.0896874117148985,2.164909624212583,-2.4295349191804667,-2.296665638454085,0.5313153552041562,-1.6577637310056061,1.201299033650015,2.277916955911113,19.345795545830068,17.153949458475207,-2.1890790862097624,1.0752222124976847
1402,14.01,-56.15647037656662,-5.394231501307822,128.72177013412818,-7.318642236148426,1.0655304007037916,2.1410535620190783,-2.3342859389062594,-2.2274453069360614,0.5420912110287112,-1.6362324386548124,1.1826111493435874,2.259305884603843,19.357714859947198,17.17663551581577,-2.1783236496835237,1.0755231613152867
1403,14.02,-53.286544445540706,-5.395365668912455,130.40795168849658,-6.6939800314336395,1.0423262442787677,2.117906707831219,-2.2384466783654284,-2.157460072771978,0.5526302604977956,-1.6149361890462905,1.1642099506023578,2.240765986754345,19.369448724497605,17.199135813489086,-2.1675664495440863,1.0755804635524513
1404,14.030000000000001,-50.39395469793948,-5.397344009090976,132.12257282414527,-6.07627880963915,1.0200806482362368,2.0954761592627436,-2.1424262956090905,-2.087083318701163,0.5629420610079905,-1.5938678536924662,1.146100145587219,2.222302708660028,19.38100003033023,17.221451091022914,-2.1568099147004567,1.0753955110265068
1405,14.040000000000001,-47.4917652368119,-5.399738237281637,133.85285934901134,-5.465188297854292,0.9987952579221128,2.0737652636954658,-2.0466184294673173,-2.016677271066844,0.5730362066598708,-1.5730202518551628,1.1282859152579214,2.203920840662363,19.392371712713434,17.243582139098205,-2.1460564585150337,1.0749700057733529
1406,14.05,-44.592614318959455,-5.402186146606547,135.58635217710423,-4.860406351701757,0.9784678124948804,2.0527737389961134,-1.9513997220237955,-1.9465919755914578,0.5829222884264269,-1.552386187459377,1.1107709442438078,2.18562455257493,19.40356674621826,17.26552979316766,-2.135308475885804,1.074305926501233
1407,14.06,-41.70866145875871,-5.404394834597226,137.3109700951824,-4.261684467023772,0.9590923137810541,2.0324978035305423,-1.8571284743187237,-1.8771643091171444,0.5926098559373606,-1.5319584847518548,1.0935584506175784,2.1674174278850593,19.414588139904914,17.2872949274225,-2.1245683406892155,1.0734054897494882
1408,14.07,-38.85153889773796,-5.406142599367847,139.01506808648844,-3.6688318751039235,0.9406592084095722,2.012930315083777,-1.7641434388303934,-1.808717028045519,0.6021083810186127,-1.5117300226133608,1.0766512145516638,2.149302496719602,19.4254389328014,17.308878449095054,-2.1138384036319735,1.072271106674205
1409,14.08,-36.032307580746426,-5.407279525603892,140.68749100351056,-3.081718231469463,0.9231555818768624,1.9940609183072968,-1.67276275165972,-1.7415578553599467,0.6114272231131103,-1.4916937674374544,1.060051605844322,2.1312822675730705,19.436122189663124,17.33028129308484,-2.103120990550565,1.0709053364304344
1410,14.09,-33.26141774926956,-5.4077268030069625,142.31762241920418,-2.50027493200286,0.9065653631653614,1.9758762003147958,-1.583283006708662,-1.675978609378805,0.6205755966951252,-1.4718428044924436,1.0437616103096552,2.1133587578036255,19.446640997002035,17.351504416895736,-2.092418401187569,1.0693108371494344
1411,14.1,-30.548674231429885,-5.407474840442372,143.8954285240521,-1.9244951120136462,0.8908695385154035,1.9583598540330003,-1.4959784734495558,-1.61225437852076,0.6295625407767773,-1.4521703676870181,1.02778285503179,2.095533522908899,19.456998459374002,17.37254879587201,-2.0817329084637954,1.0674903155175968
1412,14.11,-27.903206478025954,-5.406580257748339,145.4114969731853,-1.3544324038672002,0.8760463729341936,1.941492848886134,-1.411100459173099,-1.5506427474025535,0.6383968905910529,-1.4326698676641676,1.0121166324888868,2.0778076845989797,19.467197695913065,17.393415418721062,-2.0710667582552205,1.0654464759519404
1413,14.120000000000001,-25.33344336395682,-5.405161852931495,146.85707062409543,-0.7901985456918661,0.8620716380162334,1.9252536083520764,-1.3288768158387942,-1.49138308025322,0.6470872515215966,-1.4133349181524835,0.9967639235572239,2.0601819576888056,19.477241837101328,17.414105283310995,-2.06042216967408,1.063181970335843
1414,14.13,-22.84709274496074,-5.403395656693655,148.22407614086381,-0.23195994899408223,0.8489188446476652,1.9096181938788468,-1.249511590885803,-1.4346958683970774,0.6556419753351747,-1.3941593605087703,0.9817254194097499,2.0426566758361635,19.48713402176335,17.434619392731296,-2.049801335843945,1.0606993492311816
1415,14.14,-20.451125731068387,-5.401509196817567,149.50514747494174,0.3200666553755216,0.8365594791725091,1.8945604945906152,-1.1731848205544024,-1.3807821488256453,0.6640691387585625,-1.3751372863913118,0.9670015423268153,2.0252318161551996,19.496877394274073,17.454958751605275,-2.0392064251498745,1.058001015418106
1416,14.15,-18.151765610569548,-5.39977510327061,150.69364426534554,0.8656193641489329,0.8249632416123464,1.8800524221482608,-1.1000524634603184,-1.329823001085673,0.6723765244273664,-1.3562630585092428,0.9525924654398173,2.007907022737967,19.506475101969468,17.47512436264311,-2.0286395829366093,1.0550891805359144
1417,14.16,-15.95448133156342,-5.398504190301945,151.7836652326922,1.4043969063541653,0.8140982845523789,1.8660641100608903,-1.0302464713406088,-1.281979129653252,0.6805716042203678,-1.337531329400094,0.9384981314308112,1.99068162911935,19.515930292749424,17.49511722342481,-2.0181029336204617,1.0519658255085114
1418,14.17,-13.863985423359171,-5.398038153923479,152.770056670773,1.9360649676938904,0.8039314513364699,1.8525641166748301,-0.9638749930770305,-1.2373905385381017,0.6886615249792448,-1.3189370581950193,0.9247182702130906,1.973554679722111,19.525246112862494,17.514938323402735,-2.007598583174264,1.0486326653383602
1419,14.18,-11.884236216053045,-5.398742023574066,153.64841616740998,2.4602628951936785,0.7944285122514653,1.839519630999015,-0.901022707309152,-1.1961763045035136,0.6966530966001294,-1.3004755253392772,0.9112524156194994,1.9565249503209405,19.53442570486246,17.534588641113572,-1.9971286219394067,1.0450911187475498
1420,14.19,-10.018444194764164,-5.400996503282629,154.41509171193673,2.976610645372814,0.7855543974267346,1.8268966804600395,-0.8417512781635611,-1.1584344543280765,0.7045527824705353,-1.282142345244243,0.8980999211262067,1.9395909675650236,19.54347220572694,17.554069141590244,-1.9866951277147784,1.041342283033305
1421,14.200000000000001,-8.269082304509567,-5.405190333072318,155.06717637058497,3.4847158429547287,0.7772734252283837,1.8146603396225929,-0.7860999278911721,-1.1242419507644923,0.7123666922126362,-1.2639334768566328,0.8852599746407742,1.9227510275998414,19.55238874512852,17.573380773964473,-1.976300169069269,1.0373869143942092
1422,14.21,-6.637900003669717,-5.4117127933999365,155.60249873218967,3.9841808243026433,0.7695495249884956,1.8027749388599426,-0.7340861195052708,-1.0936547905529879,0.7201005766820849,-1.245845232140472,0.8727316123838137,1.906003213829097,19.561178443849244,17.592524469251295,-1.965945808822557,1.033225413871447
1423,14.22,-5.125940847356414,-5.420946467031595,156.0196093461041,4.474609547408789,0.762346452977674,1.7912042719199752,-0.685706341881307,-1.0667082168256607,0.7277598251602051,-1.2278742824776472,0.8605137318940718,1.8893454138583001,19.569844412329466,17.611501138307002,-1.9556341076378523,1.0288578189423012
1424,14.23,-3.733563367994364,-5.433260361082715,156.31776339076237,4.955614261214572,0.7556280006035503,1.779911801302716,-0.6409369891934702,-1.0434170466102757,0.7353494646669204,-1.2100176630036905,0.8486051041868029,1.8727753356611643,19.57838974934252,17.630311669952608,-1.945367127670611,1.0242838006991657
1425,14.24,-2.4604650080093275,-5.449003480650716,156.49689982605761,5.426821837658545,0.7493581938981315,1.7688608603512153,-0.5997353260681699,-1.0237761129200327,0.7428741613119733,-1.1922727749061728,0.8370043850952688,1.8562905230100906,19.58681754078687,17.648956929255313,-1.9351469362181462,1.0195026664530837
1426,14.25,-1.3057088499146996,-5.468498932247057,156.55761729438507,5.887879682421069,0.7435014834421998,1.7580148509556976,-0.5620405294176748,-1.0077608193735965,0.7503382235930395,-1.174637385724204,0.8257101258251431,1.8398883702114373,19.595130858587694,17.667437755960687,-1.9249756093172437,1.0145133675134979
1427,14.26,-0.26775288111314843,-5.492038621505202,156.5011470450331,6.338461153466351,0.738022923964514,1.7473374357840925,-0.5277747975747524,-0.9953278037686955,0.7577456075413372,-1.1571096276983794,0.8147207827510757,1.823566136185759,19.603332759700212,17.685754963068987,-1.9148552352397168,1.0093145118195785
1428,14.27,0.6555184748086473,-5.51987859644234,156.3293231638385,6.778270429130541,0.7328883429466087,1.7367927239805807,-0.4968445171195414,-0.9864157057956199,0.765099923608058,-1.1396879942312494,0.8040347264844514,1.8073209579326739,19.61142628520733,17.70390933554909,-1.9047879178393075,1.003904381033972
1429,14.280000000000001,1.4667608316397684,-5.552235072838574,156.04455039463102,7.207046781724683,0.7280644976593997,1.7263454493149064,-0.46914147763565645,-0.9809460324618194,0.7724044451788672,-1.1223713345287833,0.7936502502406528,1.7911498634188876,19.619414459504384,17.721901629184178,-1.8947757797076505,0.9982809516555067
1430,14.290000000000001,2.169134592089317,-5.589281165675297,155.64976984213024,7.624568224814016,0.7235192201548158,1.715961139822836,-0.4445441245853499,-0.9788241138048729,0.7796621185983554,-1.1051588465031201,0.7835655775336469,1.7750497839272301,19.627300289564218,17.739732569543627,-1.8848209651014756,0.9924419196680202
1431,14.3,2.7662682493119872,-5.631144337210592,155.1484228460046,8.030654515335783,0.7192215498331832,1.7056062780461574,-0.42291884054384943,-0.9799401402380342,0.7868755745821323,-1.088050068026171,0.773778869225063,1.7590175659035234,19.635086764275954,17.75740285107577,-1.8749256426083036,0.9863847282129742
1432,14.31,3.2622205079484985,-5.677904559993808,154.54441331440324,8.425169503703705,0.7151418533041786,1.6952484510616357,-0.4041212451674828,-0.9841702718761719,0.7940471408908669,-1.071044866632161,0.7642882299541303,1.7430499823367,19.642776853851103,17.774913136316822,-1.8650920075230282,0.9801065977574571
1433,14.32,3.6614414898343606,-5.729593182279191,153.8420688018053,8.808022835678866,0.7112519313548632,1.6848564895798308,-0.38799750450476994,-0.9913778095049218,0.8011788561383026,-1.0541434277747974,0.7550917139742267,1.7271437437067418,19.65037350929101,17.792264055211394,-1.8553222839131003,0.9736045582249676
1434,14.33,3.9687332833646782,-5.786192473080376,153.04610061066967,9.179171019873639,0.7075251129317274,1.674400595493821,-0.374385640573723,-1.0014144162122272,0.8082724846038466,-1.0373462417514652,0.7461873304210123,1.7112955085335595,19.657879661909824,17.80945620454045,-1.8456187263553119,0.9668754825620937
1435,14.34,4.189210087688144,-5.847635814877272,152.16156318923453,9.538617883937766,0.703936336133928,1.6638524573641045,-0.36311683252167193,-1.0141213781825034,0.8153295319198569,-1.0206540894125105,0.737573048036291,1.6955018935584574,19.665298222907342,17.826490147452937,-1.8359836213323675,0.9599161212301764
1436,14.35,4.328258194252854,-5.913808505291163,151.19381308973243,9.886414449208141,0.7004622163012203,1.6531853534380927,-0.3540167011488062,-1.0293308931828011,0.8223512615041662,-1.0040680267782427,0.7292467993712064,1.6797594835888459,19.672632082986553,17.84336641309746,-1.826419288282409,0.9527231371368724
1437,14.36,4.391496037528042,-5.984549121866478,150.1484677410471,10.222658260901742,0.6970811013617516,1.6423742419151528,-0.3469065690995946,-1.0468673749700292,0.8293387116095898,-0.9875893686897192,0.7212064844914284,1.6640648410348253,19.67988411201063,17.860085496350887,-1.8169280802993093,0.9452931405534012
1438,14.370000000000001,4.384734535712209,-6.059651399901201,149.03136427916027,10.547492215329113,0.6937731146813022,1.6313958382843614,-0.3416046896035546,-1.0665487622028824,0.8362927128642772,-0.9712196716217185,0.7134499742064507,1.6484145151653455,19.687057158694635,17.876647857640897,-1.807512384485996,0.9376227236030592
1439,14.38,4.313937929821943,-6.138866569579415,147.8485186665722,10.86110292957646,0.6905201857261963,1.6202286796754262,-0.3379274372668364,-1.0881878207402031,0.8432139061794209,-0.9549607157874405,0.7059751128444611,1.6328050511096637,19.694154050327178,17.89305392285973,-1.7981746219668615,0.9297084939492298
1440,14.39,4.185185316713458,-6.221906096053598,146.60608531914556,11.163718702066703,0.6873060689165195,1.6088531762740423,-0.33569045505729,-1.1115934286105857,0.8501027609044193,-0.9388144866645056,0.6987797205934742,1.6172329986283964,19.701177592517688,17.909304083366866,-1.788917247568925,0.9215471073575229
1441,14.4,4.004633057846108,-6.308444765428312,145.3103174451192,11.455607113530348,0.6841163511043036,1.597251649960349,-0.3347097523047494,-1.136571833697789,0.8569595931135147,-0.9227831560708216,0.6918615954290259,1.6016949206767768,19.70813056896496,17.925398696078325,-1.7797427491843365,0.9131352988560455
1442,14.41,3.7784782318688204,-6.398124059486376,143.96752828720574,11.737072318517404,0.6809384481625349,1.5854083604292304,-0.3348027492085041,-1.1629278749183418,0.8637845839126284,-0.9068690629167484,0.6852185146481194,1.5861874017810917,19.715015741243043,17.94133808364061,-1.770653646829377,0.9044699122666955
1443,14.42,3.5129232845925618,-6.490555762670724,142.58405344398597,12.00845207745273,0.6777615912153776,1.573309519144434,-0.33578926402714243,-1.1904661584515552,0.8705777976601424,-0.8910746937569597,0.6788482360285844,1.570707056247377,19.721835848600538,17.957122534687613,-1.7616524914171023,0.8955479279290564
1444,14.43,3.2141420156242217,-6.585325746966997,141.16621443221808,12.2701145776959,0.6745768030777015,1.560943291564099,-0.3374924397968511,-1.2189921816180318,0.8773392000008995,-0.875402663261476,0.6727484986327088,1.5552505362198197,19.72859360776972,17.972752304178826,-1.7527418632623757,0.8863664884863975
1445,14.44,2.888247026485713,-6.681997882697566,139.72028363683006,12.52245509033153,0.6713768655030322,1.5482997881507636,-0.33973960807622916,-1.248313397956074,0.8840686756185142,-0.8598556947205372,0.6669170232735627,1.5398145396044327,19.73529171278199,17.988227613817433,-1.7439243703390517,0.8769229226477314
1446,14.450000000000001,2.5412587406468234,-6.780118026206583,138.25245078046015,12.76589250710392,0.668156277863576,1.5353710447450053,-0.3423630878452853,-1.2782402180391592,0.8907660456172187,-0.8444366006926003,0.6613515126621714,1.5243958178715968,19.741932834786372,18.00354865254705,-1.7352026463098191,0.8672147668814293
1447,14.46,2.179076091875176,-6.879218039207191,136.76879102979504,13.000865798797815,0.6649112079042654,1.5221509929380972,-0.3452009182836624,-1.308586941689432,0.8974310844507435,-0.8291482638986138,0.6560496512534555,1.5089911837493455,19.74851962186798,18.018715577125917,-1.7265793483493574,0.8572397850338318
1448,14.47,1.8074489631075386,-6.978819797976965,135.2752348410395,13.227830433640506,0.6616394352251285,1.5086354211241297,-0.34809752472110994,-1.3391726181485453,0.9040635363223393,-0.8139936184591583,0.6510091048086812,1.4935975188170927,19.755054698863475,18.033728512777518,-1.7180571547814978,0.8469959858990013
1449,14.48,1.431952445189144,-7.07843915517925,133.77753963324577,13.447254790397835,0.6583402881530517,1.494821926948129,-0.3509043175630506,-1.3698218319209932,0.9106631309864381,-0.7989756315640945,0.6462275196920707,1.4782117810076572,19.76154066717084,18.048587553916693,-1.709638762550533,0.8364816387950774
1450,14.49,1.05796297101034,-7.177589820624696,132.28126336351565,13.659616597983113,0.655014574665709,1.4807098618910017,-0.35348022448920924,-1.4003654127973044,0.9172295988892598,-0.7840972856570375,0.6417025219191764,1.4628310120233483,19.76798010455085,18.063292764950297,-1.7013268845462974,0.8256952872252927
1451,14.5,0.6906363686600914,-7.275787131730782,130.79174006526796,13.865399429620231,0.6516645080272798,1.4663002687485052,-0.3556921566429104,-1.4306410695539749,0.9237626855921368,-0.7693615612094974,0.6374317159745893,1.4474523446698104,19.77437556491786,18.07784418115166,-1.6931242468016343,0.8146357607212253
1452,14.51,0.33488786469569876,-7.372551688309715,129.314057397215,14.06508927637248,0.6482936277882976,1.4515958127677013,-0.3574154099295421,-1.460493947620068,0.9302621654280002,-0.754771420151937,0.633412683416725,1.4320730101091879,19.780729578117686,18.09224180960794,-1.6850335855799372,0.8033021849794038
1453,14.52,-0.0046259424486772005,-7.467412830158859,127.85303623856808,14.259171221616874,0.6449067167907618,1.4366007072025044,-0.35853400287520576,-1.4897771117513106,0.9367278543478426,-0.7403297900213602,0.629642981287458,1.416690345032125,19.787044649690543,18.106485630239614,-1.677057644369203,0.7916939904117426
1454,14.530000000000001,-0.3235231299493435,-7.559911939499875,126.4132123538044,14.448126235047555,0.6415097148051916,1.4213206340403752,-0.35894095279953786,-1.5183519554112876,0.9431596219203753,-0.7260395488774919,0.6261201403446122,1.4013017987459533,19.79332326061719,18.120575596891264,-1.6691991707978673,0.7798109192351836
1455,14.540000000000001,-0.617710520239878,-7.64960555342954,124.99882013894077,14.632428102209177,0.6381096294088928,1.405762660635884,-0.35853849230967993,-1.546088539077052,0.9495574024542669,-0.7119035110321591,0.6228416631354924,1.3859049401741357,19.799567867046576,18.134511638492853,-1.661460913486426,0.7676530312269911
1456,14.55,-0.8833957836257289,-7.736068275031216,123.6137784505236,14.81254050256403,0.6347144446948405,1.3899351529650639,-0.3572382283356953,-1.5728658603075312,0.9559212052183305,-0.697924413629221,0.6198050219299978,1.3704974647601469,19.80578090000352,18.148293660290456,-1.6538456188475514,0.7552207082702234
1457,14.56,-1.1170975936445782,-7.818895473799636,122.26167850835874,14.98891424753067,0.6313330283786698,1.3738476861864135,-0.3549612460975939,-1.5985720586132797,0.9622511237407948,-0.6841049041054647,0.617007656532023,1.355077201266521,19.811964765075064,18.161921545145567,-1.6463560278462595,0.7425146578077437
1458,14.57,-1.3156538633261161,-7.897705769077701,120.94577385338867,15.161984687276048,0.6279750378476955,1.3575109531639526,-0.3516381605361162,-1.6231045586724722,0.9685473441743994,-0.670447528556072,0.6144469719883126,1.3396421184579537,19.818121842074465,18.175395154901786,-1.6389948727304713,0.7295359153162572
1459,14.58,-1.476228098250909,-7.972143291535982,119.66897233314671,15.332169294044458,0.6246508256709714,1.3409366715721913,-0.34720911784146224,-1.6463701554634866,0.974810152719317,-0.6569547210219832,0.6121203362141643,1.3241903316549333,19.82425448468179,18.188714331817746,-1.6317648737413002,0.7162858459012199
1460,14.59,-1.5963139093653878,-8.041879720087364,118.43383007891686,15.499865427728027,0.6213713450635121,1.3241374901668272,-0.34162374979077664,-1.6682850452159748,0.9810399421010124,-0.6436287937104134,0.6100250775558389,1.3087201091426839,19.830365020060473,18.201878900064827,-1.6246687358114258,0.7027661451033151
1461,14.6,-1.673737734989189,-8.106616092643659,117.24254743103101,15.665448288598483,0.6181480557711942,1.3071268947655084,-0.3348410836509544,-1.6887748060402075,0.9872372171048972,-0.6304719281541339,0.6081584823097895,1.2932298784179048,19.836455748449232,18.21488866728819,-1.617709145259031,0.6889788389943141
1462,14.61,-1.7066598274233846,-8.166084390511019,116.09696676155161,15.829269060906904,0.6149928308158249,1.289919114443821,-0.32682941043100827,-1.707774332171613,0.993402599174206,-0.6174861673099102,0.6065177922192597,1.2777182322540561,19.842528942729082,18.22774342622937,-1.6108887664841163,0.674926283627996
1463,14.620000000000001,-1.693573564886608,-8.220048897065169,114.99857213709099,15.991653250341692,0.6119178645125913,1.2725290284116169,-0.31756611427202264,-1.725227725698324,0.9995368300817652,-0.60467340859162,0.6051002019690571,1.2621839345640937,19.848586847965258,18.24044295640854,-1.6042102386733852,0.6606111638990255
1464,14.63,-1.6333031542660303,-8.268307332223202,113.94849075861855,16.152899217539115,0.6089355821448127,1.2549720739953973,-0.3070374657498153,-1.7410881495881054,1.0056407746902911,-0.5920353978291119,0.6039028566996627,1.2466259260377395,19.854631680924175,18.252987025864286,-1.597676172519403,0.6460364918505846
1465,14.64,-1.524999794468307,-8.310691764785105,112.94749610969393,16.313276909318756,0.6060585516537539,1.2372641561134652,-0.2952383818392011,-1.75531764569511,1.011715422819619,-0.5795737241398137,0.6029228495620382,1.2310433295290812,19.86066562956573,18.26537539294854,-1.5912891469594328,0.6312056044597113
1466,14.65,-1.3681363739174945,-8.347069305191656,111.99601273975665,16.473026788835543,0.6032993976743928,1.2194215585930681,-0.2821721552500648,-1.7678869212715018,1.0177618902426344,-0.5672898156964131,0.6021572193347361,1.2154354551685418,19.866690852511418,18.277607808174018,-1.5850517059390477,0.6161221609186753
1467,14.66,-1.1625007789372033,-8.377342581772762,111.09412260489474,16.632358965266807,0.6006707182215107,1.2014608576426158,-0.2678501557947463,-1.7787751073713467,1.023781418834914,-0.5551849363706375,0.6016029481250416,1.1998018051723442,19.87270947848903,18.28968401611128,-1.5789663552055515,0.600790139421105
1468,14.67,-0.9081878925134346,-8.40145000370358,110.24157288480852,16.791452523429793,0.5981850043044814,1.1833988377575,-0.25229150638828685,-1.787969492287063,1.0297753759059587,-0.54326018323015,0.6012569591758647,1.184142078321338,19.878723605754892,18.30160375733231,-1.573035559136109,0.5852138334530186
1469,14.68,-0.6055903655174166,-8.41936581445204,109.4377851912033,16.950455053046518,0.5958545627236843,1.1652524103059325,-0.2355227362269627,-1.7954652330309935,1.0357452527425997,-0.5315164848630268,0.6011161148001954,1.1684561740803978,19.884735301494775,18.313366770397025,-1.5672617376056266,0.5693978475822482
1470,14.69,-0.25538824394299997,-8.431099939633647,108.68186608054727,17.109482377102943,0.5936914422765653,1.1470385350104726,-0.21757741361072305,-1.8012650476195518,1.0416926623974936,-0.5199546005019159,0.6011772144646403,1.1527441963289728,19.890746601204878,18.32497279387913,-1.5616472628994096,0.5533470927339073
1471,14.700000000000001,0.1414624623339522,-8.436697633561629,107.97261878139923,17.26861847821613,0.5917073635772272,1.1287741445128203,-0.19849576081634593,-1.8053788907270167,1.0476193367578501,-0.5085751199179505,0.6014369930433805,1.1370064566730402,19.89675950805447,18.336421568427184,-1.5561944566758008,0.5370667809355931
1472,14.71,0.5837421830983014,-8.4362389292992,107.30855604514264,17.42791562122208,0.5899136526698551,1.110476072183373,-0.17832425334258067,-1.8078236151225655,1.0535271229314267,-0.49737846405283015,0.6018921192635378,1.1212434773087725,19.90277599223205,18.34771283885656,-1.550905586984257,0.520562419513518
1473,14.72,1.0699810762740625,-8.429837897141878,106.68791402713576,17.587394669881753,0.5883211785935144,1.092160983312534,-0.15711520578547733,-1.8086226210317355,1.0594179789885017,-0.4863648863558411,0.6025391943623006,1.1054559934084103,19.90879799027696,18.35884635626769,-1.5457828653443428,0.5038398047190197
1474,14.73,1.59847311411504,-8.417641717263812,106.10866710485732,17.74704559458561,0.5869402950336925,1.0738453097992708,-0.1349263465119273,-1.8078054954826097,1.0652939691000105,-0.4755344747915026,0.6033747509756024,1.089644954999555,19.914827404398732,18.36982188018567,-1.5408284438915132,0.48690501476557835
1475,14.74,2.1672908792287893,-8.399829572354777,105.56854353845712,17.90682816762954,0.5857807861746365,1.0555451884316402,-0.11182038323952521,-1.80540764340713,1.0711572581133124,-0.4648871544823273,0.6043952522772748,1.073811528309825,19.920866101786554,18.38063918071596,-1.5360444125956398,0.4697644022570038
1476,14.75,2.774300983472344,-8.376611367188913,105.06504187961181,18.06667284129675,0.5848518168457854,1.0372764028364172,-0.08786456153676582,-1.8014699122684497,1.0770101056080028,-0.4544226909503813,0.6055970913866011,1.0579570965502991,19.926915913911458,18.391298040710826,-1.5314327965583843,0.45242458599063184
1477,14.76,3.4171800227301707,-8.348226282113158,104.59544803415521,18.226481803708026,0.5841618870357335,1.0190543291574143,-0.06313021819820605,-1.796038211677651,1.0828548594751366,-0.44414069392069133,0.6069765910611014,1.042083260112628,19.932978635823993,18.401798257940616,-1.5269955533958282,0.4348924421216809
1478,14.77,4.093430981842216,-8.314941168561074,104.15685288491227,18.386130206060688,0.5837187908278477,1.0008938855077456,-0.037692331362715506,-1.7891631294634847,1.0886939490637486,-0.43404062164891577,0.6085300036900345,1.0261918361566054,19.93905602545032,18.41213964726404,-1.5227345707126645,0.4171750946798979
1479,14.780000000000001,4.800400004796435,-8.277048795033714,103.74617038173052,18.545467554316538,0.5835295797931701,0.9828094852270597,-0.011629069176339634,-1.7808995454372638,1.094529877939105,-0.4241217857354379,0.6102535116026094,1.0102848575675223,19.94514980288979,18.42232204279118,-1.518651663674543,0.3992799054338896
1480,14.790000000000001,5.535293446924805,-8.23486595322156,103.36015600713814,18.704319256949702,0.5836005308583666,0.9648149939628786,0.014978661280073491,-1.7713062441359615,1.100365216297301,-0.4143833563876889,0.6121432277033395,0.994364571264963,19.951261649717274,18.432345300032818,-1.51474857268499,0.381214463104512
1481,14.8,6.2951951269787365,-8.188731434021113,102.99542552702334,18.862488320073254,0.5839371186493848,0.9469236905828806,0.042047663137185096,-1.7604455275439783,1.106202593080993,-0.40482436809241734,0.6141951964450844,0.9784334358478809,19.957393208293457,18.44220929802957,-1.5110269611734104,0.3629865719334958
1482,14.81,7.077083699320175,-8.139003884499818,102.64847393799889,19.019757179758937,0.5845439922949335,0.9291482319157573,0.06949289538313626,-1.7483828288733605,1.1120446878409131,-0.39544372565965064,0.6164053951484241,0.962494118564034,19.96354608108666,18.451913941454105,-1.507488413500564,0.34460423962082387
1483,14.82,7.877850067964809,-8.086059557410374,102.31569452455076,19.175889660623888,0.5854249566581766,0.9115006213081083,0.09722791349133204,-1.7351863283570235,1.1178942223876005,-0.38624021060006514,0.6187697356739413,0.9465494915953413,19.969721830009554,18.46145916267961,-1.5041344329876658,0.32607566464993165
1484,14.83,8.694314766734045,-8.030289965496241,101.99339794157163,19.330633048931873,0.5865829579498502,0.8939921809761548,0.12516530359006794,-1.7209265719293245,1.1237539522773998,-0.37721248779773553,0.621284066451713,0.9306026276547245,19.975921975774433,18.470844923807714,-1.5009664400751355,0.3074092230263047
1485,14.84,9.523245231950582,-7.972099453648096,101.67783124008295,19.483720267466264,0.5880200736615636,0.8766335281231227,0.15321710879770814,-1.7056760936562174,1.1296266581762273,-0.36835911244047714,0.6239441748700557,0.9146567948939627,19.982147997270538,18.48007121864889,-1.4979857706167046,0.28861345446155906
1486,14.85,10.361372896673304,-7.9119027024559525,101.36519675656446,19.634872138786363,0.5897375067442187,0.8594345547853721,0.18129524641539196,-1.6895090426920336,1.1355151371439325,-0.35967853717027226,0.6267457900230677,0.8987154511264825,19.988401330967086,18.48913807464854,-1.495193674314205,0.26969704804115346
1487,14.86,11.205410038171081,-7.850122177447327,101.05167078910937,19.78379972258375,0.5917355839432983,0.8424044113634453,0.2093119147376031,-1.6725008155533174,1.1414221938812394,-0.3511691194167356,0.6296845858140965,0.882782237373289,19.994683370345545,18.498045554751894,-1.4925913132979751,0.25066882742014707
1488,14.870000000000001,12.052066313135457,-7.787185538684637,100.73342198653195,19.930206712336442,0.5940137581902685,0.8255514937871365,0.23717998830697662,-1.6547276944358984,1.1473506319803546,-0.34282912887703965,0.6327561844096362,0.8668609707451375,20.000995465364714,18.506793759201045,-1.4901797608573943,0.23153773559686808
1489,14.88,12.898064917976715,-7.723523025800305,100.4066293795526,20.073791875930297,0.5965706149374588,0.8088834342572744,0.26481340050339114,-1.6362664922713777,1.1533032452192051,-0.334656755106235,0.6359561600356158,0.8509556366783799,20.007338921962045,18.515382827257557,-1.4879600003254403,0.2123128193198156
1490,14.89,13.740158314718244,-7.659564834027055,100.06749998651019,20.214251524326976,0.5994038823125495,0.7924070955006642,0.292127512427181,-1.6171942052413404,1.1592828089381468,-0.32665011518251746,0.6392800431054798,0.8350703805467433,20.01371500159462,18.523812938844284,-1.4859329241206645,0.19300321318811475
1491,14.9,14.575143465993811,-7.595738496760552,99.71228592923319,20.351281992279382,0.6025104449582152,0.776128568468292,0.31903946709688186,-1.5975876733769871,1.1652920715366504,-0.3188072614126803,0.64272332466683,0.8192094986760131,20.020124920822976,18.53208431610031,-1.4840993329493308,0.17361812351007688
1492,14.91,15.399876526149525,-7.53246629072295,99.3373009984006,20.484582114477796,0.6058863614125268,0.7600531734011802,0.34546852805605094,-1.5775232499735574,1.1713337461260762,-0.3111261890437128,0.6462814611509922,0.8033774287930701,20.026569850940987,18.540197224843165,-1.4824599351697891,0.15416681198865334
1493,14.92,16.21128693839826,-7.470162679315651,98.93893661087886,20.6138556809156,0.6095268848764821,0.7441854641816508,0.37133640153752245,-1.5570764803917145,1.1774105023731911,-0.303604843947263,0.649949879407361,0.7875787399451225,20.033050917654606,18.548151975932864,-1.4810153463204543,0.13465857930516867
1494,14.93,17.006390891779144,-7.409231810146066,98.51367710555589,20.73881385480278,0.6134264872063431,0.7285292358825226,0.39656754141217937,-1.5363217909489435,1.1835249585674879,-0.29624113024458937,0.6537239820021178,0.7718181219293867,20.03956920081235,18.555948926532643,-1.4797660888120774,0.11510274867617953
1495,14.94,17.782304094857537,-7.350065082221901,98.05811432761858,20.859177536794142,0.6175788859605653,0.7130875354201646,0.4210894362070963,-1.5153321885117084,1.1896796739436857,-0.28903291784048407,0.6575991527586967,0.7561003742773168,20.046125734189967,18.563588481261736,-1.47871259178417,0.09550864945959925
1496,14.950000000000001,18.536253826776672,-7.293038798137063,97.56896145513886,20.974679659425142,0.6219770743237829,0.6978626752115452,0.44483287754928375,-1.4941789714345506,1.1958771412890732,-0.2819780498356444,0.6615707625154118,0.7404303948411627,20.05272150533164,18.571071093235954,-1.4778551911247177,0.0758856008877623
1497,14.96,19.265590229854446,-7.238511916130674,97.04306602567223,21.085067396057234,0.6266133537237127,0.6828562497292027,0.467732209458682,-1.4729314524818498,1.2021197798635326,-0.27507434978799666,0.6656341750737529,0.7248131680341869,20.059357455449717,18.578397264992375,-1.4771941296515294,0.05624289600548993
1498,14.97,19.967796811366988,-7.186823916263563,96.47742212427397,21.19010426924634,0.6314793689509413,0.6680691548417665,0.48972555797677636,-1.4516566943331946,1.2084099286582584,-0.26831962879457627,0.6697847533093163,0.7092537527785989,20.066034479384783,18.585567549294893,-1.4767295574528347,0.03658978589082529
