,t_ts,tau_fb_ts_1,tau_fb_ts_2,tau_ts_1,tau_ts_2,th_d_ts_1,th_d_ts_2,th_dd_ts_1,th_dd_ts_2,th_ts_1,th_ts_2,th_ts_2_rel,th_d_ts_2_rel
1,0.0,0.0,0.0,0.0,0.0,-0.006179058576043857,0.00219780096388753,-0.6177265141541997,0.21941134131495701,-1.4708272243299017,-1.4707853331795926,4.18911503090591e-05,0.008376859539931386
2,0.01,0.0,0.0,0.0,0.0,-0.012352737601733494,0.004384541591572667,-0.6169197339812738,0.21775276180621156,-1.4709198900337361,-1.4707524076460223,0.00016748238771380206,0.01673727919330616
3,0.02,0.0,0.0,0.0,0.0,-0.01851566362159613,0.006549180383090695,-0.6155761160856229,0.21499160177056048,-1.4710742432360016,-1.47069771602859,0.00037652720741165874,0.025064844004686827
4,0.03,0.0,0.0,0.0,0.0,-0.024662475366467308,0.00868071350249372,-0.6136971834874284,0.21113256857544951,-1.4712901495876025,-1.470621534404062,0.000668615183540444,0.033343188868961024
5,0.04,0.0,0.0,0.0,0.0,-0.03078782983855142,0.010768193590655688,-0.6112850672750146,0.20618224982076763,-1.4715674212130425,-1.4705242486208476,0.0010431725921948853,0.041556023429207105
6,0.05,0.0,0.0,0.0,0.0,-0.03688640838653664,0.012800748554141803,-0.6083425054300527,0.2001491104909601,-1.4719058169235226,-1.4704063536402612,0.0014994632832614485,0.04968715694067844
7,0.06,0.0,0.0,0.0,0.0,-0.04295292276706471,0.014767600320692372,-0.6048728412679657,0.19304348910524163,-1.4723050424907265,-1.4702684526900562,0.00203658980067023,0.05772052308775708
8,0.07,0.0,0.0,0.0,0.0,-0.048982121188535135,0.016658083550639833,-0.6008800214578935,0.18487759272895707,-1.4727647509811357,-1.4701112562306156,0.0026534947505201245,0.06564020473917496
9,0.08,0.0,0.0,0.0,0.0,-0.054968794332833464,0.018461664292076546,-0.5963685935799959,0.17566549068319565,-1.473284543150676,-1.4699355807342964,0.0033489624163796083,0.07343045862491002
10,0.09,0.0,0.0,0.0,0.0,-0.06090778135012121,0.0201679585658436,-0.5913437031720206,0.16542310676656743,-1.4738639678994514,-1.4697423472785633,0.004121620620888056,0.08107573991596481
11,0.1,0.0,0.0,0.0,0.0,-0.06679397582131885,0.02176675086444625,-0.5858110902121669,0.1541682097829008,-1.4745025227862678,-1.4695325799536874,0.004969942832580454,0.0885607266857651
12,0.11,0.0,0.0,0.0,0.0,-0.07262233168236301,0.023248012546852794,-0.579777084981297,0.14192040215181623,-1.475199654602597,-1.46930740408596,0.005892250516636999,0.09587034422921581
13,0.12,0.0,0.0,0.0,0.0,-0.07838786910373434,0.024601920108834684,-0.5732486032446991,0.1287011063662169,-1.4759547600055642,-1.4690680442775643,0.006886715727999926,0.10298978921256902
14,0.13,0.0,0.0,0.0,0.0,-0.08408568031814487,0.025818873306098142,-0.5662331406919059,0.11453354905172121,-1.476767186209479,-1.4688158222644585,0.007951363945020606,0.109904553624243
15,0.14,0.0,0.0,0.0,0.0,-0.08971093538865542,0.026889513104980473,-0.5587387665725715,0.0994427423784077,-1.4776362317353502,-1.468552154593868,0.009084077141482185,0.11660044849363589
16,0.15,0.0,0.0,0.0,0.0,-0.09525888790887625,0.027804739432982728,-0.5507741164671655,0.08345546257488731,-1.4785611472177511,-1.4682785501232478,0.0102825970945033,0.12306362734185898
17,0.16,0.0,0.0,0.0,0.0,-0.10072488062630108,0.028555728698928286,-0.5423483841333144,0.06660022529903122,-1.47954113626831,-1.4679966073428639,0.011544528925446107,0.12928060932522936
18,0.17,0.0,0.0,0.0,0.0,-0.10610435097924811,0.029133951050119927,-0.5334713123719219,0.04890725762845341,-1.480575356395009,-1.4677080115244618,0.012867344870547193,0.13523830202936804
19,0.18,0.0,0.0,0.0,0.0,-0.11139283653734532,0.029531187331562174,-0.5241531828617736,0.03040846644713438,-1.4816629199763802,-1.467414531698822,0.014248388277558142,0.14092402386890748
20,0.19,0.0,0.0,0.0,0.0,-0.11658598033501211,0.02973954571016466,-0.5144048049171599,0.011137403022403257,-1.4828028952895793,-1.4671180174653664,0.015684877824212906,0.14632552604517676
21,0.2,0.0,0.0,0.0,0.0,-0.12167953608696837,0.02975147792489098,-0.5042375031299821,-0.008870776411511174,-1.4839943075912145,-1.4668203956373604,0.017173911953854093,0.15143101401185935
22,0.21,0.0,0.0,0.0,0.0,-0.12666937327445651,0.029559795122106963,-0.4936631038658549,-0.02957935422110461,-1.4852361402496927,-1.4665236667266524,0.018712473523040396,0.15622916839656348
23,0.22,0.0,0.0,0.0,0.0,-0.13155148209060097,0.029157683233950276,-0.4826939205927124,-0.05095009922033556,-1.486527335927734,-1.4662299012723092,0.020297434655424773,0.16070916532455123
24,0.23,0.0,0.0,0.0,0.0,-0.13632197823316333,0.028538717856427424,-0.4713427380302696,-0.07294331889134344,-1.4878667978135862,-1.4659412360179331,0.02192556179565308,0.16486069608959075
25,0.24,0.0,0.0,0.0,0.0,-0.14097710753288753,0.027696878583172897,-0.45962279511926385,-0.09551791603793473,-1.4892533908993553,-1.465659869942882,0.02359352095647327,0.16867398611606044
26,0.25,0.0,0.0,0.0,0.0,-0.14551325040567326,0.02662656275040829,-0.4475477668204942,-0.11863144989220711,-1.4906859433047472,-1.465388060153059,0.02529788315168835,0.17213981315608154
27,0.26,0.0,0.0,0.0,0.0,-0.1499269261169734,0.02532259854863562,-0.4351317447651658,-0.14224020165431264,-1.492163247644403,-1.465128117637382,0.027035130007020847,0.175249524665609
28,0.27,0.0,0.0,0.0,0.0,-0.15421479684708506,0.023780257457006338,-0.4223892167897288,-0.1662992444037672,-1.4936840624368908,-1.4648824028964875,0.02880165954040326,0.1779950543040914
29,0.28,0.0,0.0,0.0,0.0,-0.15837367154639362,0.021995265957135243,-0.40933504540011295,-0.19076251727831048,-1.4952471135533107,-1.4646533214506554,0.030593792102655337,0.18036893750352886
30,0.29,0.0,0.0,0.0,0.0,-0.16240050957013624,0.019963816484380118,-0.3959844452217387,-0.2155829037739984,-1.4968510957033572,-1.4644433192343767,0.03240777646898052,0.18236432605451636
31,0.3,0.0,0.0,0.0,0.0,-0.16629242408287148,0.017682577576281118,-0.3823529595028521,-0.24071231397834802,-1.498494673956585,-1.4642548778853879,0.03423979607119709,0.1839750016591526
32,0.31,0.0,0.0,0.0,0.0,-0.1700466852235697,0.015148703179940114,-0.36845643574925196,-0.26610177050782874,-1.5001764852965316,-1.4640905099363972,0.036085975360134366,0.1851953884035098
33,0.32,0.0,0.0,0.0,0.0,-0.1736607230230703,0.012359841082601946,-0.3543110005782929,-0.29170149788229055,-1.5018951402052578,-1.4639527539180905,0.03794238628716728,0.18602056410567225
34,0.33,0.0,0.0,0.0,0.0,-0.17713213006657497,0.009314140432557695,-0.33993303388890106,-0.3174610150326786,-1.5036492242757944,-1.4638441693823547,0.03980505489343966,0.18644627049913265
35,0.34,0.0,0.0,0.0,0.0,-0.18045866389485335,0.006010258320694601,-0.32533914245209394,-0.34332923060525405,-1.5054372998499115,-1.463767331854966,0.04166996799494549,0.18646892221554795
36,0.35000000000000003,0.0,0.0,0.0,0.0,-0.1836382491389169,0.002447365396536459,-0.31054613303298967,-0.36925454069599994,-1.507257907678572,-1.4637248277272685,0.0435330799513034,0.18608561453545336
37,0.36,0.0,0.0,0.0,0.0,-0.18666897938405216,-0.001374849503587864,-0.2955709851604457,-0.39518492862333726,-1.50910956860238,-1.4637192490966167,0.04539031950576345,0.1852941298804643
38,0.37,0.0,0.0,0.0,0.0,-0.18954911876028654,-0.005456175734582058,-0.2804308236640647,-0.4210680663263715,-1.5109907852493067,-1.463753188565552,0.04723759668375483,0.18409294302570448
39,0.38,0.0,0.0,0.0,0.0,-0.19227710325756817,-0.009795878240947664,-0.26514289110045086,-0.4468514169595848,-1.512900043746941,-1.4638292340098524,0.04907080973708866,0.1824812250166205
40,0.39,0.0,0.0,0.0,0.0,-0.19485154176516448,-0.014392695985248349,-0.2497245201910016,-0.4724823382439138,-1.5148358154465174,-1.4639499633257096,0.05088585212080776,0.18045884577991614
41,0.4,0.0,0.0,0.0,0.0,-0.19727121683600224,-0.019244841412009356,-0.23419310639239732,-0.4979081861281829,-1.5167965586559582,-1.4641179391663652,0.05267861948959296,0.17802637542399288
42,0.41000000000000003,0.0,0.0,0.0,0.0,-0.1995350851778703,-0.024350000947921772,-0.21856608071812014,-0.5230764183144487,-1.518780720379193,-1.4643357036785694,0.05444501670062363,0.17518508422994852
43,0.42,0.0,0.0,0.0,0.0,-0.20164227787456976,-0.029705336534776267,-0.20286088292489488,-0.5479346972056525,-1.5207867380590367,-1.4646057732492082,0.05618096480982859,0.17193694133979348
44,0.43,0.0,0.0,0.0,0.0,-0.2035921003412059,-0.03530748818718124,-0.1870949351720441,-0.5724309918439681,-1.522813041320945,-1.4649306332723953,0.05788240804854983,0.16828461215402465
45,0.44,0.0,0.0,0.0,0.0,-0.20538403201886032,-0.04115257756287542,-0.17128561625425717,-0.5965136784235764,-1.5248580537150163,-1.4653127329472133,0.05954532076780295,0.16423145445598492
46,0.45,0.0,0.0,0.0,0.0,-0.2070177258148446,-0.04723621252937941,-0.155450236499582,-0.6201316389814306,-1.5269201944536608,-1.4657544801161564,0.0611657143375044,0.1597815132854652
47,0.46,0.0,0.0,0.0,0.0,-0.2084930072956049,-0.05355349270688389,-0.13960601341443699,-0.6432343578941545,-1.528997880142431,-1.4662582361541383,0.06273964398829279,0.15493951458872102
48,0.47000000000000003,0.0,0.0,0.0,0.0,-0.20980987364011205,-0.06009901596369422,-0.12377004814643798,-0.6657720158377576,-1.5310895265015765,-1.4668263109177135,0.06426321558386296,0.14971085767641784
49,0.48,0.0,0.0,0.0,0.0,-0.21096849236221918,-0.06686688583727535,-0.10795930282396234,-0.687695580898999,-1.5331935500759686,-1.4674609577639042,0.06573259231206441,0.14410160652494383
50,0.49,0.0,0.0,0.0,0.0,-0.21196919981099743,-0.07385071985100401,-0.09219057881878069,-0.7089568965625304,-1.535308369931133,-1.468164368647743,0.06714400128338992,0.13811847995999343
51,0.5,0.0,0.0,0.0,0.0,-0.2128124994584573,-0.08104365869416276,-0.07648049596503216,-0.7295087663357966,-1.5374324093332135,-1.4689386693073267,0.0684937400258867,0.13176884076429451
52,0.51,0.0,0.0,0.0,0.0,-0.2134990599843304,-0.08843837623052872,-0.06084547275451733,-0.7493050348133481,-1.5395640974107898,-1.4697859145448426,0.06977818286594717,0.1250606837538017
53,0.52,0.0,0.0,0.0,0.0,-0.21402971316771854,-0.09602709029913019,-0.045301707514848306,-0.7683006650234024,-1.5417018707965704,-1.470708083611673,0.07099378718489735,0.11800262286858836
54,0.53,0.0,0.0,0.0,0.0,-0.21440545159541613,-0.10380157426938173,-0.02986516056378671,-0.7864518119412485,-1.5438441752470764,-1.4717070757053108,0.07213709954176563,0.1106038773260344
55,0.54,0.0,0.0,0.0,0.0,-0.21462742619658073,-0.1117531693118638,-0.014551537320207022,-0.8037158920959645,-1.5459894672385326,-1.4727847055854373,0.07320476165309531,0.10287425688471694
56,0.55,0.0,0.0,0.0,0.0,-0.2146969436131685,-0.11987279734548521,0.0006237276602163404,-0.8200516492383314,-1.5481362155372762,-1.4739426993161224,0.07419351622115378,0.09482414626768328
57,0.56,0.0,0.0,0.0,0.0,-0.21461546341517335,-0.1281509746216481,0.01564548576805745,-0.8354192160779942,-1.5502829027430864,-1.4751826901407146,0.07510021260237187,0.08646448879352525
58,0.5700000000000001,0.0,0.0,0.0,0.0,-0.21438459516922095,-0.13657782590630932,0.030498888596048324,-0.8497801721365362,-1.5524280268039272,-1.4765062144955936,0.07592181230833361,0.07780676926291163
59,0.58,0.0,0.0,0.0,0.0,-0.21400609536847762,-0.14514309922148327,0.045169401431496746,-0.8630975977993768,-1.5545701025006753,-1.4779147081685735,0.07665539433210178,0.06886299614699434
60,0.59,0.0,0.0,0.0,0.0,-0.2134818642311556,-0.15383618110873057,0.059642816057184724,-0.8753361246830214,-1.5567076629004843,-1.479409502607361,0.07729816029312332,0.05964568312242502
61,0.6,0.0,0.0,0.0,0.0,-0.21281394237414095,-0.16264611237849563,0.07390526293966936,-0.8864619824646728,-1.5588392607775061,-1.4809918213831073,0.07784743939439887,0.05016782999564531
62,0.61,0.0,0.0,0.0,0.0,-0.21200450736745172,-0.17156160431076703,0.08794322288931401,-0.8964430423479451,-1.5609634699997454,-1.482662776813738,0.07830069318600752,0.04044290305668469
63,0.62,0.0,0.0,0.0,0.0,-0.21105587017437044,-0.18057105527438663,0.10174353828033719,-0.9052488573615475,-1.5630788868808867,-1.484423366751409,0.07865552012947764,0.03048481489998381
64,0.63,0.0,0.0,0.0,0.0,-0.2099704714811999,-0.18966256773440154,0.11529342392134048,-0.9128506997063908,-1.5651841314959651,-1.4862744715381215,0.0789096599578436,0.02030790374679836
65,0.64,0.0,0.0,0.0,0.0,-0.20875087791968117,-0.19882396561908264,0.1285804776674164,-0.9192215953810688,-1.5672778489597983,-1.4882168511332297,0.07906099782656861,0.009926912300598528
66,0.65,0.0,0.0,0.0,0.0,-0.20739977818420724,-0.20804281202058517,0.14159269086375292,-0.9243363563253045,-1.5693587106671125,-1.4902511424163087,0.0791075682508038,-0.0006430338363779264
67,0.66,0.0,0.0,0.0,0.0,-0.2059199790450785,-0.2173064272056524,0.15431845870786737,-0.928171610326108,-1.5714254154933234,-1.4923778566685983,0.07904755882472503,-0.011386448160573909
68,0.67,0.0,0.0,0.0,0.0,-0.2043144012581963,-0.22660190691521634,0.16674659061302716,-0.9307058289315938,-1.5734766909549283,-1.4945973772360135,0.07887931371891477,-0.022287505657020035
69,0.68,0.0,0.0,0.0,0.0,-0.20258607537079495,-0.23591614093418029,0.1788663206493162,-0.9319193536130865,-1.5755112943284788,-1.4969099573765172,0.0786013369519616,-0.03333006556338533
70,0.6900000000000001,0.0,0.0,0.0,0.0,-0.20073813742208507,-0.24523583191503337,0.19066731813101198,-0.9317944204069186,-1.5775280137270857,-1.4993157182944736,0.0782122954326121,-0.0444976944929483
71,0.7000000000000001,0.0,0.0,0.0,0.0,-0.19877382453703962,-0.2545475144411956,0.20213969840972026,-0.930315183253725,-1.579525669133397,-1.5018146473644454,0.07771102176895163,-0.05577368990415599
72,0.71,0.0,0.0,0.0,0.0,-0.19669647041101182,-0.2638375743180841,0.21327403392206895,-0.927467736234923,-1.5815031133879707,-1.5044065965467734,0.07709651684119724,-0.06714110390707226
73,0.72,0.0,0.0,0.0,0.0,-0.1945095006824443,-0.2730922680817801,0.22406136552882897,-0.9232401348838691,-1.5834592331319373,-1.5070912809971628,0.07636795213477443,-0.07858276739933581
74,0.73,0.0,0.0,0.0,0.0,-0.1922164281906253,-0.2822977427168228,0.23449321416924004,-0.917622416723015,-1.585392949702816,-1.5098682778724068,0.07552467183040923,-0.0900813145261975
75,0.74,0.0,0.0,0.0,0.0,-0.1898208481152788,-0.291440055576025,0.24456159284025422,-0.9106066211487339,-1.5873032199823214,-1.512737025334305,0.07456619464801628,-0.10161920746074618
76,0.75,0.0,0.0,0.0,0.0,-0.18732643299475316,-0.3005051944962603,0.2542590188954909,-0.9021868087525966,-1.5891890371949604,-1.5156968217537643,0.07349221544119611,-0.11317876150150713
77,0.76,0.0,0.0,0.0,0.0,-0.18473692761970142,-0.3094790981048814,0.26357852664311954,-0.892359080132216,-1.591049431656193,-1.518746825117014,0.07230260653917897,-0.12474217048517997
78,0.77,0.0,0.0,0.0,0.0,-0.1820561437994349,-0.31834767631177435,0.2725136802058586,-0.8811215942067998,-1.592883471468893,-1.5218860526358196,0.07099741883307355,-0.13629153251233944
79,0.78,0.0,0.0,0.0,0.0,-0.17928795499858055,-0.32709683098200665,0.28105858659000493,-0.8684745860128295,-1.594690263166828,-1.525113380563522,0.06957688260330609,-0.1478088759834261
80,0.79,0.0,0.0,0.0,0.0,-0.17643629084228535,-0.33571247678357574,0.2892079088940658,-0.8544203839141845,-1.5964689523038478,-1.5284275442186852,0.06804140808516257,-0.1592761859412904
81,0.8,0.0,0.0,0.0,0.0,-0.17350513148898633,-0.3441805622039018,0.29695687957142947,-0.8389634261193437,-1.5982187239874641,-1.5318271382180704,0.06639158576939375,-0.17067543071491548
82,0.81,0.0,0.0,0.0,0.0,-0.17049850187069918,-0.3524870907274233,0.3043013136458044,-0.8221102763565188,-1.599938803355495,-1.5353106169205875,0.06462818643490766,-0.18198858885672412
83,0.8200000000000001,0.0,0.0,0.0,0.0,-0.1674204658018673,-0.3606181421649574,0.3112376217630997,-0.8038696385163564,-1.6016284559944545,-1.5388762950837902,0.06275216091066428,-0.1931976763630901
84,0.8300000000000001,0.0,0.0,0.0,0.0,-0.16427511995904806,-0.36855989412338164,0.31776282294924457,-0.7842523700318378,-1.60328698829838,-1.5425223487343764,0.060764639564003575,-0.20428477416433358
85,0.84,0.0,0.0,0.0,0.0,-0.16106658773508364,-0.3762986436016973,0.323874556930473,-0.7632714937269571,-1.604913747766828,-1.5462468162540313,0.05866693151279679,-0.21523205586661365
86,0.85,0.0,0.0,0.0,0.0,-0.1577990129728987,-0.3838208286966719,0.32957109586099054,-0.7409422078303635,-1.6065081232408038,-1.5500475996817924,0.05646052355901143,-0.2260218157237732
87,0.86,0.0,0.0,0.0,0.0,-0.15447655358566867,-0.391113050398054,0.3348513552929276,-0.7172818938178566,-1.608069545075454,-1.5539224662339388,0.05414707884151527,-0.23663649681238533
88,0.87,0.0,0.0,0.0,0.0,-0.15110337507179558,-0.3981620944498515,0.3397149042154094,-0.692310121719556,-1.6095974852484274,-1.5578690500421826,0.05172843520624482,-0.24705871937805593
89,0.88,0.0,0.0,0.0,0.0,-0.14768364393489253,-0.4049549532503971,0.3441619739835369,-0.6660486525039803,-1.6110914574029023,-1.561884854110692,0.04920660329221027,-0.25727130931550457
90,0.89,0.0,0.0,0.0,0.0,-0.14422152102079017,-0.41147884775995336,0.34819346595426665,-0.6385214371329123,-1.6125510168243864,-1.565967252492181,0.04658376433220534,-0.2672573267391632
91,0.9,0.0,0.0,0.0,0.0,-0.1407211547854179,-0.4177212493804804,0.3518109576449664,-0.6097546118686149,-1.6139757603505305,-1.5701134926829667,0.04386226766756374,-0.2770000945950625
92,0.91,0.0,0.0,0.0,0.0,-0.13718667450924965,-0.42366990176796904,0.3550167072316721,-0.5797764894087826,-1.6153653262133387,-1.574320698236521,0.041044627976817745,-0.2864832272587194
93,0.92,0.0,0.0,0.0,0.0,-0.13362218347581614,-0.42931284253349405,0.3578136562081697,-0.5486175454253995,-1.6167193938133289,-1.5785858715946293,0.038133522218699596,-0.2956906590576779
94,0.93,0.0,0.0,0.0,0.0,-0.13003175213354268,-0.43463842478493786,0.3602054300339162,-0.5163104000916853,-1.618037683425377,-1.5829058971348033,0.035131786290573556,-0.3046066726513952
95,0.9400000000000001,0.0,0.0,0.0,0.0,-0.12641941126184414,-0.43963533845724695,0.36219633660858697,-0.4828897941966814,-1.6193199558361848,-1.5872775444321,0.03204241140408492,-0.3132159271954028
96,0.9500000000000001,0.0,0.0,0.0,0.0,-0.12278914516397058,-0.4442926313751885,0.3637913624236742,-0.44839255947007184,-1.620566011913522,-1.5916974717329524,0.028868540180569502,-0.32150348621121794
97,0.96,0.0,0.0,0.0,0.0,-0.11914488491051725,-0.44859972998894726,0.36499616625710796,-0.41285758277061446,-1.621775692107628,-1.5961622296380455,0.025613462469582515,-0.32945484507843004
98,0.97,0.0,0.0,0.0,0.0,-0.11549050165876387,-0.45254645971962215,0.3658170702951281,-0.37632576382979527,-1.6229488758854105,-1.6006682649906494,0.022280610894761077,-0.3370559580608583
99,0.98,0.0,0.0,0.0,0.0,-0.11182980007406389,-0.45612306484881965,0.36626104858652664,-0.3388399662879655,-1.6240854810983205,-1.6052119249661838,0.018873556132136704,-0.34429326477475575
100,0.99,0.0,0.0,0.0,0.0,-0.1081665118803375,-0.45932022788417187,0.3663357127577362,-0.30044496181280894,-1.6251854632850686,-1.6097894613581174,0.01539600192695123,-0.3511537160038344
101,1.0,0.0,0.0,0.0,0.0,-0.1045042895673126,-0.46212908833079525,0.36604929494273214,-0.2611873671489999,-1.6262488149106034,-1.6143970350546093,0.01185177985599406,-0.35762479876348263
102,1.01,0.0,0.0,0.0,0.0,-0.10084670028248191,-0.4645412607975135,0.3654106279091735,-0.22111557401273157,-1.627275564543064,-1.6190307206995993,0.0082448438434648,-0.3636945605150316
103,1.02,0.0,0.0,0.0,0.0,-0.09719721993578669,-0.46654885236615107,0.36442912239115516,-0.18027967181450552,-1.6282657759706929,-1.623686511531335,0.004579264439357854,-0.3693516324303644
104,1.03,0.0,0.0,0.0,0.0,-0.09355922754478363,-0.46814447915240237,0.3631147416691263,-0.13873136326738458,-1.6292195472609732,-1.6283603243906104,0.0008592228703627747,-0.37458525160761874
105,1.04,0.0,0.0,0.0,0.0,-0.08993599984749208,-0.4693212819877368,0.36147797346841937,-0.09652387301467215,-1.6301370097645362,-1.6330480048902738,-0.0029109951257375592,-0.37938528214024475
106,1.05,0.0,0.0,0.0,0.0,-0.08633070620924821,-0.4700729411535295,0.35952979927903406,-0.05371184948945634,-1.6310183270666438,-1.6377453327368754,-0.006727005670231545,-0.3837422349442813
107,1.06,0.0,0.0,0.0,0.0,-0.08274640384871079,-0.47039369010112986,0.3572816612303685,-0.010351260297743813,-1.631863693889316,-1.6424480271946378,-0.010584333305321714,-0.38764728625241907
108,1.07,0.0,0.0,0.0,0.0,-0.07918603340667396,-0.4702783280948888,0.3547454266848999,0.03350071850479574,-1.6326733349474132,-1.6471517526812929,-0.014478417733879699,-0.3910922946882148
109,1.08,0.0,0.0,0.0,0.0,-0.0756524148795552,-0.4697222317192504,0.3519333507440212,0.07778581879600298,-1.6334475037622123,-1.6518521244847182,-0.018404620722505927,-0.3940698168396952
110,1.09,0.0,0.0,0.0,0.0,-0.07214824393735543,-0.46872136519584834,0.34885803688672395,0.12244480191080766,-1.634186481436225,-1.6565447145887349,-0.022358233152509843,-0.3965731212584929
111,1.1,0.0,0.0,0.0,0.0,-0.0686760886435529,-0.46727228946208593,0.3455323959871945,0.16741758471737295,-1.6348905753931922,-1.661225057595923,-0.026334482202730936,-0.39859620081853303
112,1.11,0.0,0.0,0.0,0.0,-0.06523838659181515,-0.46537216996887776,0.3419696039801128,0.2126433695955564,-1.6355601180873485,-1.6658886567348519,-0.0303285386475034,-0.4001337833770626
113,1.12,0.0,0.0,0.0,0.0,-0.06183744247162448,-0.463018783162014,0.3381830584622234,0.25806077761200563,-1.6361954656861915,-1.6705309899387304,-0.03433552425253894,-0.4011813406903895
114,1.1300000000000001,0.0,0.0,0.0,0.0,-0.058475426071942005,-0.4602105216189102,0.3341863345350534,0.3036079841390788,-1.6367969967310896,-1.67514751598217,-0.03835051925108046,-0.4017350955469682
115,1.1400000000000001,0.0,0.0,0.0,0.0,-0.05515437072891985,-0.456946397820231,0.3299931402063253,0.3492228561265863,-1.6373651107801446,-1.6797336806625034,-0.04236856988235882,-0.4017920270913111
116,1.1500000000000001,0.0,0.0,0.0,0.0,-0.051876172220449164,-0.4532260465439372,0.32561727167626464,0.39484309020700825,-1.6379002270377634,-1.6842849230119366,-0.04638469597417316,-0.40134987432348807
117,1.16,0.0,0.0,0.0,0.0,-0.04864258810704332,-0.4490497258775974,0.3210725688395465,0.44040635079695434,-1.6384027829754089,-1.688796681526735,-0.050393898551326144,-0.4004071377705541
118,1.17,0.0,0.0,0.0,0.0,-0.045455237515242816,-0.4444183168532213,0.31637287133391107,0.48585040735039836,-1.6388732329479772,-1.6932644003996375,-0.0543911674516604,-0.3989630793379785
119,1.18,0.0,0.0,0.0,0.0,-0.04231560135643618,-0.4393333217173102,0.31153197546243727,0.5311132699231156,-1.639312046810193,-1.69768353574178,-0.058371488931587175,-0.397017720360874
120,1.19,0.0,0.0,0.0,0.0,-0.039225022970756515,-0.4337968608571557,0.30656359230820557,0.5761333222224941,-1.6397197085373287,-1.7020495617805804,-0.06232985324325169,-0.39457183788639916
121,1.2,0.0,0.0,0.0,0.0,-0.03618470918258732,-0.4278116684125618,0.3014813073476629,0.620849451342442,-1.640096714854433,-1.7063579770202864,-0.06626126216585337,-0.3916269592299745
122,1.21,0.0,0.0,0.0,0.0,-0.03319573175122509,-0.4213810866099955,0.29629854185266447,0.6652011734188713,-1.6404435738781047,-1.710604310352218,-0.07016073647411325,-0.3881853548587704
123,1.22,0.0,0.0,0.0,0.0,-0.030259029197444175,-0.41450905886359635,0.2910285163511044,0.7091287544868705,-1.6407608037746706,-1.7147841271021464,-0.07402332332747585,-0.3842500296661522
124,1.23,0.0,0.0,0.0,0.0,-0.027375408984124702,-0.4072001216943992,0.28568421639266645,0.7525733258750574,-1.6410489314384178,-1.7188930350027287,-0.07784410356431094,-0.37982471271027446
125,1.24,0.0,0.0,0.0,0.0,-0.02454555002676837,-0.3994593955254644,0.28027836083982777,0.7954769935350826,-1.6413084911933036,-1.722926690079462,-0.08161819888615841,-0.374913845498696
126,1.25,0.0,0.0,0.0,0.0,-0.02177000550766891,-0.3912925744162865,0.27482337287526615,0.8377829407737188,-1.6415400235213107,-1.7268808024392333,-0.08534077891792258,-0.3695225689086176
127,1.26,0.0,0.0,0.0,0.0,-0.019049205965745823,-0.3827059148048079,0.2693313538857951,0.8794355239300183,-1.6417440738203468,-1.7307511419511898,-0.08900706813084301,-0.3636567088390621
128,1.27,0.0,0.0,0.0,0.0,-0.01638346263261146,-0.3737062233295435,0.2638140603502023,0.9203803606199175,-1.6419211911942986,-1.7345335438103708,-0.09261235261607226,-0.35732276069693203
129,1.28,0.0,0.0,0.0,0.0,-0.013772970984335893,-0.3643008438076854,0.25828288382459147,0.9605644102534859,-1.6420719272775506,-1.7382239139752729,-0.09615198669772229,-0.3505278728233495
130,1.29,0.0,0.0,0.0,0.0,-0.011217814477610177,-0.3544976434475811,0.25274883408432325,0.9999360466151954,-1.6421968350959704,-1.7418182344713056,-0.09962139937533522,-0.34327982896997095
131,1.3,0.0,0.0,0.0,0.0,-0.008717968438590627,-0.34430499837564676,0.24722252544709414,1.0384451223830824,-1.6422964679660448,-1.7453125685528739,-0.10301610058682908,-0.33558702993705614
132,1.31,0.0,0.0,0.0,0.0,-0.006273304072633013,-0.33373177855859143,0.24171416626743042,1.076043025547958,-1.6423713784335359,-1.7487030657176408,-0.10633168728410491,-0.32745847448595844
133,1.32,0.0,0.0,0.0,0.0,-0.0038835925633909306,-0.32278733220179767,0.23623355155943696,1.1126827277771238,-1.642422117252707,-1.751985966567325,-0.10956384931461804,-0.31890373963840674
134,1.33,0.0,0.0,0.0,0.0,-0.0015485092303464537,-0.31148146970385393,0.23079005867241617,1.1483188248476972,-1.642449232406857,-1.7551576075101973,-0.11270837510334042,-0.3099329604735075
135,1.34,0.0,0.0,0.0,0.0,0.0007323622852503874,-0.2998244472455957,0.22539264591337346,1.1829075693513345,-1.6424532681705972,-1.7582144253012302,-0.11576115713063297,-0.30055680953084607
136,1.35,0.0,0.0,0.0,0.0,0.0029595258348519304,-0.2878269500896299,0.22004985398174334,1.2164068959442509,-1.6424347642140087,-1.7611529614166284,-0.11871819720261967,-0.2907864759244818
137,1.36,0.0,0.0,0.0,0.0,0.005133568604830886,-0.27550007566324036,0.21476981005527904,1.2487764394828929,-1.6423942547485375,-1.7639698662602126,-0.12157561151167506,-0.28063364426807125
138,1.37,0.0,0.0,0.0,0.0,0.007255157012051468,-0.26285531649386207,0.20956023434210508,1.2799775464461272,-1.642332267714223,-1.766661903199838,-0.12432963548561515,-0.27011047350591355
139,1.3800000000000001,0.0,0.0,0.0,0.0,0.009325032676440683,-0.24990454306202656,0.20442844889269174,1.3099732800986188,-1.642249324007603,-1.769225952432705,-0.12697662842510193,-0.2592295757384672
140,1.3900000000000001,0.0,0.0,0.0,0.0,0.011344008492049827,-0.23665998663189602,0.19938138844708872,1.3387284198968927,-1.6421459367494184,-1.7716590146790363,-0.12951307792961783,-0.24800399512394586
141,1.4000000000000001,0.0,0.0,0.0,0.0,0.013312964815769733,-0.22313422211428327,0.19442561307729309,1.3662094556791935,-1.642022610591034,-1.7739582147041812,-0.1319356041131472,-0.236447186930053
142,1.41,0.0,0.0,0.0,0.0,0.015232845790396875,-0.2093401510114765,0.18956732237204335,1.3923845772126024,-1.641879841058312,-1.7761208046697188,-0.1342409636114068,-0.22457299680187337
143,1.42,0.0,0.0,0.0,0.0,0.017104655816170624,-0.19529098448732082,0.18481237090189145,1.4172236596956638,-1.6417181139315251,-1.7781441673146021,-0.136426053383077,-0.21239564030349145
144,1.43,0.0,0.0,0.0,0.0,0.018929456182244075,-0.1810002265999378,0.18016628469571477,1.4406982458325865,-1.6415379046597618,-1.7800258189677882,-0.13848791430802643,-0.19992968278218187
145,1.44,0.0,0.0,0.0,0.0,0.020708361866843186,-0.16648165772823384,0.17563427845621282,1.4627815251055725,-1.641339677808179,-1.7817634123941413,-0.14042373458596225,-0.18719001959507703
146,1.45,0.0,0.0,0.0,0.0,0.02244253851213615,-0.1517493182170698,0.1712212732410095,1.4834483108755545,-1.6411238865363857,-1.7833547394756746,-0.14223085293928883,-0.17419185672920595
147,1.46,0.0,0.0,0.0,0.0,0.02413319957710866,-0.1368174922596631,0.1669319143377156,1.5026750159389897,-1.640890972106187,-1.784797733730419,-0.143906761624232,-0.16095069183677177
148,1.47,0.0,0.0,0.0,0.0,0.02578160366904351,-0.1217006920295589,0.16277058906567998,1.5204396271592933,-1.6406413634169073,-1.7860904726713558,-0.14544910925444854,-0.1474822956986024
149,1.48,0.0,0.0,0.0,0.0,0.027389052051561946,-0.10641364206838945,0.15874144424383105,1.5367216797768697,-1.6403754765665122,-1.7872311800079432,-0.14685570344143106,-0.13380269411995138
150,1.49,0.0,0.0,0.0,0.0,0.028956886324621026,-0.09097126392969775,0.15484840307295022,1.5515022319816876,-1.6400937144367866,-1.7882182276928058,-0.14812451325601916,-0.11992815025431877
151,1.5,0.0,0.0,0.0,0.0,0.03048648626939811,-0.0753886610733819,0.1510951811917302,1.564763840307352,-1.63979646630088,-1.7890501378161203,-0.14925367151524038,-0.10587514734278
152,1.51,0.0,0.0,0.0,0.0,0.03197926784865019,-0.05968110399987186,0.14748530167890053,1.5764905363761392,-1.6394841074516178,-1.7897255843501567,-0.15024147689853895,-0.09166037184852205
153,1.52,0.0,0.0,0.0,0.0,0.033436681350930246,-0.043864015608019495,0.14402210878830066,1.5866678054909755,-1.6391569988490786,-1.7902433947462943,-0.15108639589721573,-0.07730069695894974
154,1.53,0.0,0.0,0.0,0.0,0.034860209664991974,-0.027952956755906748,0.14070878022008682,1.595282567532982,-1.6388154867860667,-1.7906025513866508,-0.1517870646005841,-0.06281316642089872
155,1.54,0.0,0.0,0.0,0.0,0.03625136666883264,-0.011963611999390488,0.1375483377488424,1.6023231605827424,-1.6384599025702535,-1.7908021928922313,-0.1523422903219778,-0.04821497866822313
156,1.55,0.0,0.0,0.0,0.0,0.0376116957161257,0.004088224520763317,0.1345436560483284,1.6077793276398473,-1.638090562221926,-1.790841615289231,-0.15275105306730508,-0.033523471195362385
157,1.56,0.0,0.0,0.0,0.0,0.03894276820129137,0.020186663075820507,0.13169746957270975,1.6116422067690763,-1.6377077661864623,-1.790720273034817,-0.15301250684835477,-0.01875610512547086
158,1.57,0.0,0.0,0.0,0.0,0.040246182183156516,0.03631573226580157,0.12901237737512236,1.6139043249531577,-1.6373117990608463,-1.790437779903374,-0.15312598084252757,-0.0039304499173549445
159,1.58,0.0,0.0,0.0,0.0,0.04152356104607291,0.05245939289424189,0.1264908457664725,1.6145595958813521,-1.6369029293337394,-1.7899939097338236,-0.15309098040008418,0.01093583184816898
160,1.59,0.0,0.0,0.0,0.0,0.042776552176505035,0.06860155184127638,0.12413520874009257,1.613603321850791,-1.6364814091388467,-1.7893885970382406,-0.15290718789939395,0.025824999664771343
161,1.6,0.0,0.0,0.0,0.0,0.04400682563247135,0.08472607597683658,0.12194766611124258,1.6110321999035697,-1.6360474740215323,-1.7886219374715713,-0.152574463450039,0.04071925034436523
162,1.61,0.0,0.0,0.0,0.0,0.0452160727828322,0.10081680615670276,0.11993027934445899,1.6068443322672703,-1.6356013427188731,-1.787694188161843,-0.15209284544296975,0.05560073337387056
163,1.62,0.0,0.0,0.0,0.0,0.04640600489326901,0.11685757134454937,0.11808496506608666,1.6010392411102334,-1.635143216953567,-1.786605767899817,-0.15146255094625016,0.07045156645128037
164,1.6300000000000001,0.0,0.0,0.0,0.0,0.047578351635896445,0.1328322029029497,0.11641348628405844,1.5936178875657019,-1.6346732812423415,-1.7853572571866154,-0.15068397594427396,0.08525385126705326
165,1.6400000000000001,0.0,0.0,0.0,0.0,0.04873485949979394,0.14872454909555782,0.11491744136194318,1.584582694920936,-1.6341917027197475,-1.7839493981374117,-0.14975769541766426,0.09998968959576388
166,1.6500000000000001,0.0,0.0,0.0,0.0,0.04987729008033863,0.1645184898413559,0.1135982508192266,1.5739375758093492,-1.6336986309784307,-1.7823830942388772,-0.14868446326044646,0.11464119976101726
167,1.6600000000000001,0.0,0.0,0.0,0.0,0.051007418226065956,0.1801979517599435,0.11245714205482939,1.5616879631851652,-1.6331941979272084,-1.7806594099576585,-0.14746521203045004,0.12919053353387755
168,1.67,0.0,0.0,0.0,0.0,0.05212703002287863,0.19574692354434978,0.11149513211558294,1.5478408448021639,-1.632678517668473,-1.778779570196795,-0.14610105252832195,0.14361989352147114
169,1.68,0.0,0.0,0.0,0.0,0.05323792059676414,0.21114947169477882,0.11071300865582048,1.5324048008604867,-1.6321516863966457,-1.7767449595966291,-0.14459327319998352,0.1579115510980147
170,1.69,0.0,0.0,0.0,0.0,0.054341891717762394,0.22638975664304747,0.11011130925815382,1.5153900444289787,-1.6316137823195838,-1.7745571216764495,-0.14294333935686576,0.17204786492528507
171,1.7,0.0,0.0,0.0,0.0,0.05544074918974285,0.24145204929328565,0.10969029930864045,1.496808464195511,-1.631064865605007,-1.7722177578128269,-0.1411528922078198,0.1860113001035428
172,1.71,0.0,0.0,0.0,0.0,0.05653630001259402,0.2563207479997131,0.10944994864182515,1.4766736690445985,-1.6305049783541539,-1.7697287260503742,-0.13922374769622037,0.19978444798711908
173,1.72,0.0,0.0,0.0,0.0,0.05763034930568998,0.2709803959970524,0.10938990719220544,1.4550010339110075,-1.6299341446050006,-1.7670920397404757,-0.13715789513547505,0.21335004669136245
174,1.73,0.0,0.0,0.0,0.0,0.0587246969839635,0.28541569929338245,0.10950947990836002,1.431807746310598,-1.6293523703674777,-1.7643098660034042,-0.13495749563592654,0.22669100230941897
175,1.74,0.0,0.0,0.0,0.0,0.059821134180569564,0.29961154502902565,0.10980760120400819,1.4071128529058607,-1.6287596436931877,-1.761384524009182,-0.1326248803159944,0.2397904108484561
176,1.75,0.0,0.0,0.0,0.0,0.060921439412947725,0.313553020298439,0.11028280923634977,1.3809373054243625,-1.6281559347821783,-1.7583184830725318,-0.13016254829035345,0.2526315808854913
177,1.76,0.0,0.0,0.0,0.0,0.06202737449206685,0.32722543142508315,0.11093322031593969,1.353304005214105,-1.6275411961293402,-1.7551143605573307,-0.1275731644279905,0.2651980569330163
178,1.77,0.0,0.0,0.0,0.0,0.06314068017773732,0.34061432367193917,0.11175650376372208,1.3242378456916521,-1.6269153627129862,-1.751774919586123,-0.12485955687313677,0.27747364349420184
179,1.78,0.0,0.0,0.0,0.0,0.06426307158607751,0.35370550136278717,0.11274985753945234,1.2937657519172465,-1.6262783522281217,-1.748303066550447,-0.12202471432232542,0.28944242977670964
180,1.79,0.0,0.0,0.0,0.0,0.06539623335849426,0.3664850483816243,0.11390998497133141,1.2619167165168748,-1.625630065366843,-1.7447018484180299,-0.11907178305118693,0.30108881502313006
181,1.8,0.0,0.0,0.0,0.0,0.06654181460484912,0.3789393490097631,0.11523307291888968,1.228721831165147,-1.624970386148187,-1.7409744498332616,-0.11600406368507454,0.312397534404914
182,1.81,0.0,0.0,0.0,0.0,0.0677014236367993,0.3910551090522944,0.11671477169986343,1.1942143128453784,-1.6242991822996127,-1.7371241900078087,-0.11282500770819603,0.3233536854154951
183,1.82,0.0,0.0,0.0,0.0,0.06887662251058754,0.4028193771978136,0.1183501771067471,1.158429524115109,-1.623616305692119,-1.7331545193987468,-0.10953821370662786,0.333942754687226
184,1.83,0.0,0.0,0.0,0.0,0.0700689214017701,0.4142195665476926,0.1201338148296994,1.1214049866269635,-1.6229215928307956,-1.7290690161721909,-0.10614742334139526,0.34415064514592253
185,1.84,0.0,0.0,0.0,0.0,0.07127977283747712,0.425243476243828,0.12205962758942022,1.0831803871865262,-1.622214865402362,-1.7248713824510804,-0.10265651704871837,0.3539637034063509
186,1.85,0.0,0.0,0.0,0.0,0.07251056581475344,0.43587931311681544,0.12412096526643213,1.0437975756710602,-1.6214959308809769,-1.720565440346515,-0.09906950946553807,0.363368747302062
187,1.86,0.0,0.0,0.0,0.0,0.07376261983628869,0.44611571326999255,0.1263105782918678,1.0033005541855384,-1.6207645831933057,-1.7161551277728568,-0.0953905445795511,0.3723530934337039
188,1.87,0.0,0.0,0.0,0.0,0.07503717889737309,0.4559417635088645,0.12862061453944346,0.9617354568954201,-1.6200206034435038,-1.7116444940476885,-0.09162389060418465,0.3809045846114914
189,1.8800000000000001,0.0,0.0,0.0,0.0,0.07633540546016848,0.4653470225201765,0.13104261992893837,0.9191505200486177,-1.6192637606984237,-1.7070376952786452,-0.08777393458022155,0.38901161706000803
190,1.8900000000000001,0.0,0.0,0.0,0.0,0.07765837445332474,0.47432154170042773,0.13356754291837536,0.8755960417817035,-1.618493812832986,-1.7023389895401262,-0.0838451767071402,0.396663167247103
191,1.9000000000000001,0.0,0.0,0.0,0.0,0.07900706733656347,0.48285588553002196,0.13618574302552014,0.8311243313967955,-1.6177105074352622,-1.6975527318439025,-0.0798422244086403,0.40384881819345847
192,1.9100000000000001,0.0,0.0,0.0,0.0,0.08038236627106111,0.4909411513866049,0.13888700347964994,0.7857896478949706,-1.6169135827704182,-1.6926833689086997,-0.07576978613828156,0.4105587851155438
193,1.92,0.0,0.0,0.0,0.0,0.08178504843726354,0.4985689886895222,0.1416605480621929,0.7396481276582154,-1.6161027688022502,-1.6877354337349009,-0.07163266493265064,0.4167839402522587
194,1.93,0.0,0.0,0.0,0.0,0.08321578054212944,0.5057316172668085,0.14449506215039473,0.6927577012835615,-1.615277788270632,-1.6827135399916004,-0.06743575172096851,0.4225158367246791
195,1.94,0.0,0.0,0.0,0.0,0.08467511355771187,0.5124218448367249,0.14737871793212243,0.6451779996887899,-1.6144383578227661,-1.6776223762243287,-0.06318401840156262,0.4277467312790131
196,1.95,0.0,0.0,0.0,0.0,0.08616347773243503,0.518633083497653,0.15029920371298994,0.5969702497270193,-1.6135841891957212,-1.6724666998928297,-0.05888251069710848,0.432469605765218
197,1.96,0.0,0.0,0.0,0.0,0.08768117791539844,0.5243593651231118,0.15324375718982805,0.5481971596661003,-1.6127149904473244,-1.6672513312493304,-0.05453634080200609,0.43667818720771334
198,1.97,0.0,0.0,0.0,0.0,0.08922838923254732,0.5295953555628163,0.15619920251780853,0.4989227950060518,-1.6118304672320813,-1.66198114706875,-0.05015067983666866,0.440366966330269
199,1.98,0.0,0.0,0.0,0.0,0.09080515315159216,0.534336367556002,0.15915199095315513,0.44921244522171555,-1.6109303241184232,-1.6566610742432606,-0.04573075012483741,0.44353121440440985
200,1.99,0.0,0.0,0.0,0.0,0.09241137397016097,0.5385783722696571,0.16208824480985642,0.39913248212677715,-1.6100142659432137,-1.651296083254521,-0.0412818173113072,0.44616699829949613
201,2.0,0.0,0.0,0.0,0.0,0.09404681575884527,0.5423180093817878,0.16499380442807784,0.3487502106570722,-1.609081999199126,-1.645891181537739,-0.03680918233861297,0.4482711936229425
202,2.0100000000000002,0.0,0.0,0.0,0.0,0.09571109978758803,0.5455525956382882,0.16785427781465023,0.2981337129640149,-1.6081332334501952,-1.640451406752479,-0.03231817330228371,0.44984149585070016
203,2.02,0.0,0.0,0.0,0.0,0.0974037024602957,0.5482801318213186,0.17065509258272551,0.2473516867913855,-1.607167682770584,-1.6349818199757933,-0.0278141372052092,0.4508764293610229
204,2.0300000000000002,0.0,0.0,0.0,0.0,0.09912395377868088,0.5504993080771917,0.1733815497891129,0.19647327917893512,-1.6061850672013729,-1.6294874988338353,-0.023302431632462373,0.45137535429851083
205,2.04,0.0,0.0,0.0,0.0,0.1008710363522038,0.5522095075624914,0.17601887924439652,0.1455679165931482,-1.6051851142199927,-1.623973530588572,-0.01878841636857942,0.45133847121028764
206,2.05,0.0,0.0,0.0,0.0,0.10264398496664105,0.553410808378385,0.1785522958531039,0.09470513262783341,-1.604167560216774,-1.618445005196574,-0.014277444979799991,0.4507668234117439
207,2.06,0.0,0.0,0.0,0.0,0.10444168671931477,0.5541039837746554,0.18096705652931505,0.04395439444436718,-1.6031321519729822,-1.6129070083571027,-0.009774856384120456,0.44966229705534067
208,2.07,0.0,0.0,0.0,0.0,0.10626288172443758,0.5542905006167561,0.18324851722732885,-0.006615070867290274,-1.6020786481346505,-1.6073646145668439,-0.005285966432193368,0.4480276188923185
209,2.08,0.0,0.0,0.0,0.0,0.10810616438742218,0.5539725161209875,0.18538218962746675,-0.056934448830327486,-1.601006820676511,-1.6018228801986356,-0.0008160595221247126,0.44586635173356537
210,2.09,0.0,0.0,0.0,0.0,0.1099699852424305,0.5531528728745725,0.1873537970237704,-0.10693550786948533,-1.5999164563503614,-1.5962868366214427,0.0036296197289187315,0.443182887632142
211,2.1,0.0,0.0,0.0,0.0,0.11185265334296816,0.5518350921687996,0.18914932897302536,-0.15655076622596698,-1.5988073581122797,-1.5907614833785884,0.008045874733691338,0.4399824388258314
212,2.11,0.0,0.0,0.0,0.0,0.11375233919100687,0.5500233656843683,0.19075509428309412,-0.20571365442908132,-1.5976793465232266,-1.585251781440936,0.012427565082290704,0.4362710264933614
213,2.12,0.0,0.0,0.0,0.0,0.11566707818601796,0.5477225455784521,0.19215777194244726,-0.2543586723190639,-1.59653226111774,-1.5797626465512489,0.016769614566491065,0.43205546739243417
214,2.13,0.0,0.0,0.0,0.0,0.11759477457145436,0.5449381330326862,0.19334445962170776,-0.30242153969186747,-1.5953659617356313,-1.5742989426754328,0.021067019060198477,0.4273433584612319
215,2.14,0.0,0.0,0.0,0.0,0.11953320585269502,0.5416762653301415,0.19430271941133864,-0.3498393397241285,-1.5941803298118375,-1.5688654755757094,0.025314854236128115,0.42214305947744646
216,2.15,0.0,0.0,0.0,0.0,0.12148002765728448,0.5379437015372982,0.19502062049672148,-0.3965506544329015,-1.5929752696198565,-1.563466986520065,0.029508283099791473,0.4164636738800137
217,2.16,0.0,0.0,0.0,0.0,0.12343277900551693,0.5337478068739646,0.19548677851210955,-0.44249569152869145,-1.5917507094644994,-1.5581081461415083,0.03364256332299109,0.4103150278684477
218,2.17,0.0,0.0,0.0,0.0,0.12538888795703507,0.5290965358599645,0.19569039135759272,-0.487616402129569,-1.5905066028200296,-1.552793548459825,0.03771305436020467,0.40370764790292946
219,2.18,0.0,0.0,0.0,0.0,0.12734567759718143,0.5239984143321706,0.19562127130750517,-0.5318565889170764,-1.5892429294101045,-1.547527705077589,0.0417152243325154,0.39665273673498924
220,2.19,0.0,0.0,0.0,0.0,0.1293003723253444,0.5184625204290918,0.19526987328394443,-0.5751620044289286,-1.5879596962263118,-1.5423150395612524,0.045644656665059465,0.3891621481037474
221,2.2,0.0,0.0,0.0,0.0,0.13125010440651005,0.512498464642687,0.19462731921449308,-0.6174804392977465,-1.5866569384824756,-1.537159882017132,0.04949705646534364,0.3812483602361769
222,2.21,0.0,0.0,0.0,0.0,0.13319192074664274,0.5061163690384416,0.19368541843810094,-0.6587618003568024,-1.5853347205022925,-1.5320664638711265,0.05326825663116597,0.3729244482917988
223,2.22,0.0,0.0,0.0,0.0,0.1351227898523804,0.4993268457449684,0.19243668416682916,-0.6989581786420406,-1.5839931365382607,-1.5270389128599648,0.056954223678295834,0.364204055892588
224,2.23,0.0,0.0,0.0,0.0,0.1370396089358154,0.4921409748136034,0.19087434605304773,-0.7380239074221737,-1.582632311520254,-1.522081248240794,0.06055106327946014,0.355101365877788
225,2.24,0.0,0.0,0.0,0.0,0.13893921112583132,0.48457028154664467,0.1889923589512141,-0.7759156104846764,-1.5812524017324843,-1.5171973762249076,0.06405502550757669,0.3456310704208133
226,2.25,0.0,0.0,0.0,0.0,0.1408183727485391,0.4766267133901751,0.18678540800007154,-0.8125922409934262,-1.5798535954179729,-1.5123910856404497,0.06746250977752323,0.335808340641636
227,2.2600000000000002,0.0,0.0,0.0,0.0,0.14267382064078904,0.4683226164838308,0.18424891018454512,-0.8480151113128895,-1.578436113310024,-1.5076660438279779,0.07077006948204612,0.32564879584304174
228,2.27,0.0,0.0,0.0,0.0,0.14450223946247578,0.45967071195559206,0.1813790125664905,-0.8821479142631474,-1.5770002090905415,-1.5030257927718784,0.07397441631866308,0.3151684724931163
229,2.2800000000000002,0.0,0.0,0.0,0.0,0.14630027897538278,0.45068407204470456,0.1781725873994349,-0.9149567363293244,-1.575546169775363,-1.4984737454697563,0.07707242430560668,0.3043837930693218
230,2.29,0.0,0.0,0.0,0.0,0.14806456125857312,0.44137609613037343,0.17462722436449027,-0.946410063397686,-1.5740743160270998,-1.4940131825411327,0.08006113348596712,0.2933115348718003
231,2.3000000000000003,0.0,0.0,0.0,0.0,0.1497916878328028,0.43176048673792655,0.17074122018247834,-0.9764787796288025,-1.5725850023962549,-1.4896472490760229,0.08293775332023201,0.2819687989051237
232,2.31,0.0,0.0,0.0,0.0,0.15147824666905055,0.42185122558791827,0.16651356587109115,-1.0051361601056727,-1.571078617491658,-1.4853789517232918,0.0856996657683662,0.2703729789188677
233,2.32,0.0,0.0,0.0,0.0,0.15312081905900268,0.41166254974714583,0.16194393192552434,-1.0323578579118862,-1.569555584081487,-1.4812111560180532,0.0883444280634338,0.2585417306881431
234,2.33,0.0,0.0,0.0,0.0,0.15471598632814346,0.4012089279339794,0.15703265170670122,-1.0581218863020985,-1.5680163591263567,-1.4771465839468294,0.09086977517952732,0.24649294160583593
235,2.34,0.0,0.0,0.0,0.0,0.1562603363749571,0.390505037023772,0.15178070332300075,-1.0824085966249326,-1.5664614337461347,-1.473187811748693,0.09327362199744173,0.2342447006488149
236,2.35,0.0,0.0,0.0,0.0,0.15775047002260054,0.3795657387935627,0.14618969028954454,-1.1052006526473328,-1.564891333122291,-1.4693372679501864,0.09555406517210453,0.22181526877096217
237,2.36,0.0,0.0,0.0,0.0,0.15918300717222064,0.3684060569389016,0.14026182124385636,-1.1264830019102914,-1.5633066163377163,-1.4655972316314607,0.09770938470625558,0.20922304976668096
238,2.37,0.0,0.0,0.0,0.0,0.16055459274984168,0.35704115438942546,0.13399988898828563,-1.1462428447194275,-1.561707876156033,-1.4619698309207698,0.0997380452352632,0.19648656163958378
239,2.38,0.0,0.0,0.0,0.0,0.16186190244139514,0.345486310943969,0.1274072491183368,-1.1644696013409117,-1.5600957387424932,-1.458457041714228,0.10163869702826522,0.18362440850257383
240,2.39,0.0,0.0,0.0,0.0,0.16310164821299164,0.33375690124044827,0.12048779848220732,-1.1811548779346561,-1.5584708633285982,-1.455060686617552,0.10341017671104624,0.17065525302745663
241,2.4,0.0,0.0,0.0,0.0,0.16427058361590602,0.32186837307067967,0.11324595370081818,-1.1962924317133259,-1.5568339418225938,-1.4517824341063865,0.1050515077162073,0.15759778945477365
242,2.41,0.0,0.0,0.0,0.0,0.16536550887795423,0.30983622604561195,0.10568662995959686,-1.2098781357683526,-1.5551856983679841,-1.4486237979017322,0.10656190046625191,0.14447071716765772
243,2.42,0.0,0.0,0.0,0.0,0.1663832757849534,0.2976759906123214,0.0978152202637606,-1.2219099439538306,-1.5535268888521871,-1.445586136556962,0.10794075229522515,0.131292714827368
244,2.43,0.0,0.0,0.0,0.0,0.16732079235777372,0.2854032074204393,0.08963757532791536,-1.2323878561663981,-1.5518583003674005,-1.442670653252916,0.10918764711448438,0.11808241506266556
245,2.44,0.0,0.0,0.0,0.0,0.16817502733208756,0.27303340703260226,0.08115998424902097,-1.2413138843051335,-1.5501807506256924,-1.4398783957976093,0.11030235482808305,0.1048583797005147
246,2.45,0.0,0.0,0.0,0.0,0.16894301444930215,0.26058208997091836,0.0723891560891694,-1.2486920191405035,-1.5484950873302448,-1.437210256827143,0.1112848305031018,0.09163907552161621
247,2.46,0.0,0.0,0.0,0.0,0.1696218565683095,0.2480647070894586,0.06333220247173534,-1.2545281982664056,-1.5468021875045925,-1.4346669742045164,0.11213521330007614,0.0784428505211491
248,2.47,0.0,0.0,0.0,0.0,0.17020872960861017,0.23549664026128297,0.05399662127135282,-1.2588302752549632,-1.545102956781597,-1.4322491316131278,0.11285382516846922,0.06528791065267281
249,2.48,0.0,0.0,0.0,0.0,0.17070088633605443,0.22289318336761554,0.04439028145520176,-1.2616079900803725,-1.543398328653785,-1.429957159341886,0.11344116931189885,0.05219229703156111
250,2.49,0.0,0.0,0.0,0.0,0.17109566000290788,0.21026952357634413,0.03452140911047163,-1.2628729408266228,-1.541689263686568,-1.4277913352589713,0.11389792842759673,0.039173863573436246
251,2.5,0.0,0.0,0.0,0.0,0.1713904678541844,0.19764072289715678,0.02439857467078462,-1.2626385566444678,-1.539976748695741,-1.4257517859714188,0.11422496272432216,0.026250255042972376
252,2.5100000000000002,0.0,0.0,0.0,0.0,0.17158281451221188,0.18502170000117316,0.014030681333077655,-1.2609200718763747,-1.5382617958905345,-1.4238384881678179,0.1144233077227166,0.013438885488961272
253,2.52,0.0,0.0,0.0,0.0,0.17167029525120647,0.17242721229399896,0.003426954636078931,-1.2577345012244439,-1.5365454419833826,-1.4220512701415393,0.11449417184184331,0.0007569170427924876
254,2.5300000000000002,0.0,0.0,0.0,0.0,0.17165059917324735,0.15987183823254997,-0.007403066847713293,-1.2531006157960882,-1.534828747267446,-1.420389813492006,0.1144389337754399,-0.01177876094069738
255,2.54,0.0,0.0,0.0,0.0,0.17152151229647045,0.14736995987786577,-0.01844953977256639,-1.2470389198257472,-1.5331127946628242,-1.4188536550016102,0.11425913966121405,-0.02415155241860467
256,2.5500000000000003,0.0,0.0,0.0,0.0,0.17128092056555702,0.13493574567828076,-0.02970232331514964,-1.239571627838364,-1.5313986887322808,-1.4174421886859456,0.11395650004633517,-0.03634517488727626
257,2.56,0.0,0.0,0.0,0.0,0.17092681279368963,0.12258313347984329,-0.04115098560276502,-1.230722641992237,-1.5296875546672155,-1.4161546680150725,0.113532886652143,-0.04834367931384634
258,2.57,0.0,0.0,0.0,0.0,0.17045728354410614,0.11032581376358493,-0.052784809385049085,-1.2205175293149966,-1.5279805372445237,-1.414990208303543,0.11299032894098061,-0.06013146978052121
259,2.58,0.0,0.0,0.0,0.0,0.16987053595821378,0.09817721311223505,-0.06459279707149969,-1.208983498527491,-1.5262787997549134,-1.4139477892669112,0.1123310104880022,-0.07169332284597872
260,2.59,0.0,0.0,0.0,0.0,0.16916488453595208,0.08615047791208379,-0.07656367526692506,-1.1961493761359923,-1.5245835229031846,-1.4130262577424062,0.11155726516077835,-0.08301440662386829
261,2.6,0.0,0.0,0.0,0.0,0.16833875787273161,0.07425845829894362,-0.08868589894466147,-1.182045581463827,-1.5228959036809226,-1.4122243305713742,0.11067157310954845,-0.094080299573788
262,2.61,0.0,0.0,0.0,0.0,0.16739070135584702,0.06251369236049398,-0.10094765540319271,-1.1667041002891134,-1.5212171542120307,-1.411540597640992,0.10967655657103868,-0.10487700899535304
263,2.62,0.0,0.0,0.0,0.0,0.1663193798217847,0.05092839061059747,-0.11333686815563603,-1.1501584567558412,-1.5195485005714906,-1.4109735250826105,0.10857497548888007,-0.11539098921118723
264,2.63,0.0,0.0,0.0,0.0,0.16512358017434237,0.03951442075451358,-0.12584120090325662,-1.1324436832311693,-1.5178911815777474,-1.4105214586239176,0.10736972295382974,-0.12560915941982878
265,2.64,0.0,0.0,0.0,0.0,0.16380221396196298,0.028283292767125042,-0.1384480617439239,-1.1135962877922578,-1.5162464475591146,-1.4101826270919047,0.10606382046720998,-0.13551892119483794
266,2.65,0.0,0.0,0.0,0.0,0.16235431991118984,0.017246144309419762,-0.1511446077640912,-1.093654219041301,-1.5146155590946229,-1.409955146063381,0.10466041303124185,-0.14510817560177008
267,2.66,0.0,0.0,0.0,0.0,0.16077906641167963,0.00641372651135513,-0.16391775015861354,-1.0726568279673552,-1.5129997857297697,-1.4098370216595157,0.10316276407025393,-0.1543653399003245
268,2.67,0.0,0.0,0.0,0.0,0.15907575394680087,-0.004203609848039919,-0.176754160016456,-1.0506448265980106,-1.5114004046676888,-1.4098261544805928,0.101574250187096,-0.1632793637948408
269,2.68,0.0,0.0,0.0,0.0,0.1572438174624991,-0.014595927730072076,-0.1896402749023283,-1.0276602432124982,-1.5098186994363125,-1.4099203436768402,0.09989835575947238,-0.17183974519257117
270,2.69,0.0,0.0,0.0,0.0,0.15528282866586204,-0.024753716759890777,-0.20256230635440273,-1.00374637392036,-1.5082559585321913,-1.4101172911508542,0.09813866738133714,-0.18003654542575281
271,2.7,0.0,0.0,0.0,0.0,0.15319249824366765,-0.03466790564693488,-0.21550624840686344,-0.9789477304457096,-1.5067134740417187,-1.4104146058867755,0.09629886815494326,-0.18786040389060255
272,2.71,0.0,0.0,0.0,0.0,0.15097267799017897,-0.044329874063722005,-0.22845788723309643,-0.9533099839961663,-1.5051925402406148,-1.4108098084009937,0.0943827318396211,-0.19530255205390096
273,2.72,0.0,0.0,0.0,0.0,0.14862336283255637,-0.05373146394340938,-0.24140281199105312,-0.9268799051372137,-1.5036944521726336,-1.4113003353087668,0.09239411686386689,-0.20235482677596575
274,2.73,0.0,0.0,0.0,0.0,0.14614469274152456,-0.06286499015595172,-0.2543264269369527,-0.8997052996364174,-1.502220504208581,-1.4118835440007425,0.09033696020783853,-0.2090096828974763
275,2.74,0.0,0.0,0.0,0.0,0.14353695451434456,-0.07172325052257834,-0.2672139648571654,-0.871834940287142,-1.500771988586851,-1.4125567174229676,0.08821527116388328,-0.2152602050369229
276,2.75,0.0,0.0,0.0,0.0,0.14080058341673382,-0.08029953512861195,-0.2800505018510493,-0.8433184947676442,-1.4993501939368281,-1.4133170689535652,0.08603312498326288,-0.22110011854534578
277,2.7600000000000002,0.0,0.0,0.0,0.0,0.13793616467013028,-0.08858763489546782,-0.2928209734800188,-0.8142064496377254,-1.4979564037866322,-1.4141617473688692,0.08379465641776296,-0.2265237995655981
278,2.77,0.0,0.0,0.0,0.0,0.1349444347706399,-0.09658184937390074,-0.30551019228030335,-0.7845500306213234,-1.4965918950568204,-1.4150878418914157,0.08150405316540478,-0.23152628414454063
279,2.7800000000000002,0.0,0.0,0.0,0.0,0.13182628262611287,-0.10427699372230032,-0.31810286661913406,-0.75440111936834,-1.4952579365417975,-1.4160923873118214,0.07916554922997611,-0.2361032763484132
280,2.79,0.0,0.0,0.0,0.0,0.12858275049809392,-0.11166840483596427,-0.3305836208564849,-0.7238121669325314,-1.4939557873808216,-1.417172369176227,0.07678341820459456,-0.2402511553340582
281,2.8000000000000003,0.0,0.0,0.0,0.0,0.1252150347358463,-0.1187519465958772,-0.342937016757567,-0.6928361042431365,-1.4926866955206175,-1.4183247290306569,0.07436196648996063,-0.2439669813317235
282,2.81,0.0,0.0,0.0,0.0,0.12172448629028963,-0.12552401420847065,-0.3551475760848698,-0.6615262498862601,-1.4914518961717431,-1.419546369713342,0.07190552645840122,-0.2472485004987603
283,2.82,0.0,0.0,0.0,0.0,0.11811261099647145,-0.13198153761119685,-0.3671998042833402,-0.6299362155463426,-1.490252610260962,-1.420834160685791,0.06941844957517085,-0.2500941486076683
284,2.83,0.0,0.0,0.0,0.0,0.11438106961413634,-0.1381219839223909,-0.37907821515807083,-0.5981198094887831,-1.4890900428819933,-1.4221849433931542,0.06690509948883916,-0.25250305353652724
285,2.84,0.0,0.0,0.0,0.0,0.11053167761702297,-0.14394335891785046,-0.39076735643118676,-0.5661309384905953,-1.4879653817471072,-1.423595536644231,0.06436984510287624,-0.2544750365348734
286,2.85,0.0,0.0,0.0,0.0,0.10656640472270902,-0.14944420752074086,-0.4022518360534727,-0.5340235086469821,-1.4868797956421145,-1.425062742001322,0.061817053640792485,-0.2560106122434499
287,2.86,0.0,0.0,0.0,0.0,0.10248737415612326,-0.15462361329578458,-0.4135163491367955,-0.5018513254974927,-1.4858344328873874,-1.426583349170005,0.0592510837173823,-0.25711098745190786
288,2.87,0.0,0.0,0.0,0.0,0.09829686164121336,-0.15948119694320217,-0.42454570536586433,-0.46966799392546466,-1.4848304198075988,-1.4281541413788548,0.05667627842874401,-0.25777805858441555
289,2.88,0.0,0.0,0.0,0.0,0.0939972941167137,-0.16401711379241937,-0.4353248567421667,-0.43752681828902523,-1.4838688592129226,-1.429771900739098,0.05409695847382445,-0.2580144079091331
290,2.89,0.0,0.0,0.0,0.0,0.08959124817343703,-0.16823205030015106,-0.44583892550934057,-0.4054807032405184,-1.482950828894466,-1.4314334135742233,0.051517415320242683,-0.2578232984735881
291,2.9,0.0,0.0,0.0,0.0,0.08508144821204304,-0.17212721956199753,-0.4560732321076019,-0.3735820556842808,-1.4820773801367273,-1.433135475709627,0.04894190442710023,-0.25720866777404056
292,2.91,0.0,0.0,0.0,0.0,0.08047076432174805,-0.17570435585114183,-0.4660133230052966,-0.34188268831000523,-1.4812495362498723,-1.434874897712502,0.04637463853737023,-0.2561751201728899
293,2.92,0.0,0.0,0.0,0.0,0.07576220988196125,-0.17896570820201174,-0.4756449982580382,-0.3104337251210155,-1.4804682911246108,-1.4366485100723168,0.043819781052294,-0.254727918083973
294,2.93,0.0,0.0,0.0,0.0,0.07095893889029578,-0.18191403306086362,-0.48495433865022997,-0.27928550935368396,-1.4797346078124276,-1.4384531683124486,0.041281439499978985,-0.25287297195115943
295,2.94,0.0,0.0,0.0,0.0,0.06606424302183851,-0.1845525860290625,-0.4939277322798496,-0.24848751415667178,-1.479049417133884,-1.4402857580237631,0.03876365911012081,-0.250616829050901
296,2.95,0.0,0.0,0.0,0.0,0.06108154842590308,-0.1868851127283733,-0.5025519004552135,-0.21808825636677853,-1.4784136163176422,-1.4421431998112093,0.03627041650643292,-0.24796666115427637
297,2.96,0.0,0.0,0.0,0.0,0.056014412267771437,-0.18891583882076343,-0.5108139227816892,-0.18813521368284492,-1.4778280676728068,-1.4440224541448132,0.0338056135279936,-0.24493025108853486
298,2.97,0.0,0.0,0.0,0.0,0.050866519024083866,-0.19064945921804885,-0.5187012613269811,-0.15867474550071456,-1.4772935972970853,-1.445920526106788,0.03137307119029731,-0.24151597824213272
299,2.98,0.0,0.0,0.0,0.0,0.045641676541607265,-0.19209112651913723,-0.5262017837653207,-0.12975201763156788,-1.4768109938231886,-1.447834470026845,0.028976523796343523,-0.2377328030607445
300,2.99,0.0,0.0,0.0,0.0,0.04034381187003128,-0.19324643871464003,-0.5333037854135761,-0.10141093108345338,-1.4763810072057821,-1.4497613939981824,0.026619613207599757,-0.2335902505846713
301,3.0,0.0,0.0,0.0,0.0,0.03497696688026012,-0.1941214262002017,-0.5399960100856116,-0.07369405504251449,-1.4760043475511915,-1.4516984642670259,0.024305883284165608,-0.22909839308046182
302,3.0100000000000002,0.0,0.0,0.0,0.0,0.029545293680321025,-0.1947225381410453,-0.5462676697050193,-0.04664256414670478,-1.4756816839919467,-1.4536429094890257,0.02203877450292091,-0.2242678318213663
303,3.02,0.0,0.0,0.0,0.0,0.024053049841554514,-0.1950566282309415,-0.5521084626303223,-0.02029618010162297,-1.4754136436081282,-1.4555920248462328,0.019821618761895365,-0.219109678072496
304,3.0300000000000002,0.0,0.0,0.0,0.0,0.018504593448124936,-0.1951309398890952,-0.5575085906607867,0.005306882354156523,-1.4752008103973442,-1.4575431760188196,0.017657634378524634,-0.21363553333722013
305,3.04,0.0,0.0,0.0,0.0,0.01290437798315511,-0.19495309093831162,-0.5624587747046792,0.03012996516716057,-1.4750437242950405,-1.4594938030061384,0.015549921288902091,-0.20785746892146673
306,3.0500000000000003,0.0,0.0,0.0,0.0,0.007256947064887544,-0.19453105780728386,-0.5669502691051589,0.05413801244156917,-1.474942880246712,-1.4614414237921496,0.013501456454562355,-0.2017880048721714
307,3.06,0.0,0.0,0.0,0.0,0.0015669290462750774,-0.19387315929895382,-0.5709748746316572,0.07729761177246953,-1.474898727333444,-1.4633836378506646,0.01151508948277935,-0.1954400883452289
308,3.0700000000000003,0.0,0.0,0.0,0.0,-0.004160968508751246,-0.19298803996567368,-0.5745249501564396,0.09957703157792225,-1.4749116679520875,-1.465318129486277,0.00959353846581057,-0.18882707145692243
309,3.08,0.0,0.0,0.0,0.0,-0.009921964459324827,-0.1918846531303716,-0.5775934230469392,0.1209462545960011,-1.4749820570512324,-1.4672426710072402,0.007739386043992269,-0.18196268867104676
310,3.09,0.0,0.0,0.0,0.0,-0.015711209819356618,-0.19057224359113795,-0.5801737983141944,0.14137700773696754,-1.4751102014240207,-1.469155125726946,0.005955075697074763,-0.17486103377178133
311,3.1,0.0,0.0,0.0,0.0,-0.021523793574710882,-0.18906033004464778,-0.5822601665662654,0.16084278850030964,-1.475296359058714,-1.4710534507910127,0.004242908267701351,-0.1675365364699369
312,3.11,0.0,0.0,0.0,0.0,-0.027354748574171073,-0.18735868726165714,-0.5838472108227135,0.17931888818143518,-1.475540738547811,-1.472935699827342,0.0026050387204690217,-0.16000393868748605
313,3.12,0.0,0.0,0.0,0.0,-0.03319905748311426,-0.18547732804550685,-0.5849302122520451,0.19678241210312628,-1.475843498556397,-1.4748000254168212,0.0010434731395758678,-0.15227827056239257
314,3.13,0.0,0.0,0.0,0.0,-0.039051658789445776,-0.18342648500218736,-0.5855050548984312,0.21321229711248624,-1.4762047473503006,-1.476644681382645,-0.0004399340323444357,-0.14437482621274159
315,3.14,0.0,0.0,0.0,0.0,-0.04490745285203924,-0.18121659214809724,-0.5855682294669544,0.22858932658507933,-1.476624542384529,-1.4784680248965056,-0.0018434825119766354,-0.136309139296058
316,3.15,0.0,0.0,0.0,0.0,-0.05076130798261227,-0.17885826637923133,-0.5851168362381762,0.2428961431743311,-1.4771028899523635,-1.480268518400149,-0.0031656284477854513,-0.12809695839661905
317,3.16,0.0,0.0,0.0,0.0,-0.0566080665526943,-0.17636228882318394,-0.5841485871829141,0.2561172595362529,-1.4776397448954046,-1.4820447313410208,-0.004404986445616155,-0.11975422227048965
318,3.17,0.0,0.0,0.0,0.0,-0.06244255111803008,-0.17373958609311607,-0.5826618073468713,0.2682390672473287,-1.478235010374781,-1.483795341720926,-0.0055603313461449755,-0.111297034975086
319,3.18,0.0,0.0,0.0,0.0,-0.0682595705534639,-0.17100121146072744,-0.5806554355722447,0.27924984411745096,-1.4788885377036596,-1.4855191374568104,-0.006630599753150834,-0.10274164090726354
320,3.19,0.0,0.0,0.0,0.0,-0.07405392619198668,-0.16815832596335747,-0.578129024619679,0.2891397600801464,-1.4796001262411314,-1.4872150175529306,-0.0076148913117992665,-0.09410439977137079
321,3.2,0.0,0.0,0.0,0.0,-0.07982041796225454,-0.1652221794586201,-0.5750827407491371,0.29790088181974755,-1.4803695233474834,-1.4888819930838226,-0.008512469736339234,-0.08540176149636557
322,3.21,0.0,0.0,0.0,0.0,-0.08555385051942907,-0.16220409163851418,-0.571517362812399,0.30552717626965203,-1.4811964244008176,-1.4905191879876034,-0.009322763586785854,-0.07665024111908511
323,3.22,0.0,0.0,0.0,0.0,-0.09124903936469962,-0.15911543301373723,-0.5674342809032702,0.3120145130883173,-1.4820804728749246,-1.4921258396692578,-0.01004536679433321,-0.06786639364903761
324,3.23,0.0,0.0,0.0,0.0,-0.09690081694925667,-0.1559676058780189,-0.5628354946041891,0.31736066619014647,-1.4830212604782782,-1.4937012994136596,-0.010680038935381385,-0.059066788928762215
325,3.24,0.0,0.0,0.0,0.0,-0.10250403875884873,-0.15277202526166173,-0.5577236108599339,0.3215653143777767,-1.4840183273539764,-1.495245032608175,-0.011226705254198555,-0.050267986502813
326,3.25,0.0,0.0,0.0,0.0,-0.10805358937530442,-0.1495400998831783,-0.5521018415008171,0.3246300410909145,-1.4850711623404147,-1.4967566187747836,-0.011685456434368913,-0.04148651050787387
327,3.2600000000000002,0.0,0.0,0.0,0.0,-0.11354438851159888,-0.14628321310791056,-0.5459740004290448,0.3265583332551719,-1.4861792032924461,-1.4982357514117455,-0.012056548119299348,-0.03273882459631168
328,3.27,0.0,0.0,0.0,0.0,-0.1189713970171198,-0.14301270392285004,-0.5393445004732275,0.32735557918300495,-1.4873418374627447,-1.4996822376449246,-0.012340400182179856,-0.02404130690573024
329,3.2800000000000002,0.0,0.0,0.0,0.0,-0.12432962284981115,-0.13973984793749997,-0.5322183499072737,0.3270290654482908,-1.48855840194306,-1.5010959976889848,-0.012537595745924834,-0.015410225087688814
330,3.29,0.0,0.0,0.0,0.0,-0.12961412701177655,-0.13647583842156333,-0.5246011486214269,0.32558797262678346,-1.4898281841650118,-1.5024770641187668,-0.012648879953754966,-0.00686171140978678
331,3.3000000000000003,0.0,0.0,0.0,0.0,-0.1348200294447755,-0.133231767391447,-0.5164990839250265,0.3230433697671913,-1.4911504224600451,-1.5038255809512775,-0.012675158491232352,0.0015882620533285152
332,3.31,0.0,0.0,0.0,0.0,-0.1399425148817883,-0.13001860675906368,-0.5079189259529138,0.31940820743229187,-1.492524306678122,-1.5051418025388423,-0.01261749586072036,0.009923908122724617
333,3.3200000000000003,0.0,0.0,0.0,0.0,-0.14497683865052327,-0.12684718955812485,-0.49886802264035696,0.31469730912689015,-1.4939489788646936,-1.506426092274121,-0.012477113409427476,0.01812964909239842
334,3.33,0.0,0.0,0.0,0.0,-0.14991833242434213,-0.12372819126505975,-0.48935429422508964,0.3089273609097935,-1.4954235339954478,-1.507678921107843,-0.012255387112395155,0.02619014115928238
335,3.34,0.0,0.0,0.0,0.0,-0.15476240991565146,-0.12067211123379942,-0.4793862272296241,0.30211689897079974,-1.4969470207682827,-1.5089008658803051,-0.011953845112022465,0.03409029868185204
336,3.35,0.0,0.0,0.0,0.0,-0.15950457250630434,-0.11768925426592755,-0.4689728678725573,0.29428629494115344,-1.4985184424519045,-1.5100926074678755,-0.011574165015971081,0.04181531824037679
337,3.36,0.0,0.0,0.0,0.0,-0.16414041480903363,-0.11478971234005696,-0.4581238148542147,0.2854577386974543,-1.5001367577903884,-1.511254928745973,-0.011118170955584539,0.04935070246897667
338,3.37,0.0,0.0,0.0,0.0,-0.16866563015337863,-0.11198334652671635,-0.44684921145967743,0.27565521841457735,-1.5018008819629836,-1.5123887123702455,-0.010587830407261967,0.05668228362666228
339,3.38,0.0,0.0,0.0,0.0,-0.17307601598898442,-0.10927976911748405,-0.4351597369212267,0.2649044976232102,-1.5035096875983691,-1.513494938377945,-0.009985250779575905,0.06379624687150037
340,3.39,0.0,0.0,0.0,0.0,-0.1773674791985847,-0.10668832599952448,-0.423066596982344,0.2532330890319474,-1.5052620058424997,-1.5145746816117909,-0.009312675769291179,0.07067915319906022
341,3.4,0.0,0.0,0.0,0.0,-0.1815360413123931,-0.10421807930905067,-0.4105815136068824,0.24067022488285514,-1.5070566274790926,-1.5156291089689469,-0.008572481489854235,0.07731796200334243
342,3.41,0.0,0.0,0.0,0.0,-0.18557784361508983,-0.10187779039947646,-0.39771671377960716,0.22724682362257678,-1.5088923041017321,-1.516659476478075,-0.007767172376342835,0.08370005321561337
343,3.42,0.0,0.0,0.0,0.0,-0.18948915213605783,-0.09967590316212446,-0.38448491734826284,0.2129954526887793,-1.510767749336466,-1.5176671262078,-0.006899376871334128,0.08981324897393336
344,3.43,0.0,0.0,0.0,0.0,-0.193266362513061,-0.09762052773924451,-0.3708993238623684,0.1979502872335099,-1.5126816401136807,-1.5186534830103107,-0.0059718428966299975,0.0956458347738165
345,3.44,0.0,0.0,0.0,0.0,-0.19690600471912784,-0.09571942467076386,-0.3569735983701645,0.18214706463073757,-1.5146326179879381,-1.5196200511042228,-0.00498743311628469,0.10118658004836398
346,3.45,0.0,0.0,0.0,0.0,-0.20040474764206404,-0.09397998951756632,-0.34272185614240325,0.16562303464475678,-1.5166192905043532,-1.5205684105012578,-0.003949119996904615,0.10642475812449771
347,3.46,0.0,0.0,0.0,0.0,-0.2037594035057349,-0.09240923800517657,-0.3281586462998987,0.14841690516882616,-1.5186402326099837,-1.5215002132817184,-0.002859980671734652,0.11135016550055833
348,3.47,0.0,0.0,0.0,0.0,-0.20696693212208211,-0.0910137917324507,-0.3132989343307932,0.1305687834789025,-1.5206939881085977,-1.522417179724189,-0.0017231916155913127,0.11595314038963142
349,3.48,0.0,0.0,0.0,0.0,-0.21002444496273728,-0.08979986449024271,-0.2981580834932936,0.112120112985387,-1.5227790711570663,-1.523321094295335,-0.0005420231382686769,0.12022458047249457
350,3.49,0.0,0.0,0.0,0.0,-0.21292920903911347,-0.08877324923498471,-0.2827518351099253,0.09311360550561773,-1.5248939678015265,-1.524213801506127,0.0006801662953994647,0.12415595980412876
351,3.5,0.0,0.0,0.0,0.0,-0.21567865057996002,-0.08793930576169015,-0.2670962877701089,0.07359316912108561,-1.5270371375513387,-1.52509720164126,0.001939935910078683,0.12773934481826987
352,3.5100000000000002,0.0,0.0,0.0,0.0,-0.21827035849559787,-0.08730294912003658,-0.25120787546879353,0.05360383172534874,-1.5292070149887642,-1.5259732463689826,0.0032337686197816407,0.13096740937556128
353,3.52,0.0,0.0,0.0,0.0,-0.22070208761837634,-0.0868686388159167,-0.235103344719916,0.0331916604107629,-1.5314020114121736,-1.5268439342389795,0.004558077173194119,0.13383344880245965
354,3.5300000000000002,0.0,0.0,0.0,0.0,-0.22297176170934324,-0.08664036883915363,-0.21879973069434352,0.012403676883861068,-1.5336205165104997,-1.5277113060763685,0.0059092104341311735,0.1363313928701896
355,3.54,0.0,0.0,0.0,0.0,-0.22507747622166147,-0.08662165855597617,-0.2023143324425425,-0.008712230860210512,-1.535860900066547,-1.528577440280265,0.007283459786282087,0.1384558176656853
356,3.5500000000000003,0.0,0.0,0.0,0.0,-0.2270175008119667,-0.0868155445023473,-0.18566468727230262,-0.030107400334864774,-1.5381215136866846,-1.5294444480357485,0.008677065650936067,0.1402019563096194
357,3.56,0.0,0.0,0.0,0.0,-0.22879028159160494,-0.08722457311136257,-0.16886854436132925,-0.05173248952490654,-1.5404006925543556,-1.5303144684484058,0.010086224105949837,0.14156570848024236
358,3.5700000000000003,0.0,0.0,0.0,0.0,-0.23039444311053667,-0.08785079440470299,-0.15194383769311268,-0.07353757467535184,-1.54269675720477,-1.531189663610944,0.011507093593825957,0.1425436487058337
359,3.58,0.0,0.0,0.0,0.0,-0.23182879006761217,-0.0886957566745756,-0.13490865841215255,-0.09547225053620462,-1.5450080153180725,-1.5320722136116518,0.012935801706420726,0.14313303339303657
360,3.59,0.0,0.0,0.0,0.0,-0.2330923087419224,-0.08976050217873986,-0.11778122670118049,-0.11748573266666407,-1.5473327635282221,-1.532964311494727,0.014368452033495236,0.14333180656318256
361,3.6,0.0,0.0,0.0,0.0,-0.23418416814097914,-0.09104556386713653,-0.10057986328833421,-0.13952696138010717,-1.5496692892447734,-1.5338681581826987,0.015801131062074703,0.14313860427384262
362,3.61,0.0,0.0,0.0,0.0,-0.23510372086258205,-0.09255096315435833,-0.08332296069627347,-0.16154470689356498,-1.552015872484709,-1.5347859573713363,0.017229915113372796,0.14255275770822373
363,3.62,0.0,0.0,0.0,0.0,-0.23585050366836385,-0.09427620874777241,-0.06602895434782532,-0.1834876752328542,-1.5543707877114517,-1.5357199104075536,0.018650877303898028,0.14157429492059143
364,3.63,0.0,0.0,0.0,0.0,-0.23642423776815627,-0.09622029653657141,-0.04871629364394514,-0.20530461443700507,-1.5567323056781643,-1.5366722111608968,0.02006009451726754,0.14020394123158486
365,3.64,0.0,0.0,0.0,0.0,-0.2368248288154794,-0.09838171054245515,-0.031403413129475775,-0.22694442060332332,-1.5590986952724513,-1.537645040899233,0.02145365437321822,0.13844311827302425
366,3.65,0.0,0.0,0.0,0.0,-0.2370523666156023,-0.10075842492806365,-0.014108703860462209,-0.24835624331744963,-1.5614682253595724,-1.5386405631792388,0.022827662180333608,0.13629394168753867
367,3.66,0.0,0.0,0.0,0.0,-0.23710712454874716,-0.1033479070547681,0.0031495149164410263,-0.2694895900209759,-1.5638391666213138,-1.539660918762229,0.024178247859084845,0.13375921749397907
368,3.67,0.0,0.0,0.0,0.0,-0.23698955871209165,-0.10614712157700804,0.020353023666460534,-0.2902944288824189,-1.5662097933876793,-1.5407082205657583,0.025501572821921004,0.13084243713508362
369,3.68,0.0,0.0,0.0,0.0,-0.23670030678525694,-0.10915253555611475,0.03748372995097998,-0.31072128975547236,-1.5685783854586157,-1.5417845486612807,0.026793836797335047,0.12754777122914218
370,3.69,0.0,0.0,0.0,0.0,-0.23624018662493504,-0.11236012457250148,0.0545236952005472,-0.3307213628311319,-1.5709432299130335,-1.5428919453279561,0.02805128458507733,0.12388006205243356
371,3.7,0.0,0.0,0.0,0.0,-0.23561019459519958,-0.11576537981130681,0.07145516079171842,-0.3502465946170631,-1.5733026229024463,-1.5440324101724712,0.0292702127299751,0.11984481478389276
372,3.71,0.0,0.0,0.0,0.0,-0.23481150364084918,-0.11936331609305197,0.08826057335193194,-0.36924978090820404,-1.575654871426622,-1.5452078953244637,0.030446976102158407,0.11544818754779722
373,3.72,0.0,0.0,0.0,0.0,-0.23384546111184046,-0.12314848081768842,0.10492260922649504,-0.38768465644636574,-1.577998295088717,-1.5464203007168507,0.03157799437186637,0.11069698029415204
374,3.73,0.0,0.0,0.0,0.0,-0.23271358634747658,-0.12711496378756126,0.12142419805224404,-0.4055059810031319,-1.5803312278274437,-1.5476714694600198,0.03265975836742396,0.10559862255991531
375,3.74,0.0,0.0,0.0,0.0,-0.23141756802951519,-0.13125640787235807,0.1377485453934011,-0.4226696216590475,-1.5826520196239195,-1.5489631833184927,0.03368883630542685,0.10016116015715712
376,3.75,0.0,0.0,0.0,0.0,-0.2299592613137512,-0.13556602047703284,0.1538791544063099,-0.4391326310922643,-1.5849590381809286,-1.5502971582982856,0.03466187988264302,0.09439324083671835
377,3.7600000000000002,0.0,0.0,0.0,0.0,-0.22834068474990307,-0.1400365857720427,0.16979984651104058,-0.4548533217310193,-1.5872506705724352,-1.551675040352795,0.035575630219640164,0.08830409897786037
378,3.77,0.0,0.0,0.0,0.0,-0.2265640169998001,-0.14466047764397347,0.1854947810589402,-0.46979133566568393,-1.5895253248612764,-1.5530984012146238,0.03642692364665257,0.08190353935582664
379,3.7800000000000002,0.0,0.0,0.0,0.0,-0.22463159336391758,-0.14942967332380785,0.20094847399612406,-0.4839077102574281,-1.5917814316830725,-1.5545687343603374,0.03721269732273513,0.07520192004010973
380,3.79,0.0,0.0,0.0,0.0,-0.2225459021262598,-0.15433576764964832,0.2161458155332292,-0.49716493942071943,-1.5940174457944845,-1.5560874511147096,0.03792999467977486,0.06821013447661148
381,3.8000000000000003,0.0,0.0,0.0,0.0,-0.22030958072743304,-0.15936998792068902,0.2310720868415272,-0.5095270305957336,-1.5962318475840538,-1.5576558769005904,0.03857597068346341,0.06093959280674402
382,3.81,0.0,0.0,0.0,0.0,-0.2179254117755096,-0.1645232092995637,0.24571297580444476,-0.5209595574636292,-1.5984231445439543,-1.559275247640088,0.03914789690386633,0.053402202475945876
383,3.8200000000000003,0.0,0.0,0.0,0.0,-0.21539631890394642,-0.169785970720914,0.26005459186156943,-0.5314297084918927,-1.6005898727010803,-1.5609467063123428,0.03964316638873754,0.04561034818303242
384,3.83,0.0,0.0,0.0,0.0,-0.21272536248542226,-0.1751484912650401,0.2740834799892001,-0.5409063314284271,-1.6027305980059852,-1.562671299672744,0.04005929833324107,0.03757687122038217
385,3.84,0.0,0.0,0.0,0.0,-0.20991573520997872,-0.18060068695683998,0.28778663386738157,-0.5493599738911104,-1.6048439176782752,-1.5644499751380434,0.040393942540231764,0.029315048253138742
386,3.85,0.0,0.0,0.0,0.0,-0.20697075753533445,-0.186132187951823,0.3011515082878945,-0.556762920223844,-1.6069284615071373,-1.566283577841424,0.040644883665713394,0.020838569583511435
387,3.86,0.0,0.0,0.0,0.0,-0.20389387301667464,-0.1917323560728067,0.31416603086106293,-0.5630892248106618,-1.6089828931057624,-1.5681728478612114,0.04081004524455101,0.01216151694386794
388,3.87,0.0,0.0,0.0,0.0,-0.20068864352262836,-0.1973903026629072,0.3268186130811696,-0.5683147420555752,-1.611005911118493,-1.5701184176265635,0.04088749349192944,0.003298340859721166
389,3.88,0.0,0.0,0.0,0.0,-0.19735874434354908,-0.2030949067225646,0.33909816081086575,-0.5724171532477753,-1.612996250379585,-1.5721208095031332,0.040875440876451785,-0.00573616237901553
390,3.89,0.0,0.0,0.0,0.0,-0.19390795919760445,-0.2088348333005951,0.3509940842442635,-0.5753759905392843,-1.6149526830225398,-1.5741804335613983,0.04077224946114155,-0.01492687410299065
391,3.9,0.0,0.0,0.0,0.0,-0.19034017513960313,-0.21459855211153633,0.36249630740624195,-0.5771726582651096,-1.6168740195390048,-1.5762975855300532,0.04057643400895162,-0.0242583769719332
392,3.91,0.0,0.0,0.0,0.0,-0.1866593773769178,-0.22037435635386532,0.3735952772421344,-0.5777904518345198,-1.6187591097862957,-1.5784724449366012,0.040286664849694453,-0.03371497897694753
393,3.92,0.0,0.0,0.0,0.0,-0.1828696439963532,-0.22615038170591248,0.3842819723472853,-0.5772145744163166,-1.6206068439426284,-1.580705073437033,0.03990177050559552,-0.043280737709559286
394,3.93,0.0,0.0,0.0,0.0,-0.17897514060533215,-0.23191462547849498,0.3945479113801657,-0.5754321516309652,-1.6224161534091908,-1.5829954133362667,0.039420740072924065,-0.05293948487316283
395,3.94,0.0,0.0,0.0,0.0,-0.1749801148903789,-0.23765496590533697,0.4043851611957943,-0.5724322444485332,-1.6241860116582076,-1.5853432863008174,0.038842725357390195,-0.06267485101495807
396,3.95,0.0,0.0,0.0,0.0,-0.1708888910955401,-0.243359181554266,0.41378634472836395,-0.5682058604736969,-1.6259154350261904,-1.587748392264988,0.03816704276120242,-0.07247029045872591
397,3.96,0.0,0.0,0.0,0.0,-0.16670586442314855,-0.24901497084386787,0.42274464864322575,-0.5627459637780069,-1.6276034834515793,-1.5902103085317112,0.037393174919868155,-0.08230910642071931
398,3.97,0.0,0.0,0.0,0.0,-0.16243549535916862,-0.2546099716517819,0.43125383076894797,-0.5560474834154434,-1.6292492611560156,-1.5927284890690285,0.03652077208698712,-0.09217447629261327
399,3.98,0.0,0.0,0.0,0.0,-0.1580823039253165,-0.26013178100203127,0.4393082273101501,-0.548107320730501,-1.6308519172684979,-1.5953022640030556,0.03554965326544224,-0.10204947707671477
400,3.99,0.0,0.0,0.0,0.0,-0.1536508638601812,-0.2655679748197474,0.446902759831411,-0.5389243555389844,-1.632410646391704,-1.5979308393081693,0.03447980708353481,-0.11191711095956622
401,4.0,0.0,0.0,0.0,0.0,-0.14914579673173467,-0.27090612774228107,0.4540329419918669,-0.5284994512309228,-1.633924689109778,-1.6006132966950302,0.0333113924147479,-0.1217603310105464
402,4.01,0.0,0.0,0.0,0.0,-0.14457176598386448,-0.27613383297604255,0.4606948859994273,-0.5168354588129375,-1.6353933324369105,-1.603348593696957,0.032044738739953615,-0.13156206699217807
403,4.0200000000000005,0.0,0.0,0.0,0.0,-0.13993347091993769,-0.2812387221884101,0.4668853087428838,-0.503937219874599,-1.6368159102060673,-1.606135563955051,0.030680346251016344,-0.14130525126847243
404,4.03,0.0,0.0,0.0,0.0,-0.13523564062686763,-0.28620848542373234,0.4726015375498688,-0.4898115684302756,-1.6381918033972511,-1.6089729177023704,0.029218885694880733,-0.1509728447968647
405,4.04,0.0,0.0,0.0,0.0,-0.13048302784372195,-0.2910308910318063,0.47784151550881254,-0.4744673315553731,-1.639520440404726,-1.611859242447338,0.027661197957388195,-0.16054786318808434
406,4.05,0.0,0.0,0.0,0.0,-0.12568040277958772,-0.2956938055962279,0.48260380628377914,-0.45791532870405516,-1.6408012972426678,-1.6147930038564418,0.02600829338622601,-0.17001340281664015
407,4.0600000000000005,0.0,0.0,0.0,0.0,-0.1208325468861491,-0.3001852138487452,0.4868875983427646,-0.44016836956526906,-1.6420338976887616,-1.6177725468361643,0.024261350852597285,-0.1793526669625961
408,4.07,0.0,0.0,0.0,0.0,-0.115944246591276,-0.30449323855415805,0.4906927085126524,-0.42124125028567877,-1.6432178133653264,-1.6207960968139181,0.022421716551408233,-0.18854899196288205
409,4.08,0.0,0.0,0.0,0.0,-0.11102028700081105,-0.3086061603484739,0.4940195847678466,-0.4011507478623296,-1.6443526637576087,-1.6238617612176154,0.020490902539993305,-0.1975858733476628
410,4.09,0.0,0.0,0.0,0.0,-0.10606544557671195,-0.3125124375109278,0.4968693081547235,-0.3799156124852967,-1.6454381161689688,-1.6269675311533034,0.018470585015665456,-0.20644699193421584
411,4.1,0.0,0.0,0.0,0.0,-0.10108448580068895,-0.31620072564819296,0.49924359375067945,-0.35755655759151533,-1.6464738856127685,-1.630111283280101,0.01636260233266751,-0.215116239847504
412,4.11,0.0,0.0,0.0,0.0,-0.09608215083350796,-0.3196598972666325,0.5011447905547075,-0.33409624737590193,-1.647459734640864,-1.633290781881438,0.014168952759425979,-0.22357774643312456
413,4.12,0.0,0.0,0.0,0.0,-0.09106315718116276,-0.3228790612058487,0.5025758802063262,-0.3095592814952637,-1.648395473108716,-1.6365036811313467,0.011891791977369337,-0.23181590402468594
414,4.13,0.0,0.0,0.0,0.0,-0.08603218838013581,-0.3258475819041126,0.5035404744313631,-0.2839721766946383,-1.6492809578772487,-1.639747527554276,0.009533430322972603,-0.2398153935239768
415,4.14,0.0,0.0,0.0,0.0,-0.08099388871498171,-0.3285550984635358,0.5040428111165539,-0.2573633450848609,-1.650116092451708,-1.6430197626765846,0.007096329775123421,-0.2475612097485541
416,4.15,0.0,0.0,0.0,0.0,-0.07595285698240682,-0.33099154348016047,0.5040877489203195,-0.22976306880463154,-1.6509008265579188,-1.6463177258675399,0.004583100690378928,-0.25503868649775363
417,4.16,0.0,0.0,0.0,0.0,-0.07091364031692218,-0.3331471616015156,0.5036807603342958,-0.20120347081016673,-1.651635155656477,-1.6496386573672888,0.0019964982891882426,-0.26223352128459343
418,4.17,0.0,0.0,0.0,0.0,-0.06588072809394521,-0.335012527771695,0.5028279231192757,-0.17171848155074107,-1.652319120395571,-1.6529797014988772,-0.0006605811033062459,-0.2691317996777498
419,4.18,0.0,0.0,0.0,0.0,-0.06085854592695215,-0.3365785651216879,0.5015359100501413,-0.14134380130930743,-1.6529528060032912,-1.6563379100609792,-0.0033851040576879927,-0.2757200191947357
420,4.19,0.0,0.0,0.0,0.0,-0.05585144977585936,-0.3378365624606173,0.49981197691690177,-0.11011685801309538,-1.6535363416204536,-1.6597102458975754,-0.006173904277121833,-0.2819851126847579
421,4.2,0.0,0.0,0.0,0.0,-0.05086372018428403,-0.3387781913217363,0.4976639487431414,-0.0780767603503097,-1.6540698995751344,-1.6630935866403527,-0.009023687065218278,-0.2879144711374523
422,4.21,0.0,0.0,0.0,0.0,-0.045899556663631845,-0.339395522515573,0.4951002041987815,-0.04526424606460361,-1.6545536946002979,-1.6664847286191447,-0.011931034018846766,-0.29349596585194115
423,4.22,0.0,0.0,0.0,0.0,-0.040963072242123415,-0.3396810421415219,0.4921296582009066,-0.01172162533923949,-1.6549879829960747,-1.6698803909352322,-0.01489240793915747,-0.29871796989939847
424,4.23,0.0,0.0,0.0,0.0,-0.036058288196828624,-0.33962766700852287,0.4887617427142555,0.022507280773547685,-1.6553730617384301,-1.67327721969185,-0.01790415795341982,-0.30356937881169427
425,4.24,0.0,0.0,0.0,0.0,-0.03118912898658217,-0.33922875941524977,0.4850063857816787,0.057377206875243225,-1.6557092675361424,-1.6766717923757353,-0.020962524839592822,-0.3080396304286676
426,4.25,0.0,0.0,0.0,0.0,-0.02635941740324228,-0.3384781412405082,0.4808739888340155,0.0928415146436967,-1.6559969758381876,-1.6800606223830743,-0.02406364654488669,-0.3121187238372659
427,4.26,0.0,0.0,0.0,0.0,-0.021572869958178812,-0.337370107295317,0.47637540234833203,0.128852269052103,-1.6562365997937996,-1.6834401636826983,-0.027203563888898774,-0.3157972373371382
428,4.2700000000000005,0.0,0.0,0.0,0.0,-0.016833092520074703,-0.3358994378894459,0.47152189994280413,0.16536031922850533,-1.6564285891676378,-1.686806815608912,-0.030378226441274192,-0.3190663453693712
429,4.28,0.0,0.0,0.0,0.0,-0.012143576219158408,-0.3340614105670017,0.46632515101559,0.20231538374745314,-1.6565734292126546,-1.690156927775869,-0.033583498563214416,-0.3219178343478433
430,4.29,0.0,0.0,0.0,0.0,-0.007507693631807302,-0.33185181096799926,0.4607971920533481,0.23966614009375797,-1.6566716395033934,-1.6934868051049699,-0.036815165601576494,-0.32434411733619195
431,4.3,0.0,0.0,0.0,0.0,-0.002928695258132637,-0.3292669427757078,0.4549503967524897,0.277360317987936,-1.65672377273259,-1.6967927129563347,-0.04006894022374464,-0.3263382475175751
432,4.3100000000000005,0.0,0.0,0.0,0.0,0.0015902936963708592,-0.32630363671290663,0.4487974451122622,0.31534479621535505,-1.6567304134740608,-1.7000708823550243,-0.043340468880963545,-0.3278939304092775
433,4.32,0.0,0.0,0.0,0.0,0.0060462762256809814,-0.3229592585539923,0.44235129167334886,0.3535657025564493,-1.6566921769149667,-1.7033175153023268,-0.04662533838736005,-0.3290055347796733
434,4.33,0.0,0.0,0.0,0.0,0.010436386106993097,-0.319231716124105,0.43562513308826745,0.3919685163751377,-1.6566097075606305,-1.7065287901621262,-0.0499190826014957,-0.3296681022310981
435,4.34,0.0,0.0,0.0,0.0,0.014757890157640877,-0.3151194652610636,0.4286323752205025,0.4304981733867666,-1.6564836779151457,-1.709700867112092,-0.05321718919694617,-0.3298773554187045
436,4.3500000000000005,0.0,0.0,0.0,0.0,0.01900819016150648,-0.31062151472083027,0.42138659997754074,0.46909917209695096,-1.6563147871410664,-1.712829893649219,-0.05651510650815262,-0.3296297048823367
437,4.36,0.0,0.0,0.0,0.0,0.02318482446330582,-0.30573743001244635,0.41390153208883806,0.5077156813784622,-1.6561037597014936,-1.7159120101390808,-0.059808250437587196,-0.3289222544757522
438,4.37,0.0,0.0,0.0,0.0,0.027285469231273878,-0.30046733615379256,0.40619100604294184,0.5462916486357557,-1.6558513439878786,-1.7189433553980404,-0.06309201141016185,-0.32775280538506646
439,4.38,0.0,0.0,0.0,0.0,0.031307939390908514,-0.29481191934510576,0.3982689333985083,0.5847709079959317,-1.655558310936846,-1.7219200722976076,-0.06636176136076168,-0.3261198587360143
440,4.39,0.0,0.0,0.0,0.0,0.03525018923458297,-0.28877242756280574,0.39014927068174166,0.6230972879612718,-1.6552254526393055,-1.7248383133801284,-0.06961286074082286,-0.3240226167973887
441,4.4,0.0,0.0,0.0,0.0,0.03911031271393235,-0.28235067008183107,0.3818459880777943,0.6612147179619601,-1.6548535809450615,-1.727694246475047,-0.07284066552998558,-0.3214609827957634
442,4.41,0.0,0.0,0.0,0.0,0.04288654342395888,-0.2755490159402505,0.37337303911599673,0.6990673332582865,-1.654443526066046,-1.730484060305087,-0.07604053423904113,-0.31843555936420936
443,4.42,0.0,0.0,0.0,0.0,0.04657725428975697,-0.26837039136532925,0.36474433153851127,0.7365995776593256,-1.653996135181209,-1.7332039700718695,-0.07920783489066063,-0.3149476456550862
444,4.43,0.0,0.0,0.0,0.0,0.05018095696858121,-0.26081827618546316,0.3559736995292484,0.7737563035494546,-1.653512271045976,-1.7358502230106987,-0.08233795196472271,-0.3109992331540444
445,4.44,0.0,0.0,0.0,0.0,0.05369630098168782,-0.25289669925730973,0.3470748774648333,0.8104828687449229,-1.652992810609049,-1.738419103904515,-0.08542629329546592,-0.30659300023899755
446,4.45,0.0,0.0,0.0,0.0,0.05712207259190446,-0.24461023294206247,0.3380614753322541,0.8467252297393795,-1.6524386436391727,-1.7409069405473356,-0.08846829690816295,-0.3017323055339669
447,4.46,0.0,0.0,0.0,0.0,0.06045719344424498,-0.23596398666899948,0.32894695593887907,0.8824300309391898,-1.6518506713643264,-1.7433101091478627,-0.09145943778353627,-0.2964211801132445
448,4.47,0.0,0.0,0.0,0.0,0.06370071898803,-0.2269635996282268,0.3197446140199509,0.9175446895360264,-1.6512298051256178,-1.7456250396643338,-0.09439523453871602,-0.2906643186162568
449,4.48,0.0,0.0,0.0,0.0,0.06685183669992797,-0.21761523263778484,0.3104675573268313,0.9520174757147756,-1.6505769650479665,-1.7478482210621349,-0.09727125601416842,-0.2844670693377128
450,4.49,0.0,0.0,0.0,0.0,0.0699098641280426,-0.20792555923306208,0.3011286897565009,0.9857975879484381,-1.6498930787294699,-1.7499762064861526,-0.10008312775668271,-0.27783542336110467
451,4.5,0.0,0.0,0.0,0.0,0.07287424677766824,-0.1979017560286408,0.29174069655931856,1.0188352231878208,-1.6491790799511368,-1.7520056183403434,-0.10282653838920663,-0.27077600280630904
452,4.51,0.0,0.0,0.0,0.0,0.0757445558595767,-0.1875514924043662,0.28231603163828967,1.0510816418112767,-1.6484359074084682,-1.7539331532674967,-0.10549724585902844,-0.26329604826394293
453,4.5200000000000005,0.0,0.0,0.0,0.0,0.07852048592172167,-0.17688291956845534,0.2728669069292554,1.0824892272580862,-1.6476645034661555,-1.7557555870226993,-0.10809108355654384,-0.25540340549017704
454,4.53,0.0,0.0,0.0,0.0,0.08120185238501566,-0.16590465905095983,0.26340528382792333,1.1130115403272072,-1.646865812936958,-1.757469779234539,-0.11060396629758107,-0.2471065114359755
455,4.54,0.0,0.0,0.0,0.0,0.08378858900338573,-0.15462579068076532,0.253942866606698,1.1426033681804824,-1.6460407818856189,-1.759072678048617,-0.11303189616299814,-0.23841437968415105
456,4.55,0.0,0.0,0.0,0.0,0.08628074526762351,-0.1430558400986744,0.24449109774224526,1.171220768144998,-1.6451903564584764,-1.7605613246484662,-0.11537096818998971,-0.22933658536629792
457,4.5600000000000005,0.0,0.0,0.0,0.0,0.0886784837716575,-0.131204765857868,0.23506115505375286,1.1988211064628227,-1.6443154817392402,-1.7619328576494953,-0.117617375910255,-0.2198832496295255
458,4.57,0.0,0.0,0.0,0.0,0.0909820775587697,-0.1190829461613314,0.2256639505323024,1.2253630921868144,-1.643417100631219,-1.7631845173620821,-0.11976741673086311,-0.2100650237201011
459,4.58,0.0,0.0,0.0,0.0,0.09319190746399729,-0.10670116528357537,0.21631013072373326,1.250806806468334,-1.6424961527661182,-1.7643136499204253,-0.12181749715430712,-0.19989307274757268
460,4.59,0.0,0.0,0.0,0.0,0.09530845946749346,-0.09407059972134439,0.20701007851114633,1.275113727525773,-1.6415535734393705,-1.7653177112742198,-0.1237641378348493,-0.18937905918883785
461,4.6000000000000005,0.0,0.0,0.0,0.0,0.09733232207201727,-0.08120280411487796,0.19777391612879755,1.2982467516217524,-1.640590292571822,-1.7661942710406615,-0.12560397846883942,-0.1785351261868952
462,4.61,0.0,0.0,0.0,0.0,0.09926418371597051,-0.06810969697786853,0.1886115092268404,1.3201702104108834,-1.639607233697476,-1.7669410162146761,-0.1273337825172001,-0.16737388069383904
463,4.62,0.0,0.0,0.0,0.0,0.10110483023154675,-0.05480354627045821,0.17953247179609422,1.340849885049352,-1.6386053129768852,-1.767555754735636,-0.12895044175875084,-0.15590837650200495
464,4.63,0.0,0.0,0.0,0.0,0.10285514235560067,-0.04129695484562012,0.17054617175403683,1.3602530174816192,-1.637585438235707,-1.768036418909151,-0.13045098067344416,-0.1441520972012208
465,4.64,0.0,0.0,0.0,0.0,0.10451609329883374,-0.027602845794978847,0.16166173698737102,1.37834831933847,-1.6365485080278608,-1.7683810686828003,-0.13183256065493956,-0.1321189390938126
466,4.65,0.0,0.0,0.0,0.0,0.10608874637682152,-0.01373444771573174,0.152888061642969,1.3951059788942461,-1.6354954107226873,-1.7685878947749107,-0.1330924840522234,-0.11982319409255325
467,4.66,0.0,0.0,0.0,0.0,0.10757425270431882,0.00029472008419001016,0.144233812457689,1.4104976665393325,-1.6344270236154812,-1.7686552216556848,-0.13422819804020358,-0.1072795326201288
468,4.67,0.0,0.0,0.0,0.0,0.10897384895218849,0.014470862430187104,0.13570743491842713,1.4244965392270756,-1.6333442120607649,-1.7685815103801243,-0.1352372983193595,-0.09450298652200138
469,4.68,0.0,0.0,0.0,0.0,0.11028885516422247,0.028779923166292656,0.1273171590469245,1.4370772443519897,-1.632247828627692,-1.7683653612723031,-0.13611753264461113,-0.08150893199792981
470,4.69,0.0,0.0,0.0,0.0,0.11152067262909815,0.04320760007829684,0.11907100460902588,1.4482159235089596,-1.6311387122770025,-1.7680055164605966,-0.1368668041835941,-0.06831307255080131
471,4.7,0.0,0.0,0.0,0.0,0.11267078180074129,0.057739359855689766,0.11097678555540066,1.4578902165708743,-1.6300176875590082,-1.7675008622634878,-0.13748317470447954,-0.054931421945051524
472,4.71,0.0,0.0,0.0,0.0,0.11374074025848474,0.07236045309774602,0.10304211351003756,1.4660792665051603,-1.6288855638321686,-1.7668504314255413,-0.13796486759337268,-0.041380287160738716
473,4.72,0.0,0.0,0.0,0.0,0.11473218069662623,0.08705592937312791,0.09527440013405421,1.472763725328009,-1.6277431345019089,-1.7660534052030559,-0.138310270701147,-0.027676251323498324
474,4.73,0.0,0.0,0.0,0.0,0.11564680893133113,0.1018106523462928,0.08768085820537587,1.4779257615691619,-1.6265911762794445,-1.7651091152988012,-0.13851793901935672,-0.013836156585038326
475,4.74,0.0,0.0,0.0,0.0,0.11648640191130157,0.11660931498753419,0.08026850126963826,1.481549069589807,-1.6254304484605067,-1.7640170456450879,-0.13858659718458122,0.0001229130762326197
476,4.75,0.0,0.0,0.0,0.0,0.11725280571727004,0.13143645488678024,0.07304414173407775,1.483618881061896,-1.6242616922240034,-1.762776834034235,-0.1385151418102315,0.014183649169510204
477,4.76,0.0,0.0,0.0,0.0,0.11794793353417854,0.14627646969412253,0.06601438729411428,1.4841219788791737,-1.6230856299508083,-1.7613882735952875,-0.13830264364447917,0.02832853615994399
478,4.7700000000000005,0.0,0.0,0.0,0.0,0.1185737635789003,0.16111363271259224,0.05918563560172518,1.4830467137285066,-1.6219029645630358,-1.7598513141155885,-0.13794834955255264,0.04253986913369194
479,4.78,0.0,0.0,0.0,0.0,0.1191323369655522,0.17593210867072825,0.0525640671053528,1.4803830235052509,-1.6207143788843357,-1.7581660632055496,-0.1374516843212139,0.056799771705176055
480,4.79,0.0,0.0,0.0,0.0,0.11962575548985367,0.19071596970411772,0.0461556360130078,1.4761224557081647,-1.6195205350219226,-1.7563327873046735,-0.13681225228275085,0.07109021421426405
481,4.8,0.0,0.0,0.0,0.0,0.1200561793136163,0.2054492115761453,0.03996605935314403,1.4702581928985934,-1.618322073771248,-1.7543519125265925,-0.13602983875534447,0.08539303226252899
482,4.8100000000000005,0.0,0.0,0.0,0.0,0.1204258245303147,0.22011577016881623,0.03400080413173217,1.4627850812551302,-1.617119614044403,-1.7522240253405745,-0.13510441129617146,0.09968994563850153
483,4.82,0.0,0.0,0.0,0.0,0.12073696059279466,0.23469953827451717,0.028265072608646708,1.4536996621991856,-1.6159137523235416,-1.7499498730866418,-0.13403612076310023,0.11396257768172251
484,4.83,0.0,0.0,0.0,0.0,0.12099190758453295,0.24918438271908205,0.022763785741696206,1.443000207009298,-1.6147050621407915,-1.7475303643211393,-0.13282530218034783,0.12819247513454912
485,4.84,0.0,0.0,0.0,0.0,0.12119303331647294,0.26355416184536795,0.01750156487237699,1.4306867542828259,-1.6134940935863118,-1.744966568989295,-0.13147247540298326,0.14236112852889501
486,4.8500000000000005,0.0,0.0,0.0,0.0,0.12134275023233274,0.2777927433848773,0.012482711753368502,1.4167611500432902,-1.6122813728463257,-1.7422597184210256,-0.1299783455746999,0.15644999315254457
487,4.86,0.0,0.0,0.0,0.0,0.12144351210641098,0.29188402274260533,0.007711187043804814,1.401227090230746,-1.611067401773124,-1.7394112051459802,-0.12834380337285634,0.17044051063619436
488,4.87,0.0,0.0,0.0,0.0,0.12149781051930668,0.3058119417173949,0.003190587424199051,1.3840901652513433,-1.6098526574891898,-1.7364225825235744,-0.12656992503438458,0.1843141311980882
489,4.88,0.0,0.0,0.0,0.0,0.12150817109861452,0.3195605076764939,-0.001075878491707604,1.3653579062016554,-1.6086375920277323,-1.733295564183564,-0.12465797215583165,0.1980523365778794
490,4.89,0.0,0.0,0.0,0.0,0.12147714951355497,0.33311381319890987,-0.005085415246188144,1.3450398323236759,-1.6074226320120333,-1.7300320232725395,-0.12260939126050618,0.2116366636853549
491,4.9,0.0,0.0,0.0,0.0,0.12140732721463739,0.34645605619739994,-0.00883566640213681,1.323147499188575,-1.606208178376118,-1.7266339915016005,-0.1204258131254825,0.22504872898276257
492,4.91,0.0,0.0,0.0,0.0,0.12130130691182536,0.35957156052363687,-0.01232474093485923,1.299694547051958,-1.6049946061293319,-1.7231036579903953,-0.11810905186106348,0.2382702536118115
493,4.92,0.0,0.0,0.0,0.0,0.12116170778726087,0.3724447970552789,-0.015551239882043447,1.2746967487713683,-1.603782264167459,-1.7194433679026948,-0.11566110373523575,0.251283089268018
494,4.93,0.0,0.0,0.0,0.0,0.1209911604413905,0.3850604052572945,-0.0185142829639184,1.2481720566288799,-1.6025714751330495,-1.7156556208687166,-0.11308414573566707,0.264069244815904
495,4.94,0.0,0.0,0.0,0.0,0.12079230157430171,0.3974032152031459,-0.02121353486905478,1.2201406473588758,-1.601362535327609,-1.7117430691895206,-0.11038053386191149,0.2766109136288442
496,4.95,0.0,0.0,0.0,0.0,0.12056776840719573,0.4094582700342129,-0.02364923088714859,1.1906249646441773,-1.6001557146782837,-1.7077085158189824,-0.10755280114069878,0.2888905016270172
497,4.96,0.0,0.0,0.0,0.0,0.12032019285216704,0.42121084882834636,-0.025822201559159926,1.1596497583137564,-1.598951256761592,-1.7035549121190958,-0.10460365535750382,0.3008906559761793
498,4.97,0.0,0.0,0.0,0.0,0.12005219544179883,0.4326464898406154,-0.027733896007330897,1.1272421194529991,-1.597749378886676,-1.6992853553846983,-0.10153597649802237,0.31259429439881653
499,4.98,0.0,0.0,0.0,0.0,0.119766379033481,0.4437510140713856,-0.029386403603555305,1.093431510623968,-1.5965502722403924,-1.6949030861341094,-0.09835281389371708,0.32398463503790464
500,4.99,0.0,0.0,0.0,0.0,0.11946532230677805,0.45451054910878197,-0.030782473634287304,1.0582497903889725,-1.5953541020964155,-1.6904114851626713,-0.09505738306625577,0.33504522680200394
501,5.0,0.0,0.0,0.0,0.0,0.11915157307557524,0.46491155318457245,-0.031925532624162214,1.021731231336889,-1.594161008090309,-1.685814070356739,-0.09165306226643001,0.3457599801089972
502,5.01,0.0,0.0,0.0,0.0,0.11882764144007293,0.4749408393745446,-0.03281969898883145,0.9839125308287272,-1.5929711045623016,-1.6811144932663344,-0.08814338870403282,0.3561131979344717
503,5.0200000000000005,0.0,0.0,0.0,0.0,0.11849599280693202,0.48458559986677785,-0.03346979470041226,0.9448328137071906,-1.5917844809692252,-1.6763165354353848,-0.08453205446615963,0.36608960705984583
504,5.03,0.0,0.0,0.0,0.0,0.1181590408089564,0.49383343021382714,-0.03388135366650912,0.9045336262552166,-1.590601202366783,-1.6714241044892917,-0.08082290212250864,0.37567438940487075
505,5.04,0.0,0.0,0.0,0.0,0.11781914015858098,0.5026723534779576,-0.03406062654601146,0.8630589207403511,-1.5894213099629797,-1.6664412299804274,-0.07701992001744774,0.3848532133193766
506,5.05,0.0,0.0,0.0,0.0,0.11747857947207187,0.5110908441722177,-0.03401458175175005,0.8204550299459052,-1.5882448217431964,-1.661372058993123,-0.07312723724992654,0.3936122647001459
507,5.0600000000000005,0.0,0.0,0.0,0.0,0.11713957410368994,0.5190778518945472,-0.033750902421516855,0.7767706311652701,-1.5870717331670063,-1.656220851510688,-0.06914911834368165,0.40193827779085733
508,5.07,0.0,0.0,0.0,0.0,0.11680425903108047,0.5266228245472802,-0.03327797917462741,0.7320566992226022,-1.585902017936429,-1.6509919755480753,-0.06508995761164638,0.40981856551619966
509,5.08,0.0,0.0,0.0,0.0,0.11647468183478282,0.5337157310305355,-0.03260489851089808,0.6863664481802301,-1.5847356288348942,-1.645689902054881,-0.06095427321998681,0.41724104919575267
510,5.09,0.0,0.0,0.0,0.0,0.11615279581597374,0.5403470832950921,-0.03174142675216409,0.6397552614999366,-1.5835724986357596,-1.6403191995945223,-0.056746700958762775,0.42419428747911836
511,5.1000000000000005,0.0,0.0,0.0,0.0,0.1158404532973254,0.5465079576386078,-0.030697989472813547,0.5922806105401313,-1.5824125410787704,-1.63488452880657,-0.05247198772779971,0.4306675043412824
512,5.11,0.0,0.0,0.0,0.0,0.11553939915215383,0.5521900151284509,-0.02948564641464916,0.5440019613928164,-1.5812556519124086,-1.629390636660391,-0.0481349847479824,0.43665061597629706
513,5.12,0.0,0.0,0.0,0.0,0.11525126460682646,0.5573855210350961,-0.028116061932090475,0.49498067019110964,-1.5801017099996195,-1.6238423505094086,-0.0437406405097891,0.44213425642826965
514,5.13,0.0,0.0,0.0,0.0,0.11497756136068037,0.5620873631619772,-0.026601471065520535,0.4452798671484661,-1.5789505784839657,-1.6182445719564589,-0.03929399347249318,0.4471098018012968
515,5.14,0.0,0.0,0.0,0.0,0.1147196760664631,0.5662890689609732,-0.024954641392744805,0.3949643297221979,-1.5778021060128118,-1.6126022705418255,-0.03480016452901369,0.4515693928945101
516,5.15,0.0,0.0,0.0,0.0,0.11447886521254967,0.5699848213272787,-0.023188830860127643,0.3441003454245948,-1.5766561280137317,-1.6069204772666377,-0.030264349252906,0.455505956114729
517,5.16,0.0,0.0,0.0,0.0,0.11425625044592072,0.5731694729732816,-0.021317741845318473,0.2927555649326765,-1.5755124680199193,-1.601204277965346,-0.025691809945426636,0.4589132225273609
518,5.17,0.0,0.0,0.0,0.0,0.11405281437212486,0.5758385592882073,-0.019355471751498796,0.2409988462697409,-1.5743709390400147,-1.5954588065419502,-0.021087867501935472,0.4617857449160824
519,5.18,0.0,0.0,0.0,0.0,0.11386939686522134,0.5779883095985902,-0.017316460478185764,0.18890009094697682,-1.5732313449674062,-1.589689238085566,-0.016457893118159816,0.4641189127333688
520,5.19,0.0,0.0,0.0,0.0,0.11370669191703875,0.5796156567540602,-0.015215435154749308,0.13653007305833428,-1.57209348202376,-1.5839007818816981,-0.011807299857938158,0.4659089648370215
521,5.2,0.0,0.0,0.0,0.0,0.11356524505103764,0.580718244973337,-0.013067352559397014,0.08396026241559464,-1.570957140231252,-1.5780986743363068,-0.007141534105054691,0.46715299992229936
522,5.21,0.0,0.0,0.0,0.0,0.11344545132167558,0.5812944358966093,-0.010887339677606144,0.031262642890539295,-1.5698221049077508,-1.5722881718303396,-0.002466066922588883,0.46784898457493374
523,5.22,0.0,0.0,0.0,0.0,0.11334755391550252,0.5813433128024817,-0.008690632879360748,-0.021490472803623074,-1.5686881581790082,-1.5664745435228904,0.0022136146561178016,0.4679957588869792
524,5.23,0.0,0.0,0.0,0.0,0.11327164336531952,0.580864682960253,-0.006492516213535641,-0.07422663061071319,-1.5675550805017824,-1.5606630641214903,0.006892016380292132,0.4675930395949334
525,5.24,0.0,0.0,0.0,0.0,0.11321765738368378,0.5798590781012708,-0.004308259329968215,-0.12687342359748782,-1.5664226521917248,-1.5548590066382757,0.011563645553449131,0.466641420717587
526,5.25,0.0,0.0,0.0,0.0,0.11318538131690584,0.5783277530063141,-0.002153055545015606,-0.17935868006101682,-1.5652906549498284,-1.5490676351508612,0.01622301979896723,0.4651423716894083
527,5.26,0.0,0.0,0.0,0.0,0.11317444921552976,0.576272682219207,-4.196056452470525e-05,-0.2316106499560191,-1.5641588733812486,-1.5432941975867254,0.020864675794523228,0.46309823300367725
528,5.2700000000000005,0.0,0.0,0.0,0.0,0.11318434551218678,0.5736965549099847,0.0020101676307720524,-0.2835581883434586,-1.5630270965003719,-1.5375439185497353,0.025483177950636596,0.4605122093977979
529,5.28,0.0,0.0,0.0,0.0,0.11321440729273627,0.5706027679237333,0.003988727248240922,-0.3351309346019567,-1.5618951192161277,-1.531821992207149,0.03007312700897868,0.4573883606309971
530,5.29,0.0,0.0,0.0,0.0,0.11326382714182227,0.566995417063532,0.00587942902787244,-0.38625948620081496,-1.5607627437916964,-1.5261335752549994,0.034629168536697064,0.4537315899217097
531,5.3,0.0,0.0,0.0,0.0,0.11333165653944355,0.5628792866675949,0.007668350030075033,-0.43687556590622423,-1.5596297812729876,-1.5204837799792374,0.03914600129375012,0.44954763012815135
532,5.3100000000000005,0.0,0.0,0.0,0.0,0.11341680978091831,0.5582598375515623,0.009341984462581714,-0.4869121813795091,-1.5584960528805094,-1.514877667429339,0.04361838545117047,0.444843027770644
533,5.32,0.0,0.0,0.0,0.0,0.11351806838877505,0.5531431933968177,0.010887291181419838,-0.5363037762258751,-1.5573613913595528,-1.5093202407203317,0.0480411506392211,0.4396251250080427
534,5.33,0.0,0.0,0.0,0.0,0.113634085981664,0.5475361256745729,0.012291737544235527,-0.5849863716626373,-1.5562256422839391,-1.5038164384783346,0.05240920380560454,0.43390203969290886
535,5.34,0.0,0.0,0.0,0.0,0.11376339356239773,0.5414460372031954,0.013543339341048398,-0.6328976980947681,-1.5550886653089522,-1.4983711284437782,0.05671753686517401,0.42768264364079767
536,5.3500000000000005,0.0,0.0,0.0,0.0,0.11390440518472592,0.5348809444427396,0.014630696576935207,-0.6799773160111948,-1.5539503353694606,-1.4929891012454524,0.06096123412400823,0.4209765392580137
537,5.36,0.0,0.0,0.0,0.0,0.11405542395644827,0.527849458635873,0.015543024932302881,-0.7261667257447831,-1.552810543819655,-1.4876750643574725,0.06513547946218257,0.41379403467942466
538,5.37,0.0,0.0,0.0,0.0,0.11421464833498739,0.5203607659082888,0.01627018277852807,-0.7714094657707213,-1.5516691995112548,-1.4824336362501287,0.06923556326112612,0.40614611757330144
539,5.38,0.0,0.0,0.0,0.0,0.11438017867058098,0.5124246064443123,0.016802693678870162,-0.8156511993491926,-1.550526229807483,-1.477269340744458,0.07325688906302497,0.39804442777373134
540,5.39,0.0,0.0,0.0,0.0,0.11455002395181083,0.5040512528546779,0.017131764356013247,-0.8588397894475738,-1.549381581530561,-1.4721866015791942,0.0771949799513667,0.3895012289028671
541,5.4,0.0,0.0,0.0,0.0,0.11472210870825027,0.49525148785348777,0.017249298157485063,-0.900925362002118,-1.5482352218409234,-1.4671897371975917,0.08104548464333174,0.3805293791452375
542,5.41,0.0,0.0,0.0,0.0,0.11489428002556527,0.4860365813601623,0.017147904097979224,-0.9418603576980344,-1.5470871390468088,-1.462282955760452,0.08480418328635686,0.371142301334597
543,5.42,0.0,0.0,0.0,0.0,0.11506431462942168,0.47641826713982455,0.016820901602487847,-0.9815995725582481,-1.5459373433433177,-1.4574703503905277,0.08846699295278994,0.36135395251040286
544,5.43,0.0,0.0,0.0,0.0,0.11522992599600103,0.4664087190921659,0.016262321115748987,-1.020100187733428,-1.5447858674804653,-1.4527558946523753,0.09202997282809,0.3511787930961649
545,5.44,0.0,0.0,0.0,0.0,0.1153887714487747,0.4560205272944145,0.015466900781294183,-1.057321788978501,-1.5436327673601657,-1.4481434382706304,0.09548932908953535,0.3406317558456398
546,5.45,0.0,0.0,0.0,0.0,0.11553845920339073,0.44526667389878133,0.014430079426974012,-1.0932263763823034,-1.5424781225624755,-1.4436367030886668,0.09884141947380876,0.3297282146953906
547,5.46,0.0,0.0,0.0,0.0,0.1156765553250461,0.4341605089787069,0.013147986123086267,-1.1277783649874176,-1.5413220368017977,-1.4392392792686066,0.10208275753319107,0.3184839536536608
548,5.47,0.0,0.0,0.0,0.0,0.11580059056550551,0.42271572641159233,0.011617426603817127,-1.160944576995419,-1.540164638314089,-1.434954621732762,0.10521001658132702,0.3069151358460868
549,5.48,0.0,0.0,0.0,0.0,0.11590806704993846,0.41094633987847023,0.009835866862638938,-1.1926942262994038,-1.5390060801764223,-1.4307860468457243,0.10822003333069798,0.2950382728285318
550,5.49,0.0,0.0,0.0,0.0,0.11599646478693289,0.3988666590534968,0.007801414247596732,-1.222998896120212,-1.537846540560546,-1.4267367293355686,0.11110981122497732,0.2828701942665639
551,5.5,0.0,0.0,0.0,0.0,0.11606324797836012,0.38649126604822753,0.0055127963930063344,-1.2518325105458585,-1.5366862229223242,-1.4228096994519357,0.11387652347038847,0.2704280180698674
552,5.51,0.0,0.0,0.0,0.0,0.11610587110916544,0.37383499216761523,0.0029693383302948602,-1.2791713007855576,-1.5355253561291646,-1.4190078403581605,0.11651751577100411,0.2577291210584498
553,5.5200000000000005,0.0,0.0,0.0,0.0,0.11612178480059872,0.36091289502649904,0.0001709381225618586,-1.304993766951134,-1.5343641945277187,-1.4153338857540738,0.11903030877364484,0.24479111022590033
554,5.53,0.0,0.0,0.0,0.0,0.11610844141383807,0.3477402360672924,-0.0028819586347136315,-1.3292806361700906,-1.5332030179542877,-1.411790417725665,0.12141260022862267,0.2316317946534543
555,5.54,0.0,0.0,0.0,0.0,0.11606330039435657,0.3343324585115831,-0.006188385110341383,-1.3520148178170572,-1.5320421316904829,-1.4083798648174193,0.1236622668730636,0.21826915811722652
556,5.55,0.0,0.0,0.0,0.0,0.1159838333507031,0.3207051657706557,-0.009746880004378304,-1.3731813566244475,-1.5308818663667654,-1.405104500322865,0.12577736604390036,0.2047213324199526
557,5.5600000000000005,0.0,0.0,0.0,0.0,0.11586752886457867,0.3068741003324559,-0.013555514470831184,-1.3927673844000865,-1.5297225778165406,-1.401966440788644,0.12775613702789657,0.1910065714678772
558,5.57,0.0,0.0,0.0,0.0,0.11571189703216098,0.29285512313546647,-0.017611918896866027,-1.4107620710399311,-1.5285646468834977,-1.3989676447272845,0.12959700215621317,0.1771432261033055
559,5.58,0.0,0.0,0.0,0.0,0.11551447373953477,0.27866419343326865,-0.02191330925708911,-1.4271565754789006,-1.527408479184867,-1.3961099115337803,0.13129856765108672,0.16314971969373387
560,5.59,0.0,0.0,0.0,0.0,0.11527282467780298,0.2643173491474233,-0.026456512781317543,-1.4419439971730754,-1.5262545048332323,-1.3933948806010799,0.13285962423215245,0.1490445244696203
561,5.6000000000000005,0.0,0.0,0.0,0.0,0.11498454910596143,0.24983068770059394,-0.031237992695939007,-1.4551193286529656,-1.5251031781194602,-1.3908240306296364,0.13427914748982372,0.13484613859463251
562,5.61,0.0,0.0,0.0,0.0,0.1146472833719057,0.23522034731675173,-0.036253871822046396,-1.4666794096310831,-1.523954977159219,-1.3883986791262795,0.13555629803293945,0.12057306394484603
563,5.62,0.0,0.0,0.0,0.0,0.11425870420398508,0.2205024887707263,-0.0414999548377737,-1.47662288308839,-1.5228104035054464,-1.3861199820878172,0.13669042141762922,0.10624378456674123
564,5.63,0.0,0.0,0.0,0.0,0.11381653178732094,0.20569327756546746,-0.046971749037354925,-1.4849501537039362,-1.5216699817289914,-1.38398893386499,0.13768104786400137,0.09187674577814652
565,5.64,0.0,0.0,0.0,0.0,0.11331853264065243,0.1908088665119982,-0.05266448344509352,-1.4916633489310982,-1.5205342589695021,-1.3820063672026133,0.13852789176688884,0.07749033387134575
566,5.65,0.0,0.0,0.0,0.0,0.11276252231076145,0.17586537868433796,-0.058573126168413495,-1.4967662829625614,-1.519403804458473,-1.380172953452022,0.13923085100645102,0.06310285637357652
567,5.66,0.0,0.0,0.0,0.0,0.11214636790255673,0.16087889071955858,-0.0646923999002248,-1.5002644237652978,-1.5182792090161854,-1.3784892029522156,0.13979000606396985,0.04873252281700184
568,5.67,0.0,0.0,0.0,0.0,0.1114679904636638,0.1458654164315977,-0.07101679550682877,-1.5021648633066298,-1.5171610845240895,-1.3769554655764058,0.14020561894768369,0.034397425967933895
569,5.68,0.0,0.0,0.0,0.0,0.1107253672428782,0.13084089070658622,-0.07754058366318507,-1.5024762910335983,-1.5160500633739882,-1.375571931440993,0.14047813193299505,0.020115523463708027
570,5.69,0.0,0.0,0.0,0.0,0.10991653384209354,0.1158211536470635,-0.08425782452252598,-1.5012089706105551,-1.5149467978951852,-1.374338631774317,0.14060816612086824,0.005904619804969952
571,5.7,0.0,0.0,0.0,0.0,0.10903958628132442,0.10082193493272108,-0.0911623754317771,-1.4983747198645563,-1.5138519597605649,-1.3732554399428554,0.1405965198177095,-0.008217651348603333
572,5.71,0.0,0.0,0.0,0.0,0.10809268299620832,0.08585883836605013,-0.0982478967279298,-1.4939868938350525,-1.5127662393723746,-1.3723220726328662,0.14044416673950844,-0.022233844630158192
573,5.72,0.0,0.0,0.0,0.0,0.10707404678690828,0.0709473265726047,-0.10550785567320375,-1.4880603707739017,-1.5116903452282917,-1.3715380911857749,0.14015225404251688,-0.036126720214303576
574,5.73,0.0,0.0,0.0,0.0,0.10598196673664667,0.05610270582732688,-0.11293552860851767,-1.480611540894016,-1.5106250032681674,-1.3709029030859055,0.13972210018226194,-0.04987926090931979
575,5.74,0.0,0.0,0.0,0.0,0.10481480011720518,0.04134011098065856,-0.1205240014252147,-1.4716582976203303,-1.5095709562016653,-1.3704157635994294,0.13915519260223586,-0.06347468913654661
576,5.75,0.0,0.0,0.0,0.0,0.10357097429762659,0.026674490460800785,-0.12826616847413855,-1.4612200310554762,-1.5085289628168401,-1.3700757775636538,0.13845318525318626,-0.0768964838368258
577,5.76,0.0,0.0,0.0,0.0,0.10224898867107728,0.012120591331596988,-0.13615473004881443,-1.4493176233348155,-1.5074997972695534,-1.369881901325993,0.13761789594356033,-0.09012839733948029
578,5.7700000000000005,0.0,0.0,0.0,0.0,0.1008474166133755,-0.002307055611104327,-0.14418218859573742,-1.435973445511378,-1.5064842483534697,-1.3698329448321562,0.13665130352131347,-0.10315447222447982
579,5.78,0.0,0.0,0.0,0.0,0.09936490748508997,-0.01659415071796715,-0.15234084381922394,-1.421211355581312,-1.5054831187502613,-1.3699275738632366,0.1355555448870247,-0.11595905820305712
580,5.79,0.0,0.0,0.0,0.0,0.09780018868736931,-0.03072664034893432,-0.16062278686113765,-1.4050566972345382,-1.5044972242595296,-1.3701643124215008,0.13433291183802876,-0.12852682903630364
581,5.8,0.0,0.0,0.0,0.0,0.09615206777980842,-0.04469073172530211,-0.16901989374674145,-1.3875362988938926,-1.5035273930078645,-1.3705415452647505,0.13298584774311406,-0.14084279950511053
582,5.8100000000000005,0.0,0.0,0.0,0.0,0.09441943466669364,-0.05847290777175213,-0.17752381829695713,-1.368678472589231,-1.5025744646363883,-1.3710575205891544,0.1315169440472339,-0.15289234243844577
583,5.82,0.0,0.0,0.0,0.0,0.09260126385593259,-0.0720599419443554,-0.18612598471437666,-1.3485130122008573,-1.5016392894660755,-1.3717103528604384,0.1299289366056371,-0.16466120580028798
584,5.83,0.0,0.0,0.0,0.0,0.09069661679287078,-0.08543891303590202,-0.19481758005527713,-1.3270711905996924,-1.50072272764011,-1.3724980257932484,0.12822470184686163,-0.17613552982877279
585,5.84,0.0,0.0,0.0,0.0,0.08870464426906412,-0.09859721994512598,-0.20358954680269575,-1.304385755209572,-1.4998256482425294,-1.373418395478402,0.12640725276412731,-0.1873018642141901
586,5.8500000000000005,0.0,0.0,0.0,0.0,0.08662458890391561,-0.11152259639170474,-0.21243257575618987,-1.2804909215204887,-1.4989489283924131,-1.3744691936575764,0.12447973473483674,-0.19814718529562036
587,5.86,0.0,0.0,0.0,0.0,0.08445578769493942,-0.12420312555420678,-0.22133709945222005,-1.2554223640902429,-1.4980934523129084,-1.3756480311447818,0.12244542116812651,-0.2086589132491462
588,5.87,0.0,0.0,0.0,0.0,0.08219767463028897,-0.13662725460363334,-0.2302932863251494,-1.2292172045860457,-1.4972601103744339,-1.3769524013937195,0.1203077089807143,-0.21882492923392233
589,5.88,0.0,0.0,0.0,0.0,0.07984978335512181,-0.14878380910076822,-0.23929103581255937,-1.2019139964372583,-1.4964497981114835,-1.3783796842098197,0.11807011390166378,-0.22863359245589004
590,5.89,0.0,0.0,0.0,0.0,0.07741174988137124,-0.16066200722142088,-0.2483199746001153,-1.173552705695191,-1.4956634152125379,-1.379927149605425,0.11573626560711281,-0.2380737571027921
591,5.9,0.0,0.0,0.0,0.0,0.07488331532859803,-0.17225147376973143,-0.257369454190409,-1.1441746877261325,-1.4949018644827132,-1.3815919617962025,0.11330990268651077,-0.24713478909832948
592,5.91,0.0,0.0,0.0,0.0,0.07226432868181418,-0.18354225393613957,-0.2664285499673258,-1.1138226593989355,-1.4941660507789034,-1.3833711833364466,0.11079486744245681,-0.25580658261795375
593,5.92,0.0,0.0,0.0,0.0,0.06955474955052421,-0.19452482675345037,-0.27548606191247654,-1.0825406664684754,-1.493456879917324,-1.3852617793904969,0.10819510052682714,-0.2640795763039746
594,5.93,0.0,0.0,0.0,0.0,0.06675465091175484,-0.2051901182016252,-0.28453051711328115,-1.050374045900903,-1.492775257553532,-1.3872606221369976,0.1055146354165344,-0.27194476911338006
595,5.94,0.0,0.0,0.0,0.0,0.0638642218185322,-0.21552951390966205,-0.2935501741836208,-1.0173693829350052,-1.4921220880351707,-1.3893644953022377,0.10275759273293293,-0.27939373572819426
596,5.95,0.0,0.0,0.0,0.0,0.0608837700541635,-0.22553487140110293,-0.30253302969756285,-0.983574462726313,-1.491498273227885,-1.3915700988182702,0.09992817440961477,-0.2864186414552664
597,5.96,0.0,0.0,0.0,0.0,0.05781372471177565,-0.23519853182847153,-0.3114668267150133,-0.9490382164755806,-1.4909047113150498,-1.3938740536009804,0.0970306577140694,-0.2930122565402472
598,5.97,0.0,0.0,0.0,0.0,0.05465463867789754,-0.24451333114121465,-0.3203390654551987,-0.9138106620009755,-1.4903422955721648,-1.3962729064427095,0.09406938912945528,-0.2991679698191122
599,5.98,0.0,0.0,0.0,0.0,0.05140719099842261,-0.25347261063164106,-0.3291370161501659,-0.8779428387723941,-1.4898119131169838,-1.3987631350134955,0.09104877810348834,-0.3048798016300637
600,5.99,0.0,0.0,0.0,0.0,0.048072189105095274,-0.2620702268038121,-0.33784773408608,-0.8414867374865906,-1.4893144436366637,-1.401341152964432,0.0879732906722317,-0.31014241590890734
601,6.0,0.0,0.0,0.0,0.0,0.04465057088070247,-0.2703005605114488,-0.34645807681549157,-0.8044952243219495,-1.4888507580934354,-1.4040033151261078,0.0848474429673276,-0.31495113139215125
602,6.01,0.0,0.0,0.0,0.0,0.04114340654145325,-0.27815852531258045,-0.35495472349905666,-0.7670219600714827,-1.4884217174105212,-1.4067459227945498,0.08167579461597142,-0.3193019318540337
603,6.0200000000000005,0.0,0.0,0.0,0.0,0.03755190031555613,-0.28563957499096326,-0.363324196310971,-0.7291213144105134,-1.4880281711402294,-1.4095652290965879,0.07846294204364158,-0.32319147530651937
604,6.03,0.0,0.0,0.0,0.0,0.033877391897787955,-0.2927397101971236,-0.3715528838188004,-0.690848275611177,-1.4876709561163666,-1.4124574444260685,0.07521351169029811,-0.3266171020949115
605,6.04,0.0,0.0,0.0,0.0,0.030121357660846476,-0.299455484165285,-0.3796270662258232,-0.6522583560682302,-1.4873508950933043,-1.4154187419418958,0.07193215315140855,-0.32957684182613145
606,6.05,0.0,0.0,0.0,0.0,0.026285411605516205,-0.3057840074663044,-0.38753294234278646,-0.6134074940490616,-1.4870687953742248,-1.4184452631184508,0.068623532255774,-0.33206941907182064
607,6.0600000000000005,0.0,0.0,0.0,0.0,0.022371306033096096,-0.31172295176111803,-0.395256658136419,-0.5743519521242393,-1.4868254474312401,-1.4215331233385724,0.06529232409266773,-0.33409425779421414
608,6.07,0.0,0.0,0.0,0.0,0.018380931925163168,-0.3172705525239381,-0.40278433668440194,-0.5351482127730923,-1.4866216235202385,-1.4246784175189418,0.06194320600129677,-0.33565148444910126
609,6.08,0.0,0.0,0.0,0.0,0.014316319017518835,-0.32242561070956754,-0.4101021093510306,-0.49585287169066017,-1.4864580762934523,-1.4278772257574432,0.05858085053600903,-0.3367419297270864
610,6.09,0.0,0.0,0.0,0.0,0.010179635557102303,-0.3271874933445761,-0.41719614798473786,-0.4565225293478913,-1.4863355374128622,-1.4311256189918282,0.05520991842103396,-0.3373671289016784
611,6.1000000000000005,0.0,0.0,0.0,0.0,0.005973187732685819,-0.3315561330277178,-0.42405269792815964,-0.41721368137523346,-1.4862547161676583,-1.4344196646588485,0.051835051508809744,-0.3375293207604036
612,6.11,0.0,0.0,0.0,0.0,0.00169941877231069,-0.33553202633071805,-0.4306581116236781,-0.37798260835090247,-1.4862162980990536,-1.4377554323428994,0.04846086575615428,-0.3372314451030287
613,6.12,0.0,0.0,0.0,0.0,-0.0026390922973894963,-0.3391162310964083,-0.4369988825924122,-0.3388852655787938,-1.486220943635813,-1.4411289994031606,0.045091944232652274,-0.3364771387990188
614,6.13,0.0,0.0,0.0,0.0,-0.00703963223258525,-0.34231036263701,-0.4430616795625372,-0.29997717343730906,-1.486269286743888,-1.4445364565682106,0.041732830175677416,-0.33527073040442473
615,6.140000000000001,0.0,0.0,0.0,0.0,-0.011499355494748134,-0.34511658884114466,-0.44883338052358374,-0.26131330886915194,-1.4863619335935756,-1.4479739134871605,0.03838802010641507,-0.33361723334639654
616,6.15,0.0,0.0,0.0,0.0,-0.016015286512400168,-0.3475376242037553,-0.4543011064869442,-0.22294799856407277,-1.486499461247597,-1.4514375042264567,0.03506195702114034,-0.3315223376913551
617,6.16,0.0,0.0,0.0,0.0,-0.020584322278110564,-0.3495767227985292,-0.45945225473908324,-0.1849348143614953,-1.4866824163734773,-1.4549233927016785,0.031759023671798836,-0.3289924005204186
618,6.17,0.0,0.0,0.0,0.0,-0.025203235274626982,-0.35123767021752533,-0.4642745313828069,-0.14732647136888502,-1.4869113139835448,-1.4584277780338728,0.028483535949672012,-0.32603443494289835
619,6.18,0.0,0.0,0.0,0.0,-0.02986867672205063,-0.3525247745074939,-0.4687559829731622,-0.11017472925482985,-1.4871866362058053,-1.4619468998202414,0.025239736385563875,-0.3226560977854433
620,6.19,0.0,0.0,0.0,0.0,-0.034577180136087224,-0.3534428561367571,-0.47288502706792407,-0.0735302971339926,-1.4875088310888522,-1.465477043309315,0.022031787779537293,-0.31886567600066984
621,6.2,0.0,0.0,0.0,0.0,-0.03932516518568038,-0.3539972370304649,-0.4766504815279219,-0.03744274241509827,-1.487878311443867,-1.4690145444711034,0.018863766972763592,-0.3146720718447845
622,6.21,0.0,0.0,0.0,0.0,-0.04410894183677827,-0.3541937287155086,-0.4800415924193631,-0.001960403933659031,-1.4882954537266373,-1.4725557949531145,0.01573965877352279,-0.3100847868787303
623,6.22,0.0,0.0,0.0,0.0,-0.04892471476758134,-0.35403861961933103,-0.4830480603885439,0.03286969036069093,-1.488760596962384,-1.4760972469135498,0.012663350048834232,-0.3051139048517497
624,6.23,0.0,0.0,0.0,0.0,-0.053768588039433525,-0.3535386615693071,-0.4856600653985797,0.06700190094604422,-1.489274041716032,-1.479635417723454,0.009638623992577864,-0.29977007352987356
625,6.24,0.0,0.0,0.0,0.0,-0.058636570006503005,-0.35270105554125747,-0.48786828973770013,0.10039204933720461,-1.4898360491103977,-1.4831668945300605,0.006669154580337233,-0.29406448553475445
626,6.25,0.0,0.0,0.0,0.0,-0.06352457844660717,-0.3515334367070086,-0.4896639392289485,0.13299748565398445,-1.4904468398945958,-1.4866883386740777,0.003758501220518129,-0.28800885826040146
627,6.26,0.0,0.0,0.0,0.0,-0.06842844589492106,-0.35004385883172356,-0.491038762591413,0.16477715109392035,-1.4911065935647823,-1.4901964899541567,0.0009101036106256011,-0.2816154129368025
628,6.2700000000000005,0.0,0.0,0.0,0.0,-0.07334392516192598,-0.34824077807201925,-0.4919850689231706,0.195691635305819,-1.491815447539172,-1.493688170732292,-0.0018727231931199295,-0.27489685291009325
629,6.28,0.0,0.0,0.0,0.0,-0.07826669501674235,-0.34613303622567665,-0.49249574329560286,0.22570322870911894,-1.4925734963890789,-1.497160289874421,-0.004586793485342077,-0.26786634120893427
630,6.29,0.0,0.0,0.0,0.0,-0.08319236601699408,-0.3437298434830689,-0.49256426046735075,0.2547759698493242,-1.493380791127537,-1.500609846520988,-0.007229055393451089,-0.2605374774660748
631,6.3,0.0,0.0,0.0,0.0,-0.0881164864665067,-0.3410407607293236,-0.49218469674374626,0.28287568792113393,-1.4942373385568752,-1.5040339336827349,-0.00979659512585962,-0.2529242742628169
632,6.3100000000000005,0.0,0.0,0.0,0.0,-0.09303454848249892,-0.33807568144472655,-0.4913517400237641,0.3099700406278361,-1.4951431006764322,-1.5074297416574656,-0.01228664098103338,-0.24504113296222763
633,6.32,0.0,0.0,0.0,0.0,-0.09794199415440938,-0.33484481324902743,-0.49006069809129904,0.33602854757758605,-1.4960979941514143,-1.5107945612639977,-0.01469656711258338,-0.23690281909461805
634,6.33,0.0,0.0,0.0,0.0,-0.1028342217771484,-0.3313586591331579,-0.488307505220633,0.36102261944406233,-1.4971018898437298,-1.5141257868899596,-0.017023897046229756,-0.22852443735600947
635,6.34,0.0,0.0,0.0,0.0,-0.10770659214230496,-0.327627998419494,-0.4860887271772639,0.3849255831403809,-1.4981546124054577,-1.5174209193505124,-0.019266306945054712,-0.21992140627718906
636,6.3500000000000005,0.0,0.0,0.0,0.0,-0.11255443487171542,-0.32366386748921394,-0.4834015647047033,0.4077127032710991,-1.4992559399354533,-1.5206775685554805,-0.021421628620027278,-0.21110943261749854
637,6.36,0.0,0.0,0.0,0.0,-0.11737305477873368,-0.3194775403126031,-0.4802438555953547,0.42936120013735907,-1.5004056036994395,-1.5238934559827402,-0.02348785228330064,-0.20210448553386945
638,6.37,0.0,0.0,0.0,0.0,-0.12215773824356498,-0.315080508815374,-0.4766140754491368,0.4498502645750334,-1.501603287913793,-1.5270664169560673,-0.025463129042274213,-0.19292277057180907
639,6.38,0.0,0.0,0.0,0.0,-0.12690375959006625,-0.31048446311127786,-0.47251133722713673,0.4691610699050114,-1.5028486295930998,-1.530194402725953,-0.02734577313285325,-0.1835807035212116
640,6.390000000000001,0.0,0.0,0.0,0.0,-0.13160638745251477,-0.30570127162850785,-0.46793538970929355,0.4872767812690465,-1.5041412184614391,-1.5332754823521957,-0.029134263890756573,-0.1740948841759931
641,6.4,0.0,0.0,0.0,0.0,-0.13626089112192533,-0.3007429611547183,-0.46288661496497663,0.5041825626138267,-1.5054805969272391,-1.5363078443873257,-0.030827247460086582,-0.164482070032793
642,6.41,0.0,0.0,0.0,0.0,-0.14086254686258878,-0.2956216968229192,-0.4573660249434319,0.5198655815708029,-1.5068662601214569,-1.5392897983601734,-0.032423538238716576,-0.15475914996033044
643,6.42,0.0,0.0,0.0,0.0,-0.14540664419054328,-0.29034976205813784,-0.4513752572875702,0.5343150124599595,-1.508297655998737,-1.542219776059079,-0.03392212006034189,-0.14494311786759456
644,6.43,0.0,0.0,0.0,0.0,-0.14988849210671457,-0.28493953850255527,-0.444916570469497,0.5475220376228415,-1.5097741855011368,-1.5450963326144502,-0.035322147113313385,-0.1350510463958407
645,6.44,0.0,0.0,0.0,0.0,-0.1543034252784067,-0.2794034859349076,-0.43799283833980895,0.5594798472640812,-1.5112952027839264,-1.54791814738053,-0.036622944596603535,-0.1251000606565009
646,6.45,0.0,0.0,0.0,0.0,-0.15864681016370777,-0.2737541221982925,-0.4306075441750321,0.5701836379519591,-1.5128600155029248,-1.5506840246163864,-0.03782400911346163,-0.11510731203458471
647,6.46,0.0,0.0,0.0,0.0,-0.16291405107418375,-0.2680040031491564,-0.42276477429894904,0.5796306098979435,-1.514467885162775,-1.5533928939662822,-0.03892500880350713,-0.10508995207497265
648,6.47,0.0,0.0,0.0,0.0,-0.16710059617193165,-0.26216570263921857,-0.41446921134402454,0.5878199631027705,-1.5161180275255197,-1.5560438107396826,-0.03992578321416284,-0.09506510646728691
649,6.48,0.0,0.0,0.0,0.0,-0.17120194339768713,-0.25625179254135655,-0.4057261272089518,0.5947528924236841,-1.5178096130788057,-1.558635955991298,-0.04082634291249221,-0.08504984914366942
650,6.49,0.0,0.0,0.0,0.0,-0.1752136463271796,-0.2502748228301154,-0.3965413757576562,0.60043258158384,-1.5195417675630123,-1.561168636401647,-0.041626868838634756,-0.07506117650293578
651,6.5,0.0,0.0,0.0,0.0,-0.17913131995333592,-0.24424730172744374,-0.3869213852940654,0.6048641961116494,-1.5213135725565763,-1.5636412839587446,-0.04232771140216829,-0.06511598177410782
652,6.51,0.0,0.0,0.0,0.0,-0.18295064639220843,-0.23818167592456552,-0.37687315083590195,0.6080548751653382,-1.5231240661187573,-1.5660534554416161,-0.042929389322858835,-0.05523102953235709
653,6.5200000000000005,0.0,0.0,0.0,0.0,-0.18666738051069334,-0.2320903108914805,-0.36640422619964785,0.6100137221666903,-1.5249722434890733,-1.56840483170646,-0.04343258821738672,-0.04542293038078715
654,6.53,0.0,0.0,0.0,0.0,-0.1902773554741628,-0.22598547128651272,-0.3555227158980448,0.6107517941385051,-1.526857057842615,-1.5706952167763937,-0.04383815893377863,-0.03570811581234992
655,6.54,0.0,0.0,0.0,0.0,-0.19377648821210436,-0.21987930147950255,-0.34423726684108874,0.6102820896130706,-1.5287774211004284,-1.572924536735853,-0.04414711563542473,-0.02610281326739819
656,6.55,0.0,0.0,0.0,0.0,-0.19716078479971,-0.21378380620371015,-0.33255705982165323,0.6086195349543704,-1.5307322047941339,-1.5750928384308531,-0.04436063363671928,-0.016623021404000154
657,6.5600000000000005,0.0,0.0,0.0,0.0,-0.2004263457531333,-0.20771083135316162,-0.3204918007577464,0.6057809689152882,-1.5327202409839336,-1.5772002879764793,-0.04448004699254571,-0.007284485600028312
658,6.57,0.0,0.0,0.0,0.0,-0.20356937123580296,-0.20167204494406452,-0.3080517116551897,0.6017851252330735,-1.5347403232291266,-1.5792471690731575,-0.04450684584403097,0.0018973262917384437
659,6.58,0.0,0.0,0.0,0.0,-0.20658616617278944,-0.1956789182609467,-0.29524752124719683,0.5966526130519468,-1.5367912076102328,-1.5812338811334443,-0.04444267352321152,0.010907247911842749
660,6.59,0.0,0.0,0.0,0.0,-0.2094731452697446,-0.18974270721035777,-0.2820904552612191,0.59040589495153,-1.5388716138017844,-1.5831609372212947,-0.04428932341951031,0.019730438059386818
661,6.6000000000000005,0.0,0.0,0.0,0.0,-0.2122268379324216,-0.18387443390720035,-0.2685922262583892,0.5830692623536005,-1.5409802261948145,-1.5850289618060092,-0.04404873561119471,0.028352404025221267
662,6.61,0.0,0.0,0.0,0.0,-0.21484389308220922,-0.1780848685210604,-0.2547650229872372,0.5746688080780271,-1.5431156950680236,-1.58683868833332,-0.043722993265296495,0.03675902456114882
663,6.62,0.0,0.0,0.0,0.0,-0.21732108386252416,-0.1723845114121733,-0.24062149919091808,0.5652323958213711,-1.5452766378065623,-1.5885909566163647,-0.04331431880980242,0.04493657245035085
664,6.63,0.0,0.0,0.0,0.0,-0.21965531223028403,-0.1667835755889136,-0.2261747618062181,0.5547896263388833,-1.5474616401673067,-1.5902867100495968,-0.04282506988229007,0.05287173664137043
665,6.640000000000001,0.0,0.0,0.0,0.0,-0.22184361342607414,-0.16129196952081548,-0.21143835849295073,0.543371800122257,-1.5496692575894482,-1.5919269926490218,-0.04225773505957364,0.06055164390525866
666,6.65,0.0,0.0,0.0,0.0,-0.2238831603160096,-0.15591928034314673,-0.1964262644341275,0.5310118763814977,-1.551898016549149,-1.5935129459224902,-0.04161492937334122,0.06796387997286288
667,6.66,0.0,0.0,0.0,0.0,-0.22577126759771782,-0.15067475749086198,-0.18115286835038205,0.5177444281594233,-1.5541464159569447,-1.5950458055741499,-0.04089938961720519,0.07509651010685583
668,6.67,0.0,0.0,0.0,0.0,-0.22750539586231552,-0.14556729680137745,-0.16563295767662323,0.5036055934315687,-1.5564129285964925,-1.5965268980475507,-0.04011396945105816,0.08193809906093807
669,6.68,0.0,0.0,0.0,0.0,-0.22908315550376868,-0.14060542512692734,-0.14988170285454072,0.4886330220720173,-1.558696002603184,-1.597957636912287,-0.03926163430910301,0.08847773037684134
670,6.69,0.0,0.0,0.0,0.0,-0.230502310466589,-0.13579728549831332,-0.13391464070153167,0.47286581859707016,-1.5609940629810501,-1.5993395190994897,-0.038345456118439536,0.09470502496827568
671,6.7,0.0,0.0,0.0,0.0,-0.23176078182246643,-0.1311506228825705,-0.11774765682451753,0.4563444806326535,-1.5633055131562965,-1.6006741209918853,-0.03736860783558882,0.10061015893989592
672,6.71,0.0,0.0,0.0,0.0,-0.23285665116616738,-0.12667277057742393,-0.10139696705607387,0.4391108330882445,-1.5656287365657098,-1.601963094374584,-0.03633435780887418,0.10618388058874345
673,6.72,0.0,0.0,0.0,0.0,-0.2337881638208469,-0.12237063728540502,-0.08487909790002315,0.4212079580586918,-1.5679620982780778,-1.6032081622531718,-0.035246063975094,0.11141752653544189
674,6.73,0.0,0.0,0.0,0.0,-0.23455373184284992,-0.11825069491006816,-0.06821086598402085,0.4026801205155448,-1.5703039466466686,-1.604411114546121,-0.034107167899452444,0.11630303693278175
675,6.74,0.0,0.0,0.0,0.0,-0.23515193681610347,-0.11431896711593785,-0.05140935652758168,0.38357268989061416,-1.5726526149907134,-1.605573803658947,-0.03292118866823368,0.12083296970016562
676,6.75,0.0,0.0,0.0,0.0,-0.23558153242634416,-0.11058101869257235,-0.03449190084517812,0.36393205769583775,-1.5750064233037415,-1.6066981399479514,-0.03169171664420989,0.1250005137337718
677,6.76,0.0,0.0,0.0,0.0,-0.2358414468056759,-0.10704194576149574,-0.017476052915460134,0.34380555136475,-1.577363679986516,-1.607786087081789,-0.030422407095272996,0.12879950104418014
678,6.7700000000000005,0.0,0.0,0.0,0.0,-0.2359307846383224,-0.10370636686268224,-0.0003795650589063276,0.323241344540962,-1.5797226836022296,-1.6088396573094734,-0.029116973707243865,0.13222441777564015
679,6.78,0.0,0.0,0.0,0.0,-0.2358488290189165,-0.1005784149548375,0.01677963722264693,0.3022883640778173,-1.582081724651525,-1.6098609066437868,-0.027779181992261703,0.13527041406407897
680,6.79,0.0,0.0,0.0,0.0,-0.23559504305525666,-0.0976617303608863,0.03398348118054717,0.28099619404987347,-1.584439087364832,-1.6108519299693955,-0.026412842604563558,0.13793331269437037
681,6.8,0.0,0.0,0.0,0.0,-0.23516907120815303,-0.09495945468690827,0.05121377345372934,0.2594149771108475,-1.5867930515094173,-1.6118148560852654,-0.025021804575848124,0.14020961652124475
682,6.8100000000000005,0.0,0.0,0.0,0.0,-0.23457074036177378,-0.09247422573925067,0.06845222731956743,0.23759531356314298,-1.5891418942084954,-1.612751842691237,-0.02360994848274167,0.1420965146225231
683,6.82,0.0,0.0,0.0,0.0,-0.23380006061878084,-0.09020817346076533,0.08568049046930959,0.21558815853114086,-1.5914838917696676,-1.6136650713288534,-0.02218117955918575,0.14359188715801552
684,6.83,0.0,0.0,0.0,0.0,-0.23285722581549767,-0.08816291690307196,0.10288017320899392,0.19344471765304289,-1.5938173215199196,-1.614556742286717,-0.020739420766797467,0.1446943089124257
685,6.84,0.0,0.0,0.0,0.0,-0.23174261375337774,-0.08633956224751367,0.12003287698056846,0.17121634172440559,-1.5961404636443517,-1.6154290694808051,-0.019288605836453417,0.14540305150586408
686,6.8500000000000005,0.0,0.0,0.0,0.0,-0.23045678614411694,-0.08473870188306211,0.13712022309319483,0.14895442073976037,-1.5984516030257958,-1.6162842753202724,-0.017832672294476604,0.14571808426105481
687,6.86,0.0,0.0,0.0,0.0,-0.2290004882668747,-0.08336041454492377,0.15412388155124046,0.1267102777871247,-1.6007490310824435,-1.6171245855693372,-0.016375554486893762,0.14564007372195092
688,6.87,0.0,0.0,0.0,0.0,-0.227374648337211,-0.08220426651302776,0.17102559986351865,0.1045350632532294,-1.603031047600606,-1.6179522242158546,-0.014921176615248609,0.14517038182418324
689,6.88,0.0,0.0,0.0,0.0,-0.22558037658850946,-0.08126931386500781,0.1878072317177773,0.08247964979519916,-1.605295962559724,-1.618769408357153,-0.01347344579742904,0.14431106272350164
690,6.890000000000001,0.0,0.0,0.0,0.0,-0.2236189640678086,-0.08055410577376225,0.20445076540542756,0.06059452852697518,-1.6075420979467625,-1.619578343113635,-0.012036245166872517,0.14306485829404636
691,6.9,0.0,0.0,0.0,0.0,-0.22149188114910606,-0.0800566888352542,0.2209383518838849,0.038929706856273345,-1.6097677895571456,-1.6203812165805163,-0.010613427023370647,0.14143519231385188
692,6.91,0.0,0.0,0.0,0.0,-0.21920077576830488,-0.0797746124079374,0.23725233236777563,0.017534608390334803,-1.6119713887794336,-1.6211801948279208,-0.009208806048487173,0.13942616336036748
693,6.92,0.0,0.0,0.0,0.0,-0.2167474713850395,-0.07970493494112002,0.2533752653453223,-0.003542024693254528,-1.6141512643609743,-1.6219774169593337,-0.007826152598359393,0.13704253644391948
694,6.93,0.0,0.0,0.0,0.0,-0.21413396467761914,-0.07984423126574185,0.26928995292271923,-0.024252226440985982,-1.6163058041518352,-1.6227749902381736,-0.0064691860863383965,0.13428973341187728
695,6.94,0.0,0.0,0.0,0.0,-0.2113624229782646,-0.08018860081749397,0.28497946640678645,-0.04454889874359729,-1.6184334168243797,-1.623574985291961,-0.005141568467581292,0.13117382216077061
696,6.95,0.0,0.0,0.0,0.0,-0.2084351814566704,-0.08073367675898015,0.30042717104470557,-0.06438589947624747,-1.6205325335659293,-1.6243794314032427,-0.003846897837313401,0.12770150469769026
697,6.96,0.0,0.0,0.0,0.0,-0.2053547400606849,-0.08147463596474297,0.3156167498490583,-0.08371812688963738,-1.6226016097420417,-1.6251903118960829,-0.0025887021540411666,0.12388010409594194
698,6.97,0.0,0.0,0.0,0.0,-0.20212376022357795,-0.08240620983047967,0.33053222644636643,-0.1025016000218162,-1.6246391265280182,-1.626009559626558,-0.0013704330985397917,0.11971755039309828
699,6.98,0.0,0.0,0.0,0.0,-0.1987450613479216,-0.08352269586567271,0.3451579868979436,-0.12069353494114674,-1.6266435925063591,-1.6268390525852972,-0.00019546007893800346,0.1152223654822489
700,6.99,0.0,0.0,0.0,0.0,-0.19522161707657548,-0.08481797002717183,0.3594788004527358,-0.13825241667263424,-1.6286135452279842,-1.6276806096196872,0.000932935608296992,0.11040364704940366
701,7.0,0.0,0.0,0.0,0.0,-0.19155655136160699,-0.08628549974999952,0.373479839202878,-0.1551380667020136,-1.6305475527351452,-1.6285359862829392,0.0020115664522060146,0.10527105161160746
702,7.01,0.0,0.0,0.0,0.0,-0.1877531343422265,-0.08791835763080313,0.3871466966236573,-0.1713117059940381,-1.632444215044061,-1.629406870816762,0.0030373442272990663,0.09983477671142338
703,7.0200000000000005,0.0,0.0,0.0,0.0,-0.1838147780429344,-0.08970923571895209,0.40046540499044053,-0.18673601350281024,-1.6343021655854255,-1.630294880273946,0.004007285311479425,0.0941055423239823
704,7.03,0.0,0.0,0.0,0.0,-0.179745031903108,-0.09165046037025526,0.4134224516754748,-0.2013751801918439,-1.6361200726010434,-1.6312015567867097,0.004918515814333667,0.08809457153285274
705,7.04,0.0,0.0,0.0,0.0,-0.17554757814916833,-0.09373400761864674,0.4260047943374095,-0.2151949586197272,-1.6378966404949677,-1.6321283639862083,0.00576827650875944,0.08181357053052159
706,7.05,0.0,0.0,0.0,0.0,-0.17122622702030332,-0.09595151902192132,0.4381998750255117,-0.22816270818278817,-1.639630611137615,-1.6330766835781674,0.0065539275594477244,0.075274707998382
707,7.0600000000000005,0.0,0.0,0.0,0.0,-0.16678491185845004,-0.0982943179386877,0.4499956332289969,-0.24024743613905894,-1.6413207651214532,-1.6340478120791644,0.00727295304228881,0.06849059391976234
708,7.07,0.0,0.0,0.0,0.0,-0.1622276840729056,-0.10075342619509542,0.46138051790923795,-0.25141983456718336,-1.64296592296695,-1.635042957717662,0.00792296524928804,0.06147425787781019
709,7.08,0.0,0.0,0.0,0.0,-0.15755870798951585,-0.10331958110156624,0.47234349855910474,-0.261652313439854,-1.644564946277587,-1.6360632375034923,0.00850170877409484,0.054239126887949615
710,7.09,0.0,0.0,0.0,0.0,-0.1527822555939348,-0.10598325278166124,0.48287407533885246,-0.27091903001314394,-1.6461167388428253,-1.637109674469098,0.009007064373727227,0.04679900281227356
711,7.1000000000000005,0.0,0.0,0.0,0.0,-0.1479027011779182,-0.1087346617773288,0.4929622883421353,-0.27919591475082567,-1.6476202476880113,-1.6381831950854755,0.0094370526025358,0.03916803940058941
712,7.11,0.0,0.0,0.0,0.0,-0.14292451589707492,-0.11156379689703347,0.502598726048554,-0.2864606940161725,-1.649074464070298,-1.6392846268554084,0.009789837214889461,0.03136071900004145
713,7.12,0.0,0.0,0.0,0.0,-0.13785226224791414,-0.11446043327564574,0.5117745330207618,-0.29269290977258844,-1.650478424419732,-1.6404146960862696,0.010063728333462365,0.023391828972268394
714,7.13,0.0,0.0,0.0,0.0,-0.13269058847145979,-0.11741415061740354,0.5204814169045235,-0.29787393653891747,-1.6518312112247397,-1.641574025844358,0.01025718538038167,0.015276437854056246
715,7.140000000000001,0.0,0.0,0.0,0.0,-0.1274442228901065,-0.12041435159572705,0.5287116547892601,-0.3019869958452815,-1.6531319538613098,-1.6427631340924713,0.010368819768838522,0.007029871294379458
716,7.15,0.0,0.0,0.0,0.0,-0.1221179681838383,-0.12345028038610226,0.5364580989845433,-0.30501716843093507,-1.654379829365235,-1.6439824320121599,0.010397397353075101,-0.0013323122022639577
717,7.16,0.0,0.0,0.0,0.0,-0.11671669561137818,-0.1265110413106313,0.5437141822648532,-0.3069514044172047,-1.6555740631468387,-1.645232222511886,0.010341840634952693,-0.00979434569925311
718,7.17,0.0,0.0,0.0,0.0,-0.11124533918135164,-0.12958561757510978,0.5504739226305866,-0.3077785316759595,-1.6567139296476574,-1.6465126989221057,0.01020123072555168,-0.01834027839375814
719,7.18,0.0,0.0,0.0,0.0,-0.10570888977807565,-0.13266289008162707,0.556731927628139,-0.3074892625979832,-1.6577987529386047,-1.647823943878112,0.00997480906049275,-0.026954000303551426
720,7.19,0.0,0.0,0.0,0.0,-0.10011238924619588,-0.13573165630162798,0.5624833982657054,-0.3060761994459114,-1.6588279072591836,-1.6491659283913185,0.009661978867865129,-0.0356192670554321
721,7.2,0.0,0.0,0.0,0.0,-0.0944609244380627,-0.13878064919611102,0.5677241325546196,-0.3035338384538225,-1.6598008174973569,-1.6505385111095199,0.009262306387836983,-0.04431972475804832
722,7.21,0.0,0.0,0.0,0.0,-0.08875962122746496,-0.14179855617113923,0.5724505286984833,-0.29985857281018935,-1.660716959609719,-1.6519414377665405,0.008775521843178645,-0.053038934943674274
723,7.22,0.0,0.0,0.0,0.0,-0.08301363849317574,-0.1447740380580617,0.576659587944339,-0.29504869463340594,-1.6615758609816522,-1.6533743408215689,0.008201520160083353,-0.06176039956488595
724,7.23,0.0,0.0,0.0,0.0,-0.07722816207564512,-0.14769574810880026,0.5803489171017545,-0.2891043960197958,-1.6623771007271804,-1.6548367392883792,0.007540361438801213,-0.07046758603315514
725,7.24,0.0,0.0,0.0,0.0,-0.07140839871017357,-0.15055235099719547,0.5835167307270541,-0.28202776921335765,-1.6631203099282699,-1.6563280387545414,0.0067922711737284916,-0.0791439522870219
726,7.25,0.0,0.0,0.0,0.0,-0.06555956993995596,-0.1533325418177491,0.5861618529613006,-0.2738228059151771,-1.6638051718133595,-1.6578475315906405,0.0059576402227190526,-0.08777297187779315
727,7.26,0.0,0.0,0.0,0.0,-0.05968690601256213,-0.1560250650731121,0.5882837190019989,-0.26449539571864117,-1.6644314218749332,-1.6593943973494336,0.005037024525499589,-0.09633815906054996
728,7.2700000000000005,0.0,0.0,0.0,0.0,-0.053795639763643245,-0.15861873364137943,0.5898823761802081,-0.2540533236252428,-1.6649988479259914,-1.6609677033547887,0.004031144571202683,-0.1048230938777362
729,7.28,0.0,0.0,0.0,0.0,-0.04789100049199119,-0.16110244771364088,0.5909584846067795,-0.24250626656496901,-1.665507290095313,-1.6625664054801548,0.0029408846151581787,-0.11321144722164969
730,7.29,0.0,0.0,0.0,0.0,-0.04197820783046378,-0.16346521369133266,0.5915133173440268,-0.22986578881575692,-1.665956640761442,-1.6641893491162185,0.001767291645223379,-0.12148700586086889
731,7.3,0.0,0.0,0.0,0.0,-0.03606246561777856,-0.16569616303173346,0.5915487600524931,-0.2161453361889396,-1.6663468444253848,-1.6658352703272823,0.0005115740981025406,-0.1296336974139549
732,7.3100000000000005,0.0,0.0,0.0,0.0,-0.03014895577669262,-0.16778457102849448,0.5910673100565178,-0.20136022882189653,-1.6666778975220524,-1.6675027971957859,-0.0008248996737334481,-0.13763561525180185
733,7.32,0.0,0.0,0.0,0.0,-0.02424283220468887,-0.16971987551238366,0.5900720747674569,-0.18552765239648303,-1.6669498481705398,-1.6691904513542466,-0.0022406031837067797,-0.1454770433076948
734,7.33,0.0,0.0,0.0,0.0,-0.018349214683906337,-0.17149169545551382,0.5885667693995142,-0.16866664758200808,-1.6671627958634048,-1.6708966497037405,-0.003733853840335755,-0.15314248077160747
735,7.34,0.0,0.0,0.0,0.0,-0.012473182817735557,-0.1730898494602217,0.5865557139104871,-0.15079809748539347,-1.6673168910951717,-1.6726197063178643,-0.005302815222692603,-0.16061666664248617
736,7.3500000000000005,0.0,0.0,0.0,0.0,-0.0066197700021666875,-0.17450437411153186,0.5840438290982861,-0.1319447128786983,-1.6674123349303682,-1.6743578345309227,-0.006945499600554461,-0.16788460410936518
737,7.36,0.0,0.0,0.0,0.0,-0.0007939574406853037,-0.1757255421697926,0.5810366317840129,-0.11213101496599881,-1.6674493785114857,-1.6761091492088622,-0.008659770697376556,-0.1749315847291073
738,7.37,0.0,0.0,0.0,0.0,0.004999331787816522,-0.1767438805776713,0.577540229013661,-0.09138331544769593,-1.6674283225073452,-1.6778716692012263,-0.010443346693881141,-0.18174321236548782
739,7.38,0.0,0.0,0.0,0.0,0.01075523859796083,-0.17755018825327173,0.5735613112132015,-0.0697296936410137,-1.6673495165024501,-1.6796433199721337,-0.012293803469683562,-0.18830542685123255
740,7.390000000000001,0.0,0.0,0.0,0.0,0.01646897369286847,-0.17813555363875183,0.569107144235925,-0.04719997042070761,-1.6672133583280098,-1.6814219364079939,-0.014208578079984102,-0.19460452733162031
741,7.4,0.0,0.0,0.0,0.0,0.022135823273841063,-0.17849137197150192,0.564185560246435,-0.02382567875403801,-1.6670202933354301,-1.6832052657993484,-0.016184972463918257,-0.20062719524534298
742,7.41,0.0,0.0,0.0,0.0,0.02775115465286504,-0.17860936224275692,0.5588049473925556,0.0003599693813382127,-1.6667708136131831,-1.6849909709938922,-0.018220157380709034,-0.20636051689562196
743,7.42,0.0,0.0,0.0,0.0,0.033310421755596516,-0.1784815838064919,0.5529742382246142,0.025322119888679887,-1.6664654571480888,-1.6867766337173637,-0.020311176569274943,-0.2117920055620884
744,7.43,0.0,0.0,0.0,0.0,0.03880917050214445,-0.17810045259964527,0.5467028968309342,0.05102431742129846,-1.6661048069321671,-1.688559758058615,-0.022454951126447797,-0.2169096231017897
745,7.44,0.0,0.0,0.0,0.0,0.04424304405269902,-0.17745875693316152,0.5400009046689014,0.07742855037045028,-1.6656894900163477,-1.6903377741147696,-0.024648284098421902,-0.22170180098586054
746,7.45,0.0,0.0,0.0,0.0,0.049607787904902875,-0.17654967281209102,0.5328787450823979,0.10449530008160382,-1.6652201765124526,-1.6921080417919745,-0.026887865279521916,-0.22615746071699389
747,7.46,0.0,0.0,0.0,0.0,0.05489925482984103,-0.17536677874205767,0.5253473865087273,0.13218359437389834,-1.6646975785450022,-1.6938678547568196,-0.02917027621181734,-0.2302660335718987
748,7.47,0.0,0.0,0.0,0.0,0.06011340963360394,-0.17390406997884525,0.5174182643910538,0.16045106539998472,-1.6641224491545221,-1.6956144445330725,-0.03149199537855041,-0.23401747961244918
749,7.48,0.0,0.0,0.0,0.0,0.0652463337316223,-0.17215597217767722,0.5091032618257757,0.1892540118435418,-1.6634955811541605,-1.6973449847379458,-0.0338494035837853,-0.2374023059092995
750,7.49,0.0,0.0,0.0,0.0,0.07029422952332107,-0.1701173543990014,0.5004146889878611,0.21854746540999687,-1.66281780594155,-1.6990565954516732,-0.03623878951012327,-0.24041158392232248
751,7.5,0.0,0.0,0.0,0.0,0.07525342455515185,-0.16778354142824545,0.49136526139084075,0.2482852615231818,-1.6620899922679706,-1.7007463477137512,-0.03865635544578061,-0.2430369659833973
752,7.51,0.0,0.0,0.0,0.0,0.08012037546068078,-0.16515032536810403,0.4819680770516302,0.2784201140972527,-1.6613130449669902,-1.7024112681387717,-0.04109822317178158,-0.24527070082878483
753,7.5200000000000005,0.0,0.0,0.0,0.0,0.08489167166719264,-0.16221397646343516,0.4722365926433412,0.3089036942103008,-1.6604879036448599,-1.7040483436443763,-0.04356043999951642,-0.2471056481306278
754,7.53,0.0,0.0,0.0,0.0,0.08956403885915402,-0.1589712531207959,0.4621845987317081,0.33968671246366416,-1.6596155413350548,-1.70565452628346,-0.04603898494840509,-0.24853529197994995
755,7.54,0.0,0.0,0.0,0.0,0.09413434218990463,-0.15541941108700555,0.4518261942021935,0.37071900477064135,-1.65869696311943,-1.7072267381723973,-0.04852977505296741,-0.24955375327691018
756,7.55,0.0,0.0,0.0,0.0,0.09859958923405462,-0.15155621175389042,0.4411757599953556,0.4019496212797722,-1.6577332047185505,-1.7087618765067094,-0.05102867178815895,-0.25015580098794504
757,7.5600000000000005,0.0,0.0,0.0,0.0,0.10295693267430396,-0.14737992955948284,0.43024793227717273,0.43332691810262935,-1.656725331053822,-1.7102568186552833,-0.053531487601461425,-0.2503368622337868
758,7.57,0.0,0.0,0.0,0.0,0.10720367271769468,-0.1428893584594178,0.419057575178743,0.46479865148412197,-1.6556744347841004,-1.7117084273239767,-0.056033992539876294,-0.25009303117711246
759,7.58,0.0,0.0,0.0,0.0,0.11133725923769432,-0.13808381744602388,0.407619753245874,0.4963120740255139,-1.6545816348195095,-1.7131135557791906,-0.05853192095968108,-0.2494210766837182
760,7.59,0.0,0.0,0.0,0.0,0.11535529363992283,-0.13296315509663695,0.39594970374339555,0.5278140325471048,-1.6534480748152167,-1.7144690531217937,-0.061020978306576934,-0.24831844873655978
761,7.6000000000000005,0.0,0.0,0.0,0.0,0.1192555304508121,-0.12752775313687736,0.3840628089615253,0.559251067159206,-1.6522749216479373,-1.7157717696016137,-0.0634968479536764,-0.24678328358768947
762,7.61,0.0,0.0,0.0,0.0,0.12303587862995348,-0.12177852900902668,0.37197456867217976,0.5905695110969552,-1.651063363877936,-1.7170185619625944,-0.06595519808465845,-0.24481440763898016
763,7.62,0.0,0.0,0.0,0.0,0.1266944026083731,-0.11571693744011344,0.35970057288166896,0.6217155908670489,-1.6498146101992757,-1.7182062988086366,-0.06839168860936096,-0.24241134004848655
764,7.63,0.0,0.0,0.0,0.0,0.13022932305641066,-0.10934497100886892,0.3472564750228602,0.6526355262524756,-1.6485298878810415,-1.7193318659801147,-0.0708019780990732,-0.23957429406527958
765,7.640000000000001,0.0,0.0,0.0,0.0,0.13363901738629552,-0.10266515971522099,0.3346579657245002,0.6832756297251739,-1.6472104412022153,-1.720392171931068,-0.0731817307288527,-0.23630417710151652
766,7.65,0.0,0.0,0.0,0.0,0.13692201999584727,-0.09568056956046656,0.32192074728816134,0.7135824048259378,-1.6458575298828264,-1.721384153097134,-0.0755266232143077,-0.23260258955631383
767,7.66,0.0,0.0,0.0,0.0,0.1400770222609966,-0.08839480015058437,0.30906050899416937,0.7435026430858408,-1.6444724275139266,-1.7223047792443869,-0.07783235173046023,-0.22847182241158098
768,7.67,0.0,0.0,0.0,0.0,0.14310287228597357,-0.08081198133933205,0.2960929033471781,0.7729835190835034,-1.643056419988861,-1.7231510587893903,-0.08009463880052925,-0.2239148536253056
769,7.68,0.0,0.0,0.0,0.0,0.1459985744210661,-0.07293676893168491,0.28303352335969145,0.8019726832577471,-1.6416108039382062,-1.7239200440809674,-0.0823092401427612,-0.218935343352751
770,7.69,0.0,0.0,0.0,0.0,0.14876328855876264,-0.06477433947184716,0.26989788095824063,0.8304183521246703,-1.6401368851706493,-1.7246088366344035,-0.08447195146375419,-0.2135376280306098
771,7.7,0.0,0.0,0.0,0.0,0.1513963292198659,-0.05633038414341048,0.25670138658203967,0.8582693955819393,-1.6386359771219656,-1.7252145923090665,-0.08657861518710086,-0.2077267133632764
772,7.71,0.0,0.0,0.0,0.0,0.15389716444179002,-0.0476111018122095,0.2434593300281772,0.8854754210202793,-1.6371093993141341,-1.7257345264207173,-0.08862512710658321,-0.20150826625399954
773,7.72,0.0,0.0,0.0,0.0,0.1562654144817034,-0.038623191245050495,0.2301868625809031,0.9119868540022311,-1.6355584758265072,-1.7261659187800966,-0.09060744295358948,-0.19488860572675387
774,7.73,0.0,0.0,0.0,0.0,0.15850085034747885,-0.029373842539652254,0.21689898044550565,0.9377550153109244,-1.6339845337808192,-1.7265061186497273,-0.09252158486890805,-0.1878746928871311
775,7.74,0.0,0.0,0.0,0.0,0.16060339216952538,-0.019870727802910777,0.20361050949009415,0.9627321942156226,-1.6323889018416948,-1.7267525496112244,-0.09436364776952956,-0.18047411997243615
776,7.75,0.0,0.0,0.0,0.0,0.16257310742652778,-0.010121991115884684,0.19033609128125703,0.9868717178463121,-1.6307729087341771,-1.7269027143357911,-0.096129805601614,-0.17269509854241247
777,7.76,0.0,0.0,0.0,0.0,0.16441020903788842,-0.0001362378247759696,0.1770901703826274,1.0101280166150794,-1.6291378817796773,-1.7269541992509592,-0.09781631747128185,-0.1645464468626644
778,7.7700000000000005,0.0,0.0,0.0,0.0,0.16611505333527865,0.010077476802453801,0.1638869828687885,1.0324566856676602,-1.6274851454516142,-1.7269046790970364,-0.09941953364542223,-0.15603757653282485
779,7.78,0.0,0.0,0.0,0.0,0.16768813792514753,0.020509659514226248,0.15074054599114953,1.05381454239301,-1.6258160199518932,-1.7267519213671123,-0.10093590141521913,-0.14717847841092127
780,7.79,0.0,0.0,0.0,0.0,0.16913009945333013,0.03115039156916244,0.13766464891746377,1.074159680062,-1.6241318198092574,-1.726493790624872,-0.10236197081561471,-0.1379797078841677
781,7.8,0.0,0.0,0.0,0.0,0.1704417112820397,0.041989341747373336,0.12467284445292576,1.0934515177073536,-1.6224338525004405,-1.7261282526948538,-0.10369440019441334,-0.12845236953466635
782,7.8100000000000005,0.0,0.0,0.0,0.0,0.1716238810885482,0.053015779842374273,0.11177844163820988,1.111650846395611,-1.6207234170949474,-1.72565337872016,-0.10492996162521262,-0.11860810124617394
783,7.82,0.0,0.0,0.0,0.0,0.17267764839375405,0.0642185905984355,0.09899449910884432,1.128719872077371,-1.6190018029242064,-1.7250673490829933,-0.10606554615878694,-0.10845905779531854
784,7.83,0.0,0.0,0.0,0.0,0.17360418202763325,0.07558628806023412,0.08633381909082191,1.1446222552342706,-1.6172702882757541,-1.7243684571837314,-0.10709816890797731,-0.09801789396739913
785,7.84,0.0,0.0,0.0,0.0,0.17440477753727676,0.08710703030396658,0.07380894189971847,1.1593231475693098,-1.6155301391130605,-1.723555113074573,-0.10802497396151245,-0.08729774723331019
786,7.8500000000000005,0.0,0.0,0.0,0.0,0.17508085454186112,0.0987686345217067,0.061432140804635,1.1727892260114094,-1.6137826078215383,-1.722625846944084,-0.1088432391225458,-0.07631222002015442
787,7.86,0.0,0.0,0.0,0.0,0.1756339540374894,0.11055859243357753,0.049215417114398016,1.1849887243246477,-1.6120289319812582,-1.7215793124492422,-0.10955038046798406,-0.06507536160391188
788,7.87,0.0,0.0,0.0,0.0,0.17606573565340367,0.1224640860053179,0.037170495341363956,1.1958914626278478,-1.6102703331668577,-1.7204142898918136,-0.11014395672495582,-0.05360164964808577
789,7.88,0.0,0.0,0.0,0.0,0.17637797485961984,0.13447200345189922,0.025308818298231374,1.2054688751403946,-1.6085080157751308,-1.71912968923611,-0.1106216734609793,-0.04190597140772062
790,7.890000000000001,0.0,0.0,0.0,0.0,0.1765725601246005,0.14656895551107582,0.01364154198523914,1.2136940364755628,-1.6067431658807891,-1.7177245529653486,-0.11098138708455951,-0.030003604613524693
791,7.9,0.0,0.0,0.0,0.0,0.17665149002017178,0.15874129197394102,0.002179530129153604,1.2205416868030832,-1.6049769501209081,-1.7161980587739802,-0.11122110865307211,-0.017910198046230758
792,7.91,0.0,0.0,0.0,0.0,0.17661687026953365,0.17097511846279062,-0.009066651758559335,1.2259882561980957,-1.6032105146086024,-1.7145495220934701,-0.11133900748486769,-0.005641751806743034
793,7.92,0.0,0.0,0.0,0.0,0.1764709107329248,0.18325631344968385,-0.0200867429289764,1.2300118884840319,-1.6014449838765306,-1.712778398449091,-0.11133341457256041,0.006785402716759037
794,7.930000000000001,0.0,0.0,0.0,0.0,0.17621592232430502,0.1955705455121382,-0.030870794663214428,1.232592464862707,-1.5996814598508797,-1.7108842856453448,-0.11120282579446505,0.01935462318783318
795,7.94,0.0,0.0,0.0,0.0,0.17585431385132647,0.20790329082520537,-0.04140917836326824,1.2337116276054974,-1.5979210208565622,-1.7088669257776452,-0.11094590492108303,0.0320489769738789
796,7.95,0.0,0.0,0.0,0.0,0.17538858876989968,0.22023985089182854,-0.051692594555959696,1.2333528040557706,-1.5961647206544296,-1.7067262070678892,-0.11056148641345964,0.04485126212192886
797,7.96,0.0,0.0,0.0,0.0,0.17482134184383694,0.2325653705157066,-0.061712082884700786,1.2315012311643834,-1.5944135875114092,-1.7044621655215197,-0.1100485780101106,0.057744028671869674
798,7.97,0.0,0.0,0.0,0.0,0.17415525569938892,0.244864856022987,-0.07145903314726541,1.2281439807474697,-1.5926686233045604,-1.7020749864036193,-0.10940636309905895,0.07070960032359808
799,7.98,0.0,0.0,0.0,0.0,0.17339309726399782,0.25712319374080095,-0.08092519741988746,1.2232699856193379,-1.5909308026601554,-1.6995650055315106,-0.10863420287135517,0.08373009647680313
800,7.99,0.0,0.0,0.0,0.0,0.1725377140782819,0.26932516874198426,-0.09010270328885438,1.21687006671304,-1.5892010721289973,-1.6969327103812502,-0.10773163825225285,0.09678745466370237
801,8.0,0.0,0.0,0.0,0.0,0.17159203047015287,0.2814554838662598,-0.09898406819059924,1.2089369612576455,-1.587480349399298,-1.6941787410052984,-0.10669839160600048,0.10986345339610692
802,8.01,0.0,0.0,0.0,0.0,0.17055904358006538,0.2934987790285796,-0.10756221484023386,1.1994653520348955,-1.5857695225485504,-1.691303890758554,-0.10553436821000363,0.12293973544851425
803,8.02,0.0,0.0,0.0,0.0,0.16944181922670348,0.3054396508253471,-0.11583048770670831,1.1884518976888143,-1.5840694493359377,-1.6883091068298226,-0.10423965749388488,0.1359978315986436
804,8.03,0.0,0.0,0.0,0.0,0.16824348760294003,0.3172626724486977,-0.12378267047055155,1.1758952640108884,-1.5823809565369253,-1.6851954905756918,-0.10281453403876652,0.14901918484575769
805,8.040000000000001,0.0,0.0,0.0,0.0,0.1669672387926567,0.32895241391799257,-0.1314130043776698,1.1617961560708083,-1.5807048393217822,-1.6819642976536835,-0.10125945833190132,0.16198517512533586
806,8.05,0.0,0.0,0.0,0.0,0.16561631809999172,0.34049346263609437,-0.13871620738017967,1.1461573510092937,-1.579041860679866,-1.6786169379514753,-0.0995750772716093,0.17487714453610265
807,8.06,0.0,0.0,0.0,0.0,0.16419402118377963,0.3518704442759356,-0.1456874939330235,1.1289837312555298,-1.5773927508915813,-1.6751549753089066,-0.0977622244173253,0.187676423092156
808,8.07,0.0,0.0,0.0,0.0,0.16270368899137697,0.36306804400017373,-0.1523225952933235,1.110282317878235,-1.5757582070499958,-1.671580127029459,-0.09582191997946321,0.20036435500879676
809,8.08,0.0,0.0,0.0,0.0,0.16114870248769592,0.3740710280136245,-0.15861778014855912,1.0900623037267616,-1.574138892634138,-1.6678942631778733,-0.09375537054373528,0.2129223255259286
810,8.09,0.0,0.0,0.0,0.0,0.15953247717711172,0.38486426544443253,-0.16456987537976328,1.0683350859678034,-1.572535437136039,-1.6640994056605924,-0.09156396852455352,0.2253317882673208
811,8.1,0.0,0.0,0.0,0.0,0.15785845741794008,0.39543275054576077,-0.17017628674751048,1.045114297575033,-1.5709484357435926,-1.6601977270857822,-0.08924929134218963,0.2375742931278207
812,8.11,0.0,0.0,0.0,0.0,0.1561301105313885,0.405761625205128,-0.17543501927171212,1.020415837284078,-1.5693784490813019,-1.6561915493997843,-0.08681310031848245,0.24963151467373948
813,8.120000000000001,0.0,0.0,0.0,0.0,0.15435092070924994,0.41583620174343794,-0.18034469706153014,0.9942578974844721,-1.5678260030109465,-1.652083342297009,-0.08425733928606238,0.261485281034188
814,8.13,0.0,0.0,0.0,0.0,0.15252438272711075,0.4256419859802684,-0.18490458233934567,0.9666609894846895,-1.566291588494153,-1.6478757214004875,-0.08158413290633448,0.2731176032531577
815,8.14,0.0,0.0,0.0,0.0,0.15065399547244998,0.4351647005362298,-0.18911459339295944,0.9376479655563918,-1.5647756615187653,-1.6435714462105544,-0.07879578469178906,0.28451070506377985
816,8.15,0.0,0.0,0.0,0.0,0.14874325529971247,0.4443903083370825,-0.1929753211833761,0.9072440371411565,-1.563278643090813,-1.6391734178194695,-0.07589477472865645,0.29564705303737004
817,8.16,0.0,0.0,0.0,0.0,0.14679564922717503,0.45330503627811214,-0.196488044331923,0.8754767885872393,-1.5618009192937323,-1.634684676390159,-0.0728837570964267,0.3065093870509371
818,8.17,0.0,0.0,0.0,0.0,0.14481464799319776,0.4618953990008563,-0.19965474221026538,0.8423761857766771,-1.5603428414163378,-1.6301083983977085,-0.06976555698137067,0.31708075100765853
819,8.18,0.0,0.0,0.0,0.0,0.14280369899220058,0.4701482227278917,-0.20247810586036874,0.8079745790045896,-1.5589047261508502,-1.62544789363275,-0.06654316748189994,0.3273445237356911
820,8.19,0.0,0.0,0.0,0.0,0.14076621911340115,0.4780506690950557,-0.20496154647875592,0.7723066994835449,-1.5574868558620714,-1.620706601966462,-0.06321974610439063,0.3372844499816546
821,8.2,0.0,0.0,0.0,0.0,0.13870558750795442,0.48559025891429936,-0.20710920121067736,0.7354096488668108,-1.5560894789285533,-1.6158880898775339,-0.059798610948980535,0.34688467140634494
822,8.21,0.0,0.0,0.0,0.0,0.13662513831260434,0.49275489579445697,-0.20892593601511042,0.6973228812154824,-1.5547128101563352,-1.6109960467421514,-0.05628323658581613,0.3561297574818526
823,8.22,0.0,0.0,0.0,0.0,0.13452815336025803,0.4995328895416576,-0.21041734538076265,0.6580881768759441,-1.5533570312655387,-1.6060342808888102,-0.05267724962327148,0.36500473618139956
824,8.23,0.0,0.0,0.0,0.0,0.1324178549099707,0.5059129792560434,-0.21158974869659072,0.6177496077859688,-1.5520222914497852,-1.601006715420566,-0.04898442397078085,0.3734951243460727
825,8.24,0.0,0.0,0.0,0.0,0.13029739843067475,0.5118843560369037,-0.2124501831074186,0.5763534937899024,-1.5507087080080757,-1.5959173838082077,-0.04520867580013199,0.38158695760622896
826,8.25,0.0,0.0,0.0,0.0,0.12816986547451661,0.5174366852045297,-0.21300639271598135,0.533948349614894,-1.5494163670484156,-1.5907704252587136,-0.04135405821029802,0.3892668197300131
827,8.26,0.0,0.0,0.0,0.0,0.12603825667689234,0.5225601279439869,-0.21326681402682376,0.4905848222411189,-1.5481453242621035,-1.5855700798643013,-0.037424755602197816,0.39652187126709454
828,8.27,0.0,0.0,0.0,0.0,0.12390548492113228,0.5272453622737794,-0.21324055756453758,0.44631561848799123,-1.5468956057672285,-1.5803206835383332,-0.033425077771104705,0.4033398773526471
829,8.28,0.0,0.0,0.0,0.0,0.121774368706265,0.5314836032410739,-0.21293738563843448,0.40119542273469383,-1.5456672090195371,-1.5750266627453196,-0.029359453725782414,0.4097092345348089
830,8.290000000000001,0.0,0.0,0.0,0.0,0.11964762575636236,0.5352666222448436,-0.21236768626743194,0.3552808047957867,-1.544460103788447,-1.5696925290332489,-0.025232425244801963,0.4156189964884812
831,8.3,0.0,0.0,0.0,0.0,0.11752786690961761,0.5385867653890272,-0.2115424433220521,0.3086301180795837,-1.5432742331956002,-1.5643228733774581,-0.021048640181857925,0.4210588984794096
832,8.31,0.0,0.0,0.0,0.0,0.11541759032451232,0.5414369707696358,-0.21047320298444855,0.26130338826692745,-1.5421095148129698,-1.558922360346215,-0.016812845533245243,0.4260193804451235
833,8.32,0.0,0.0,0.0,0.0,0.1133191760392103,0.5438107846026513,-0.20917203667151502,0.21336219285947874,-1.5409658418171697,-1.5534957220991576,-0.012529880281987982,0.43049160856344104
834,8.33,0.0,0.0,0.0,0.0,0.11123488091863473,0.5457023761036286,-0.207651500609852,0.1648695320573161,-1.5398430841962587,-1.5480477522306202,-0.008204668034361482,0.43446749518499383
835,8.34,0.0,0.0,0.0,0.0,0.10916683402159082,0.5471065510350434,-0.20592459229372678,0.11588969153416386,-1.5387410900050007,-1.542583299470757,-0.003842209465756197,0.4379397170134525
836,8.35,0.0,0.0,0.0,0.0,0.10711703241777812,0.5480187638436408,-0.2040047040976906,0.06648809778283116,-1.537659686664227,-1.537107261258181,0.0005524254060458311,0.44090173142586264
837,8.36,0.0,0.0,0.0,0.0,0.10508733748162903,0.5484351283172623,-0.20190557435329323,0.016731166801481474,-1.5365986822996651,-1.5316245771985775,0.004974105101087644,0.44334779083563325
838,8.370000000000001,0.0,0.0,0.0,0.0,0.10307947168663985,0.5483524266987891,-0.1996412362337905,-0.03331385301852732,-1.535557867115347,-1.5261402224244112,0.009417644690935756,0.4452729550121493
839,8.38,0.0,0.0,0.0,0.0,0.10109501592026789,0.5477681172038652,-0.1972259648212607,-0.08357904286188235,-1.5345370147964839,-1.5206592008714437,0.013877813925040172,0.44667310128359733
840,8.39,0.0,0.0,0.0,0.0,0.09913540733558361,0.546680339898825,-0.19467422275642127,-0.1339959793053028,-1.533535883936522,-1.515186538488228,0.018349345448294144,0.4475449325632414
841,8.4,0.0,0.0,0.0,0.0,0.0972019377517668,0.5450879209056562,-0.1920006048923938,-0.18449590291281906,-1.5325542194829445,-1.5097272763951755,0.022826943087769003,0.4478859831538894
842,8.41,0.0,0.0,0.0,0.0,0.0952957526112292,0.5429903749117234,-0.1892197823890152,-0.23500988850031876,-1.5315917541962907,-1.504286464010032,0.027305290186258713,0.4476946223004942
843,8.42,0.0,0.0,0.0,0.0,0.09341785049673453,0.540387905973238,-0.18634644669403755,-0.2854690159306354,-1.530648210116805,-1.4988691521567836,0.03177905796002145,0.44697005547650354
844,8.43,0.0,0.0,0.0,0.0,0.0915690832073971,0.5372814066129205,-0.18339525386118743,-0.33580454028742207,-1.5297233000331176,-1.4934803861750614,0.036242913858056225,0.44571232340552336
845,8.44,0.0,0.0,0.0,0.0,0.08975015638794771,0.5336724552238256,-0.18038076965275399,-0.3859480602781805,-1.5288167289473915,-1.4881251990470545,0.04069152990033698,0.44392229883587786
846,8.45,0.0,0.0,0.0,0.0,0.08796163070121575,0.5295633118027196,-0.17731741586596306,-0.4358316837346532,-1.5279281955314512,-1.4828086045587614,0.045119590972689805,0.4416016811015039
847,8.46,0.0,0.0,0.0,0.0,0.08620392352945012,0.5249569120475612,-0.17421941830811136,-0.48538818911170434,-1.527057393568529,-1.4775355905121177,0.049521803056411295,0.4387529885181111
848,8.47,0.0,0.0,0.0,0.0,0.084477311185949,0.5198568598644101,-0.17110075682556702,-0.534551181933163,-1.5262040133754287,-1.4723111120041512,0.05389290137127745,0.43537954867846107
849,8.48,0.0,0.0,0.0,0.0,0.0827819316145326,0.5142674183392887,-0.1679751177664824,-0.583255245194575,-1.5253677432001138,-1.467140084788782,0.05822765841133171,0.43148548672475606
850,8.49,0.0,0.0,0.0,0.0,0.08111778755075177,0.5081934992400933,-0.1648558492271223,-0.6314360828060818,-1.5245482705899693,-1.4620273787363227,0.06252089185364662,0.4270757116893415
851,8.5,0.0,0.0,0.0,0.0,0.07948475011538385,0.5016406511223743,-0.1617559193973164,-0.6790306552439537,-1.523745283726264,-1.4569778114049985,0.06676747232126545,0.42215590100699046
852,8.51,0.0,0.0,0.0,0.0,0.07788256280780541,0.49461504612067236,-0.15868787828258246,-0.7259773066735579,-1.5229584727206495,-1.4519961417380558,0.07096233098259375,0.41673248331286694
853,8.52,0.0,0.0,0.0,0.0,0.07631084586425746,0.48712346551395536,-0.15566382303937912,-0.7722158829091325,-1.5221875308698731,-1.4470870638991615,0.0751004669707116,0.4108126196496979
854,8.53,0.0,0.0,0.0,0.0,0.0747691009438694,0.47917328415951366,-0.15269536711658968,-0.817687839684224,-1.5214321558652348,-1.442255201257888,0.07917695460734686,0.40440418321564425
855,8.540000000000001,0.0,0.0,0.0,0.0,0.07325671610360068,0.4707724538943646,-0.1497936133512891,-0.8623363408196304,-1.520692050953709,-1.437505100536103,0.08318695041760593,0.39751573779076393
856,8.55,0.0,0.0,0.0,0.0,0.07177297102200969,0.4619294860067884,-0.14696913112098584,-0.9061063459907296,-1.519966926048037,-1.4328412261250882,0.08712569992294884,0.3901565149847787
857,8.56,0.0,0.0,0.0,0.0,0.07031704243096265,0.45265343288298515,-0.1442319376083711,-0.9489446879122022,-1.519256498783509,-1.4282679545821435,0.09098854420136561,0.3823363904520225
858,8.57,0.0,0.0,0.0,0.0,0.06888800971407252,0.4429538689351425,-0.14159148318909284,-0.990800138872245,-1.51856049551956,-1.4237895693144178,0.09477092620514217,0.37406585922106994
859,8.58,0.0,0.0,0.0,0.0,0.06748486063076721,0.4328408709172681,-0.13905664090856815,-1.0316234666604407,-1.51787865228472,-1.4194102554566022,0.09846839682811794,0.3653560102865009
860,8.59,0.0,0.0,0.0,0.0,0.06610649712544671,0.4223249977341901,-0.1366356999712375,-1.0713674800402582,-1.517210715663865,-1.4151340949480884,0.10207662071577661,0.3562185006087434
861,8.6,0.0,0.0,0.0,0.0,0.06475174118215692,0.4114172698470988,-0.1343363631252221,-1.109987064018645,-1.5165564436271142,-1.4109650618141387,0.10559138181297545,0.3466655286649419
862,8.61,0.0,0.0,0.0,0.0,0.06341934068656929,0.40012914837599955,-0.1321657477877661,-1.147439205259287,-1.5159156063001158,-1.4069070176545986,0.10900858864551721,0.33670980768943026
863,8.620000000000001,0.0,0.0,0.0,0.0,0.06210797525877617,0.38847251399554333,-0.1301303907224021,-1.1836830080722782,-1.5152879866758266,-1.4029637073426948,0.11232427933313183,0.3263645387367672
864,8.63,0.0,0.0,0.0,0.0,0.060816262022461896,0.37645964571599416,-0.12823625604779199,-1.2186797014901511,-1.5146733812682567,-1.3991387549355285,0.11553462633272815,0.3156433836935323
865,8.64,0.0,0.0,0.0,0.0,0.05954276127834462,0.3641031996356015,-0.12648874633102955,-1.2523926380080357,-1.5140716007089718,-1.3954356597969633,0.11863594091200859,0.3045604383572569
866,8.65,0.0,0.0,0.0,0.0,0.05828598205238363,0.35141618774464556,-0.12489271649483993,-1.2847872846233719,-1.513482470287468,-1.3918577929328024,0.12162467735466564,0.29313020569226195
867,8.66,0.0,0.0,0.0,0.0,0.057044387492044775,0.3384119568547473,-0.12345249024886416,-1.3158312068584448,-1.5129058304368004,-1.3884083935373543,0.12449743689944603,0.2813675693627025
868,8.67,0.0,0.0,0.0,0.0,0.055816400086898546,0.3251041677200514,-0.12217187873994063,-1.3454940464864078,-1.512341537166109,-1.3850905657497992,0.12725097141630992,0.2692877676331529
869,8.68,0.0,0.0,0.0,0.0,0.05460040669293491,0.31150677440952274,-0.12105420110505129,-1.3737474937090168,-1.5117894624419062,-1.3819072756181334,0.12988218682377276,0.2569063677165878
870,8.69,0.0,0.0,0.0,0.0,0.05339476334318169,0.29763400398202106,-0.12010230660328577,-1.4005652545519296,-1.5112494945201735,-1.378861348267918,0.1323881462522556,0.24423924063883937
871,8.700000000000001,0.0,0.0,0.0,0.0,0.052197799830470896,0.2835003365081072,-0.11931859799962205,-1.4259230142517874,-1.5107215382314843,-1.375955465272575,0.13476607295890927,0.23130253667763628
872,8.71,0.0,0.0,0.0,0.0,0.051007824051473236,0.26912048547480644,-0.11870505587337422,-1.4497983974087238,-1.5102055152214815,-1.3731921622215804,0.13701335299990114,0.2181126614233332
873,8.72,0.0,0.0,0.0,0.0,0.04982312610437377,0.25450937860180184,-0.11826326352758347,-1.4721709256691902,-1.5097013641491444,-1.3705738264825686,0.1391275376665757,0.20468625249742806
874,8.73,0.0,0.0,0.0,0.0,0.04864198213577599,0.23968213909004588,-0.11799443218222655,-1.4930219736873764,-1.5092090408453283,-1.3681026951531312,0.14110634569219704,0.1910401569542699
875,8.74,0.0,0.0,0.0,0.0,0.04746265793554022,0.22465406731632073,-0.11789942614356815,-1.5123347240901925,-1.5087285184340968,-1.3657808531979063,0.14294766523619049,0.1771914093807805
876,8.75,0.0,0.0,0.0,0.0,0.04628341228128529,0.20944062298022234,-0.11797878765407516,-1.5300941221410607,-1.50825978741936,-1.363610231766463,0.14464955565289705,0.16315721069893704
877,8.76,0.0,0.0,0.0,0.0,0.04510250003716622,0.19405740770324661,-0.11823276114175094,-1.5462868307625177,-1.5078028557393002,-1.361592606687452,0.14621024905184823,0.14895490766608038
878,8.77,0.0,0.0,0.0,0.0,0.043918175014271484,0.1785201480732546,-0.1186613166042546,-1.5609011865376072,-1.5073577487910104,-1.3597295971345322,0.14762815165647813,0.1346019730589831
879,8.78,0.0,0.0,0.0,0.0,0.04272869260253964,0.16284467912161102,-0.1192641718814725,-1.5739271572658549,-1.5069245094276793,-1.3580226644596738,0.14890184496800551,0.12011598651907138
880,8.790000000000001,0.0,0.0,0.0,0.0,0.04153231218645981,0.1470469282147668,-0.12004081359009836,-1.5853563016018755,-1.5065031979305505,-1.3564731111896011,0.15003008674094942,0.105514616028307
881,8.8,0.0,0.0,0.0,0.0,0.04032729935898191,0.13114289933704498,-0.12099051651494801,-1.5951817312540424,-1.5060938919577456,-1.355082080181345,0.15101181177640052,0.09081559997806307
882,8.81,0.0,0.0,0.0,0.0,0.03911192795000008,0.11514865773682009,-0.1221123612739754,-1.6033980761678013,-1.5056966864718895,-1.3538505539331205,0.151846132538769,0.07603672978682001
883,8.82,0.0,0.0,0.0,0.0,0.03788448188749554,0.09908031490440569,-0.12340525009710222,-1.6100014530632976,-1.5053116936483046,-1.352779354047061,0.15253233960124368,0.06119583301691015
884,8.83,0.0,0.0,0.0,0.0,0.03664325691089824,0.08295401384644942,-0.12486792058274826,-1.6149894376409946,-1.504939042765348,-1.3518691408406571,0.15306990192469083,0.04631075693555118
885,8.84,0.0,0.0,0.0,0.0,0.035386562157471026,0.0667859146188418,-0.1264989573202464,-1.6183610407118043,-1.5045788800782682,-1.351120413104129,0.15345846697413923,0.03139935246137077
886,8.85,0.0,0.0,0.0,0.0,0.03411272164351391,0.05059218007784841,-0.12829680129094834,-1.6201166884506357,-1.5042313686777429,-1.3505335080013416,0.15369786067640123,0.0164794584343345
887,8.86,0.0,0.0,0.0,0.0,0.03282007566293414,0.03438896180747763,-0.1302597569856107,-1.6202582069143834,-1.5038966883340357,-1.3501086011122938,0.15378808722174186,0.0015688861445434868
888,8.870000000000001,0.0,0.0,0.0,0.0,0.031506982126227656,0.01819238617997294,-0.13238599720051045,-1.6187888109075268,-1.503575035327486,-1.3498457066156309,0.15372932871185507,-0.013314595946254715
889,8.88,0.0,0.0,0.0,0.0,0.030171817863170386,0.002018540505794826,-0.13467356549950518,-1.6157130972209905,-1.5032666222658086,-1.3497446776100686,0.15352194465574007,-0.02815327735737556
890,8.89,0.0,0.0,0.0,0.0,0.028812979912518046,-0.014116540770574181,-0.1371203763538204,-1.611037042212958,-1.5029716778884519,-1.3498052065740525,0.15316647131439942,-0.04292952068309223
891,8.9,0.0,0.0,0.0,0.0,0.027428886821781528,-0.03019688987197231,-0.1397242129956064,-1.6047680036441874,-1.5026904468580258,-1.350026825963409,0.15266362089461682,-0.057625776693753836
892,8.91,0.0,0.0,0.0,0.0,0.02601797997965702,-0.046206619528969886,-0.14248272304515402,-1.596914726625224,-1.5024231895385896,-1.3504089089471707,0.15201428059141886,-0.0722245995086269
893,8.92,0.0,0.0,0.0,0.0,0.024578725002978703,-0.06212993689951269,-0.1453934119949836,-1.5874873534789944,-1.5021701817603592,-1.3509506702821705,0.15121951147818868,-0.0867086619024914
894,8.93,0.0,0.0,0.0,0.0,0.0231096131991143,-0.07795115760575265,-0.14845363465669284,-1.5764974372699196,-1.5019317145701856,-1.351651167327386,0.1502805472427995,-0.10106077080486695
895,8.94,0.0,0.0,0.0,0.0,0.021609163123554646,-0.0936547199232745,-0.15166058469839194,-1.5639579586999348,-1.5017080939669476,-1.3525093011993878,0.14919879276755976,-0.11526388304682914
896,8.950000000000001,0.0,0.0,0.0,0.0,0.020075922251064034,-0.1092251991546889,-0.15501128242157378,-1.5498833460232495,-1.5014996406208176,-1.3535238180705753,0.14797582255024233,-0.12930112140575292
897,8.96,0.0,0.0,0.0,0.0,0.018508468777170186,-0.1246473222158276,-0.15850256094635223,-1.5342894975852615,-1.5013066895751765,-1.35469331061219,0.14661337896298665,-0.14315579099299777
898,8.97,0.0,0.0,0.0,0.0,0.01690541356498232,-0.13990598245866734,-0.1621310509928822,-1.5171938065473087,-1.5011295899297985,-1.3560162195843568,0.1451133703454417,-0.15681139602364966
899,8.98,0.0,0.0,0.0,0.0,0.015265402250367887,-0.15498625475042316,-0.16589316446438343,-1.4986151873182831,-1.5009687045037856,-1.3574908355756212,0.1434778689281644,-0.17025165700079103
900,8.99,0.0,0.0,0.0,0.0,0.013587117516372746,-0.16987341082336904,-0.16978507705334603,-1.4785741031767061,-1.500824409476614,-1.3591153008946195,0.1417091085819946,-0.1834605283397418
901,9.0,0.0,0.0,0.0,0.0,0.011869281545485274,-0.18455293490454983,-0.17380271010707526,-1.4570925945332305,-1.5006970940055517,-1.3608876116166435,0.13980948238890822,-0.1964222164500351
902,9.01,0.0,0.0,0.0,0.0,0.010110658655916205,-0.19901053962891743,-0.17794171200145345,-1.434194307254221,-1.5005871598176372,-1.362805619787917,0.13778154002972018,-0.20912119828483364
903,9.02,0.0,0.0,0.0,0.0,0.008310058125521548,-0.21323218223349996,-0.18219743928263835,-1.4099045204421945,-1.5004950207743604,-1.3648670357904156,0.1356279849839448,-0.2215422403590215
904,9.03,0.0,0.0,0.0,0.0,0.006466337204353702,-0.22720408102406703,-0.1865649378450525,-1.3842501730493662,-1.50042110240716,-1.3670694308699978,0.13335167153716232,-0.23367041822842072
905,9.040000000000001,0.0,0.0,0.0,0.0,0.004578404314108156,-0.2409127320994446,-0.19103892442041548,-1.357259888686291,-1.5003658414218588,-1.3694102398305088,0.13095560159135,-0.24549113641355277
906,9.05,0.0,0.0,0.0,0.0,0.0026452224299664726,-0.25434492631218986,-0.19561376865639465,-1.3289639979796493,-1.500329685170187,-1.3718867638963257,0.12844292127386134,-0.2569901487421563
907,9.06,0.0,0.0,0.0,0.0,0.0006658126375350182,-0.26748776643791333,-0.20028347606476096,-1.2993945578312638,-1.500313091086605,-1.374496173745584,0.12581691734102085,-0.26815357907544835
908,9.07,0.0,0.0,0.0,0.0,-0.001360742145202863,-0.28032868451899196,-0.2050416721173015,-1.2685853669358613,-1.5003165260887215,-1.3772355127159959,0.12308101337272559,-0.2789679423737891
909,9.08,0.0,0.0,0.0,0.0,-0.003435293293778101,-0.2928554593421313,-0.20988158776338994,-1.236571976926951,-1.5003404659397201,-1.380101700184813,0.1202387657549071,-0.2894201660483532
910,9.09,0.0,0.0,0.0,0.0,-0.005558622466524609,-0.30505623400296933,-0.21479604663558438,-1.2033916985400555,-1.500385394571348,-1.3830915351240416,0.1172938594473063,-0.2994976115364447
911,9.1,0.0,0.0,0.0,0.0,-0.007731437475435665,-0.3169195335049537,-0.21977745419919026,-1.16908360220946,-1.500451803366187,-1.3862016998315212,0.1142501035346659,-0.3091880960295181
912,9.11,0.0,0.0,0.0,0.0,-0.009954368059251652,-0.3284342823340507,-0.22481778908805555,-1.1336885125496337,-1.5005401903981304,-1.3894287638379226,0.11111142656020778,-0.31847991427479905
913,9.120000000000001,0.0,0.0,0.0,0.0,-0.012227961581785256,-0.33958982194556314,-0.22990859685223727,-1.09724899621477,-1.5006510596301914,-1.3927691879891084,0.107881871641083,-0.3273618603637779
914,9.13,0.0,0.0,0.0,0.0,-0.014552678680647546,-0.3503759280945,-0.2350409863234506,-1.0598093426798965,-1.5007849200690297,-1.396219328702637,0.10456559136639278,-0.3358232494138525
915,9.14,0.0,0.0,0.0,0.0,-0.016928888893495513,-0.36078282793669403,-0.24020562878161958,-1.0214155375440335,-1.5009422848758267,-1.3997754423964903,0.10116684247933638,-0.3438539390431985
916,9.15,0.0,0.0,0.0,0.0,-0.019356866290615855,-0.37080121682411565,-0.24539276008045957,-0.9821152280200075,-1.5011236704334312,-1.403433690087344,0.09768998034608711,-0.3514443505334998
917,9.16,0.0,0.0,0.0,0.0,-0.021836785144115932,-0.3804222747148918,-0.25059218586215454,-0.9419576803455187,-1.5013295953699888,-1.407190142154935,0.09413945321505368,-0.3585854895707759
918,9.17,0.0,0.0,0.0,0.0,-0.024368715665135782,-0.38963768211621735,-0.25579328996099604,-0.9009937289259998,-1.5015605795395754,-1.4110407832682608,0.09051979627131468,-0.3652689664510816
919,9.18,0.0,0.0,0.0,0.0,-0.026952619841337403,-0.39843963547686523,-0.26098504606372097,-0.8592757171002959,-1.5018171429606784,-1.4149815174685263,0.08683562549215207,-0.37148701563552783
920,9.19,0.0,0.0,0.0,0.0,-0.029588347407437016,-0.4068208619453292,-0.26615603266056503,-0.8168574295045606,-1.502099804713689,-1.4190081734029145,0.08309163131077457,-0.3772325145378922
921,9.200000000000001,0.0,0.0,0.0,0.0,-0.03227563198171307,-0.41477463340982146,-0.2712944512861488,-0.7737940160968433,-1.5024090817989053,-1.4231165097024168,0.07929257209648856,-0.3824990014281084
922,9.21,0.0,0.0,0.0,0.0,-0.03501408740123262,-0.4222947797374056,-0.276388148013689,-0.7301419079935318,-1.5027454879568627,-1.427302220496124,0.0754432674607386,-0.38728069233617296
923,9.22,0.0,0.0,0.0,0.0,-0.03780320428800461,-0.4293757011315298,-0.2814246381301529,-0.6859587253576568,-1.5031095324531483,-1.4315609410535757,0.07154859139957259,-0.3915724968435252
924,9.23,0.0,0.0,0.0,0.0,-0.040642346877349245,-0.43601237953002064,-0.2863911338843338,-0.6413031776673063,-1.5035017188301603,-1.4358882535459405,0.06761346528421976,-0.3953700326526714
925,9.24,0.0,0.0,0.0,0.0,-0.04353075013853414,-0.44220038896935665,-0.2912745751650242,-0.5962349567777371,-1.5039225436285895,-1.4402796929160742,0.06364285071251531,-0.3986696388308225
926,9.25,0.0,0.0,0.0,0.0,-0.04646751721612109,-0.44793590484556217,-0.296061662932937,-0.550814623272829,-1.5043724950816861,-1.4447307528467566,0.05964174223492957,-0.4014683876294411
927,9.26,0.0,0.0,0.0,0.0,-0.04945161721854628,-0.45321571200741806,-0.3007388951982885,-0.5051034866784304,-1.5048520517856563,-1.449236891815752,0.05561515996990419,-0.40376409478887176
928,9.27,0.0,0.0,0.0,0.0,-0.05248188337822695,-0.45803721162376715,-0.30529260530660896,-0.4591634801806956,-1.505361681349782,-1.4537935392257173,0.051568142124064804,-0.4055553282455402
929,9.28,0.0,0.0,0.0,0.0,-0.05555701160497748,-0.46239842677344617,-0.3097090022687555,-0.4130570305555992,-1.5059018390300927,-1.4583961015964344,0.04750573743365827,-0.40684141516846867
930,9.290000000000001,0.0,0.0,0.0,0.0,-0.05867555945175852,-0.4662980067137188,-0.3139742128477373,-0.36684692407030506,-1.5064729663506164,-1.4630399688063724,0.04343299754424401,-0.4076224472619603
931,9.3,0.0,0.0,0.0,0.0,-0.06183594550880311,-0.46973522979091936,-0.31807432509521655,-0.3205961691621322,-1.5070754897164198,-1.4677205203701646,0.03935496934625515,-0.40789928428211625
932,9.31,0.0,0.0,0.0,0.0,-0.06503644923902169,-0.4727100049652701,-0.32199543301472844,-0.27436785673532593,-1.5077098190227853,-1.472433131738293,0.03527668728449229,-0.4076735557262484
933,9.32,0.0,0.0,0.0,0.0,-0.06827521126427676,-0.47522287193034307,-0.32572368201698804,-0.22822501893998412,-1.508376346264991,-1.4771731806049975,0.031203165659993596,-0.4069476606660663
934,9.33,0.0,0.0,0.0,0.0,-0.07155023410875119,-0.47727499981637506,-0.3292453148254091,-0.18223048730964603,-1.5090754441532341,-1.4819360532103085,0.027139390942925612,-0.40572476570762384
935,9.34,0.0,0.0,0.0,0.0,-0.07485938340218588,-0.47886818447541113,-0.33254671748708997,-0.1364467511353276,-1.5098074647372872,-1.4867171506220198,0.023090314115267407,-0.40400880107322523
936,9.35,0.0,0.0,0.0,0.0,-0.07820038954232328,-0.4800048443549919,-0.3356144651462155,-0.09093581694328798,-1.5105727380454845,-1.4915118949834458,0.0190608430620387,-0.40180445481266863
937,9.36,0.0,0.0,0.0,0.0,-0.08157084981248922,-0.480688014975673,-0.33843536724286405,-0.045759069922335194,-1.5113715707426136,-1.4963157357129182,0.01505583502969543,-0.39911716516318374
938,9.370000000000001,0.0,0.0,0.0,0.0,-0.08496823094692413,-0.48092134203597037,-0.34099651181061563,-0.000977138114069896,-1.5122042448112283,-1.5011241556411739,0.011080089170054428,-0.39595311108904624
939,9.38,0.0,0.0,0.0,0.0,-0.08838987213327351,-0.4807090731762568,-0.3432853085607349,0.043350239862700396,-1.5130710162608114,-1.5059326770730523,0.007138339187759079,-0.39231920104298323
940,9.39,0.0,0.0,0.0,0.0,-0.09183298843862561,-0.480056048440594,-0.34528953045897837,0.0871643428340242,-1.5139721138690931,-1.5107368677602953,0.0032352461087978845,-0.3882230600019684
941,9.4,0.0,0.0,0.0,0.0,-0.09529467464262975,-0.47896768948238866,-0.34699735352265604,0.13040759017942033,-1.514907737959679,-1.515532346772634,-0.0006246088129551185,-0.3836730148397589
942,9.41,0.0,0.0,0.0,0.0,-0.09877190945864657,-0.47744998756602824,-0.34839739459030805,0.1730236594343594,-1.5158780592199659,-1.520314790254872,-0.00443673103490605,-0.3786780781073817
943,9.42,0.0,0.0,0.0,0.0,-0.10226156012152723,-0.47550949042222185,-0.34947874684356456,0.21495759786645868,-1.5168832175631237,-1.5250799370582004,-0.00819671949507672,-0.3732479303006946
944,9.43,0.0,0.0,0.0,0.0,-0.10576038731856344,-0.47315328801958834,-0.35023101289015873,0.2561559275826215,-1.5179233210376877,-1.5298235942345961,-0.01190027319690845,-0.3673929007010249
945,9.44,0.0,0.0,0.0,0.0,-0.10926505043839276,-0.470388997319063,-0.3506443352479335,0.2965667438046666,-1.5189984447880744,-1.5345416423837908,-0.015543197595716318,-0.36112394688067023
946,9.450000000000001,0.0,0.0,0.0,0.0,-0.11277211311120248,-0.4672247460809063,-0.3507094241017505,0.3361398060332671,-1.5201086300690652,-1.5392300408429895,-0.019121410773924374,-0.3544526329697038
947,9.46,0.0,0.0,0.0,0.0,-0.11627804901245195,-0.46366915579649337,-0.3504175822377123,0.3748266219024651,-1.5212538833170308,-1.543884832710219,-0.022630949393188216,-0.3473911067840414
948,9.47,0.0,0.0,0.0,0.0,-0.11977924790155396,-0.4597313238186159,-0.3497607270916968,0.4125805236087743,-1.522434175280396,-1.5485021496929314,-0.02606797441253539,-0.33995207591706195
949,9.48,0.0,0.0,0.0,0.0,-0.12327202186646496,-0.45542080476481217,-0.3487314098813236,0.44935673687803795,-1.5236494402115413,-1.5530782167742068,-0.02942877656266552,-0.3321487828983472
950,9.49,0.0,0.0,0.0,0.0,-0.1267526117450038,-0.4507475912682029,-0.347322831821648,0.4851124425094038,-1.52489957512206,-1.5576093566896685,-0.03270978156760851,-0.3239949795231991
951,9.5,0.0,0.0,0.0,0.0,-0.13021719369385878,-0.44572209414957004,-0.3455288574547084,0.5198068306071348,-1.5261844391029913,-1.5620919942089506,-0.03590755510595934,-0.3155049004557112
952,9.51,0.0,0.0,0.0,0.0,-0.1336618858766911,-0.44035512208296673,-0.34334402515113344,0.5534011476771659,-1.5275038527113616,-1.566522660216296,-0.03901880750493447,-0.30669323620627564
953,9.52,0.0,0.0,0.0,0.0,-0.13708275524345478,-0.4346578608250752,-0.34076355486799675,0.5858587368251246,-1.5288575974240863,-1.5708979955855702,-0.04204039816148386,-0.29757510558162037
954,9.53,0.0,0.0,0.0,0.0,-0.14047582437401684,-0.42864185207588945,-0.33778335327073944,0.6171450713456589,-1.5302454151600082,-1.5752147548456708,-0.044969339685662524,-0.2881660277018726
955,9.540000000000001,0.0,0.0,0.0,0.0,-0.143837078360346,-0.4223189720351666,-0.33440001634796596,0.6472277820385491,-1.5316670078705856,-1.5794698096329718,-0.04780280176238617,-0.27848189367482057
956,9.55,0.0,0.0,0.0,0.0,-0.14716247170291663,-0.4157014097155463,-0.3306108296661418,0.6760766786250142,-1.5331220371994931,-1.583660151928062,-0.05053811472856884,-0.2685389380126297
957,9.56,0.0,0.0,0.0,0.0,-0.1504479351985359,-0.4088016450693238,-0.32641376642651954,0.7036637656678856,-1.5346101242111627,-1.5877828970746448,-0.053172772863482105,-0.25835370987078793
958,9.57,0.0,0.0,0.0,0.0,-0.15368938279846844,-0.40163242698174717,-0.3218074834989072,0.7299632534211489,-1.5361308491880699,-1.5918352865789889,-0.05570443739091902,-0.24794304418327873
959,9.58,0.0,0.0,0.0,0.0,-0.15688271841754928,-0.3942067511793374,-0.3167913156161818,0.7549515640488572,-1.5376837514963726,-1.595814690688852,-0.058130939192479365,-0.23732403276178812
960,9.59,0.0,0.0,0.0,0.0,-0.1600238426768355,-0.3865378380973143,-0.31136526791975144,0.7786073336598285,-1.5392683295193226,-1.599718610751247,-0.06045028123192453,-0.2265139954204788
961,9.6,0.0,0.0,0.0,0.0,-0.16310865956427317,-0.3786391107457373,-0.30553000704954,0.8009114106038283,-1.5408840406577042,-1.6035446813488472,-0.06266064069114298,-0.21553045118146413
962,9.61,0.0,0.0,0.0,0.0,-0.16613308299979607,-0.3705241726095478,-0.29928685097259355,0.8218468504670775,-1.5425303013964147,-1.607290672215191,-0.06476037081877628,-0.20439108960975172
963,9.620000000000001,0.0,0.0,0.0,0.0,-0.16909304329320562,-0.3622067856133849,-0.29263775774232814,0.8413989081908528,-1.5442064874361665,-1.6109544899291914,-0.06674800249302494,-0.19311374232017925
964,9.63,0.0,0.0,0.0,0.0,-0.1719844934850771,-0.35370084817791614,-0.28558531337577386,0.8595550277167017,-1.5459119338891911,-1.6145341793897254,-0.06862224550053429,-0.18171635469283903
965,9.64,0.0,0.0,0.0,0.0,-0.17480341556278875,-0.34502037339048036,-0.27813271902923487,0.8763048295365617,-1.5476459355377348,-1.6180279250713476,-0.07038198953361287,-0.1702169578276916
966,9.65,0.0,0.0,0.0,0.0,-0.1775458265455127,-0.33617946730925513,-0.2702837776437637,0.8916400964958844,-1.5494077471540622,-1.6214340520623567,-0.07202630490829454,-0.15863364076374242
967,9.66,0.0,0.0,0.0,0.0,-0.18020778443368604,-0.3271923074167961,-0.26204288022093747,0.9055547581641348,-1.5511965838806359,-1.6247510268866425,-0.07355444300600666,-0.14698452298311007
968,9.67,0.0,0.0,0.0,0.0,-0.18278539402001268,-0.3180731212358653,-0.25341499187688954,0.9180448740497047,-1.5530116216691003,-1.6279774581108688,-0.07496583644176846,-0.1352877272158526
969,9.68,0.0,0.0,0.0,0.0,-0.18527481256046155,-0.3088361651178815,-0.2444056378086615,0.9291086158966855,-1.554851997776677,-1.6311120967386699,-0.07626009896199282,-0.12356135255741993
970,9.69,0.0,0.0,0.0,0.0,-0.1876722553049924,-0.29949570321215996,-0.23502088929193177,0.9387462492594415,-1.5567168113185668,-1.6341538363936303,-0.07743702507506357,-0.11182344790716756
971,9.700000000000001,0.0,0.0,0.0,0.0,-0.18997400088885286,-0.29006598662235916,-0.22526734981324367,0.9469601145082154,-1.5586051238749619,-1.637101713292888,-0.07849658941792616,-0.1000919857335063
972,9.71,0.0,0.0,0.0,0.0,-0.19217639658623595,-0.2805612327552474,-0.2151521414233841,0.9537546073759775,-1.5605159601512804,-1.6399549060132574,-0.07943894586197708,-0.08838483616901147
973,9.72,0.0,0.0,0.0,0.0,-0.19427586342887923,-0.2709956048659798,-0.20468289138163584,0.9591361591138147,-1.562448308690261,-1.6427127350518251,-0.08026442636156418,-0.07671974143710056
974,9.73,0.0,0.0,0.0,0.0,-0.1962689011927832,-0.26138319180367375,-0.1938677191436298,0.9631132162799599,-1.5644011226345798,-1.6453746621829903,-0.08097353954841059,-0.06511429061089055
975,9.74,0.0,0.0,0.0,0.0,-0.19815209325668445,-0.25173798796096575,-0.1827152237285588,0.9656962201469598,-1.5663733205386907,-1.6479402896139823,-0.08156696907529161,-0.053585894704281295
976,9.75,0.0,0.0,0.0,0.0,-0.19992211133618382,-0.2420738734316182,-0.171234471484891,0.9668975856725243,-1.5683637872286254,-1.6504093589409075,-0.0820455717122821,-0.04215176209543439
977,9.76,0.0,0.0,0.0,0.0,-0.20157572009754343,-0.23240459438096384,-0.15943498425759714,0.9667316799432871,-1.5703713747085293,-1.6527817499074335,-0.08241037519890428,-0.030828874283420404
978,9.77,0.0,0.0,0.0,0.0,-0.203109781655118,-0.22274374363505225,-0.1473267279445044,0.9652147999671203,-1.572394903112751,-1.6550574789682662,-0.08266257585551508,-0.01963396197993425
979,9.78,0.0,0.0,0.0,0.0,-0.20452125995618903,-0.2131047414957635,-0.1349201014148501,0.9623651496593946,-1.57443316170234,-1.6572366976596395,-0.08280353595729961,-0.008583481539574472
980,9.790000000000001,0.0,0.0,0.0,0.0,-0.2058072250566327,-0.20350081679083243,-0.12222592574964784,0.9582028158419784,-1.5764849099048428,-1.6593196907791254,-0.08283478087428266,0.0023064082658002805
981,9.8,0.0,0.0,0.0,0.0,-0.20696485729038494,-0.19394498816966885,-0.10925543375120615,0.9527497430510922,-1.5785488783963244,-1.6613068743771593,-0.0827579959808349,0.013019869120716093
982,9.81,0.0,0.0,0.0,0.0,-0.2079914513350885,-0.1844500456579577,-0.09602025965817534,0.946029706931728,-1.5806237702245636,-1.6631987935628103,-0.08257502333824675,0.02354140567713081
983,9.82,0.0,0.0,0.0,0.0,-0.20888442017561532,-0.17502853248637873,-0.08253242899307436,0.9380682859823899,-1.5827082619723907,-1.6649961201264516,-0.08228785815406092,0.033855887689236586
984,9.83,0.0,0.0,0.0,0.0,-0.2096412989663926,-0.16569272721113992,-0.06880434846121454,0.9288928314044523,-1.5848010049601569,-1.6666996499821611,-0.08189864502200428,0.043948571755252686
985,9.84,0.0,0.0,0.0,0.0,-0.21025974879261342,-0.1564546261465376,-0.054848795813710965,0.9185324348059292,-1.5869006264863195,-1.668310300432871,-0.08140967394655153,0.053805122646075815
986,9.85,0.0,0.0,0.0,0.0,-0.2107375603295159,-0.14732592613225048,-0.04067890958257734,0.9070178935094673,-1.589005731105132,-1.6698291072614957,-0.0808233761563637,0.06341163419726542
987,9.86,0.0,0.0,0.0,0.0,-0.21107265739797929,-0.1383180076605578,-0.02630817859302946,0.894381673219361,-1.5911149019404098,-1.671257221651511,-0.0801423197111011,0.07275464973742149
988,9.870000000000001,0.0,0.0,0.0,0.0,-0.21126310041372898,-0.12944191839107716,-0.011750431156946867,0.8806578678120288,-1.593226702034323,-1.6725959069407184,-0.07936920490639543,0.08182118202265182
989,9.88,0.0,0.0,0.0,0.0,-0.2113070897264833,-0.12070835708291736,0.002980176147968079,0.8658821560286585,-1.5953396757301324,-1.6738465352122185,-0.07850685948208615,0.09059873264356594
990,9.89,0.0,0.0,0.0,0.0,-0.21120296884443096,-0.11212765797623137,0.017869170206536632,0.8500917548674114,-1.5974523500877522,-1.6750105837269256,-0.07755823363917336,0.0990753108681996
991,9.9,0.0,0.0,0.0,0.0,-0.2109492275385137,-0.10370977565712394,0.03290177369112329,0.8333253694955869,-1.5995632363309573,-1.6760896312022846,-0.07652639487132729,0.10723945188138975
992,9.91,0.0,0.0,0.0,0.0,-0.21054450482012402,-0.09546427044147893,0.04806291806699628,0.8156231395289418,-1.6016708313250079,-1.677085353942203,-0.07541452261719517,0.11508023437864509
993,9.92,0.0,0.0,0.0,0.0,-0.20998759178502552,-0.0874002943146823,0.06333725735458044,0.7970265815558302,-1.6037736190833882,-1.6779995218235675,-0.07422590274017928,0.12258729747034322
994,9.93,0.0,0.0,0.0,0.0,-0.20927743431557844,-0.07952657746526395,0.07870918271667285,0.7775785278175166,-1.6058700723022827,-1.6788339941450965,-0.07296392184281375,0.12975085685031448
995,9.94,0.0,0.0,0.0,0.0,-0.20841313563272118,-0.07185141545118909,0.0941628379289582,0.7573230609923421,-1.6079586539213317,-1.6795907153446599,-0.07163206142332812,0.1365617201815321
996,9.950000000000001,0.0,0.0,0.0,0.0,-0.2073939586886273,-0.0643826570378607,0.10968213578123819,0.7363054450701726,-1.6100378187091164,-1.6802717105915872,-0.07023389188247076,0.14301130165076661
997,9.96,0.0,0.0,0.0,0.0,-0.20621932839054424,-0.05712769274683837,0.125250775444995,0.7145720523438507,-1.6121060148717343,-1.6808790812608774,-0.06877306638914304,0.14909163564370587
998,9.97,0.0,0.0,0.0,0.0,-0.20488883364602137,-0.05009344415377763,0.14085226083031274,0.692170286585897,-1.6141616856827312,-1.6814150002966097,-0.06725331461387853,0.15479538949224375
999,9.98,0.0,0.0,0.0,0.0,-0.2034022292195778,-0.04328635397324643,0.15646991994191012,0.6691485025209175,-1.6162032711325474,-1.681881707472238,-0.06567843633969073,0.16011587524633136
1000,9.99,0.0,0.0,0.0,0.0,-0.20175943739082303,-0.03671237696671521,0.1720869252305725,0.6455559217460468,-1.6182292095955475,-1.6822815045558195,-0.064052294960272,0.16504706042410783
1001,10.0,0.0,0.0,0.0,0.0,-0.19996054940415373,-0.030376971708313216,0.1876863149224806,0.6214425452931918,-1.620237939512598,-1.6826167503885832,-0.062378810875985076,0.1695835776958405
1002,10.01,0.0,0.0,0.0,0.0,-0.19800582670039188,-0.02428509324079534,0.20325101529527484,0.5968590630668692,-1.622227901087059,-1.6828898558855823,-0.06066195479852322,0.17372073345959654
1003,10.02,0.0,0.0,0.0,0.0,-0.195895701921109,-0.0184411866516351,0.21876386385626723,0.5718567604295501,-1.6241975379919626,-1.6831032789674827,-0.058905740975520045,0.1774545152694739
1004,10.03,0.0,0.0,0.0,0.0,-0.19363077967689177,-0.012849181596259413,0.23420763336529768,0.5464874222419965,-1.6261452990860625,-1.6832595194328266,-0.057114220346764055,0.18078159808063235
1005,10.040000000000001,0.0,0.0,0.0,0.0,-0.19121183707144138,-0.007512487792199934,0.24956505663245823,0.5208032346986182,-1.6280696401363517,-1.6833611137803648,-0.0552914736440131,0.18369934927924145
1006,10.05,0.0,0.0,0.0,0.0,-0.18863982397415707,-0.002433991504394165,0.26481885200951616,0.49485668532682786,-1.629969025544567,-1.6834106299912712,-0.053441604446704316,0.1862058324697629
1007,10.06,0.0,0.0,0.0,0.0,-0.18591586303470972,0.002383946961967619,0.2799517494836135,0.4687004615440656,-1.6318419300751383,-1.6834106622812355,-0.051568732206097145,0.18829980999667734
1008,10.07,0.0,0.0,0.0,0.0,-0.18304124943408712,0.006939494748663394,0.2949465172725932,0.442387348186764,-1.633686840581968,-1.6833638258325765,-0.04967698525060849,0.18998074418275052
1009,10.08,0.0,0.0,0.0,0.0,-0.18001745036762415,0.011231346903599232,0.3097859888136582,0.4159701244408156,-1.635502257731383,-1.683272751516617,-0.04777049378523413,0.19124879727122338
1010,10.09,0.0,0.0,0.0,0.0,-0.17684610425665556,0.01525872580811144,0.3244530900307268,0.38950146061373664,-1.6372866977185638,-1.6831400806166268,-0.045853382898062955,0.192104830064767
1011,10.1,0.0,0.0,0.0,0.0,-0.17352901968659737,0.019021379573053398,0.3389308667611668,0.3630338151937822,-1.639038693974725,-1.6829684595616492,-0.04392976558692418,0.19255039925965076
1012,10.11,0.0,0.0,0.0,0.0,-0.17006817407047325,0.02251957940876472,0.3532025122194615,0.3366193326412213,-1.6407567988623006,-1.6827605346815055,-0.04200373581920491,0.19258775347923798
1013,10.120000000000001,0.0,0.0,0.0,0.0,-0.16646571203813484,0.025754115978449652,0.3672513943739962,0.31030974235130576,-1.642439585355396,-1.6825189469931907,-0.0400793616377948,0.1922198280165845
1014,10.13,0.0,0.0,0.0,0.0,-0.1627239435526673,0.028726294748833613,0.3810610831133259,0.28415625921780513,-1.6440856487027622,-1.682246327028763,-0.038160678326000896,0.19145023830150093
1015,10.14,0.0,0.0,0.0,0.0,-0.15884534175668666,0.03143793035619138,0.3946153770802705,0.2582094862098784,-1.6456936080705864,-1.6819452897146674,-0.03625168164408099,0.19028327211287804
1016,10.15,0.0,0.0,0.0,0.0,-0.154832540552458,0.033891340009849086,0.4078983300555561,0.2325193193544879,-1.6472621081624055,-1.68161842931223,-0.03435632114982457,0.18872388056230707
1017,10.16,0.0,0.0,0.0,0.0,-0.15068833192090048,0.036089335959080614,0.42089427677782243,0.2071348554910921,-1.6487898208135134,-1.6812683144288256,-0.03247849361531219,0.1867776678799811
1018,10.17,0.0,0.0,0.0,0.0,-0.14641566298565917,0.03803521705283098,0.4335878580931703,0.18210430313607223,-1.6502754465572778,-1.6808974831089356,-0.030622036551657853,0.18445088003849014
1019,10.18,0.0,0.0,0.0,0.0,-0.14201763282945018,0.03973275942491583,0.44596404533513406,0.15747489676132748,-1.6517177161608512,-1.680508438014012,-0.02879072185316089,0.181750392254366
1020,10.19,0.0,0.0,0.0,0.0,-0.13749748907083403,0.04118620634021125,0.45800816384480214,0.13329281475531504,-1.6531153921278428,-1.6801036416997142,-0.026988249571871403,0.17868369541104528
1021,10.200000000000001,0.0,0.0,0.0,0.0,-0.13285862421042605,0.0424002572398403,0.46970591555059943,0.10960310129626143,-1.6544672701655956,-1.6796855119987204,-0.025218241833124825,0.17525888145026636
1022,10.21,0.0,0.0,0.0,0.0,-0.12810457175631038,0.04338005602545702,0.4810434005378256,0.08644959232675614,-1.6557721806148131,-1.6792564175169287,-0.023484236902115537,0.1714846277817674
1023,10.22,0.0,0.0,0.0,0.0,-0.12323900213905102,0.04413117862441705,0.49200713754929115,0.06387484577707188,-1.657028989839381,-1.6788186732504429,-0.0217896834110618,0.16737018076346807
1024,10.23,0.0,0.0,0.0,0.0,-0.11826571842725044,0.0446596198788787,0.5025840833699158,0.041920076142329656,-1.6582366015743306,-1.678374536330326,-0.020137934755995346,0.16292533830612912
1025,10.24,0.0,0.0,0.0,0.0,-0.11318865185499007,0.04497177980272428,0.5127616510600421,0.020625093476130528,-1.6593939582300083,-1.6779262019016583,-0.018532243671649965,0.15816043165771435
1026,10.25,0.0,0.0,0.0,0.0,-0.1080118571727977,0.04507444925060487,0.5225277270139919,2.8246821715924386e-05,-1.6605000421506277,-1.6774757991430043,-0.016975756992376523,0.15308630642340257
1027,10.26,0.0,0.0,0.0,0.0,-0.10273950783395695,0.04497479504341992,0.5318706868320647,-0.019833627938714952,-1.6615538768254976,-1.677025387431943,-0.01547151060644536,0.14771430287737686
1028,10.27,0.0,0.0,0.0,0.0,-0.0973758910280364,0.044680344594155236,0.540779410005451,-0.03892525587439975,-1.6625545280513396,-1.6765769526618775,-0.014022424610537819,0.14205623562219163
1029,10.28,0.0,0.0,0.0,0.0,-0.09192540257346667,0.044198970077241474,0.5492432934242727,-0.05721296653001666,-1.6635011050442268,-1.6761324037149052,-0.012631298670678472,0.13612437265070815
1030,10.290000000000001,0.0,0.0,0.0,0.0,-0.08639254168084017,0.04353887218348777,0.5572522637290209,-0.07466473331043882,-1.664392761499791,-1.6756935690951005,-0.011300807595309381,0.12993141386432794
1031,10.3,0.0,0.0,0.0,0.0,-0.08078190559836504,0.04270856350122236,0.5647967885348542,-0.09125020888312901,-1.6652286966004657,-1.6752621937261503,-0.010033497125684576,0.1234904690995874
1032,10.31,0.0,0.0,0.0,0.0,-0.07509818415054802,0.041716851562566916,0.571867886566504,-0.10694075678128465,-1.6660081559686402,-1.6748399359168833,-0.008831779948243135,0.11681503571311494
1033,10.32,0.0,0.0,0.0,0.0,-0.06934615418080092,0.04057282159183082,0.5784571367486121,-0.12170947941269739,-1.666730432564711,-1.6744283644978581,-0.007697931933147162,0.10991897577263174
1034,10.33,0.0,0.0,0.0,0.0,-0.06353067390815155,0.03928581899086481,0.5845566863024515,-0.1355312426973605,-1.6673948675291224,-1.6740289561318082,-0.006634088602685884,0.10281649289901636
1035,10.34,0.0,0.0,0.0,0.0,-0.057656677207726305,0.03786543159391518,0.5901592579046752,-0.14838269756998557,-1.6680008509675839,-1.6736430928004136,-0.005642241832829686,0.09552210880164148
1036,10.35,0.0,0.0,0.0,0.0,-0.05172916782408955,0.036321471722109595,0.5952581559673173,-0.16024229859254827,-1.668547822678751,-1.673272059469549,-0.004724236790798031,0.08805063954619916
1037,10.36,0.0,0.0,0.0,0.0,-0.045753213525921335,0.03466395806522909,0.5998472721004818,-0.17109031992616522,-1.6690352728237379,-1.6729170419348731,-0.003881769111135247,0.08041717159115042
1038,10.370000000000001,0.0,0.0,0.0,0.0,-0.03973394020989381,0.032903097415925404,0.6039210898201014,-0.18090886891132196,-1.669462742536918,-1.6725791248493582,-0.003116382312440269,0.07263703762581922
1039,10.38,0.0,0.0,0.0,0.0,-0.033676525960991,0.031049266279074842,0.6074746885628477,-0.18968189750078995,-1.6698298244775378,-1.6722592899341193,-0.002429465456581515,0.06472579224006585
1040,10.39,0.0,0.0,0.0,0.0,-0.027586195075879786,0.029112992376550736,0.6105037470687217,-0.19739521178061134,-1.6701361633217464,-1.671958414373688,-0.00182225105194167,0.05669918745243052
1041,10.4,0.0,0.0,0.0,0.0,-0.02146821205538519,0.027104936065416405,0.6130045461891103,-0.20403647980143047,-1.670381456194697,-1.6716772693966873,-0.0012958132019902369,0.048573148120801594
1042,10.41,0.0,0.0,0.0,0.0,-0.015327875571525373,0.025035871685386547,0.6149739711743292,-0.2095952379258286,-1.6705654530424432,-1.6714165190426886,-0.0008510660002454262,0.04036374725691192
1043,10.42,0.0,0.0,0.0,0.0,-0.009170512414067817,0.022916668849454137,0.6164095134898171,-0.2140628958770367,-1.6706879569433986,-1.6711767191158908,-0.0004887621724922743,0.032087181263521954
1044,10.43,0.0,0.0,0.0,0.0,-0.003001471421096599,0.02075827368983719,0.6173092722044426,-0.217432740651174,-1.670748824359179,-1.6709583163261246,-0.00020949196694552974,0.02375974511093379
1045,10.44,0.0,0.0,0.0,0.0,0.003173882602320808,0.01857169006990639,0.6176719549878653,-0.21969993942926475,-1.6707479653246873,-1.6707616476175762,-1.3682292888894665e-05,0.015397807467585584
1046,10.450000000000001,0.0,0.0,0.0,0.0,0.009350174973613908,0.016367960771530514,0.6174968787467362,-0.2208615415971764,-1.6706853435773406,-1.6705869396855229,9.840389181769993e-05,0.007017785797916606
1047,10.46,0.0,0.0,0.0,0.0,0.015522027226835657,0.014158148666345766,0.6167839699218258,-0.22091647995177205,-1.6705609766253775,-1.6704343086812812,0.00012666794409632587,-0.0013638785604898913
1048,10.47,0.0,0.0,0.0,0.0,0.02168406320813755,0.011953317878818936,0.6155337644600766,-0.21986557114044322,-1.6703749357552147,-1.6703037601054904,7.117564972425328e-05,-0.009730745329318613
1049,10.48,0.0,0.0,0.0,0.0,0.02783091516935609,0.009764514948675092,0.6137474074672631,-0.21771151534931762,-1.6701273459778543,-1.6701951888897746,-6.784291192030167e-05,-0.018066400220680998
1050,10.49,0.0,0.0,0.0,0.0,0.03395722985652653,0.007602750000254556,0.6114266525385288,-0.2144588952233215,-1.6698183859143794,-1.6701083796667522,-0.0002899937523728191,-0.026354479856271974
1051,10.5,0.0,0.0,0.0,0.0,0.040057674590047464,0.005478977926700164,0.6085738607557151,-0.210114173969422,-1.6694482876206027,-1.6700430072282848,-0.0005947196076820926,-0.0345786966633473
1052,10.51,0.0,0.0,0.0,0.0,0.04612694333307585,0.0034040795975158796,0.605191999332234,-0.20468569256325533,-1.6690173363509697,-1.669998637171775,-0.0009813008208052754,-0.04272286373555997
1053,10.52,0.0,0.0,0.0,0.0,0.052159762744498954,0.0013888430989867889,0.6012846398784626,-0.19818366594958406,-1.6685258702618517,-1.6699747267342318,-0.0014488564723800224,-0.05077091964551216
1054,10.53,0.0,0.0,0.0,0.0,0.05815089821252269,-0.0005560549818121501,0.5968559562533067,-0.1906201780988997,-1.6679742800544028,-1.6699706258137241,-0.001996345759321283,-0.058706953194334846
1055,10.540000000000001,0.0,0.0,0.0,0.0,0.0640951598645391,-0.002420068217183359,0.5919107219609162,-0.18200917575667577,-1.6673630085571955,-1.6699855781777262,-0.0026225696205306463,-0.06651522808172247
1056,10.55,0.0,0.0,0.0,0.0,0.06998740854848824,-0.0041927989291590815,0.5864543070456204,-0.17236646069859626,-1.6666925502488965,-1.670018722857727,-0.003326172608830502,-0.07418020747764732
1057,10.56,0.0,0.0,0.0,0.0,0.07582256178045618,-0.005864016694084903,0.5804926744330732,-0.16170968028490026,-1.665963450721292,-1.6700690957293296,-0.004105645008037673,-0.08168657847454108
1058,10.57,0.0,0.0,0.0,0.0,0.08159559965267292,-0.007423676743313852,0.5740323756615631,-0.1500583160903485,-1.6651763060830314,-1.6701356312768927,-0.00495932519386133,-0.08901927639598678
1059,10.58,0.0,0.0,0.0,0.0,0.08730157069553415,-0.008861938239598823,0.5670805459443897,-0.13743367037329862,-1.6643317623045144,-1.670217164541575,-0.0058854022370606884,-0.09616350893513298
1060,10.59,0.0,0.0,0.0,0.0,0.09293559768664778,-0.010169182406351028,0.5596448985023856,-0.12385885013848699,-1.663430514504417,-1.6703124332514288,-0.006881918747011718,-0.10310478009299881
1061,10.6,0.0,0.0,0.0,0.0,0.09849288339929954,-0.011336030484453564,0.5517337181049697,-0.10935874854339482,-1.662473306178423,-1.6704200801319447,-0.007946773953521724,-0.1098289138837531
1062,10.61,0.0,0.0,0.0,0.0,0.10396871628211715,-0.01235336148881239,0.5433558537587252,-0.09396002339784862,-1.6614609283708075,-1.6705386553951893,-0.00907772702438181,-0.11632207777092954
1063,10.620000000000001,0.0,0.0,0.0,0.0,0.10935847606111115,-0.013212329734341017,0.534520710484346,-0.077691072510709,-1.6603942187896057,-1.6706666194053803,-0.010272400615774613,-0.12257080579545217
1064,10.63,0.0,0.0,0.0,0.0,0.1146576392546872,-0.013904382098653204,0.5252382401259225,-0.06058200564633489,-1.6592740608661873,-1.6708023455184338,-0.011528284652246423,-0.12856202135334038
1065,10.64,0.0,0.0,0.0,0.0,0.11986178459170503,-0.014421274986430352,0.5155189311408935,-0.04266461286676125,-1.6581013827601567,-1.6709441230926767,-0.012842740332519975,-0.13428305957813538
1066,10.65,0.0,0.0,0.0,0.0,0.12496659832213647,-0.014755090958270115,0.50537379732465,-0.023972329053373834,-1.6568771563106013,-1.6710901606675577,-0.014213004356956382,-0.13972168928040657
1067,10.66,0.0,0.0,0.0,0.0,0.12996787940948035,-0.014898254984871647,0.4948143654304632,-0.004540194423767836,-1.6556023959348152,-1.671238589306806,-0.015636193371990844,-0.144866134394352
1068,10.67,0.0,0.0,0.0,0.0,0.13486154459371802,-0.014843550285694278,0.4838526616532937,0.015595189114425135,-1.6542781574757368,-1.6713874661020895,-0.017109308626352737,-0.1497050948794123
1069,10.68,0.0,0.0,0.0,0.0,0.1396436333133279,-0.014584133709790385,0.4725011969548031,0.03639570590130512,-1.6529055369994512,-1.671534777832806,-0.018629240833354824,-0.1542277670231183
1070,10.69,0.0,0.0,0.0,0.0,0.14431031247469783,-0.01411355061539044,0.4607729512165901,0.057821778849445594,-1.6514856695442266,-1.6716784447772128,-0.020192775232986238,-0.15842386309008827
1071,10.700000000000001,0.0,0.0,0.0,0.0,0.14885788105719627,-0.013425749204042279,0.4486813562190111,0.07983242621512758,-1.6500197278226671,-1.6718163246696627,-0.02179659684699553,-0.16228363026123854
1072,10.71,0.0,0.0,0.0,0.0,0.15328277454218572,-0.012515094264702178,0.43624027745394073,0.10238532283700835,-1.648508920878688,-1.6719462167982673,-0.023437295919579215,-0.1657978688068879
1073,10.72,0.0,0.0,0.0,0.0,0.1575815691544186,-0.011376380283163666,0.42346399479109353,0.1254368658230547,-1.646954492701126,-1.6720658662368661,-0.025111373535740222,-0.16895794943758227
1074,10.73,0.0,0.0,0.0,0.0,0.16175098590448125,-0.010004843872613479,0.410367182029175,0.14894224462473074,-1.6453577207959234,-1.6721729682047313,-0.02681524740880792,-0.17175582977709472
1075,10.74,0.0,0.0,0.0,0.0,0.16578789442135133,-0.0083961754819209,0.3969648853746326,0.1728555153953069,-1.6437199147189276,-1.6722651725470026,-0.02854525782807493,-0.17418406990327223
1076,10.75,0.0,0.0,0.0,0.0,0.1696893165646012,-0.0065465303395129465,0.38327250090228016,0.1971296794865819,-1.6420424145714592,-1.6723400883284179,-0.03029767375695869,-0.17623584690411415
1077,10.76,0.0,0.0,0.0,0.0,0.1734524298063845,-0.004452538592354052,0.36930575106307245,0.22171676589662528,-1.6403265894608987,-1.67239528853249,-0.03206869907159127,-0.17790496839873857
1078,10.77,0.0,0.0,0.0,0.0,0.17707457037404808,-0.0021113146016271053,0.3550806603148993,0.2465679174404232,-1.638573835928646,-1.6724283148578891,-0.03385447892924321,-0.1791858849756752
1079,10.78,0.0,0.0,0.0,0.0,0.18055323614501995,0.0004795346408100783,0.34061352996203054,0.2716334803765816,-1.6367855763478836,-1.6724366826034138,-0.03565110625553025,-0.18007370150420987
1080,10.790000000000001,0.0,0.0,0.0,0.0,0.18388608928652592,0.003321902008267411,0.32592091229772846,0.29686309718694415,-1.6349632572936619,-1.6724178856325917,-0.03745462833892988,-0.18056418727825851
1081,10.8,0.0,0.0,0.0,0.0,0.18707095863366882,0.006417173677234351,0.3110195841524179,0.322205802172622,-1.6331083478878914,-1.6723694014086339,-0.0392610535207425,-0.18065378495643447
1082,10.81,0.0,0.0,0.0,0.0,0.19010584180047457,0.009766223533925214,0.29592651995631025,0.3476101195003736,-1.6312223381218827,-1.6722886960901877,-0.04106635796830504,-0.18033961826654937
1083,10.82,0.0,0.0,0.0,0.0,0.19298890701960514,0.013369408571911367,0.28065886443075583,0.37302416330738847,-1.6293067371591319,-1.6721732296780853,-0.04286649251895347,-0.17961949844769376
1084,10.83,0.0,0.0,0.0,0.0,0.19571849470762193,0.017226565299382664,0.2652339050263101,0.39839573945148943,-1.6273630716210785,-1.6720204612030818,-0.04465738958200328,-0.17849192940823927
1085,10.84,0.0,0.0,0.0,0.0,0.1982931187538637,0.021337007170353597,0.24966904422781677,0.42367244847726987,-1.6253928838585907,-1.6718278539444105,-0.04643497008581976,-0.1769561115835101
1086,10.85,0.0,0.0,0.0,0.0,0.2007114675322146,0.02569952304977684,0.23398177184751023,0.4488017893572933,-1.6233977302119487,-1.6715928806688636,-0.04819515045691492,-0.17501194448243776
1087,10.86,0.0,0.0,0.0,0.0,0.20297240463624422,0.03031237671808316,0.21818963742616782,0.47373126356145456,-1.6213791792620926,-1.6713130288800275,-0.0499338496179349,-0.17266002791816107
1088,10.870000000000001,0.0,0.0,0.0,0.0,0.20507496933939118,0.03517330741618967,0.2023102228598641,0.49840847900667373,-1.6193388100758972,-1.6709858060672689,-0.05164699599137169,-0.1699016619232015
1089,10.88,0.0,0.0,0.0,0.0,0.20701837678301496,0.04027953142755228,0.18636111536572153,0.5227812534437126,-1.6172782104482084,-1.6706087449440812,-0.05333053449587277,-0.16673884535546268
1090,10.89,0.0,0.0,0.0,0.0,0.20880201789625547,0.04562774468946938,0.17035988089438303,0.5467977168476872,-1.6151989751433418,-1.6701794086654553,-0.05498043352211357,-0.16317427320678607
1091,10.9,0.0,0.0,0.0,0.0,0.2104254590526702,0.05121412642154841,0.15432403808991052,0.5704064123936193,-1.6131027041387052,-1.669695396014041,-0.05659269187533589,-0.1592113326311218
1092,10.91,0.0,0.0,0.0,0.0,0.21188844146959757,0.05703434375518602,0.13827103288932982,0.5935563956181046,-1.6109910008731463,-1.669154346545002,-0.05816334567185577,-0.15485409771441155
1093,10.92,0.0,0.0,0.0,0.0,0.2131908803570617,0.0630835573440219,0.1222182138444503,0.616197331392321,-1.608865470502565,-1.668553945679654,-0.059688475177089195,-0.1501073230130398
1094,10.93,0.0,0.0,0.0,0.0,0.21433286382381192,0.06935642793172274,0.1061828082379121,0.6382795883598564,-1.6067277181652564,-1.6678919297381904,-0.06116421157293406,-0.1449764358920892
1095,10.94,0.0,0.0,0.0,0.0,0.21531465154875004,0.07584712385014325,0.09018189905389144,0.6597543305246818,-1.6045793472593755,-1.6671660909020538,-0.06258674364267836,-0.1394675276986068
1096,10.950000000000001,0.0,0.0,0.0,0.0,0.21613667322654467,0.08254932941793848,0.0742324028516585,0.6805736057096253,-1.6024219577348222,-1.6663742820967986,-0.06395232436197641,-0.1335873438086062
1097,10.96,0.0,0.0,0.0,0.0,0.21679952679664755,0.08945625420708217,0.05835104857747581,0.7006904306432249,-1.6002571444017637,-1.6655144217865996,-0.06525727738483587,-0.12734327258956538
1098,10.97,0.0,0.0,0.0,0.0,0.21730397646522123,0.09656064314254681,0.042554357337297684,0.7200588724723997,-1.5980864952579064,-1.6645844986718985,-0.06649800341399215,-0.12074333332267442
1099,10.98,0.0,0.0,0.0,0.0,0.2176509505296411,0.10385478739853614,0.02685862313971201,0.7386341265391995,-1.595911589836547,-1.6635825762820422,-0.06767098644549518,-0.11379616313110495
1100,10.99,0.0,0.0,0.0,0.0,0.2178415390152691,0.11133053605329381,0.01127989460556163,0.7563725903015379,-1.5937339975773241,-1.6625067974551313,-0.06877279987780714,-0.10651100296197528
1101,11.0,0.0,0.0,0.0,0.0,0.21787699113409498,0.11897930846349422,-0.0041660423718901055,0.773231933319555,-1.5915552762215004,-1.6613553886976915,-0.06980011247619111,-0.09889768267060076
1102,11.01,0.0,0.0,0.0,0.0,0.21775871257461918,0.12679210731865348,-0.01946368104446201,0.7891711632704344,-1.5893769702335103,-1.6601266644171668,-0.07074969418365651,-0.0909666052559657
1103,11.02,0.0,0.0,0.0,0.0,0.21748826263201188,0.13475953233582671,-0.03459780934379392,0.8041506879946958,-1.5872006092504145,-1.6588190310206354,-0.07161842177022094,-0.08272873029618516
1104,11.03,0.0,0.0,0.0,0.0,0.21706735118713452,0.1428717945550829,-0.04955352458329863,0.8181323736153379,-1.5850277065608158,-1.6574309908735403,-0.07240328431272448,-0.07419555663205163
1105,11.040000000000001,0.0,0.0,0.0,0.0,0.2164978355424616,0.15111873119684616,-0.06431624738672456,0.8310795988076131,-1.5828597576147059,-1.6559611461126247,-0.0731013884979188,-0.06537910434561545
1106,11.05,0.0,0.0,0.0,0.0,0.21578171712230626,0.1594898210431311,-0.07887173491082425,0.8429573053306345,-1.5806982385656396,-1.654408202307645,-0.07370996374200534,-0.05629189607917515
1107,11.06,0.0,0.0,0.0,0.0,0.21492113804404,0.16797420030599655,-0.09320609343653692,0.8537320449625667,-1.5785446048465532,-1.652770971966801,-0.07422636712024766,-0.046946937738043454
1108,11.07,0.0,0.0,0.0,0.0,0.21391837756622895,0.17656067894804653,-0.1073057904083514,0.8633720230079481,-1.5764002897804947,-1.6510483778811973,-0.07464808810070256,-0.03735769861818242
1109,11.08,0.0,0.0,0.0,0.0,0.21277584841878783,0.18523775742166262,-0.12115766600547712,0.8718471385687796,-1.5742667032274635,-1.6492394563039774,-0.07497275307651387,-0.027538090997125203
1110,11.09,0.0,0.0,0.0,0.0,0.21149609301940653,0.1939936437956342,-0.13474894433059692,0.8791290217897679,-1.5721452302685222,-1.6473433599601017,-0.07519812969157957,-0.017502449223772337
1111,11.1,0.0,0.0,0.0,0.0,0.21008177957964072,0.20281627124004437,-0.14806724430264007,0.8851910683026729,-1.5700372299282972,-1.6453593608830475,-0.07532213095475027,-0.007265508339596355
1112,11.11,0.0,0.0,0.0,0.0,0.20853569810319825,0.21169331584257012,-0.1611005903389151,0.8900084711044991,-1.5679440339369604,-1.6432868530749793,-0.075342819138019,0.0031576177393718707
1113,11.120000000000001,0.0,0.0,0.0,0.0,0.20686075627811135,0.2206122147317342,-0.17383742290923357,0.8935582501095644,-1.5658669455327574,-1.641125354987203,-0.07525840945444551,0.013751458453622856
1114,11.13,0.0,0.0,0.0,0.0,0.20505997526368086,0.22956018448504242,-0.18626660904025924,0.8958192796159624,-1.5638072383061443,-1.6388745118179462,-0.07506727351180187,0.024500209221361563
1115,11.14,0.0,0.0,0.0,0.0,0.2031364853723186,0.238524239802361,-0.198377452842402,0.8967723139227541,-1.5617661550865753,-1.6365340976247142,-0.0747679425381389,0.03538775443004241
1116,11.15,0.0,0.0,0.0,0.0,0.20109352164573793,0.2474912124271563,-0.2101597061239768,0.8964000113253575,-1.5597449068730043,-1.6341040172486603,-0.07435911037565601,0.046397690781418366
1117,11.16,0.0,0.0,0.0,0.0,0.19893441932432815,0.25644777030048643,-0.22160357914848122,0.8946869567033402,-1.5577446718091543,-1.6315843080485684,-0.07383963623941403,0.057513350976158284
1118,11.17,0.0,0.0,0.0,0.0,0.19666260920804662,0.2653804369346583,-0.23269975158045203,0.8916196828970435,-1.5557665942046357,-1.6289751414421867,-0.07320854723755099,0.06871782772661167
1119,11.18,0.0,0.0,0.0,0.0,0.19428161290676316,0.274275610995333,-0.243439383653833,0.8871866910477564,-1.5538117836030052,-1.626276824252774,-0.0724650406497689,0.07999399808856983
1120,11.19,0.0,0.0,0.0,0.0,0.19179503797771383,0.28311958608248355,-0.25381412758412253,0.8813784700505455,-1.5518813138978844,-1.6234897998588242,-0.07160848596093983,0.09132454810476973
1121,11.200000000000001,0.0,0.0,0.0,0.0,0.18920657294757634,0.2918985707019587,-0.26381613923193487,0.8741875152396961,-1.549976222498279,-1.6206146491450193,-0.07063842664674036,0.10269199775438234
1122,11.21,0.0,0.0,0.0,0.0,0.18651998221667693,0.3005987084204362,-0.2734380900112401,0.865608346394648,-1.5480975095442642,-1.617652091252549,-0.06955458170828477,0.11407872620375925
1123,11.22,0.0,0.0,0.0,0.0,0.18373910084297113,0.30920609819728945,-0.28267317902052314,0.8556375251192635,-1.5462461371742262,-1.6146029841269842,-0.06835684695275801,0.12546699735431832
1124,11.23,0.0,0.0,0.0,0.0,0.18086782920375147,0.31770681488717967,-0.29151514535965595,0.8442736716102999,-1.5444230288448761,-1.6114683248619794,-0.06704529601710328,0.1368389856834282
1125,11.24,0.0,0.0,0.0,0.0,0.177910127533469,0.3260869299072072,-0.29995828057971025,0.8315174807921049,-1.5426290687052626,-1.6082492498371175,-0.06562018113185486,0.14817680237373823
1126,11.25,0.0,0.0,0.0,0.0,0.1748700103366712,0.3343325320619939,-0.30799744119723693,0.8173717377545454,-1.540865101026032,-1.6049470346482888,-0.06408193362225689,0.15946252172532271
1127,11.26,0.0,0.0,0.0,0.0,0.17175154067581785,0.34242974851924673,-0.3156280611891937,0.8018413323906894,-1.5391319296851838,-1.6015630938290597,-0.06243116414387594,0.17067820784342888
1128,11.27,0.0,0.0,0.0,0.0,0.16855882433464964,0.3503647659271136,-0.3228461643697376,0.7849332730902381,-1.5374303177115722,-1.5980989803615697,-0.06066866264999749,0.18180594159246394
1129,11.28,0.0,0.0,0.0,0.0,0.1652960038588451,0.35812385166300237,-0.32964837653584983,0.7666566993048037,-1.5357609868873883,-1.5945563849755868,-0.058795398088198565,0.19282784780415727
1130,11.290000000000001,0.0,0.0,0.0,0.0,0.16196725247689747,0.3656933752015023,-0.3360319372554428,0.7470228927626633,-1.5341246174108374,-1.5909371352344688,-0.05681251782363139,0.20372612272460483
1131,11.3,0.0,0.0,0.0,0.0,0.15857676790547365,0.3730598295866293,-0.34199471115943525,0.7260452870740478,-1.5325218476201918,-1.587243194406912,-0.05472134678672025,0.21448306168115566
1132,11.31,0.0,0.0,0.0,0.0,0.15512876604494422,0.3802098529908833,-0.347535198588551,0.7037394754341196,-1.5309532737803413,-1.583476660123523,-0.052523386343181766,0.22508108694593906
1133,11.32,0.0,0.0,0.0,0.0,0.1516274745723346,0.38713025034047505,-0.3526525454364473,0.6801232161003816,-1.5294194499329097,-1.579639762817455,-0.05022031288454532,0.23550277576814044
1134,11.33,0.0,0.0,0.0,0.0,0.14807712644054796,0.39380801498275814,-0.3573465520235147,0.6552164352945565,-1.5279208878109183,-1.5757348639485573,-0.04781397613763905,0.24573088854221017
1135,11.34,0.0,0.0,0.0,0.0,0.1444819532944077,0.4002303503682592,-0.3616176808304677,0.6290412271571834,-1.5264580568188824,-1.5717644540107536,-0.04530639719187124,0.25574839707385155
1136,11.35,0.0,0.0,0.0,0.0,0.1408461788157889,0.4063846917159045,-0.36546706291785724,0.6016218503664315,-1.5250313840791132,-1.5677311503226554,-0.042699766243542214,0.26553851290011565
1137,11.36,0.0,0.0,0.0,0.0,0.13717401201185242,0.41225872762609506,-0.3688965028570784,0.5729847210217756,-1.5236412545448648,-1.5636376946017536,-0.03999644005688885,0.27508471561424264
1138,11.370000000000001,0.0,0.0,0.0,0.0,0.13346964046213064,0.4178404216022598,-0.371908482000389,0.5431584013884678,-1.5222880111808186,-1.5594869503229016,-0.037198939142083054,0.28437078114012915
1139,11.38,0.0,0.0,0.0,0.0,0.1297372235419234,0.42311803343747606,-0.37450615992211544,0.5121735841008926,-1.5209719552112313,-1.555281899862223,-0.0343099446509918,0.29338080989555265
1140,11.39,0.0,0.0,0.0,0.0,0.1259808856410917,0.42808014041878395,-0.37669337387055396,0.4800630714317825,-1.5196933464358866,-1.5510256414280164,-0.03133229499212975,0.3020992547776923
1141,11.4,0.0,0.0,0.0,0.0,0.12220470939891698,0.4327156582979355,-0.378474636080211,0.4468617492508313,-1.5184524036137987,-1.5467213857807474,-0.02826898216694862,0.31051094889901854
1142,11.41,0.0,0.0,0.0,0.0,0.11841272897711187,0.43701386197369907,-0.37985512880691635,0.4126065553196925,-1.5172493049143942,-1.542372452744726,-0.02512314783033176,0.3186011329965872
1143,11.42,0.0,0.0,0.0,0.0,0.11460892339438108,0.4409644058274388,-0.38084069696392825,0.37733644160154833,-1.5160841884356762,-1.5379822675146442,-0.021898079078968017,0.3263554824330577
1144,11.43,0.0,0.0,0.0,0.0,0.11079720994705647,0.4445573436506636,-0.3814378382553506,0.34109233030166364,-1.5149571527886332,-1.533554356760745,-0.018597203972111842,0.33376013370360713
1145,11.44,0.0,0.0,0.0,0.0,0.10698143774126652,0.4477831481006228,-0.3816536907238618,0.3039170634006844,-1.5138682577469065,-1.529092344537024,-0.015224086790117441,0.3408017103593563
1146,11.450000000000001,0.0,0.0,0.0,0.0,0.10316538136281661,0.45063272961789985,-0.38149601765267643,0.26585534549424256,-1.5128175249604674,-1.5245999479975056,-0.011782423037038248,0.34746734825508324
1147,11.46,0.0,0.0,0.0,0.0,0.09935273471143927,0.4530974547383692,-0.38097318978659594,0.22695367981038236,-1.511804938731799,-1.5200809729263212,-0.008276034194522055,0.3537447200269299
1148,11.47,0.0,0.0,0.0,0.0,0.09554710502627829,0.45516916373092253,-0.38009416486371345,0.18726029733951308,-1.5108304468527989,-1.5155393090879707,-0.004708862235171862,0.35962205870464425
1149,11.48,0.0,0.0,0.0,0.0,0.09175200712943966,0.4568401874920339,-0.37886846447735784,0.1468250790795705,-1.5098939615003597,-1.5109789254048767,-0.0010849639045169557,0.3650881803625943
1150,11.49,0.0,0.0,0.0,0.0,0.08797085791407805,0.4581033636286327,-0.37730614831694287,0.10569947147030959,-1.508995360188315,-1.5064038649699873,0.0025914952183276885,0.37013250571455464
1151,11.5,0.0,0.0,0.0,0.0,0.0842069711028669,0.4589520516618502,-0.37541778586606056,0.06393639516485279,-1.5081344867731712,-1.5018182399028939,0.00631624687027732,0.3747450805589833
1152,11.51,0.0,0.0,0.0,0.0,0.08046355230176326,0.4593801472860682,-0.37321442566594226,0.021590147362013524,-1.5073111525108,-1.4972262260585791,0.010084926452220921,0.3789165949843049
1153,11.52,0.0,0.0,0.0,0.0,0.07674369437274971,0.4593820956203099,-0.3707075622819478,-0.021283702001277254,-1.5065251371610173,-1.4926320575985632,0.013893079562454114,0.3826384012475602
1154,11.53,0.0,0.0,0.0,0.0,0.07305037314771474,0.4589529033923841,-0.36790910113943864,-0.06462841982337816,-1.5057761901367464,-1.4880400214348235,0.017736168701922853,0.38590253024466936
1155,11.540000000000001,0.0,0.0,0.0,0.0,0.06938644350383022,0.4580881500002971,-0.364831321422889,-0.10838622473057644,-1.5050640316942503,-1.4834544515574417,0.02160958013680858,0.3887017064964669
1156,11.55,0.0,0.0,0.0,0.0,0.06575463581872008,0.4567839974002638,-0.36148683725778025,-0.1524984067733887,-1.5043883541607286,-1.4788797232574675,0.025508630903261054,0.3910293615815437
1157,11.56,0.0,0.0,0.0,0.0,0.062157552821385784,0.45503719877612586,-0.35788855741845227,-0.19690545134676998,-1.5037488231953915,-1.4743202472569523,0.029428575938439176,0.39287964595474006
1158,11.57,0.0,0.0,0.0,0.0,0.05859766685233751,0.45284510595108646,-0.3540496438259754,-0.24154716669606602,-1.503145079079993,-1.4697804637585548,0.03336461532143819,0.39424743909874893
1159,11.58,0.0,0.0,0.0,0.0,0.05507731754362466,0.45020567550930907,-0.34998346911814215,-0.2863628143194215,-1.5025767380346684,-1.4652648364274523,0.03731190160721609,0.3951283579656844
1160,11.59,0.0,0.0,0.0,0.0,0.05159870992657538,0.44711747360204623,-0.3457035735882793,-0.3312912415340292,-1.5020433935548392,-1.4607778463185965,0.04126554723624266,0.39551876367547084
1161,11.6,0.0,0.0,0.0,0.0,0.04816391297202515,0.4435796794204708,-0.34122362180061727,-0.3762710154392598,-1.5015446177648806,-1.456323985762561,0.045220632002319634,0.3954157664484456
1162,11.61,0.0,0.0,0.0,0.0,0.044774858564698754,0.43959208732518323,-0.3365573591971633,-0.4212405574847499,-1.5010799627842157,-1.4519077522233743,0.04917221056084143,0.3948172287604845
1163,11.620000000000001,0.0,0.0,0.0,0.0,0.04143334091024016,0.4351551076303699,-0.33171856901415947,-0.4661382778368783,-1.5006489621015013,-1.4475336421417844,0.05311531995971697,0.39372176672012976
1164,11.63,0.0,0.0,0.0,0.0,0.03814101637020969,0.43026976604868916,-0.32672102982536505,-0.5109027087324212,-1.500251131952597,-1.44320614477739,0.05704498717520701,0.3921287496784795
1165,11.64,0.0,0.0,0.0,0.0,0.03489940371720445,0.4249377018110362,-0.3215784740243262,-0.5554726360145448,-1.499885972698076,-1.4389297360629572,0.06095623663511885,0.3900382980938317
1166,11.65,0.0,0.0,0.0,0.0,0.03170988479919919,0.41916116448333945,-0.3163045475487872,-0.5997872280625229,-1.4995529701961285,-1.4347088724840809,0.0648440977120477,0.3874512796841403
1167,11.66,0.0,0.0,0.0,0.0,0.028573705599213912,0.4129430095102744,-0.31091277113737736,-0.6437861613536153,-1.4992515971668339,-1.43054798499707,0.06870361216976396,0.3843693039110605
1168,11.67,0.0,0.0,0.0,0.0,0.02549197767360665,0.4062866925232379,-0.3054165033920613,-0.6874097419318451,-1.4989813145439244,-1.4264514729976072,0.07252984154631714,0.38079471484963123
1169,11.68,0.0,0.0,0.0,0.0,0.022465679949648272,0.3991962624569526,-0.29982890589960204,-0.730599022104237,-1.4987415728103561,-1.4224236983523273,0.07631787445802884,0.37673058250730435
1170,11.69,0.0,0.0,0.0,0.0,0.019495660860618817,0.3916763535256027,-0.29416291064207006,-0.7732959117390072,-1.4985318133141954,-1.4184689795049752,0.0800628338092202,0.3721806926649839
1171,11.700000000000001,0.0,0.0,0.0,0.0,0.016582640794491815,0.38373217611535315,-0.28843118990029243,-0.8154432836018037,-1.4983514695615658,-1.4145915856682705,0.08375988389329536,0.36714953532086136
1172,11.71,0.0,0.0,0.0,0.0,0.013727214830378382,0.3753695066554208,-0.2826461288257556,-0.856985072233894,-1.4981999684836478,-1.4107957311120114,0.08740423737163638,0.36164229182504243
1173,11.72,0.0,0.0,0.0,0.0,0.010929855735287172,0.3665946765344316,-0.27681980082606106,-0.8978663659497222,-1.4980767316749888,-1.4070855695572917,0.09099116211769709,0.35566482079914447
1174,11.73,0.0,0.0,0.0,0.0,0.008190917192481226,0.357414560132693,-0.2709639458773197,-0.9380334916082425,-1.4979811766006625,-1.4034651886860416,0.09451598791462092,0.3492236429402118
1175,11.74,0.0,0.0,0.0,0.0,0.005510637231724319,0.3478365620440147,-0.26508995184398354,-0.977434091893123,-1.4979127177701117,-1.3999386047743578,0.09797411299575388,0.3423259248122904
1176,11.75,0.0,0.0,0.0,0.0,0.0028891418310813457,0.33786860356298215,-0.2592088388534151,-1.0160171949186143,-1.4978707678758034,-1.396509757457351,0.10136101041845237,0.3349794617319008
1177,11.76,0.0,0.0,0.0,0.0,0.00032644865962744475,0.3275191085149969,-0.25333124673913554,-1.0537332760603837,-1.4978547388951378,-1.3931825046324737,0.10467223426266403,0.32719265985536944
1178,11.77,0.0,0.0,0.0,0.0,-0.002177529069553423,0.31679698850699656,-0.24746742553382337,-1.0905343119922986,-1.4978640431543517,-1.3899606175075079,0.10790342564684387,0.31897451757655
1179,11.78,0.0,0.0,0.0,0.0,-0.004622978666349338,0.3057116276765565,-0.24162722896110125,-1.1263738269899901,-1.4978980943534683,-1.3868477757986184,0.11105031855484994,0.3103346063429059
1180,11.790000000000001,0.0,0.0,0.0,0.0,-0.007010183980185353,0.29427286701607697,-0.23582011084436155,-1.1612069316389912,-1.4979563085516392,-1.3838475630831022,0.114108745468537,0.3012830509962623
1181,11.8,0.0,0.0,0.0,0.0,-0.009339521394809317,0.2824909883470264,-0.23005512432173925,-1.1949903541583464,-1.4980381051125198,-1.3809634623107105,0.11707464280180925,0.2918305097418357
1182,11.81,0.0,0.0,0.0,0.0,-0.011611455828697518,0.27037669801671377,-0.224340923729045,-1.2276824646193008,-1.4981429076096,-1.378198851476669,0.11994405613293102,0.28198815384541126
1183,11.82,0.0,0.0,0.0,0.0,-0.013826536766955267,0.25794111038701634,-0.21868576898753475,-1.2592432924014936,-1.4982701446916735,-1.375556999458832,0.12271314523284159,0.2717676471539716
1184,11.83,0.0,0.0,0.0,0.0,-0.015985394348856072,0.24519573118070384,-0.21309753231069997,-1.2896345372866325,-1.4984192509088863,-1.373041062020713,0.12537818888817331,0.2611811255295599
1185,11.84,0.0,0.0,0.0,0.0,-0.0180887355331937,0.23215244074678257,-0.2075837070243314,-1.3188195746402382,-1.4985896675000316,-1.370654077981505,0.12793558951852657,0.2502411762799763
1186,11.85,0.0,0.0,0.0,0.0,-0.02013734036147852,0.21882347730153673,-0.20215141827685823,-1.346763455176142,-1.4987808431419718,-1.3683989655536157,0.13038187758835604,0.23896081766301525
1187,11.86,0.0,0.0,0.0,0.0,-0.02213205833670464,0.20522142019680895,-0.19680743540252066,-1.3734328998355942,-1.4989922346622564,-1.3662785188476951,0.13271371581456126,0.2273534785335136
1188,11.870000000000001,0.0,0.0,0.0,0.0,-0.024073804932979975,0.1913591732615838,-0.19155818568843294,-1.3987962903428088,-1.4992233077161705,-1.3642954045446505,0.13492790317152004,0.21543297819456378
1189,11.88,0.0,0.0,0.0,0.0,-0.02596355824877414,0.1772499482572171,-0.1864097692879044,-1.4228236560217322,-1.4994735374295876,-1.3624521587337104,0.13702137869587716,0.20321350650599124
1190,11.89,0.0,0.0,0.0,0.0,-0.02780235581393822,0.16290724848066784,-0.18136797501655796,-1.4454866574749703,-1.4997424090091167,-1.3607511839152182,0.1389912250938985,0.19070960429460607
1191,11.9,0.0,0.0,0.0,0.0,-0.029591291557986576,0.14834485254411559,-0.17643829676478448,-1.4667585677347565,-1.5000294183211216,-1.3591947461665368,0.14083467215458478,0.17793614410210215
1192,11.91,0.0,0.0,0.0,0.0,-0.03133151294447426,0.13357679835314198,-0.17162595025970456,-1.486614251498702,-1.5003340724412486,-1.3577849724691775,0.1425490999720711,0.16490831129761624
1193,11.92,0.0,0.0,0.0,0.0,-0.03302421827363727,0.11861736729959306,-0.16693588991205172,-1.505030143059296,-1.5006558901761404,-1.3565238481950863,0.14413204198105412,0.15164158557323032
1194,11.93,0.0,0.0,0.0,0.0,-0.034670654152840735,0.10348106867917413,-0.16237282548809168,-1.5219842235266414,-1.5009944025590165,-1.3554132147498823,0.14558118780913423,0.13815172283201488
1195,11.94,0.0,0.0,0.0,0.0,-0.03627211313181454,0.0881826243379094,-0.15794123835371687,-1.5374559979286917,-1.5013491533207846,-1.3544547673707779,0.14689438595000673,0.12445473746972394
1196,11.950000000000001,0.0,0.0,0.0,0.0,-0.03782993149717105,0.07273695354584872,-0.15364539704700272,-1.5514264727530431,-1.5017196993383077,-1.3536500530768938,0.14806964626141395,0.11056688504301977
1197,11.96,0.0,0.0,0.0,0.0,-0.03934548721831557,0.0571591580909056,-0.14948937194673054,-1.5638781344691588,-1.50210561106138,-1.3530004687697297,0.14910514229165028,0.09650464530922118
1198,11.97,0.0,0.0,0.0,0.0,-0.04082019803460417,0.041464507580406956,-0.14547704881739248,-1.5747949295405261,-1.5025064729198776,-1.3525072594816425,0.14999921343823508,0.08228470561501113
1199,11.98,0.0,0.0,0.0,0.0,-0.04225551967147177,0.025668424933101567,-0.14161214102598838,-1.5841622464025962,-1.5029218837124374,-1.3521715167703439,0.15075036694209354,0.06792394460457334
1200,11.99,0.0,0.0,0.0,0.0,-0.04365294417129628,0.009786472039701361,-0.13789820024218089,-1.5919668998453882,-1.5033514569778827,-1.3519941772576123,0.15135727972027047,0.05343941621099764
1201,12.0,0.0,0.0,0.0,0.0,-0.045013998322961886,-0.006165664434101117,-0.1343386254511376,-1.5981971181990724,-1.5037948213504653,-1.3519760213106657,0.15181880003979953,0.03884833388886077
1202,12.01,0.0,0.0,0.0,0.0,-0.04634024217247381,-0.022172187131984083,-0.13093667012733168,-1.602842533677543,-1.504251620899824,-1.352117671864914,0.15213394903491007,0.024168055040489727
1203,12.02,0.0,0.0,0.0,0.0,-0.04763326759555915,-0.03821720201188022,-0.12769544743776165,-1.6058941761888494,-1.5047215154563756,-1.352419593387128,0.15230192206924764,0.009416065583678933
1204,12.030000000000001,0.0,0.0,0.0,0.0,-0.04889469691197796,-0.05428473230740806,-0.12461793336415176,-1.6073444708729772,-1.5052041809226575,-1.3528820909784105,0.152322089944247,-0.0053900353954301
1205,12.040000000000001,0.0,0.0,0.0,0.0,-0.05012618152027271,-0.07035873248419959,-0.12170696765580163,-1.6071872395768338,-1.5056993095709335,-1.3535053096167216,0.1521939999542119,-0.020232550963926878
1206,12.05,0.0,0.0,0.0,0.0,-0.05132940053091896,-0.08642310223137079,-0.1189652525475447,-1.6054177064239097,-1.5062066103271587,-1.3542892335391103,0.1519173767880484,-0.035093701700451826
1207,12.06,0.0,0.0,0.0,0.0,-0.05250605937529409,-0.10246170052958686,-0.11639534920085753,-1.6020325075819535,-1.5067258090411735,-1.3552336857642087,0.15149212327696482,-0.049955641154292775
1208,12.07,0.0,0.0,0.0,0.0,-0.053657888367589224,-0.11845835983803182,-0.1139996718502021,-1.5970297052765294,-1.5072566487427697,-1.3563383277559642,0.1509183209868055,-0.0648004714704426
1209,12.08,0.0,0.0,0.0,0.0,-0.05478664119672785,-0.13439690044272706,-0.11178047966124392,-1.5904088060416566,-1.5077988898830472,-1.3576026592300159,0.15019623065303134,-0.07961025924599921
1210,12.09,0.0,0.0,0.0,0.0,-0.05589409332554699,-0.1502611450082893,-0.10973986633248439,-1.5821707831410878,-1.5083523105602437,-1.3590260181045335,0.14932629245571016,-0.09436705168274231
1211,12.1,0.0,0.0,0.0,0.0,-0.05698204027493719,-0.16603493337425906,-0.10787974749693444,-1.5723181030354967,-1.5089167067289992,-1.3606075805977655,0.1483091261312337,-0.10905289309932187
1212,12.11,0.0,0.0,0.0,0.0,-0.05805229577132996,-0.181702137635591,-0.10620184600565519,-1.560854755712141,-1.509491892391797,-1.3623463614749374,0.14714553091685967,-0.12364984186426105
1213,12.120000000000001,0.0,0.0,0.0,0.0,-0.05910668973686528,-0.19724667754477074,-0.104707675200117,-1.5477862886347389,-1.5100776997711087,-1.3642412144475342,0.14583648532357454,-0.13813998780790546
1214,12.13,0.0,0.0,0.0,0.0,-0.06014706610276505,-0.21265253627028902,-0.10339852030524893,-1.5331198440128013,-1.5106739794605737,-1.3662908327283563,0.14438314673221742,-0.15250547016752397
1215,12.14,0.0,0.0,0.0,0.0,-0.06117528042788406,-0.2279037765429629,-0.1022754180996047,-1.5168641990316216,-1.511280600553352,-1.368493749746078,0.14278685080727382,-0.16672849611507884
1216,12.15,0.0,0.0,0.0,0.0,-0.06219319730608799,-0.24298455721762477,-0.10133913504300253,-1.4990298086274692,-1.5118974507456195,-1.3708483400233216,0.14104911072229798,-0.18079135991153678
1217,12.16,0.0,0.0,0.0,0.0,-0.06320268754803494,-0.2578791502733636,-0.100590144065215,-1.4796288503370856,-1.512524436413021,-1.373352820222525,0.13917161619049612,-0.19467646272532868
1218,12.17,0.0,0.0,0.0,0.0,-0.06420562512508049,-0.2725719582704684,-0.10002860024142225,-1.4586752706975694,-1.5131614826577595,-1.3760052503640827,0.1371562322936768,-0.20836633314538788
1219,12.18,0.0,0.0,0.0,0.0,-0.0652038838653905,-0.28704753227674873,-0.09965431560110286,-1.4361848326221922,-1.5138085333238942,-1.3788035352213952,0.135004998102499,-0.22184364841135823
1220,12.19,0.0,0.0,0.0,0.0,-0.06619933389491103,-0.30129059026992305,-0.09946673333643327,-1.412175163130657,-1.514465550978328,-1.3817454258975577,0.13272012508077036,-0.23509125637501202
1221,12.200000000000001,0.0,0.0,0.0,0.0,-0.06719383781859531,-0.31528603601633093,-0.09946490169390715,-1.3866658007692203,-1.5151325168549092,-1.3848285215884584,0.13030399526645087,-0.24809219819773562
1222,12.21,0.0,0.0,0.0,0.0,-0.06818924664020308,-0.3290189784193702,-0.09964744784845332,-1.3596782420178641,-1.5158094307590382,-1.3880502715370187,0.12775915922201952,-0.26082973177916713
1223,12.22,0.0,0.0,0.0,0.0,-0.06918739542205278,-0.3424747513239124,-0.10001255207255903,-1.33123598594881,-1.516496310930169,-1.3914079771832166,0.12508833374695238,-0.27328735590185965
1224,12.23,0.0,0.0,0.0,0.0,-0.07019009868928042,-0.3556389337553698,-0.10055792252341345,-1.3013645763744452,-1.5171931938596275,-1.3948987945143434,0.12229439934528408,-0.2854488350660894
1225,12.24,0.0,0.0,0.0,0.0,-0.07119914558643638,-0.3684973705644502,-0.10128077097877844,-1.2700916407029768,-1.517900134061223,-1.39851973661971,0.11938039744151308,-0.29729822497801384
1226,12.25,0.0,0.0,0.0,0.0,-0.0722162947975794,-0.38103619344070294,-0.10217778985659505,-1.2374469247088256,-1.5186172037922359,-1.402267676453678,0.11634952733855797,-0.30881989864312354
1227,12.26,0.0,0.0,0.0,0.0,-0.07324326924438586,-0.3932418422500239,-0.1032451308543172,-1.2034623224214351,-1.5193444927224802,-1.4061393498104864,0.11320514291199378,-0.31999857300563805
1228,12.27,0.0,0.0,0.0,0.0,-0.07428175058014107,-0.40510108664334266,-0.10447838554110944,-1.1681719003423205,-1.520082107549312,-1.410131358513857,0.10995074903545499,-0.3308193360632016
1229,12.280000000000001,0.0,0.0,0.0,0.0,-0.07533337350078123,-0.41660104787588775,-0.10587256822932416,-1.1316119152158888,-1.5208301715566432,-1.414240173823794,0.10658999773284929,-0.3412676743751065
1230,12.290000000000001,0.0,0.0,0.0,0.0,-0.07639971989736598,-0.42772922076878656,-0.10742210144084065,-1.0938208246055945,-1.5215888241162512,-1.4184621400623432,0.10312668405390803,-0.35132950087142056
1231,12.3,0.0,0.0,0.0,0.0,-0.07748231287745039,-0.4384734957374885,-0.10912080426887083,-1.0548392895632304,-1.5223582201299344,-1.4227934784593763,0.09956474167055807,-0.3609911828600381
1232,12.31,0.0,0.0,0.0,0.0,-0.07858261068573177,-0.448822180804534,-0.11096188391655011,-1.0147101687265714,-1.5231385294113506,-1.4272302912186439,0.09590823819270677,-0.37023957011880226
1233,12.32,0.0,0.0,0.0,0.0,-0.0797020005570526,-0.458764023507895,-0.11293793067017441,-0.9734785032381723,-1.5239299360066956,-1.4317685658035142,0.0921613702031814,-0.37906202295084246
1234,12.33,0.0,0.0,0.0,0.0,-0.08084179253728063,-0.4682882326103314,-0.1150409165373352,-0.9311914919465789,-1.52473263745372,-1.4364041794408815,0.08832845801283852,-0.3874464400730508
1235,12.34,0.0,0.0,0.0,0.0,-0.08200321330973694,-0.4773844995102185,-0.11726219774861237,-0.8878984564296557,-1.525546843978951,-1.4411329038407592,0.08441394013819183,-0.3953812862004816
1236,12.35,0.0,0.0,0.0,0.0,-0.08318740006665472,-0.4860430192501281,-0.11959252128616678,-0.8436507954677687,-1.5263727776333698,-1.4459504101280582,0.08042236750531151,-0.4028556191834734
1237,12.36,0.0,0.0,0.0,0.0,-0.0843953944665949,-0.49425451101620055,-0.12202203556387833,-0.7985019286912745,-1.5272106713671985,-1.4508522739819956,0.0763583973852029,-0.40985911654960566
1238,12.370000000000001,0.0,0.0,0.0,0.0,-0.08562813671978467,-0.5020102380191059,-0.12454030534196278,-0.7525072292312103,-1.5280607680448661,-1.455833980977497,0.0722267870673692,-0.4163821012993213
1239,12.38,0.0,0.0,0.0,0.0,-0.08688645984395377,-0.5093020266462236,-0.12713633091478344,-0.7057239453130749,-1.5289233194016445,-1.4608909321218526,0.06803238727979188,-0.4224155668022698
1240,12.39,0.0,0.0,0.0,0.0,-0.08817108413340585,-0.5161222847746706,-0.1297985715644558,-0.6582111108492935,-1.5297985849438736,-1.4660184495788002,0.06378013536507333,-0.42795120064126474
1241,12.4,0.0,0.0,0.0,0.0,-0.08948261188374382,-0.5224640191359151,-0.13251497322533018,-0.6100294452056786,-1.5306868307951194,-1.4712117825710762,0.05947504822404316,-0.43298140725217127
1242,12.41,0.0,0.0,0.0,0.0,-0.09082152241388634,-0.5283208516251139,-0.1352730002563423,-0.5612412424379212,-1.531588328491033,-1.4764661134514303,0.055122215039602684,-0.43749932921122753
1243,12.42,0.0,0.0,0.0,0.0,-0.09218816742573763,-0.5336870344518512,-0.13805967117019644,-0.5119102504151571,-1.5325033537260846,-1.4817765639310234,0.05072678979506117,-0.4414988670261135
1244,12.43,0.0,0.0,0.0,0.0,-0.0935827667401264,-0.5385574640337326,-0.14086159812114843,-0.4621015403662918,-1.5334321850557433,-1.4871382014531263,0.04629398360261705,-0.4449746972936062
1245,12.44,0.0,0.0,0.0,0.0,-0.09500540444541822,-0.5429276935402187,-0.1436650299075442,-0.411881367499334,-1.5343751025580517,-1.4925460456990804,0.0418290568589712,-0.44792228909480053
1246,12.450000000000001,0.0,0.0,0.0,0.0,-0.09645602549254839,-0.5467939440011355,-0.146455898202061,-0.36131702345240335,-1.535332386458891,-1.49799507521259,0.03733731124630113,-0.45033791850858707
1247,12.46,0.0,0.0,0.0,0.0,-0.09793443276714701,-0.5501531139023904,-0.14921986668244844,-0.31047668143555174,-1.536304315725558,-1.5034802341275892,0.03282408159796879,-0.4522186811352434
1248,12.47,0.0,0.0,0.0,0.0,-0.09944028466597586,-0.5530027872004892,-0.15194238269926846,-0.2594292350128645,-1.537291166633564,-1.5089964389842265,0.028294727649337492,-0.45356250253451336
1249,12.48,0.0,0.0,0.0,0.0,-0.10097309320108966,-0.5553412396973244,-0.15460873108523268,-0.20824413155366228,-1.5382932113118182,-1.5145385856168267,0.023754625694991427,-0.45436814649623475
1250,12.49,0.0,0.0,0.0,0.0,-0.10253222265105057,-0.557167443727362,-0.1572040896839284,-0.15699120144726625,-1.539310716271574,-1.520101556097206,0.019209160174368026,-0.4546352210763115
1251,12.5,0.0,0.0,0.0,0.0,-0.10411688877418585,-0.5584810711205523,-0.159713586154374,-0.10574048422776736,-1.5403439409246875,-1.5256802257162596,0.01466371520842791,-0.4543641823463665
1252,12.51,0.0,0.0,0.0,0.0,-0.10572615859436274,-0.5592824944159545,-0.1621223555924496,-0.05456205279161492,-1.5413931360968638,-1.5312694699864504,0.010123666110413378,-0.4535563358215917
1253,12.52,0.0,0.0,0.0,0.0,-0.10735895076511338,-0.5595727863130124,-0.16441559850100224,-0.0035258369114833823,-1.5424585425416497,-1.5368641716476268,0.005594370894022926,-0.45221383554789907
1254,12.530000000000001,0.0,0.0,0.0,0.0,-0.10901403651324112,-0.5593537173594854,-0.1665786386375287,0.047298552745838864,-1.5435403894609672,-1.5424592276585325,0.0010811618024346714,-0.4503396808462442
1255,12.540000000000001,0.0,0.0,0.0,0.0,-0.11069004115833873,-0.5586277518870678,-0.16859698027186124,0.09784199890187811,-1.544638893037965,-1.548049556156417,-0.00341066311845184,-0.44793771072872907
1256,12.55,0.0,0.0,0.0,0.0,-0.1123854462000232,-0.5573980422175643,-0.17045636439605105,0.14803604908176832,-1.5457542549879169,-1.5536301033673392,-0.007875848379422346,-0.44501259601754106
1257,12.56,0.0,0.0,0.0,0.0,-0.11409859196017814,-0.5556684211739528,-0.17214282344456794,0.19781308303836456,-1.5468866611327747,-1.5591958504500154,-0.012309189317240676,-0.44156982921377463
1258,12.57,0.0,0.0,0.0,0.0,-0.1158276807631898,-0.55344339294163,-0.17364273410460487,0.24710647511960196,-1.548036280004854,-1.5647418202564904,-0.016705540251636508,-0.4376157121784402
1259,12.58,0.0,0.0,0.0,0.0,-0.11757078063308571,-0.5507281223354428,-0.1749428678233207,0.2958507505849949,-1.5492032614849225,-1.5702630839934,-0.02105982250847749,-0.4331573417023571
1260,12.59,0.0,0.0,0.0,0.0,-0.11932582948271049,-0.5475284225376389,-0.17603043865072762,0.3439817349608504,-1.5503877354797453,-1.575754767768199,-0.025367032288453602,-0.4282025930549284
1261,12.6,0.0,0.0,0.0,0.0,-0.12109063976663807,-0.5438507413805165,-0.1768931480930687,0.3914366956178346,-1.5515898106438626,-1.5812120590054282,-0.029622248361565576,-0.4227601016138784
1262,12.61,0.0,0.0,0.0,0.0,-0.12286290356646304,-0.5397021462552041,-0.17751922669118866,0.43815447485709547,-1.5528095731500877,-1.5866302127188683,-0.033820639568780564,-0.41683924268874106
1263,12.620000000000001,0.0,0.0,0.0,0.0,-0.12464019807447062,-0.5350903077346013,-0.17789747208098042,0.484075613900512,-1.5540470855128783,-1.592004557626276,-0.03795747211339772,-0.4104501096601307
1264,12.63,0.0,0.0,0.0,0.0,-0.1264199914394746,-0.5300234820039932,-0.17801728333760558,0.5291424672945669,-1.555302385468386,-1.597330502094305,-0.04202811662591888,-0.4036034905645186
1265,12.64,0.0,0.0,0.0,0.0,-0.1281996489368657,-0.5245104921971541,-0.17786869145122525,0.5732993073542848,-1.5565754849146187,-1.6026035399021854,-0.04602805498756668,-0.39631084326028837
1266,12.65,0.0,0.0,0.0,0.0,-0.1299764394236115,-0.5185607087389382,-0.1774423858284893,0.6164924183907597,-1.55786636891476,-1.6078192558137039,-0.04995288689894384,-0.38858426931532675
1267,12.66,0.0,0.0,0.0,0.0,-0.13174754203813557,-0.5121840287973035,-0.17672973676050963,0.6586701805824238,-1.5591749947662974,-1.6129733309480736,-0.05379833618177621,-0.38043648675916797
1268,12.67,0.0,0.0,0.0,0.0,-0.13351005310463235,-0.5053908549485623,-0.17572281384353178,0.6997831434631929,-1.5605012911382046,-1.6180615479413043,-0.05756025680309973,-0.3718808018439299
1269,12.68,0.0,0.0,0.0,0.0,-0.1352609932014604,-0.4981920731593695,-0.17441440038255118,0.7397840891092784,-1.5618451572780219,-1.6230797958907224,-0.06123463861270051,-0.3629310799579091
1270,12.69,0.0,0.0,0.0,0.0,-0.13699731435377022,-0.4905990301876231,-0.17279800384999883,0.7786280852088074,-1.5632064622902728,-1.6280240750763202,-0.06481761278604736,-0.35360171583385286
1271,12.700000000000001,0.0,0.0,0.0,0.0,-0.13871590731144284,-0.4826235105021276,-0.17086786251079178,0.8162725282932453,-1.5645850444872678,-1.6328905014536288,-0.06830545696636105,-0.34390760319068475
1272,12.71,0.0,0.0,0.0,0.0,-0.14041360887470916,-0.47427771281765335,-0.16861894836115596,0.8526771774958474,-1.565980710812953,-1.63767531091378,-0.07169460010082696,-0.3338641039429442
1273,12.72,0.0,0.0,0.0,0.0,-0.14208720923146656,-0.4655742263379491,-0.1660469665611365,0.8878041792792277,-1.567393236340108,-1.6423748633073922,-0.07498162696728429,-0.32348701710648253
1274,12.73,0.0,0.0,0.0,0.0,-0.14373345927224457,-0.45652600679455396,-0.16314835156949506,0.9216180836405506,-1.5688223638408267,-1.6469856462297854,-0.07816328238895864,-0.3127925475223094
1275,12.74,0.0,0.0,0.0,0.0,-0.14534907785099613,-0.4471463523638301,-0.15992026021436803,0.9540858523590513,-1.5702678034299073,-1.6515042785659149,-0.08123647513600751,-0.301797274512834
1276,12.75,0.0,0.0,0.0,0.0,-0.1469307589623245,-0.437448879538785,-0.15636056195360495,0.9851768598955805,-1.5717292322804528,-1.6559275137941851,-0.08419828151373232,-0.2905181205764605
1277,12.76,0.0,0.0,0.0,0.0,-0.14847517880838218,-0.42744749902596635,-0.15246782659500926,1.0148628875882655,-1.5732062944107146,-1.6602522430490532,-0.08704594863833859,-0.27897232021758417
1278,12.77,0.0,0.0,0.0,0.0,-0.14997900273144393,-0.4171563917311454,-0.14824130975876476,1.0431181118118689,-1.5746986005409518,-1.6644754979429937,-0.08977689740204188,-0.26717738899970145
1279,12.780000000000001,0.0,0.0,0.0,0.0,-0.15143889199102223,-0.4065899848907523,-0.14368093637224155,1.0699190867815924,-1.5762057280188562,-1.6685944531490051,-0.09238872513014895,-0.2551510928997301
1280,12.790000000000001,0.0,0.0,0.0,0.0,-0.15285151036731606,-0.39576292839921,-0.13878728249129213,1.0952447226853093,-1.5777272208118915,-1.672606428745369,-0.09487920793347747,-0.24291141803189395
1281,12.8,0.0,0.0,0.0,0.0,-0.15421353057573434,-0.3846900713754554,-0.1335615557421459,1.1190762598220485,-1.5792625895647385,-1.676508892324851,-0.0972463027601125,-0.23047654079972107
1282,12.81,0.0,0.0,0.0,0.0,-0.15552164048015166,-0.3733864390052929,-0.12800557467450555,1.141397239409653,-1.5808113117198834,-1.6802994608709112,-0.09948814915102779,-0.21786479852514123
1283,12.82,0.0,0.0,0.0,0.0,-0.15677254909543797,-0.36186720968963665,-0.12212174730946493,1.162193471701913,-1.5823728316992944,-1.6839759024038499,-0.10160307070455543,-0.20509466059419867
1284,12.83,0.0,0.0,0.0,0.0,-0.15796299237258618,-0.35014769252247924,-0.11591304915588012,1.1814530020255023,-1.583946561145041,-1.6875361374000653,-0.1035895762550243,-0.19218470014989306
1285,12.84,0.0,0.0,0.0,0.0,-0.1590897387624387,-0.33824330511648176,-0.10938300095607054,1.1991660753110647,-1.5855318792166582,-1.6909782399878164,-0.10544636077115821,-0.17915356635404306
1286,12.85,0.0,0.0,0.0,0.0,-0.16014959455654812,-0.3261695517885441,-0.10253564640646394,1.2153250996512632,-1.587128132943036,-1.6943004389230347,-0.10717230597999872,-0.166019957231996
1287,12.86,0.0,0.0,0.0,0.0,-0.16113940900607776,-0.3139420021126111,-0.0953755300814753,1.2299246093727005,-1.5887346376266043,-1.6975011183488227,-0.10876648072221841,-0.15280259310653332
1288,12.870000000000001,0.0,0.0,0.0,0.0,-0.1620560792218372,-0.30157626984234376,-0.08790767576972386,1.2429612280589957,-1.5903506772976101,-1.7005788183423292,-0.11022814104471902,-0.13952019062050655
1289,12.88,0.0,0.0,0.0,0.0,-0.1628965548605351,-0.2890879922021895,-0.08013756541109124,1.2544336319099825,-1.5919755052163198,-1.703532235252696,-0.11155673003637623,-0.12619143734165442
1290,12.89,0.0,0.0,0.0,0.0,-0.16365784260411204,-0.27649280954175687,-0.07207111880124231,1.2643425137675304,-1.5936083444210454,-1.7063602218337401,-0.11275187741269475,-0.11283496693764483
1291,12.9,0.0,0.0,0.0,0.0,-0.16433701044056417,-0.26380634534545205,-0.06371467420765625,1.2726905480829829,-1.595248388319961,-1.7090617871749598,-0.11381339885499875,-0.09946933490488788
1292,12.91,0.0,0.0,0.0,0.0,-0.1649311917559981,-0.25104418658678684,-0.05507497001786115,1.2794823570450018,-1.5968948013247781,-1.7116360964343724,-0.11474129510959431,-0.08611299483078874
1293,12.92,0.0,0.0,0.0,0.0,-0.16543758924874394,-0.2382218644149064,-0.04615912751710467,1.2847244780307516,-1.5985467195244392,-1.714082470376567,-0.11553575085212776,-0.07278427516616245
1294,12.93,0.0,0.0,0.0,0.0,-0.1658534786772088,-0.22535483515951685,-0.03697463486904637,1.288425332488102,-1.6002032513971136,-1.7164003847192255,-0.1161971333221119,-0.05950135648230806
1295,12.94,0.0,0.0,0.0,0.0,-0.16617621245377115,-0.21245846163958948,-0.027529332349707288,1.290595196302734,-1.6018634785588908,-1.7185894692912258,-0.11672599073233503,-0.04628224918581833
1296,12.950000000000001,0.0,0.0,0.0,0.0,-0.1664032230974041,-0.19954799476093782,-0.01783139886194899,1.291246171652079,-1.6035264565476954,-1.7206495070052876,-0.1171230504575922,-0.03314477166353372
1297,12.96,0.0,0.0,0.0,0.0,-0.16653202655787575,-0.18663855538801147,-0.007889339735456895,1.290392160298353,-1.6051912156410753,-1.7225804326479757,-0.11738921700690043,-0.020106528830135723
1298,12.97,0.0,0.0,0.0,0.0,-0.16656022542431706,-0.17374511647591645,0.002288024204291909,1.288048838226155,-1.606856761706644,-1.7243823314897377,-0.1175255697830937,-0.00718489105159939
1299,12.98,0.0,0.0,0.0,0.0,-0.16648551203067852,-0.16088248544991873,0.01269156633502272,1.2842336314862468,-1.6085220770840833,-1.7260554377175052,-0.1175333606334219,0.0056030265807597845
1300,12.99,0.0,0.0,0.0,0.0,-0.16630567147013028,-0.14806528682119538,0.023311862760832896,1.2789656930670963,-1.6101861214977327,-1.7276001326922816,-0.11741401119454899,0.018240384648934904
1301,13.0,0.0,0.0,0.0,0.0,-0.16601858452980806,-0.13530794502961552,0.03413919973374187,1.272265880579103,-1.611847832998918,-1.7290169430340294,-0.11716911003511132,0.030710639500192538
1302,13.01,0.0,0.0,0.0,0.0,-0.16562223055648018,-0.12262466750663378,0.04516358006423561,1.2641567345042153,-1.6135061289372736,-1.7303065385360903,-0.11680040959881664,0.04299756304984639
1303,13.02,0.0,0.0,0.0,0.0,-0.16511469026273054,-0.11002942795399767,0.056374728626339424,1.254662456735494,-1.615159906960414,-1.7314697299113153,-0.11630982295090143,0.05508526230873287
1304,13.030000000000001,0.0,0.0,0.0,0.0,-0.16449414848212832,-0.09753594983684458,0.06776209707593354,1.2438088891076093,-1.6168080460414083,-1.7325074663720552,-0.11569942033064694,0.06695819864528374
1305,13.040000000000001,0.0,0.0,0.0,0.0,-0.16375889688061115,-0.08515769009286825,0.0793148679123838,1.2316234916003537,-1.6184494075335798,-1.7334208330461571,-0.11497142551257733,0.0786012067877429
1306,13.05,0.0,0.0,0.0,0.0,-0.16290733662995616,-0.07290782306244173,0.09102195802312874,1.2181353198831475,-1.620082836252228,-1.7342110482311555,-0.11412821197892753,0.08999951356751443
1307,13.06,0.0,0.0,0.0,0.0,-0.16193798104778073,-0.06079922464803154,0.1028720218583471,1.2033750018593223,-1.6217071615829124,-1.7348794604888989,-0.11317229890598646,0.1011387563997492
1308,13.07,0.0,0.0,0.0,0.0,-0.16084945820701138,-0.04884445671459781,0.11485345438845114,1.1873747128647802,-1.623321198615983,-1.7354275455829669,-0.11210634696698386,0.11200500149241358
1309,13.08,0.0,0.0,0.0,0.0,-0.15964051351621325,-0.03705575174617585,0.1269543940006792,1.170168149176354,-1.6249237493070596,-1.735856903261357,-0.1109331539542975,0.12258476177003741
1310,13.09,0.0,0.0,0.0,0.0,-0.15831001227060112,-0.025444997777241185,0.13916272549249142,1.151790499491047,-1.626513603663168,-1.7361692538870952,-0.10965565022392722,0.13286501449335994
1311,13.1,0.0,0.0,0.0,0.0,-0.15685694217197715,-0.014023723620800628,0.15146608331892586,1.132278414048006,-1.628089540954233,-1.7363664349196222,-0.10827689396538909,0.14283321855117653
1312,13.11,0.0,0.0,0.0,0.0,-0.15528041581427945,-0.002803084418360093,0.16385185524842258,1.1116699710806655,-1.6296503309496029,-1.73645039725005,-0.10680006630044715,0.15247733139591937
1313,13.120000000000001,0.0,0.0,0.0,0.0,-0.15357967312990325,0.008206152460054109,0.17630718657699826,1.0900046403067034,-1.6311947351792373,-1.7364232013936425,-0.10522846621440518,0.16178582558995735
1314,13.13,0.0,0.0,0.0,0.0,-0.15175408379048955,0.018993621134826628,0.18881898504403954,1.0673232431882669,-1.6327215082191364,-1.7362870135431747,-0.1035655053240383,0.17074770492531618
1315,13.14,0.0,0.0,0.0,0.0,-0.14980314955447901,0.02954937052114977,0.20137392658457257,1.04366790972374,-1.6342293990005199,-1.7360441014871473,-0.10181470248662738,0.1793525200756288
1316,13.15,0.0,0.0,0.0,0.0,-0.14772650655244,0.03986387718310435,0.21395846204258182,1.0190820315653337,-1.635717152142177,-1.735696830397176,-0.0999796782549991,0.18759038373554435
1317,13.16,0.0,0.0,0.0,0.0,-0.14552392749998164,0.049928057699833446,0.22655882495810198,0.9936102112931383,-1.637183509305317,-1.735247658489251,-0.09806414918393404,0.19545198519981508
1318,13.17,0.0,0.0,0.0,0.0,-0.1431953238270076,0.059733280504679055,0.23916104052742138,0.9672982077158093,-1.6386272105701416,-1.7346991325639336,-0.096071921993792,0.20292860433168664
1319,13.18,0.0,0.0,0.0,0.0,-0.1407407477111432,0.06927137715707576,0.25175093582099056,0.9401928771103442,-1.6400469958332387,-1.7340538834309651,-0.09400688759772646,0.21001212486821896
1320,13.19,0.0,0.0,0.0,0.0,-0.13816039400240196,0.07853465300633845,0.26431415132776487,0.9123421103576973,-1.64144160622478,-1.7333146212241637,-0.09187301499938362,0.21669504700874043
1321,13.200000000000001,0.0,0.0,0.0,0.0,-0.1354546020255523,0.087515897206279,0.27683615387786714,0.8837947659769758,-1.642809785544365,-1.7324841306128944,-0.08967434506852935,0.2229704992318313
1322,13.21,0.0,0.0,0.0,0.0,-0.13262385724621822,0.09620839203983687,0.2893022509778848,0.8546005991078296,-1.6441502817142166,-1.7315652659168095,-0.08741498420259286,0.2288322492860551
1323,13.22,0.0,0.0,0.0,0.0,-0.12966879278648352,0.10460592151367436,0.30169760657509287,0.8248101865378668,-1.645461848248301,-1.7305609461309586,-0.08509909788265757,0.2342747143001579
1324,13.23,0.0,0.0,0.0,0.0,-0.12659019077571496,0.11270277918383538,0.31400725824850084,0.7944748479190012,-1.6467432457357887,-1.7294741498687676,-0.0827309041329789,0.23929296995955035
1325,13.24,0.0,0.0,0.0,0.0,-0.12338898352241567,0.12049377517529208,0.326216135806379,0.763646563362427,-1.6479932433371416,-1.7283079102307601,-0.08031466689361856,0.24388275869770776
1326,13.25,0.0,0.0,0.0,0.0,-0.12006625449322428,0.12797424236029026,0.33830908125181025,0.7323778876463509,-1.6492106202909662,-1.727065309607262,-0.0778546893162957,0.24804049685351454
1327,13.26,0.0,0.0,0.0,0.0,-0.11662323908564448,0.1351400416629696,0.3502708700602466,0.7007218613126027,-1.650394167429635,-1.7257494744236639,-0.07535530699402894,0.2517632807486141
1328,13.27,0.0,0.0,0.0,0.0,-0.11306132518173576,0.1419875664606924,0.36208623369627285,0.6687319189672802,-1.651542688701552,-1.724363569837133,-0.07282088113558084,0.25504889164242817
1329,13.280000000000001,0.0,0.0,0.0,0.0,-0.10938205347080275,0.1485137460558475,0.37373988328091845,0.6364617951362194,-1.6526550026978093,-1.7229107943939355,-0.07025579169612617,0.25789579952665026
1330,13.290000000000001,0.0,0.0,0.0,0.0,-0.10558711753008662,0.15471604819555815,0.3852165343062796,0.6039654280575047,-1.6537299441808668,-1.7213943746567886,-0.06766443047592176,0.26030316572564477
1331,13.3,0.0,0.0,0.0,0.0,-0.10167836365354677,0.160592480620706,0.39650093228106975,0.5712968618200359,-1.654766365612792,-1.7198175598118504,-0.06505119419905837,0.26227084427425273
1332,13.31,0.0,0.0,0.0,0.0,-0.09765779042006817,0.166141591629848,0.40757787917906,0.5385101472792654,-1.6557631386804865,-1.7181836162651378,-0.06242047758465131,0.26379938204991615
1333,13.32,0.0,0.0,0.0,0.0,-0.09352754799373697,0.17136246964804128,0.4184322605526577,0.5056592421975524,-1.6567191558152636,-1.7164958222382745,-0.05977666642301083,0.2648900176417782
1334,13.33,0.0,0.0,0.0,0.0,-0.08928993715025949,0.17625474179510053,0.4290490731659108,0.4727979110676059,-1.6576333317040624,-1.7147574623735489,-0.05712413066948652,0.26554467894536005
1335,13.34,0.0,0.0,0.0,0.0,-0.08494740802508398,0.18081857145243677,0.4394134529953182,0.4399796250826532,-1.6585046047895373,-1.7129718223582997,-0.05446721756876239,0.26576597947752073
1336,13.35,0.0,0.0,0.0,0.0,-0.0805025585803219,0.18505465483226163,0.44951070344298727,0.4072574627162223,-1.6593319387562264,-1.711142183578625,-0.051810244822398495,0.26555721341258354
1337,13.36,0.0,0.0,0.0,0.0,-0.07595813278913092,0.18896421655754406,0.45932632360486814,0.37468401136802537,-1.660114323999974,-1.709271817812355,-0.04915749381238088,0.26492234934667497
1338,13.370000000000001,0.0,0.0,0.0,0.0,-0.07131701853779389,0.19254900426561386,0.46884603643716527,0.34231127052008276,-1.6608507790777878,-1.7073639819711195,-0.04651320289333172,0.26386602280340776
1339,13.38,0.0,0.0,0.0,0.0,-0.06658224524729259,0.1958112822526613,0.4780558166662932,0.31019055682978997,-1.6615403521353087,-1.7054219129011925,-0.04388156076588379,0.2623935274999539
1340,13.39,0.0,0.0,0.0,0.0,-0.06175698121768427,0.19875382418055096,0.4869419182921661,0.27837241156355913,-1.6621821223091109,-1.7034488222525959,-0.041266699943484975,0.26051080539823523
1341,13.4,0.0,0.0,0.0,0.0,-0.05684453070009045,0.20137990487124952,0.4954909015406684,0.24690651074745035,-1.6627752011010755,-1.7014478914257232,-0.03867269032464771,0.25822443557133995
1342,13.41,0.0,0.0,0.0,0.0,-0.05184833070248198,0.20369329121779722,0.5036896591291566,0.21584157837916518,-1.6633187337221493,-1.6994222666044605,-0.03610353288231116,0.2555416219202792
1343,13.42,0.0,0.0,0.0,0.0,-0.046771947536777284,0.2056982322440087,0.5115254417182434,0.18522530301042756,-1.663811900402862,-1.6973750538844823,-0.03356315348162031,0.252470179780786
1344,13.43,0.0,0.0,0.0,0.0,-0.04161907311597905,0.2073994483479931,0.5189858824339458,0.15510425797021177,-1.6642539176680538,-1.6953093145050608,-0.031055396837007084,0.24901852146397213
1345,13.44,0.0,0.0,0.0,0.0,-0.03639352101117582,0.2088021197670842,0.5260590203563168,0.12552382545822438,-1.6646440395733684,-1.6932280601923668,-0.02858402061899845,0.24519564077826003
1346,13.450000000000001,0.0,0.0,0.0,0.0,-0.03109922227920851,0.20991187430385325,0.5327333228835879,0.09652812469534874,-1.664981558901158,-1.6911342486218475,-0.026152689720689407,0.24101109658306175
1347,13.46,0.0,0.0,0.0,0.0,-0.025740221072650584,0.21073477435452362,0.5389977068945239,0.0681599442740262,-1.6652658083135672,-1.6890307790068704,-0.02376497069330319,0.2364749954271742
1348,13.47,0.0,0.0,0.0,0.0,-0.02032067004443323,0.21127730328232114,0.5448415586458576,0.0404606788072991,-1.6654961614606787,-1.6869204878203896,-0.02142432635971092,0.23159797332675436
1349,13.48,0.0,0.0,0.0,0.0,-0.014844825560039571,0.21154635117905427,0.55025475235601,0.01347026993177371,-1.6656720340417337,-1.6848061446559783,-0.019134110614244637,0.22639117673909384
1350,13.49,0.0,0.0,0.0,0.0,-0.00931704273057464,0.21154920005856323,0.5552276674407244,-0.012772848323131072,-1.6657928848175654,-1.6826904482341196,-0.01689756341655424,0.22086624278913786
1351,13.5,0.0,0.0,0.0,0.0,-0.0037417702803104387,0.2112935085255913,0.5597512043804146,-0.03823179982808108,-1.6658582165725258,-1.680576022559223,-0.014717805986697254,0.21503527880590176
1352,13.51,0.0,0.0,0.0,0.0,0.0018764547375684539,0.2107872959631519,0.5638167992127259,-0.06287131237596591,-1.6658675770243163,-1.678465413232395,-0.01259783620807875,0.20891084122558345
1353,13.52,0.0,0.0,0.0,0.0,0.007533012363293227,0.21003892628061374,0.5674164366569353,-0.08665775953613093,-1.6658205596802755,-1.6763610839245675,-0.010540524244291971,0.2025059139173205
1354,13.530000000000001,0.0,0.0,0.0,0.0,0.013223205277317164,0.20905709126353228,0.5705426618890496,-0.10955919847591299,-1.6657168046388078,-1.674265413014169,-0.008548608375361201,0.19583388598621512
1355,13.540000000000001,0.0,0.0,0.0,0.0,0.018942264458242677,0.2078507935647582,0.5731885909977784,-0.13154540391333566,-1.6655559993347797,-1.6721806903931262,-0.00662469105834651,0.1889085291065155
1356,13.55,0.0,0.0,0.0,0.0,0.024685354938886465,0.20642932937458588,0.5753479201616658,-0.1525878983892802,-1.6653378792278342,-1.670109114444586,-0.0047712352167519345,0.18174397443569942
1357,13.56,0.0,0.0,0.0,0.0,0.030447581647913363,0.20480227080572375,0.5770149335965955,-0.17265997906747635,-1.6650622284327063,-1.668052789195394,-0.0029905607626876662,0.17435468915781038
1358,13.57,0.0,0.0,0.0,0.0,0.03622399532503593,0.202979448026697,0.5781845103304304,-0.1917367412861713,-1.6647288802907456,-1.6660137216460067,-0.0012848413552610793,0.1667554527016611
1359,13.58,0.0,0.0,0.0,0.0,0.042009598498354964,0.2009709311750015,0.5788521298677066,-0.20979509909608526,-1.664337717881966,-1.6639938192801966,0.0003438986017694212,0.15896133267664653
1360,13.59,0.0,0.0,0.0,0.0,0.04779935151307739,0.19878701207894525,0.5790138768119728,-0.22681380302518947,-1.6638886744770565,-1.6619948877566055,0.0018937867204509296,0.15098766056586788
1361,13.6,0.0,0.0,0.0,0.0,0.05358817860153998,0.19643818581469982,0.5786664445166387,-0.2427734553122366,-1.6633817339288908,-1.6600186287839236,0.0033631051449671823,0.14285000721315985
1362,13.61,0.0,0.0,0.0,0.0,0.05937097398518609,0.19393513212267618,0.5778071378368921,-0.25765652284750595,-1.6628169310031693,-1.6580666381812215,0.004750292821947832,0.1345641581374901
1363,13.620000000000001,0.0,0.0,0.0,0.0,0.06514260799987209,0.1912886967049907,0.576433875055609,-0.2714473480515697,-1.6621943516479167,-1.6561404041247294,0.006053947523187332,0.12614608870511862
1364,13.63,0.0,0.0,0.0,0.0,0.07089793323659778,0.188509872423538,0.5745451890551072,-0.28413215791088187,-1.661514133201645,-1.6542413055821559,0.007272827619489108,0.11761193918694023
1365,13.64,0.0,0.0,0.0,0.0,0.07663179069048451,0.18560978041606577,0.572140227804177,-0.2956990713731694,-1.6607764645400602,-1.6523706109354457,0.008405853604614544,0.10897798972558126
1366,13.65,0.0,0.0,0.0,0.0,0.08233901591146589,0.1825996511457279,0.5692187542262326,-0.3061381052861396,-1.6599815861612675,-1.650529476792726,0.00945210936854135,0.10026063523426201
1367,13.66,0.0,0.0,0.0,0.0,0.0880144451508275,0.1794908053978503,0.5657811455096657,-0.3154411790405774,-1.6591297902094841,-1.6487189469900287,0.010410843219455401,0.09147636024702281
1368,13.67,0.0,0.0,0.0,0.0,0.09365292149829314,0.1762946352361679,0.5618283919157079,-0.32360211805346734,-1.6582214204373307,-1.646939951783259,0.011281468654071647,0.08264171373787475
1369,13.68,0.0,0.0,0.0,0.0,0.09924930100488326,0.1730225849295672,0.5573620951325033,-0.33061665619941233,-1.6572568721068186,-1.6451933072307572,0.012063564876061417,0.07377328392468395
1370,13.69,0.0,0.0,0.0,0.0,0.1047984587872202,0.16968613185943263,0.552384466216658,-0.33648243726910565,-1.6562365918291986,-1.643479714766698,0.012756877062500616,0.06488767307221242
1371,13.700000000000001,0.0,0.0,0.0,0.0,0.11029529510932974,0.1662967674170578,0.5468983231555835,-0.3411990155031288,-1.6551610773438752,-1.6417997609654742,0.01336131637840099,0.05600147230772805
1372,13.71,0.0,0.0,0.0,0.0,0.11573474143827227,0.1628659779002622,0.5409070880755131,-0.3447678552179112,-1.6540308772366321,-1.6401539174971187,0.013876959739513415,0.047131236461989925
1373,13.72,0.0,0.0,0.0,0.0,0.12111176647016327,0.15940522541832958,0.5344147841113381,-0.34719232950910206,-1.6528465905974445,-1.6385425412737236,0.01430404932372098,0.03829345894816631
1374,13.73,0.0,0.0,0.0,0.0,0.12642138212322576,0.15592592881471093,0.5274260319455896,-0.34847771798621896,-1.6516088666181947,-1.6369658747867315,0.014642991831463226,0.029504546691485167
1375,13.74,0.0,0.0,0.0,0.0,0.13165864949458048,0.15243944461752854,0.5199460460150561,-0.3486312034619126,-1.650318404130636,-1.6354240466348697,0.014894357495766286,0.02078079512294806
1376,13.75,0.0,0.0,0.0,0.0,0.13681868477740056,0.1489570480288448,0.5119806303748716,-0.3476618674898795,-1.6489759510849828,-1.6339170722423935,0.015058878842589383,0.01213836325144424
1377,13.76,0.0,0.0,0.0,0.0,0.14189666513492105,0.1454899139648537,0.5035361742016334,-0.3455806846179459,-1.6475823039695434,-1.6324448547671937,0.015137449202349718,0.0035932488299326437
1378,13.77,0.0,0.0,0.0,0.0,0.14688783452756818,0.14204909816061748,0.49461964690923704,-0.34240051519752085,-1.6461383071718423,-1.6310071861981925,0.015131120973649768,-0.004838736366950702
1379,13.780000000000001,0.0,0.0,0.0,0.0,0.1517875094891747,0.13864551835467354,0.48523859284393,-0.33813609656800403,-1.644644852281723,-1.6296037486413038,0.01504110364041922,-0.013141991134501152
1380,13.790000000000001,0.0,0.0,0.0,0.0,0.1565910848478734,0.13528993557075594,0.4754011255186007,-0.33280403241505074,-1.6431028773369623,-1.62823411579308,0.01486876154388228,-0.02130114927711746
1381,13.8,0.0,0.0,0.0,0.0,0.16129403938685047,0.13199293551595867,0.4651159213406792,-0.3264227800854065,-1.64151336601197,-1.6268977546009737,0.014615611410996323,-0.029301103870891798
1382,13.81,0.0,0.0,0.0,0.0,0.16589194143962935,0.12876491011692698,0.45439221278341246,-0.31901263562847015,-1.6398773467502061,-1.6255940271089486,0.014283319641257506,-0.03712703132270237
1383,13.82,0.0,0.0,0.0,0.0,0.1703804544140656,0.12561603921798747,0.4432397809466517,-0.31059571632617455,-1.638195891840995,-1.6243221924869387,0.013873699354056246,-0.04476441519607813
1384,13.83,0.0,0.0,0.0,0.0,0.17475534223866224,0.12255627246754922,0.43166894745081835,-0.3011959404683714,-1.6364701164414825,-1.6230814092424075,0.013388707199075034,-0.05219906977111302
1385,13.84,0.0,0.0,0.0,0.0,0.17901247472425086,0.11959531142153682,0.41969056560645535,-0.29083900413081926,-1.634701177544549,-1.6218707376119847,0.012830439932564275,-0.05941716330271404
1386,13.85,0.0,0.0,0.0,0.0,0.18314783283350564,0.11674259189502738,0.40731601080169594,-0.27955235471723094,-1.6328902728935566,-1.6206891421308522,0.01220113076270435,-0.06640524093847826
1387,13.86,0.0,0.0,0.0,0.0,0.18715751385018561,0.1140072665956089,0.3945571700512045,-0.2673651610356064,-1.6310386398448986,-1.6195354943772358,0.011503145467662845,-0.07315024725457671
1388,13.870000000000001,0.0,0.0,0.0,0.0,0.19103773643944796,0.11139818807421241,0.3814264306525723,-0.2543082796922932,-1.6291475541793918,-1.6184085758890052,0.010738978290386614,-0.07963954836523555
1389,13.88,0.0,0.0,0.0,0.0,0.1947848455900478,0.10892389203125469,0.36793666789988333,-0.2404142176047771,-1.6272183288636506,-1.6173070812490236,0.009911247614627028,-0.08586095355879311
1390,13.89,0.0,0.0,0.0,0.0,0.19839531742877448,0.10659258101780396,0.354101231808993,-0.2257170904558255,-1.6252523127626661,-1.6162296213354916,0.00902269142717449,-0.09180273641097052
1391,13.9,0.0,0.0,0.0,0.0,0.20186576389702582,0.10441210857314544,0.3399339328151834,-0.2102525769373535,-1.6232508893049253,-1.6151747267331353,0.008076162571790002,-0.09745365532388038
1392,13.91,0.0,0.0,0.0,0.0,0.20519293727908633,0.10238996384148062,0.32544902641088547,-0.19405786866153962,-1.6212154751014949,-1.6141408513006577,0.007074623800837232,-0.10280297343760571
1393,13.92,0.0,0.0,0.0,0.0,0.20837373457137778,0.10053325671156828,0.31066119669927594,-0.17717161564937656,-1.6191475185206092,-1.6131263758894447,0.006021142631164488,-0.1078404778598095
1394,13.93,0.0,0.0,0.0,0.0,0.21140520168175775,0.0988487035238349,0.2955855388484621,-0.15963386734220972,-1.6170484982194064,-1.6121296122080773,0.004918886011329172,-0.11255649815792285
1395,13.94,0.0,0.0,0.0,0.0,0.21428453744783513,0.09734261338984002,0.2802375404406449,-0.14148600911977255,-1.6149199216345673,-1.6111488068267446,0.003771114807822773,-0.11694192405799511
1396,13.950000000000001,0.0,0.0,0.0,0.0,0.21700909746326763,0.09602087516894865,0.2646330617208517,-0.12277069434789326,-1.6127633234337206,-1.6101821453152163,0.002581178118504335,-0.12098822229431898
1397,13.96,0.0,0.0,0.0,0.0,0.21957639770110118,0.09488894514662853,0.24878831476055313,-0.10353177202031759,-1.6105802639295943,-1.6092277565075765,0.0013525074220177569,-0.12468745255447265
1398,13.97,0.0,0.0,0.0,0.0,0.22198411792342918,0.09395183545793102,0.23271984156230058,-0.08381421010084679,-1.6083723274589885,-1.6082837168864832,8.86105725053099e-05,-0.12803228246549814
1399,13.98,0.0,0.0,0.0,0.0,0.22423010486694883,0.09321410329845062,0.21644449114263073,-0.06366401471424125,-1.606141120728768,-1.607348055079291,-0.0012069343505229924,-0.1310160015684982
1400,13.99,0.0,0.0,0.0,0.0,0.2263123751944363,0.09267984096335577,0.19997939564128803,-0.043128145375828736,-1.603888271131159,-1.606418756457957,-0.002530485326798004,-0.13363253423108054
1401,14.0,0.0,0.0,0.0,0.0,0.22822911820268532,0.09235266675298628,0.18334194551548272,-0.02225442649040925,-1.6016154250307426,-1.6054937678342553,-0.0038783428035127354,-0.13587645144969904
1402,14.01,0.0,0.0,0.0,0.0,0.22997869827809644,0.09223571678100796,0.1665497638880693,-0.001091455389923524,-1.5993242460256218,-1.6045710022414492,-0.005246756215827375,-0.13774298149708847
1403,14.02,0.0,0.0,0.0,0.0,0.23155965709184087,0.09233163771823613,0.1496206801280444,0.020311492784075146,-1.597016413185331,-1.6036483437932323,-0.0066319306079012375,-0.13922801937360474
1404,14.030000000000001,0.0,0.0,0.0,0.0,0.2329707155273504,0.09264258050200791,0.13257270275049665,0.041904563013356995,-1.5946936192681234,-1.6027236526104263,-0.0080300333423029,-0.1403281350253425
1405,14.040000000000001,0.0,0.0,0.0,0.0,0.23421077533379595,0.09317019503742947,0.11542399173099079,0.06363742078109409,-1.5923575689203522,-1.6017947698056456,-0.009437200885293429,-0.14104058029636646
1406,14.05,0.0,0.0,0.0,0.0,0.23527892050020513,0.09391562591298795,0.09819283033596858,0.08545935449847983,-1.590009976860706,-1.6008595225158946,-0.010849545655188475,-0.1413632945872172
1407,14.06,0.0,0.0,0.0,0.0,0.23617441834590644,0.09487950914893357,0.08089759657638733,0.10731937956084295,-1.5876525660521217,-1.5999157289728598,-0.012263162920738148,-0.14129490919697285
1408,14.07,0.0,0.0,0.0,0.0,0.2368967203240895,0.09606196999255792,0.06355673439591997,0.1291663435966985,-1.5852870658642222,-1.5989612036004919,-0.013674137736269687,-0.1408347503315316
1409,14.08,0.0,0.0,0.0,0.0,0.23744546253639504,0.0974626217700593,0.04618872470791346,0.1509490324604813,-1.5829152102291648,-1.5979937621293598,-0.015078551900195023,-0.13998284076633574
1410,14.09,0.0,0.0,0.0,0.0,0.23782046595759956,0.09908056580015175,0.028812056396699322,0.17261627651201727,-1.580538735793791,-1.5970112267171788,-0.01647249092338776,-0.1387399001574478
1411,14.1,0.0,0.0,0.0,0.0,0.23802173637061677,0.10091439236998874,0.011445197398781422,0.1941170567235098,-1.5781593800709794,-1.5960114310648896,-0.017852050993910185,-0.13710734400062802
1412,14.11,0.0,0.0,0.0,0.0,0.23804946401318622,0.10296218276938993,-0.005893434022089702,0.21540061015764467,-1.5757788795930914,-1.5949922255176823,-0.019213345924590897,-0.1350872812437963
1413,14.120000000000001,0.0,0.0,0.0,0.0,0.23790402293874643,0.10522151237483253,-0.023185497694884847,0.23641653436853025,-1.573398968070381,-1.5939514821404188,-0.020552514070037775,-0.1326825105639139
1414,14.13,0.0,0.0,0.0,0.0,0.23758597009508042,0.10768945477024433,-0.04041275954956267,0.25711489029032425,-1.571021374557214,-1.5928870997570208,-0.021865725199806892,-0.1298965153248361
1415,14.14,0.0,0.0,0.0,0.0,0.23709604412536014,0.11036258688737895,-0.057557119112592224,0.27744630319651015,-1.5686478216288862,-1.5917970089435332,-0.02314918731464699,-0.12673345723798118
1416,14.15,0.0,0.0,0.0,0.0,0.23643516389719615,0.11323699514447841,-0.07460063639542439,0.29736206133518106,-1.5662800235718033,-1.5906791769647748,-0.0243991533929715,-0.12319816875271775
1417,14.16,0.0,0.0,0.0,0.0,0.23560442676620028,0.11630828255812609,-0.09152555808966678,0.3168142118726181,-1.5639196845896994,-1.5895316126447143,-0.025611928055014888,-0.11929614420807419
1418,14.17,0.0,0.0,0.0,0.0,0.23460510658138978,0.11957157679965752,-0.10831434299155049,0.3357556538078405,-1.561568497028518,-1.5883523711609782,-0.02678387413246019,-0.11503352978173226
1419,14.18,0.0,0.0,0.0,0.0,0.2334386514404866,0.12302153916429207,-0.1249496865879878,0.35414022755461755,-1.5592281396224967,-1.587139558754204,-0.02791141913170736,-0.11041711227619452
1420,14.19,0.0,0.0,0.0,0.0,0.23210668120379133,0.12665237441829372,-0.14141454474688248,0.3719228009239496,-1.5569002757639137,-1.5858913373432828,-0.028991061579369152,-0.10545430678549761
1421,14.200000000000001,0.0,0.0,0.0,0.0,0.2306109847758314,0.13045784148699166,-0.15769215646512655,0.3890593512786599,-1.5545865517988633,-1.584605929037892,-0.0300193772390287,-0.10015314328883973
1422,14.21,0.0,0.0,0.0,0.0,0.22895351716439447,0.134431264944403,-0.17376606563881322,0.40550704367199114,-1.552288595351339,-1.5832816205401095,-0.03099302518877045,-0.09452225221999147
1423,14.22,0.0,0.0,0.0,0.0,0.22713639632685176,0.13856554726353898,-0.18962014183139675,0.42122430482330014,-1.5500080136777938,-1.5819167674272894,-0.03190875374949554,-0.08857084906331278
1424,14.23,0.0,0.0,0.0,0.0,0.2251618998138725,0.14285318178519016,-0.20523860002655894,0.43617089282543053,-1.547746392054263,-1.5805097983088103,-0.032763406254547434,-0.08230871802868234
1425,14.24,0.0,0.0,0.0,0.0,0.22303246122069895,0.14728626636216308,-0.2206060193634359,0.4503079625196496,-1.5455052921980175,-1.5790592188497212,-0.03355392665170376,-0.07574619485853587
1426,14.25,0.0,0.0,0.0,0.0,0.22075066645612867,0.15185651763548755,-0.23570736086218796,0.46359812651436133,-1.5432862507256266,-1.577563615654748,-0.03427736492912125,-0.06889414882064113
1427,14.26,0.0,0.0,0.0,0.0,0.21831924983921908,0.15655528589907797,-0.25052798415769195,0.47600551186280854,-1.541090777649199,-1.5760216600065604,-0.034930882357361304,-0.06176396394014111
1428,14.27,0.0,0.0,0.0,0.0,0.2157410900335064,0.16137357050966863,-0.26505366326815133,0.48749581245191,-1.5389203549124775,-1.5744321114526303,-0.03551175654015282,-0.054367519523837754
1429,14.280000000000001,0.0,0.0,0.0,0.0,0.21301920582822112,0.1663020357995417,-0.27927060143352583,0.4980363371888902,-1.5367764349683641,-1.5727938212354409,-0.036017386267076734,-0.04671717002867942
1430,14.290000000000001,0.0,0.0,0.0,0.0,0.21015675177560028,0.17133102745058598,-0.2931654450657959,0.5075960541039136,-1.5346604393993624,-1.5711057355612295,-0.03644529616186709,-0.0388257243250143
1431,14.3,0.0,0.0,0.0,0.0,0.2071570136929349,0.1764505892895706,-0.30672529685907957,0.5161456305152118,-1.5325737575823248,-1.5693668987028482,-0.03679314112052334,-0.030706424403364296
1432,14.31,0.0,0.0,0.0,0.0,0.20402340403750402,0.18165048046607676,-0.3199377281123333,0.5236574694277067,-1.5305177453988272,-1.5675764559327297,-0.03705871053390242,-0.022372923571427256
1433,14.32,0.0,0.0,0.0,0.0,0.20075945716198276,0.18692019297637888,-0.33279079032094966,0.5301057423568475,-1.5284937239923944,-1.5657336562823132,-0.03723993228991885,-0.013839264185603883
1434,14.33,0.0,0.0,0.0,0.0,0.19736882445734755,0.19224896949855053,-0.34527302609570354,0.5354664187857425,-1.5265029785737405,-1.5638378551246472,-0.037334876550906726,-0.005119854958797021
1435,14.34,0.0,0.0,0.0,0.0,0.19385526938970787,0.19762582150622213,-0.3573734794683677,0.5397172924758776,-1.5245467572751166,-1.561888516577222,-0.03734175930210549,0.003770552116514253
1436,14.35,0.0,0.0,0.0,0.0,0.1902226624369029,0.2030395476306615,-0.36908170564282944,0.5428380048593641,-1.5226262700547943,-1.559885215722399,-0.03725894566760468,0.01281688519375862
1437,14.36,0.0,0.0,0.0,0.0,0.18647497593012077,0.20847875224314769,-0.38038778024871234,0.5448100657439292,-1.5207426876526644,-1.5578276406430942,-0.037084952990429805,0.022003776313026913
1438,14.370000000000001,0.0,0.0,0.0,0.0,0.18261627880524228,0.21393186423191948,-0.39128230815143056,0.5456168715607461,-1.5188971405978715,-1.5557155942716459,-0.03681845367377434,0.0313155854266772
1439,14.38,0.0,0.0,0.0,0.0,0.1786507312680966,0.21938715595025082,-0.4017564318682093,0.545243721379608,-1.5170907182693734,-1.5535489960500388,-0.03645827778066546,0.040736424682154215
1440,14.39,0.0,0.0,0.0,0.0,0.17458257937733387,0.22483276231442476,-0.4118018396342069,0.543677830906434,-1.5153244680102567,-1.5513278833998796,-0.03600341538962293,0.05025018293709088
1441,14.4,0.0,0.0,0.0,0.0,0.17041614954823367,0.23025670003242962,-0.4214107731561701,0.5409083446642752,-1.5135993942966275,-1.5490524130007244,-0.035453018704096895,0.05984055048419595
1442,14.41,0.0,0.0,0.0,0.0,0.1661558429804076,0.23564688694616237,-0.4305760350836698,0.5369263465418682,-1.5119164579618432,-1.54672286187554,-0.034806403913696826,0.06949104396575478
1443,14.42,0.0,0.0,0.0,0.0,0.16180613001210847,0.2409911614716434,-0.4392909962194869,0.531724868872832,-1.5102765754768375,-1.5443396282822384,-0.0340630528054009,0.07918503145953493
1444,14.43,0.0,0.0,0.0,0.0,0.1573715444036839,0.24627730212326804,-0.4475496024816829,0.5252989001849507,-1.5086806182872596,-1.5419032324103792,-0.033222614123119554,0.08890575771958414
1445,14.44,0.0,0.0,0.0,0.0,0.15285667755263443,0.2514930471093838,-0.4553463816202535,0.5176453917325183,-1.5071294122081214,-1.539414316882262,-0.03228490467414069,0.09863636955674937
1446,14.450000000000001,0.0,0.0,0.0,0.0,0.14826617264275718,0.2566261139874707,-0.46267644968118266,0.5087632628960417,-1.5056237368766254,-1.5368736470577564,-0.031249910181130987,0.10835994134471352
1447,14.46,0.0,0.0,0.0,0.0,0.14360471872998445,0.26166421936788886,-0.46953551720041176,0.49865340550318066,-1.5041643252638237,-1.5342821111423286,-0.03011778587850489,0.11805950063790441
1448,14.47,0.0,0.0,0.0,0.0,0.13887704476773646,0.26659509865555636,-0.47591989509992305,0.48731868709320797,-1.5027518632457173,-1.5316407200978297,-0.028888856852112402,0.1277180538878199
1449,14.48,0.0,0.0,0.0,0.0,0.13408791357496577,0.2714065258189519,-0.48182650024774826,0.47476395311475694,-1.5013869892343972,-1.5289506073557244,-0.027563618121327238,0.13731861224398614
1450,14.49,0.0,0.0,0.0,0.0,0.12924211575047412,0.27608633317560094,-0.4872528606338274,0.46099602801413037,-1.5000702938697732,-1.5262130283325375,-0.026142734462764276,0.14684421742512682
1451,14.5,0.0,0.0,0.0,0.0,0.12434446353762892,0.28062243118259705,-0.4921971201040018,0.4460237151390295,-1.4988023197724132,-1.5234293597474087,-0.02462703997499549,0.15627796764496815
1452,14.51,0.0,0.0,0.0,0.0,0.11939978464422296,0.2850028282198075,-0.4966580425855673,0.4298577953513296,-1.497583561357962,-1.5206010987417706,-0.02301753738380863,0.16560304357558453
1453,14.52,0.0,0.0,0.0,0.0,0.11441291602292918,0.2892156503521947,-0.5006350157296475,0.41251102421241725,-1.496414464713565,-1.5177298618012853,-0.021315397087720234,0.17480273432926552
1454,14.530000000000001,0.0,0.0,0.0,0.0,0.10938869761858483,0.2932491610561815,-0.5041280538885415,0.39399812757678165,-1.4952954275366586,-1.5148173834803245,-0.019521955943665903,0.18386046343759666
1455,14.540000000000001,0.0,0.0,0.0,0.0,0.10433196608939593,0.2970917808932084,-0.5071378003401666,0.3743357954040433,-1.4942267991364235,-1.511865514929437,-0.01763871579301357,0.1927598148038125
1456,14.55,0.0,0.0,0.0,0.0,0.09924754851003703,0.3007321071116352,-0.5096655286669965,0.3535426735771676,-1.4932088804981238,-1.5088762222264194,-0.015667341728295536,0.2014845586015982
1457,14.56,0.0,0.0,0.0,0.0,0.09414025606559674,0.3041589331558918,-0.5117131431935449,0.33163935349571694,-1.4922419244104692,-1.505851584511814,-0.01360966010134468,0.2100186770902951
1458,14.57,0.0,0.0,0.0,0.0,0.08901487774625816,0.30736126805942016,-0.5132831783846945,0.30864835919799016,-1.4913261356560428,-1.5027937919298775,-0.011467656273834727,0.218346390313162
1459,14.58,0.0,0.0,0.0,0.0,0.08387617405360065,0.3103283556954142,-0.5143787971070122,0.2845941317552186,-1.4904616712647327,-1.4997051433763067,-0.009243472111573947,0.22645218164181358
1460,14.59,0.0,0.0,0.0,0.0,0.07872887073037603,0.3130496938567687,-0.5150037876567376,0.259503010675009,-1.4896486408299943,-1.4965880440542856,-0.006939403224291318,0.23432082312639263
1461,14.6,0.0,0.0,0.0,0.0,0.07357765252656062,0.31551505313400763,-0.5151625594614873,0.23340321205012493,-1.4888871068876435,-1.4934450028407174,-0.004557895953073876,0.241937400607447
1462,14.61,0.0,0.0,0.0,0.0,0.06842715701539025,0.3177144955573422,-0.5148601373678501,0.20632480319280705,-1.4881770853567526,-1.4902786294648263,-0.002101544108073617,0.24928733854195195
1463,14.620000000000001,0.0,0.0,0.0,0.0,0.06328196847392926,0.31963839296645086,-0.5141021544339952,0.17829967350415138,-1.4875185460420746,-1.4870916315016682,0.00042691454040633126,0.2563564244925216
1464,14.63,0.0,0.0,0.0,0.0,0.05814661184349773,0.3212774450691365,-0.5128948431551374,0.1493615013427659,-1.4869114131972758,-1.4838868111834693,0.0030246020138064984,0.2631308332256388
1465,14.64,0.0,0.0,0.0,0.0,0.05302554678593236,0.3226226971477615,-0.5112450250601545,0.11954571667676174,-1.486355566148099,-1.4806670620320976,0.005688504116001304,0.26959715036182913
1466,14.65,0.0,0.0,0.0,0.0,0.04792316185224688,0.3236655573703084,-0.5091600986297421,0.0888894593283667,-1.485850839974415,-1.477435365316417,0.008415474657998079,0.2757423955180615
1467,14.66,0.0,0.0,0.0,0.0,0.04284376878065468,0.32439781366116865,-0.506648025500092,0.05743153265027514,-1.4853970262499567,-1.4741947863386897,0.01120223991126701,0.281554044880514
1468,14.67,0.0,0.0,0.0,0.0,0.037791596941222104,0.32481165008531104,-0.5037173149310572,0.025212352507533897,-1.4849938738383524,-1.4709484705546674,0.014045403283684978,0.28702005314408896
1469,14.68,0.0,0.0,0.0,0.0,0.032770787944545084,0.32489966269841547,-0.5003770065339311,-0.007726108522516648,-1.484641089743908,-1.4676996395324684,0.016941450211439557,0.2921288747538704
1470,14.69,0.0,0.0,0.0,0.0,0.027785390431805973,0.3246548748148902,-0.4966366512711278,-0.04134038177722418,-1.4843383400154098,-1.4644515867558263,0.01988675325958345,0.29686948438308425
1471,14.700000000000001,0.0,0.0,0.0,0.0,0.022839355063355115,0.32407075164546717,-0.4925062907579347,-0.07558556796200935,-1.4840852507010482,-1.4612076732777688,0.022877577423279453,0.30123139658211207
1472,14.71,0.0,0.0,0.0,0.0,0.017936529722574188,0.3231412142563144,-0.48799643491493044,-0.11041540738151502,-1.4838814088523933,-1.4579713232312752,0.02591008562111807,0.3052046845337402
1473,14.72,0.0,0.0,0.0,0.0,0.013080654951181034,0.321860652802335,-0.48311803803826875,-0.14578235485026486,-1.4837263635751865,-1.454746019203929,0.028980344371257516,0.30877999785115395
1474,14.73,0.0,0.0,0.0,0.0,0.008275359631401327,0.32022393898856355,-0.47788247337360434,-0.18163765913366714,-1.4836196271245592,-1.451535297484063,0.032084329640496234,0.31194857935716225
1475,14.74,0.0,0.0,0.0,0.0,0.0035241569294525957,0.3182264377153121,-0.4723015062976388,-0.21793144671947048,-1.483560676042133,-1.4483427431863343,0.03521793285579866,0.31470228078585955
1476,14.75,0.0,0.0,0.0,0.0,-0.001169559486323628,0.3158640178649711,-0.4663872662287984,-0.2546128096695209,-1.4835489523323233,-1.4451719852651053,0.03837696706721805,0.3170335773512947
1477,14.76,0.0,0.0,0.0,0.0,-0.005802518940651104,0.3131330621911168,-0.4601522174051773,-0.2916298972529482,-1.4835838646750379,-1.4420266914244135,0.04155717325062436,0.3189355811317679
1478,14.77,0.0,0.0,0.0,0.0,-0.010371576949257184,0.31003047627379937,-0.45360912868318537,-0.3289300110156325,-1.4836647896718484,-1.4389105629336922,0.04475422673815621,0.32040205322305654
1479,14.780000000000001,0.0,0.0,0.0,0.0,-0.01487371811059376,0.30655369650855513,-0.44677104252420335,-0.3664597028976148,-1.483791073122618,-1.4358273293587416,0.047963743763876465,0.32142741461914887
1480,14.790000000000001,0.0,0.0,0.0,0.0,-0.01930605868410341,0.302700697100775,-0.43965124334857053,-0.404164875970831,-1.4839620313294828,-1.432780743217765,0.05118128811171774,0.3220067557848784
1481,14.8,0.0,0.0,0.0,0.0,-0.023665848849655426,0.29846999604149954,-0.4322632254462508,-0.4419908873351083,-1.4841769524250268,-1.4297745745725317,0.05440237785249513,0.322135844891155
1482,14.81,0.0,0.0,0.0,0.0,-0.027950474644683025,0.2938606600455069,-0.42462066064138937,-0.4798826526808055,-1.4844350977214413,-1.4268126055649593,0.057622492156482075,0.32181113469018996
1483,14.82,0.0,0.0,0.0,0.0,-0.032157459577582044,0.28887230843757533,-0.41673736591336724,-0.5177847520032102,-1.4847357030774373,-1.423898624909565,0.060837078167872205,0.32102976801515737
1484,14.83,0.0,0.0,0.0,0.0,-0.0362844659179579,0.28350511597805517,-0.40862727117992065,-0.5556415359364637,-1.4850779802796745,-1.421036422352352,0.06404155792732258,0.3197895818960131
1485,14.84,0.0,0.0,0.0,0.0,-0.04032929566637254,0.27775981462426347,-0.4003043874482246,-0.5933972321642297,-1.485461118435488,-1.4182297831067585,0.06723133532872949,0.318089110290636
1486,14.85,0.0,0.0,0.0,0.0,-0.04428989120829198,0.27163769422966566,-0.391782775537537,-0.6309960513605388,-1.4858842853737277,-1.4154824822773113,0.07040180309641643,0.3159275854379576
1487,14.86,0.0,0.0,0.0,0.0,-0.04816433565894856,0.26514060218826485,-0.3830765155720569,-0.6683822921174369,-1.4863466290505862,-1.4127982792815672,0.07354834976901904,0.3133049378472134
1488,14.870000000000001,0.0,0.0,0.0,0.0,-0.05195085290778364,0.25827094203700746,-0.37419967743511695,-0.7055004443261945,-1.4868472789573646,-1.4101809122808338,0.07666636667653082,0.3102217949447911
1489,14.88,0.0,0.0,0.0,0.0,-0.05564780737299488,0.2510316710342756,-0.36516629236579007,-0.7422952904956697,-1.4873853475272238,-1.4076340926300055,0.07975125489721835,0.3066794784072705
1490,14.89,0.0,0.0,0.0,0.0,-0.05925370347847677,0.24342629673756236,-0.355990325866554,-0.7787120045149994,-1.4879599315380834,-1.4051614993566348,0.08279843218144857,0.30268000021603914
1491,14.9,0.0,0.0,0.0,0.0,-0.06276718486703498,0.23545887260825615,-0.3466856520760712,-0.8146962473971615,-1.4885701135089568,-1.4027667736791214,0.08580333982983546,0.29822605747529113
1492,14.91,0.0,0.0,0.0,0.0,-0.06618703336523714,0.22713399267587753,-0.3372660297444609,-0.850194259575507,-1.4892149630871665,-1.4004535135735832,0.08876144951358335,0.29332102604111465
1493,14.92,0.0,0.0,0.0,0.0,-0.06951216771653232,0.21845678529822046,-0.3277450799300881,-0.8851529493656515,-1.4898935384240317,-1.3982252683986363,0.09166827002539546,0.2879689530147528
1494,14.93,0.0,0.0,0.0,0.0,-0.07274164210036732,0.20943290605749507,-0.31813626551696844,-0.9195199772501377,-1.490604887536804,-1.3960855335869298,0.09451935394987432,0.28217454815786236
1495,14.94,0.0,0.0,0.0,0.0,-0.0758746444559142,0.20006852983575515,-0.3084528726307582,-0.9532438356920723,-1.4913480496548008,-1.3940377454118595,0.09731030424294129,0.27594317429166937
1496,14.950000000000001,0.0,0.0,0.0,0.0,-0.07891049462969343,0.1903703421155733,-0.29870799400923975,-0.9862739242358101,-1.4921220565478792,-1.3920852758374398,0.10003678071043942,0.2692808367452667
1497,14.96,0.0,0.0,0.0,0.0,-0.08184864236681982,0.1803455295540879,-0.2889145143605592,-1.0185606197068378,-1.4929259338355871,-1.3902314274588448,0.10269450637674238,0.2621941719209077
1498,14.97,0.0,0.0,0.0,0.0,-0.08468866516582702,0.17000176988011154,-0.27908509771939627,-1.0500553413789158,-1.4937587022755303,-1.388479428540632,0.1052792737348982,0.2546904350459386
